Champion_Season,Team,Champion,3PA_MovedToward,3PA_Change,3PA_DistChange,Pace_MovedToward,Pace_Change,Pace_DistChange,ORtg_MovedToward,ORtg_Change,ORtg_DistChange,DRtg_MovedToward,DRtg_Change,DRtg_DistChange,eFG%_MovedToward,eFG%_Change,eFG%_DistChange,TS%_MovedToward,TS%_Change,TS%_DistChange
1996-97,Atlanta Hawks,Chicago Bulls,True,-9.999999999999998,-0.5999999999999961,True,0.5599999999999881,-0.5599999999999881,True,0.09999999999999432,-0.09999999999999432,False,2.200000000000003,1.3999999999999915,False,-0.017000000000000015,0.017000000000000015,False,-0.009000000000000008,0.009000000000000008
1996-97,Boston Celtics,Chicago Bulls,False,-1.0,1.0,True,-1.8799999999999955,-1.8799999999999955,False,-2.1000000000000085,2.1000000000000085,True,-6.599999999999994,-6.599999999999994,False,-0.009999999999999953,0.009999999999999953,False,-0.016000000000000014,0.016000000000000014
1996-97,Charlotte Hornets,Chicago Bulls,False,-5.899999999999999,5.899999999999999,True,1.0899999999999892,-1.0899999999999892,False,-3.5999999999999943,3.5999999999999943,True,-3.799999999999997,-3.799999999999997,False,-0.02300000000000002,0.009000000000000008,True,-0.020000000000000018,-0.010000000000000009
1996-97,Cleveland Cavaliers,Chicago Bulls,False,-5.899999999999999,5.899999999999999,True,7.1200000000000045,-7.1200000000000045,False,-2.4000000000000057,2.4000000000000057,False,-3.299999999999997,3.1000000000000085,False,-0.015000000000000013,0.015000000000000013,False,-0.0020000000000000018,0.0020000000000000018
1996-97,Dallas Mavericks,Chicago Bulls,False,-1.5999999999999996,1.5999999999999996,True,0.8199999999999932,-0.8199999999999932,False,-0.5999999999999943,0.5999999999999943,True,-0.7999999999999972,-0.7999999999999972,False,-0.010999999999999954,0.010999999999999954,False,-0.01100000000000001,0.01100000000000001
1996-97,Denver Nuggets,Chicago Bulls,False,-9.999999999999998,2.400000000000004,True,-2.6099999999999994,-1.730000000000004,False,-5.699999999999989,5.699999999999989,False,0.8999999999999915,0.8999999999999915,False,-0.045999999999999985,0.045999999999999985,False,-0.03400000000000003,0.03400000000000003
1996-97,Detroit Pistons,Chicago Bulls,False,-6.9,4.500000000000002,True,3.6599999999999966,-3.6599999999999966,False,-5.099999999999994,5.099999999999994,True,-0.7999999999999972,-0.7999999999999972,False,-0.040000000000000036,0.038000000000000034,False,-0.031000000000000028,0.017000000000000015
1996-97,Golden State Warriors,Chicago Bulls,False,-8.100000000000001,8.100000000000001,True,-0.269999999999996,-0.269999999999996,False,-11.399999999999991,11.399999999999991,True,-6.799999999999997,-6.799999999999997,False,-0.066,0.066,False,-0.07500000000000001,0.07500000000000001
1996-97,Houston Rockets,Chicago Bulls,True,-2.0,-2.0,True,-0.21000000000000796,-0.21000000000000796,False,-1.5999999999999943,1.5999999999999943,False,4.0,4.0,False,-0.02400000000000002,0.006000000000000005,True,-0.016000000000000014,-0.010000000000000009
1996-97,Indiana Pacers,Chicago Bulls,False,-1.3000000000000007,1.3000000000000007,False,-0.75,0.75,True,2.0999999999999943,-2.0999999999999943,True,-3.4000000000000057,-1.0,True,0.01200000000000001,-0.01200000000000001,True,0.013000000000000012,-0.007000000000000006
1996-97,Los Angeles Clippers,Chicago Bulls,True,1.5999999999999979,-3.552713678800501e-15,False,1.0899999999999892,1.0899999999999892,False,-1.7000000000000028,1.7000000000000028,False,3.3999999999999915,3.3999999999999915,False,-0.0050000000000000044,0.0050000000000000044,False,-0.006000000000000005,0.006000000000000005
1996-97,Los Angeles Lakers,Chicago Bulls,True,-1.0,-1.0,False,2.239999999999995,2.239999999999995,True,4.0,-4.0,False,0.0,0.0,True,0.02300000000000002,-0.007000000000000006,False,0.02400000000000002,0.0
1996-97,Miami Heat,Chicago Bulls,True,-3.8999999999999986,-3.8999999999999986,False,-0.19000000000001194,0.19000000000001194,True,0.5,-0.5,True,1.2999999999999972,-1.2999999999999972,False,-0.013000000000000012,0.013000000000000012,False,-0.008000000000000007,0.008000000000000007
1996-97,Milwaukee Bucks,Chicago Bulls,False,-2.5999999999999996,2.5999999999999996,True,1.0500000000000114,-0.25,False,-3.200000000000003,3.200000000000003,True,-3.0,-3.0,False,-0.02100000000000002,0.02100000000000002,False,-0.014000000000000012,0.014000000000000012
1996-97,Minnesota Timberwolves,Chicago Bulls,False,-2.700000000000001,2.700000000000001,False,1.8499999999999943,1.8499999999999943,True,2.5,-2.5,False,0.0,0.0,False,-0.0020000000000000018,0.0020000000000000018,False,-0.0040000000000000036,0.0040000000000000036
1996-97,New Jersey Nets,Chicago Bulls,False,-5.299999999999999,5.299999999999999,True,-1.3100000000000023,-1.3100000000000023,True,3.3999999999999915,-3.3999999999999915,True,-2.9000000000000057,-2.9000000000000057,True,0.007000000000000006,-0.007000000000000006,True,0.014000000000000012,-0.014000000000000012
1996-97,New York Knicks,Chicago Bulls,False,-1.9000000000000004,1.9000000000000004,False,-2.3100000000000023,1.6299999999999955,False,-1.4000000000000057,1.4000000000000057,False,-0.7000000000000028,0.7000000000000028,False,-0.025000000000000022,0.025000000000000022,False,-0.025000000000000022,0.025000000000000022
1996-97,Orlando Magic,Chicago Bulls,False,-9.200000000000001,2.8000000000000025,False,-1.3699999999999903,1.3699999999999903,False,-2.799999999999997,2.799999999999997,True,-2.0,-2.0,False,-0.02899999999999997,0.02899999999999997,False,-0.025000000000000022,0.025000000000000022
1996-97,Philadelphia 76ers,Chicago Bulls,False,-6.6,6.6,True,-4.939999999999998,-4.939999999999998,False,-1.5,1.5,True,-6.200000000000003,-6.200000000000003,False,-0.007999999999999952,0.007999999999999952,False,-0.0040000000000000036,0.0040000000000000036
1996-97,Phoenix Suns,Chicago Bulls,False,-2.599999999999998,2.0000000000000036,True,-1.9899999999999949,-1.9899999999999949,False,-1.7000000000000028,1.7000000000000028,True,-6.5,-6.299999999999983,False,-0.008000000000000007,0.008000000000000007,False,-0.01200000000000001,0.0020000000000000018
1996-97,Portland Trail Blazers,Chicago Bulls,False,-4.300000000000001,4.300000000000001,True,-0.710000000000008,-0.6299999999999955,False,-3.8999999999999915,3.8999999999999915,True,-1.2999999999999972,-1.2999999999999972,False,-0.027000000000000024,0.027000000000000024,False,-0.020000000000000018,0.020000000000000018
1996-97,Sacramento Kings,Chicago Bulls,False,-3.0999999999999996,3.0999999999999996,False,1.0999999999999943,1.0999999999999943,False,-3.6000000000000085,3.6000000000000085,True,-2.0,-2.0,False,-0.020999999999999963,0.020999999999999963,False,-0.02400000000000002,0.02400000000000002
1996-97,San Antonio Spurs,Chicago Bulls,False,-3.9000000000000004,3.9000000000000004,True,1.2000000000000028,-1.2000000000000028,True,0.30000000000001137,-0.30000000000001137,True,-12.799999999999997,-7.3999999999999915,True,0.02100000000000002,-0.02100000000000002,True,0.019000000000000017,-0.019000000000000017
1996-97,Seattle SuperSonics,Chicago Bulls,True,-0.10000000000000142,-0.10000000000000142,False,-0.7200000000000131,0.35999999999999943,True,0.5,-0.5,False,1.2999999999999972,1.2999999999999972,False,0.01100000000000001,0.009000000000000008,False,0.0010000000000000009,0.0010000000000000009
1996-97,Toronto Raptors,Chicago Bulls,False,-6.600000000000001,1.2000000000000028,False,2.3299999999999983,2.3299999999999983,False,-3.5,3.5,False,2.5,2.5,False,-0.01899999999999996,0.01899999999999996,False,-0.017000000000000015,0.017000000000000015
1996-97,Utah Jazz,Chicago Bulls,False,-2.8000000000000007,2.8000000000000007,False,-0.5499999999999972,0.5499999999999972,False,-1.5,1.5,False,1.2000000000000028,1.2000000000000028,True,-0.02100000000000002,-0.019000000000000017,True,-0.01200000000000001,-0.01200000000000001
1996-97,Vancouver Grizzlies,Chicago Bulls,False,-4.5,4.5,False,3.8999999999999915,0.29999999999999716,True,3.3000000000000114,-3.3000000000000114,False,0.10000000000000853,0.10000000000000853,True,0.01100000000000001,-0.01100000000000001,True,0.020000000000000018,-0.020000000000000018
1997-98,Atlanta Hawks,Chicago Bulls,False,0.5,0.5,False,-2.0,2.0,False,-8.099999999999994,7.5,True,-7.200000000000003,-0.9999999999999858,False,-0.044999999999999984,0.02899999999999997,False,-0.041000000000000036,0.007000000000000006
1997-98,Boston Celtics,Chicago Bulls,False,0.0,0.0,True,-1.8800000000000097,-1.8800000000000097,False,-2.0999999999999943,2.0999999999999943,True,-2.700000000000003,-2.700000000000003,True,0.004999999999999949,-0.004999999999999949,False,-0.0030000000000000027,0.0030000000000000027
1997-98,Charlotte Hornets,Chicago Bulls,False,3.6999999999999993,2.3000000000000007,False,0.30000000000001137,0.30000000000001137,False,-5.099999999999994,5.099999999999994,True,-2.8999999999999915,-2.8999999999999915,True,-0.010000000000000009,-0.010000000000000009,True,-0.0050000000000000044,-0.0050000000000000044
1997-98,Cleveland Cavaliers,Chicago Bulls,True,0.8999999999999986,-0.8999999999999986,False,-3.7700000000000102,1.509999999999991,False,-2.0999999999999943,2.0999999999999943,False,2.5999999999999943,0.799999999999983,False,-0.013999999999999957,0.003999999999999948,True,-0.009000000000000008,-0.009000000000000008
1997-98,Dallas Mavericks,Chicago Bulls,True,-2.5,-2.5,True,-0.6700000000000017,-0.6700000000000017,True,1.2999999999999972,-1.2999999999999972,True,-2.200000000000003,-2.200000000000003,True,0.0010000000000000009,-0.0010000000000000009,True,0.0040000000000000036,-0.0040000000000000036
1997-98,Denver Nuggets,Chicago Bulls,False,7.499999999999998,5.9,False,0.9299999999999926,0.9299999999999926,True,4.0,-4.0,True,-2.0,-2.0,True,0.019000000000000017,-0.019000000000000017,True,0.015000000000000013,-0.015000000000000013
1997-98,Detroit Pistons,Chicago Bulls,False,2.1999999999999993,1.6000000000000014,False,-1.8199999999999932,1.8199999999999932,False,-1.0,1.0,True,-3.3999999999999915,-3.3999999999999915,False,0.008000000000000007,0.006000000000000005,False,0.0050000000000000044,0.0050000000000000044
1997-98,Golden State Warriors,Chicago Bulls,True,2.8000000000000007,-2.8000000000000007,True,-2.3500000000000085,-2.3500000000000085,True,2.0999999999999943,-2.0999999999999943,True,-4.599999999999994,-4.599999999999994,True,0.007000000000000006,-0.007000000000000006,True,0.002999999999999947,-0.002999999999999947
1997-98,Houston Rockets,Chicago Bulls,True,-2.099999999999998,-2.099999999999998,True,-2.069999999999993,-2.069999999999993,False,-2.4000000000000057,2.4000000000000057,True,-5.799999999999997,-5.799999999999997,False,0.010000000000000009,0.010000000000000009,False,0.0010000000000000009,0.0010000000000000009
1997-98,Indiana Pacers,Chicago Bulls,False,3.5,3.5,False,-1.5300000000000011,1.5300000000000011,False,0.29999999999999716,0.29999999999999716,False,2.700000000000003,2.700000000000003,True,-0.016000000000000014,-0.016000000000000014,True,-0.013000000000000012,-0.013000000000000012
1997-98,Los Angeles Clippers,Chicago Bulls,True,-4.499999999999998,-4.499999999999998,True,-2.6999999999999886,-2.6999999999999886,False,-3.5,3.5,True,-1.7999999999999972,-1.7999999999999972,False,-0.022999999999999965,0.014999999999999958,False,-0.02100000000000002,0.017000000000000015
1997-98,Los Angeles Lakers,Chicago Bulls,True,-3.6000000000000014,-3.6000000000000014,True,-1.8999999999999915,-1.8999999999999915,True,-4.300000000000011,-4.099999999999994,False,0.5,0.5,True,-0.02100000000000002,-0.02100000000000002,True,-0.02100000000000002,-0.02100000000000002
1997-98,Miami Heat,Chicago Bulls,True,-2.6999999999999993,-2.6999999999999993,False,-3.0,3.0,False,-2.799999999999997,2.799999999999997,True,-3.4000000000000057,-0.799999999999983,False,0.0,0.0,False,0.0020000000000000018,0.0020000000000000018
1997-98,Milwaukee Bucks,Chicago Bulls,True,3.8000000000000007,-2.3999999999999986,False,-3.260000000000005,0.05999999999998806,True,1.4000000000000057,-1.4000000000000057,True,-2.5,-2.5,False,0.014000000000000012,0.014000000000000012,False,0.0030000000000000027,0.0030000000000000027
1997-98,Minnesota Timberwolves,Chicago Bulls,False,-2.4000000000000004,2.4000000000000004,True,-1.0300000000000011,-1.0300000000000011,False,-6.5,6.099999999999994,True,-6.099999999999994,-6.099999999999994,False,-0.043999999999999984,0.023999999999999966,False,-0.04800000000000004,0.02200000000000002
1997-98,New Jersey Nets,Chicago Bulls,False,2.1999999999999993,1.6000000000000014,False,0.5700000000000074,0.5700000000000074,False,-8.799999999999997,8.799999999999997,True,-3.0999999999999943,-3.0999999999999943,False,-0.029000000000000026,0.029000000000000026,False,-0.028000000000000025,0.028000000000000025
1997-98,New York Knicks,Chicago Bulls,True,-2.0999999999999996,-2.0999999999999996,False,-1.3100000000000023,1.3100000000000023,False,-4.299999999999997,4.299999999999997,False,-2.8999999999999915,2.1000000000000085,False,-0.012999999999999956,0.006999999999999951,False,-0.01200000000000001,0.0020000000000000018
1997-98,Orlando Magic,Chicago Bulls,False,2.4000000000000004,1.200000000000001,True,1.4200000000000017,-1.4200000000000017,False,-2.0999999999999943,2.0999999999999943,True,-5.900000000000006,-1.6999999999999886,True,0.0040000000000000036,-0.0040000000000000036,False,-0.0010000000000000009,0.0010000000000000009
1997-98,Philadelphia 76ers,Chicago Bulls,False,-2.5,2.5,True,-1.5499999999999972,-1.5499999999999972,False,-3.299999999999997,3.299999999999997,True,-7.799999999999997,-1.9999999999999858,False,-0.02300000000000002,0.02300000000000002,False,-0.020000000000000018,0.020000000000000018
1997-98,Phoenix Suns,Chicago Bulls,True,-0.8000000000000007,-0.8000000000000007,True,-0.9299999999999926,-0.9299999999999926,False,-2.3999999999999915,2.200000000000003,False,1.0,1.0,True,-0.019000000000000017,-0.019000000000000017,True,-0.014000000000000012,-0.014000000000000012
1997-98,Portland Trail Blazers,Chicago Bulls,False,0.6999999999999993,0.6999999999999993,True,-0.6499999999999915,-0.6499999999999915,True,0.3999999999999915,-0.3999999999999915,True,-4.599999999999994,-0.19999999999998863,True,-0.0030000000000000027,-0.0030000000000000027,True,-0.0030000000000000027,-0.0030000000000000027
1997-98,Sacramento Kings,Chicago Bulls,False,9.099999999999998,5.300000000000001,False,3.5799999999999983,3.5799999999999983,True,2.1000000000000085,-2.1000000000000085,True,-3.4000000000000057,-3.4000000000000057,True,0.014999999999999958,-0.002999999999999947,True,0.01200000000000001,-0.01200000000000001
1997-98,San Antonio Spurs,Chicago Bulls,False,-0.09999999999999964,0.09999999999999964,True,0.22999999999998977,-0.22999999999998977,True,0.29999999999999716,-0.29999999999999716,False,-4.400000000000006,4.400000000000006,True,-0.014000000000000012,-0.014000000000000012,True,-0.008000000000000007,-0.008000000000000007
1997-98,Seattle SuperSonics,Chicago Bulls,True,-1.1999999999999993,-1.1999999999999993,False,0.2600000000000051,0.2600000000000051,True,-6.8999999999999915,-0.8999999999999915,False,1.9000000000000057,1.9000000000000057,True,-0.040000000000000036,-0.040000000000000036,True,-0.039000000000000035,-0.039000000000000035
1997-98,Toronto Raptors,Chicago Bulls,False,0.0,0.0,True,-3.6899999999999977,-3.6899999999999977,True,0.3999999999999915,-0.3999999999999915,True,-7.1000000000000085,-7.1000000000000085,False,-0.01200000000000001,0.01200000000000001,False,0.0,0.0
1997-98,Utah Jazz,Chicago Bulls,False,-0.39999999999999947,0.39999999999999947,False,-2.1799999999999926,1.6799999999999926,True,-6.700000000000003,-2.700000000000003,True,-7.099999999999994,-3.6999999999999886,True,-0.025000000000000022,-0.025000000000000022,True,-0.02399999999999991,-0.02399999999999991
1997-98,Vancouver Grizzlies,Chicago Bulls,False,-1.9000000000000004,1.9000000000000004,True,-3.309999999999988,-3.2900000000000063,False,-5.300000000000011,5.300000000000011,True,-3.9000000000000057,-3.9000000000000057,False,-0.034999999999999976,0.01699999999999996,False,-0.029000000000000026,0.007000000000000006
1997-98,Washington Wizards,Chicago Bulls,True,0.09999999999999964,-0.09999999999999964,True,-1.8700000000000045,-1.8700000000000045,False,-4.1000000000000085,4.1000000000000085,True,-1.1000000000000085,-1.1000000000000085,False,-0.007999999999999952,0.0019999999999999463,False,-0.006000000000000005,0.006000000000000005
1998-99,Atlanta Hawks,San Antonio Spurs,True,-3.0,-2.0,False,6.450000000000003,0.8900000000000006,True,1.6999999999999886,-1.6999999999999886,False,10.5,10.5,True,0.02400000000000002,-0.02400000000000002,True,0.01100000000000001,-0.01100000000000001
1998-99,Boston Celtics,San Antonio Spurs,False,0.20000000000000107,0.20000000000000107,False,3.1700000000000017,3.1700000000000017,True,4.200000000000003,-3.799999999999997,False,3.1000000000000085,3.1000000000000085,True,0.0050000000000000044,-0.0050000000000000044,True,0.019000000000000017,-0.019000000000000017
1998-99,Charlotte Hornets,San Antonio Spurs,True,-2.5,-2.5,False,4.1499999999999915,4.1499999999999915,True,2.0999999999999943,-2.0999999999999943,True,-0.7000000000000028,-0.7000000000000028,True,-0.010000000000000009,-0.0020000000000000018,True,-0.007000000000000006,-0.007000000000000006
1998-99,Chicago Bulls,San Antonio Spurs,False,0.40000000000000036,0.40000000000000036,False,1.740000000000009,0.36000000000001364,True,1.3999999999999915,-1.3999999999999915,False,1.0999999999999943,1.0999999999999943,True,0.019000000000000017,-0.019000000000000017,True,0.020000000000000018,-0.020000000000000018
1998-99,Cleveland Cavaliers,San Antonio Spurs,False,0.5,0.5,False,9.700000000000003,5.260000000000005,True,0.5,-0.5,False,2.1000000000000085,2.1000000000000085,True,0.0040000000000000036,-0.0040000000000000036,False,-0.0040000000000000036,0.0040000000000000036
1998-99,Dallas Mavericks,San Antonio Spurs,False,4.299999999999999,4.299999999999999,False,5.840000000000003,5.840000000000003,True,4.5,-0.5,False,2.200000000000003,2.200000000000003,True,0.030999999999999972,-0.008999999999999952,True,0.030000000000000027,-0.01200000000000001
1998-99,Denver Nuggets,San Antonio Spurs,True,-1.3999999999999986,-1.3999999999999986,False,3.960000000000008,3.960000000000008,True,0.7999999999999972,-0.7999999999999972,True,-4.099999999999994,-4.099999999999994,True,0.01699999999999996,-0.01699999999999996,True,0.006000000000000005,-0.006000000000000005
1998-99,Detroit Pistons,San Antonio Spurs,False,1.3000000000000007,1.3000000000000007,False,9.629999999999995,5.730000000000018,False,2.799999999999997,2.200000000000003,False,5.3999999999999915,5.3999999999999915,False,0.01200000000000001,0.01200000000000001,False,0.020000000000000018,0.020000000000000018
1998-99,Golden State Warriors,San Antonio Spurs,False,1.6999999999999993,1.6999999999999993,False,6.150000000000006,6.150000000000006,True,2.0,-2.0,False,7.599999999999994,7.599999999999994,True,0.010000000000000009,-0.010000000000000009,True,0.013000000000000012,-0.013000000000000012
1998-99,Houston Rockets,San Antonio Spurs,False,1.5,1.5,False,5.090000000000003,5.090000000000003,True,-0.20000000000000284,-0.20000000000000284,False,3.200000000000003,3.200000000000003,True,-0.01200000000000001,-0.01200000000000001,True,-0.009000000000000008,-0.009000000000000008
1998-99,Indiana Pacers,San Antonio Spurs,False,2.1000000000000014,2.1000000000000014,False,6.540000000000006,3.1000000000000085,False,0.20000000000000284,0.20000000000000284,True,-0.5,-0.5,False,0.017000000000000015,0.017000000000000015,False,0.015000000000000013,0.015000000000000013
1998-99,Los Angeles Clippers,San Antonio Spurs,False,2.0999999999999996,2.0999999999999996,False,4.6499999999999915,4.6499999999999915,False,-2.200000000000003,2.200000000000003,False,0.20000000000000284,0.20000000000000284,True,0.0040000000000000036,-0.0040000000000000036,True,0.0020000000000000018,-0.0020000000000000018
1998-99,Los Angeles Lakers,San Antonio Spurs,True,-0.8999999999999986,-0.8999999999999986,False,2.0900000000000034,2.0900000000000034,True,-0.6999999999999886,-0.6999999999999886,True,-6.3999999999999915,-6.3999999999999915,True,-0.014000000000000012,-0.014000000000000012,True,-0.013000000000000012,-0.013000000000000012
1998-99,Miami Heat,San Antonio Spurs,True,-1.4000000000000021,-1.4000000000000021,True,4.8700000000000045,-2.1899999999999977,False,-0.4000000000000057,0.0,False,2.3000000000000114,2.3000000000000114,False,0.0010000000000000009,0.0010000000000000009,True,-0.007000000000000006,-0.007000000000000006
1998-99,Milwaukee Bucks,San Antonio Spurs,False,0.5999999999999996,0.5999999999999996,False,5.6299999999999955,3.1500000000000057,False,3.5999999999999943,3.5999999999999943,False,5.0,5.0,False,0.0050000000000000044,0.0050000000000000044,False,0.009000000000000008,0.009000000000000008
1998-99,Minnesota Timberwolves,San Antonio Spurs,True,0.5,-0.5,False,0.5100000000000051,0.5100000000000051,True,4.299999999999997,-1.2999999999999972,False,2.299999999999997,2.299999999999997,True,0.045999999999999985,-0.033999999999999975,True,0.04400000000000004,-0.040000000000000036
1998-99,New Jersey Nets,San Antonio Spurs,False,3.200000000000001,3.200000000000001,False,0.8999999999999915,0.8999999999999915,True,5.799999999999997,-5.6000000000000085,False,2.700000000000003,2.700000000000003,True,0.03400000000000003,-0.03400000000000003,True,0.03200000000000003,-0.03200000000000003
1998-99,New York Knicks,San Antonio Spurs,True,-0.40000000000000036,-0.40000000000000036,True,2.3200000000000074,-0.9999999999999858,True,3.700000000000003,-3.700000000000003,False,3.5999999999999943,3.5999999999999943,True,0.01899999999999996,-0.012999999999999956,True,0.018000000000000016,-0.010000000000000009
1998-99,Orlando Magic,San Antonio Spurs,True,-2.9000000000000004,-2.9000000000000004,False,8.75,8.75,True,2.1999999999999886,-2.1999999999999886,False,4.0,4.0,True,0.01699999999999996,-0.01699999999999996,True,0.018000000000000016,-0.018000000000000016
1998-99,Philadelphia 76ers,San Antonio Spurs,True,0.39999999999999947,-0.39999999999999947,False,3.6899999999999977,3.6899999999999977,True,2.1000000000000085,-2.1000000000000085,False,2.799999999999997,2.799999999999997,True,0.018000000000000016,-0.018000000000000016,True,0.007000000000000006,-0.007000000000000006
1998-99,Phoenix Suns,San Antonio Spurs,False,1.1999999999999993,1.1999999999999993,False,4.1299999999999955,4.1299999999999955,True,-1.2000000000000028,-1.2000000000000028,True,-4.299999999999997,-4.299999999999997,False,0.010000000000000009,0.010000000000000009,False,0.006000000000000005,0.006000000000000005
1998-99,Portland Trail Blazers,San Antonio Spurs,False,0.3000000000000007,0.3000000000000007,False,0.21999999999999886,0.21999999999999886,False,3.700000000000003,3.700000000000003,False,3.299999999999997,3.299999999999997,False,0.028000000000000025,0.016000000000000014,False,0.025000000000000022,0.02100000000000002
1998-99,Sacramento Kings,San Antonio Spurs,False,1.3000000000000007,1.3000000000000007,False,3.299999999999997,3.299999999999997,True,2.3999999999999915,-0.6000000000000085,True,-0.8999999999999915,-0.8999999999999915,False,0.007000000000000006,0.007000000000000006,True,0.01200000000000001,-0.006000000000000005
1998-99,Seattle SuperSonics,San Antonio Spurs,False,1.6000000000000014,1.6000000000000014,False,3.519999999999996,3.519999999999996,False,0.7999999999999972,0.7999999999999972,True,-1.1000000000000085,-1.1000000000000085,False,0.006000000000000005,0.006000000000000005,True,0.0010000000000000009,-0.0010000000000000009
1998-99,Toronto Raptors,San Antonio Spurs,False,1.1000000000000014,1.1000000000000014,False,3.6299999999999955,3.6299999999999955,True,2.9000000000000057,-2.9000000000000057,False,1.0,1.0,True,0.014000000000000012,-0.014000000000000012,True,0.007000000000000006,-0.007000000000000006
1998-99,Utah Jazz,San Antonio Spurs,True,2.6000000000000005,-2.6000000000000005,True,2.469999999999999,-0.549999999999983,False,1.5,1.5,False,4.3999999999999915,4.3999999999999915,False,0.0050000000000000044,0.0050000000000000044,True,-0.0050000000000000044,-0.0050000000000000044
1998-99,Vancouver Grizzlies,San Antonio Spurs,True,1.9000000000000004,-0.7000000000000011,False,2.1699999999999875,2.1699999999999875,True,3.6000000000000085,-3.6000000000000085,False,0.4000000000000057,0.4000000000000057,True,0.02699999999999997,-0.02699999999999997,True,0.026000000000000023,-0.02400000000000002
1998-99,Washington Wizards,San Antonio Spurs,True,-0.6999999999999993,-0.6999999999999993,False,3.219999999999999,3.219999999999999,True,2.0,-2.0,False,3.1000000000000085,3.1000000000000085,True,0.007999999999999952,-0.007999999999999952,True,0.014000000000000012,-0.014000000000000012
1999-00,Atlanta Hawks,Los Angeles Lakers,True,1.5,-1.5,True,0.0799999999999983,-0.0799999999999983,False,-3.1999999999999886,3.1999999999999886,True,-3.3999999999999915,-3.3999999999999915,False,-0.0040000000000000036,0.0040000000000000036,False,-0.0030000000000000027,0.0030000000000000027
1999-00,Boston Celtics,Los Angeles Lakers,False,4.499999999999998,4.499999999999998,False,-2.3799999999999955,0.0800000000000125,False,-2.8000000000000114,2.8000000000000114,True,-1.6000000000000085,-1.6000000000000085,False,-0.0010000000000000009,0.0010000000000000009,True,0.0010000000000000009,-0.0010000000000000009
1999-00,Charlotte Hornets,Los Angeles Lakers,False,-0.1999999999999993,0.1999999999999993,False,-4.340000000000003,3.2600000000000193,False,-2.799999999999997,2.799999999999997,True,-2.1000000000000085,-2.1000000000000085,False,-0.01799999999999996,0.01799999999999996,False,-0.02400000000000002,0.014000000000000012
1999-00,Chicago Bulls,Los Angeles Lakers,False,-1.0,1.0,False,-0.46000000000000796,0.46000000000000796,True,3.1000000000000085,-3.1000000000000085,False,3.1000000000000085,3.1000000000000085,True,0.007000000000000006,-0.007000000000000006,True,0.0050000000000000044,-0.0050000000000000044
1999-00,Cleveland Cavaliers,Los Angeles Lakers,False,-3.1999999999999993,3.1999999999999993,False,-5.040000000000006,0.4000000000000199,True,0.5999999999999943,-0.5999999999999943,False,1.2999999999999972,1.2999999999999972,False,-0.009000000000000008,0.009000000000000008,False,-0.007000000000000006,0.007000000000000006
1999-00,Dallas Mavericks,Los Angeles Lakers,False,0.3000000000000007,0.3000000000000007,True,-2.1200000000000045,-1.079999999999984,True,0.8999999999999915,-0.5000000000000142,True,-4.0,-4.0,False,0.008000000000000007,0.008000000000000007,False,0.01200000000000001,0.01200000000000001
1999-00,Denver Nuggets,Los Angeles Lakers,False,0.6000000000000014,0.6000000000000014,False,-1.9699999999999989,0.15000000000000568,False,0.0,0.0,False,0.4000000000000057,0.4000000000000057,False,-0.006000000000000005,0.006000000000000005,False,-0.006000000000000005,0.006000000000000005
1999-00,Detroit Pistons,Los Angeles Lakers,True,-1.3000000000000007,-1.3000000000000007,True,-1.4099999999999966,-1.4099999999999966,False,-6.700000000000003,6.700000000000003,True,-3.5,-3.5,False,-0.03899999999999998,0.022999999999999965,False,-0.050000000000000044,0.0040000000000000036
1999-00,Golden State Warriors,Los Angeles Lakers,False,-1.1999999999999993,0.8000000000000007,True,-1.4099999999999966,-1.4099999999999966,False,-1.7000000000000028,1.7000000000000028,True,-1.0,-1.0,False,-0.015000000000000013,0.015000000000000013,False,-0.014000000000000012,0.014000000000000012
1999-00,Houston Rockets,Los Angeles Lakers,True,-2.6000000000000014,-2.6000000000000014,False,-3.8800000000000097,2.8800000000000097,True,1.9000000000000057,-1.9000000000000057,True,-1.4000000000000057,-1.4000000000000057,True,-0.0020000000000000018,-0.0020000000000000018,False,0.0020000000000000018,0.0020000000000000018
1999-00,Indiana Pacers,Los Angeles Lakers,True,-4.000000000000002,-4.000000000000002,False,-3.8100000000000023,3.8100000000000023,False,-6.5,3.700000000000017,True,-1.2000000000000028,-1.2000000000000028,True,-0.03200000000000003,-0.006000000000000005,True,-0.03300000000000003,-0.02100000000000002
1999-00,Los Angeles Clippers,Los Angeles Lakers,True,-2.5,-2.5,False,-5.019999999999996,3.720000000000013,True,4.200000000000003,-4.200000000000003,True,-4.799999999999997,-4.799999999999997,True,0.01799999999999996,-0.01799999999999996,True,0.015000000000000013,-0.015000000000000013
1999-00,Miami Heat,Los Angeles Lakers,False,2.1999999999999993,2.1999999999999993,False,-2.8299999999999983,2.8299999999999983,False,-3.0999999999999943,3.0999999999999943,True,-2.3000000000000114,-2.3000000000000114,False,-0.026000000000000023,0.0040000000000000036,False,-0.018000000000000016,0.0020000000000000018
1999-00,Milwaukee Bucks,Los Angeles Lakers,False,5.100000000000001,5.100000000000001,False,-0.37999999999999545,0.37999999999999545,False,0.29999999999999716,0.29999999999999716,True,-3.6000000000000085,-3.6000000000000085,False,0.0050000000000000044,0.0050000000000000044,False,0.0030000000000000027,0.0030000000000000027
1999-00,Minnesota Timberwolves,Los Angeles Lakers,True,2.3000000000000007,-2.3000000000000007,False,-0.38000000000000966,0.38000000000000966,False,-0.29999999999999716,0.29999999999999716,False,0.7000000000000028,0.7000000000000028,False,-0.0030000000000000027,0.0010000000000000009,False,-0.0020000000000000018,0.0020000000000000018
1999-00,New Jersey Nets,Los Angeles Lakers,True,-3.6000000000000014,-3.6000000000000014,False,-1.2800000000000011,1.2800000000000011,False,-4.3999999999999915,4.3999999999999915,True,-0.10000000000000853,-0.10000000000000853,False,-0.016000000000000014,0.016000000000000014,False,-0.013000000000000012,0.013000000000000012
1999-00,New York Knicks,Los Angeles Lakers,True,2.1999999999999993,-0.6000000000000014,False,-2.8000000000000114,2.8000000000000114,False,-0.9000000000000057,0.9000000000000057,True,-2.5,-2.5,False,-0.006000000000000005,0.006000000000000005,False,-0.0040000000000000036,0.0
1999-00,Orlando Magic,Los Angeles Lakers,False,5.799999999999999,1.3999999999999968,True,-4.540000000000006,-2.739999999999995,True,1.0,-1.0,False,0.7999999999999972,0.7999999999999972,True,0.0010000000000000009,-0.0010000000000000009,False,-0.0030000000000000027,0.0030000000000000027
1999-00,Philadelphia 76ers,Los Angeles Lakers,True,2.000000000000001,-2.000000000000001,False,-2.1599999999999966,2.1599999999999966,True,2.0,-2.0,True,-1.0,-1.0,True,0.01100000000000001,-0.01100000000000001,True,0.017000000000000015,-0.017000000000000015
1999-00,Phoenix Suns,Los Angeles Lakers,True,-2.299999999999999,-2.299999999999999,False,-1.2600000000000051,1.4210854715202004e-14,False,-3.799999999999997,3.799999999999997,True,-0.5999999999999943,-0.5999999999999943,False,-0.030999999999999972,0.01699999999999996,False,-0.026000000000000023,0.01200000000000001
1999-00,Portland Trail Blazers,Los Angeles Lakers,True,-0.9000000000000004,-0.9000000000000004,False,-0.5,0.5,True,-1.7999999999999972,-0.3999999999999915,False,1.0,1.0,True,-0.0040000000000000036,-0.0040000000000000036,True,-0.007000000000000006,-0.007000000000000006
1999-00,Sacramento Kings,Los Angeles Lakers,True,-3.6999999999999993,-3.6999999999999993,True,-5.049999999999997,-5.049999999999997,True,0.6000000000000085,-0.6000000000000085,True,-2.200000000000003,-2.200000000000003,True,-0.0020000000000000018,-0.0020000000000000018,False,0.0030000000000000027,0.0030000000000000027
1999-00,San Antonio Spurs,Los Angeles Lakers,True,2.5,-1.5,False,-1.2399999999999949,1.2399999999999949,True,1.5,-1.5,True,-0.5,-0.5,False,0.008000000000000007,0.008000000000000007,False,0.006000000000000005,0.006000000000000005
1999-00,Seattle SuperSonics,Los Angeles Lakers,True,-5.300000000000001,-5.300000000000001,False,-2.049999999999997,2.049999999999997,True,0.4000000000000057,-0.4000000000000057,False,1.1000000000000085,1.1000000000000085,False,0.0040000000000000036,0.0040000000000000036,False,0.010000000000000009,0.0
1999-00,Toronto Raptors,Los Angeles Lakers,True,-0.10000000000000142,-0.10000000000000142,False,-2.0799999999999983,2.0799999999999983,True,1.7000000000000028,-1.7000000000000028,True,-0.7999999999999972,-0.7999999999999972,True,0.0040000000000000036,-0.0040000000000000036,False,-0.0010000000000000009,0.0010000000000000009
1999-00,Utah Jazz,Los Angeles Lakers,False,0.0,0.0,True,0.23999999999999488,-0.23999999999999488,False,0.3999999999999915,0.3999999999999915,True,-0.19999999999998863,-0.19999999999998863,False,0.007000000000000006,0.007000000000000006,False,0.006000000000000005,0.006000000000000005
1999-00,Vancouver Grizzlies,Los Angeles Lakers,True,0.5,-0.5,True,0.5700000000000074,-0.5700000000000074,False,-2.5,2.5,True,-2.5,-2.5,False,-0.009999999999999953,0.009999999999999953,False,-0.014000000000000012,0.014000000000000012
1999-00,Washington Wizards,Los Angeles Lakers,False,-0.5999999999999996,0.5999999999999996,False,-0.35999999999999943,0.35999999999999943,False,-2.3999999999999915,2.3999999999999915,False,1.0,1.0,False,-0.01599999999999996,0.01599999999999996,False,-0.007000000000000006,0.007000000000000006
2000-01,Atlanta Hawks,Los Angeles Lakers,True,3.1999999999999993,-3.1999999999999993,True,-0.4200000000000017,-0.4200000000000017,True,3.5,-3.5,False,2.3999999999999915,1.4210854715202004e-14,True,0.014999999999999958,-0.014999999999999958,True,0.017000000000000015,-0.017000000000000015
2000-01,Boston Celtics,Los Angeles Lakers,False,3.8000000000000007,3.8000000000000007,True,-0.21000000000000796,-0.21000000000000796,True,2.0,-2.0,False,-2.3999999999999915,2.3999999999999915,True,0.0030000000000000027,-0.0030000000000000027,False,-0.0010000000000000009,0.0010000000000000009
2000-01,Charlotte Hornets,Los Angeles Lakers,True,0.09999999999999964,-0.09999999999999964,False,-0.30999999999998806,0.30999999999998806,True,3.200000000000003,-3.200000000000003,True,4.200000000000003,-4.200000000000003,True,0.009000000000000008,-0.009000000000000008,True,0.007000000000000006,-0.007000000000000006
2000-01,Chicago Bulls,Los Angeles Lakers,False,-1.0,1.0,True,1.0900000000000034,-1.0900000000000034,True,1.2999999999999972,-1.2999999999999972,False,0.29999999999999716,0.29999999999999716,True,0.006000000000000005,-0.006000000000000005,True,0.0040000000000000036,-0.0040000000000000036
2000-01,Cleveland Cavaliers,Los Angeles Lakers,True,4.5,-4.5,False,-1.009999999999991,1.009999999999991,True,4.1000000000000085,-4.1000000000000085,False,3.5,3.3000000000000114,True,0.01799999999999996,-0.01799999999999996,True,0.015000000000000013,-0.015000000000000013
2000-01,Dallas Mavericks,Los Angeles Lakers,False,3.6000000000000014,3.6000000000000014,True,-0.1599999999999966,-0.1599999999999966,False,4.700000000000003,1.8999999999999915,False,4.799999999999997,1.4210854715202004e-14,False,0.009000000000000008,0.009000000000000008,False,0.009000000000000008,0.009000000000000008
2000-01,Denver Nuggets,Los Angeles Lakers,True,-1.9000000000000021,-1.9000000000000021,False,-2.6300000000000097,0.4700000000000131,False,-1.9000000000000057,1.9000000000000057,False,1.6999999999999886,1.6999999999999886,False,-0.014999999999999958,0.014999999999999958,False,-0.016000000000000014,0.016000000000000014
2000-01,Detroit Pistons,Los Angeles Lakers,False,4.799999999999999,0.9999999999999982,True,-4.77000000000001,-1.7299999999999898,True,4.700000000000003,-4.700000000000003,True,0.6000000000000085,-0.6000000000000085,True,0.043999999999999984,-0.043999999999999984,True,0.04200000000000004,-0.03200000000000003
2000-01,Golden State Warriors,Los Angeles Lakers,True,0.29999999999999893,-0.29999999999999893,False,0.04999999999999716,0.04999999999999716,True,5.200000000000003,-5.200000000000003,False,1.5999999999999943,1.5999999999999943,True,0.02300000000000002,-0.02300000000000002,True,0.029000000000000026,-0.029000000000000026
2000-01,Houston Rockets,Los Angeles Lakers,False,0.8000000000000007,0.8000000000000007,False,-2.0999999999999943,2.0999999999999943,False,-3.6000000000000085,3.6000000000000085,False,4.1000000000000085,2.500000000000014,False,-0.02699999999999997,0.02699999999999997,False,-0.031000000000000028,0.025000000000000022
2000-01,Indiana Pacers,Los Angeles Lakers,True,0.5,-0.5,True,2.239999999999995,-1.7800000000000153,True,2.5,-2.5,True,1.9000000000000057,-1.9000000000000057,True,0.006000000000000005,-0.006000000000000005,True,0.008000000000000007,-0.008000000000000007
2000-01,Los Angeles Clippers,Los Angeles Lakers,True,1.0,-1.0,True,0.539999999999992,-0.539999999999992,True,4.0,-4.0,False,1.5,0.700000000000017,False,0.0,0.0,True,0.0050000000000000044,-0.0050000000000000044
2000-01,Miami Heat,Los Angeles Lakers,False,-5.899999999999999,3.1000000000000014,True,0.0799999999999983,-0.0799999999999983,False,-2.1000000000000085,2.1000000000000085,True,1.9000000000000057,-1.9000000000000057,False,-0.00599999999999995,0.00599999999999995,False,-0.014000000000000012,0.014000000000000012
2000-01,Milwaukee Bucks,Los Angeles Lakers,False,1.1999999999999993,1.1999999999999993,False,-2.3799999999999955,0.4000000000000057,False,-1.5,1.5,False,3.0,1.0,False,0.008000000000000007,0.008000000000000007,False,0.0020000000000000018,0.0020000000000000018
2000-01,Minnesota Timberwolves,Los Angeles Lakers,True,1.8000000000000007,-1.8000000000000007,False,-1.269999999999996,1.0900000000000176,True,3.5999999999999943,-2.5999999999999943,True,1.6999999999999886,-0.6999999999999886,True,0.008000000000000007,-0.008000000000000007,True,0.009000000000000008,-0.009000000000000008
2000-01,New Jersey Nets,Los Angeles Lakers,True,1.4000000000000004,-1.4000000000000004,True,-0.14999999999999147,-0.14999999999999147,True,4.0,-4.0,False,-5.700000000000003,5.299999999999997,True,0.023999999999999966,-0.023999999999999966,True,0.01100000000000001,-0.01100000000000001
2000-01,New York Knicks,Los Angeles Lakers,True,2.799999999999999,-1.0000000000000018,True,3.0400000000000063,-3.0400000000000063,True,0.4000000000000057,-0.4000000000000057,True,7.599999999999994,-5.599999999999994,False,-0.007999999999999952,0.007999999999999952,False,-0.009000000000000008,0.009000000000000008
2000-01,Orlando Magic,Los Angeles Lakers,False,3.8000000000000007,3.8000000000000007,False,0.2600000000000051,0.2600000000000051,True,3.5,-3.5,True,3.0,-2.0,True,0.019000000000000017,-0.019000000000000017,True,0.020000000000000018,-0.020000000000000018
2000-01,Philadelphia 76ers,Los Angeles Lakers,False,-1.1000000000000014,1.1000000000000014,False,-1.7700000000000102,1.7700000000000102,False,-1.4000000000000057,1.4000000000000057,True,1.4000000000000057,-1.4000000000000057,False,-0.016000000000000014,0.016000000000000014,False,-0.01100000000000001,0.01100000000000001
2000-01,Phoenix Suns,Los Angeles Lakers,True,0.5,-0.5,True,-1.6700000000000017,-1.34999999999998,True,2.8999999999999915,-2.8999999999999915,True,5.8999999999999915,-5.8999999999999915,True,0.011999999999999955,-0.011999999999999955,True,0.0040000000000000036,-0.0040000000000000036
2000-01,Portland Trail Blazers,Los Angeles Lakers,True,3.200000000000001,-1.9999999999999982,True,0.01999999999999602,-0.01999999999999602,True,1.2000000000000028,-1.2000000000000028,True,2.0999999999999943,-2.0999999999999943,False,-0.01200000000000001,0.01200000000000001,False,-0.01100000000000001,0.0030000000000000027
2000-01,Sacramento Kings,Los Angeles Lakers,False,-2.4000000000000004,0.40000000000000036,False,1.1299999999999955,1.1299999999999955,True,3.700000000000003,-1.8999999999999915,True,1.2000000000000028,-1.2000000000000028,True,0.013000000000000012,-0.013000000000000012,True,0.010000000000000009,-0.0020000000000000018
2000-01,San Antonio Spurs,Los Angeles Lakers,True,1.5,-1.5,True,0.18999999999999773,-0.18999999999999773,True,0.4000000000000057,-0.4000000000000057,True,1.9000000000000057,-1.9000000000000057,False,-0.0040000000000000036,0.0040000000000000036,True,-0.0020000000000000018,-0.0020000000000000018
2000-01,Seattle SuperSonics,Los Angeles Lakers,True,1.5,-0.8999999999999986,False,-2.3400000000000034,2.3400000000000034,True,2.8999999999999915,-2.299999999999997,True,-0.10000000000000853,-0.10000000000000853,False,0.014000000000000012,0.0,False,0.010000000000000009,0.0
2000-01,Toronto Raptors,Los Angeles Lakers,False,-0.6999999999999993,0.6999999999999993,False,-2.200000000000003,2.200000000000003,False,-3.3000000000000114,3.3000000000000114,False,-0.29999999999999716,0.29999999999999716,False,-0.0050000000000000044,0.0050000000000000044,False,-0.009000000000000008,0.009000000000000008
2000-01,Utah Jazz,Los Angeles Lakers,False,-0.09999999999999964,0.09999999999999964,True,0.6700000000000017,-0.6700000000000017,False,-2.299999999999997,2.299999999999997,True,2.0,-2.0,False,-0.025000000000000022,0.025000000000000022,True,-0.017000000000000015,-0.0050000000000000044
2000-01,Washington Wizards,Los Angeles Lakers,False,-0.7000000000000011,0.7000000000000011,False,-4.039999999999992,1.9000000000000057,True,3.5,-3.5,True,-1.7000000000000028,-1.7000000000000028,True,0.0040000000000000036,-0.0040000000000000036,False,-0.006000000000000005,0.006000000000000005
2001-02,Atlanta Hawks,Los Angeles Lakers,False,-0.6999999999999993,0.6999999999999993,False,-0.5799999999999983,0.5799999999999983,False,0.0,0.0,True,-0.5999999999999943,-0.5999999999999943,True,0.0050000000000000044,-0.0050000000000000044,True,0.010000000000000009,-0.010000000000000009
2001-02,Boston Celtics,Los Angeles Lakers,False,2.6000000000000014,2.6000000000000014,False,-1.6499999999999915,1.0899999999999892,False,-2.0999999999999943,2.0999999999999943,True,0.5999999999999943,-0.4000000000000057,False,-0.006000000000000005,0.006000000000000005,False,-0.006000000000000005,0.006000000000000005
2001-02,Chicago Bulls,Los Angeles Lakers,True,1.5999999999999996,-1.5999999999999996,True,3.200000000000003,-0.31999999999997897,True,1.8999999999999915,-1.8999999999999915,True,-2.0,-2.0,True,0.014999999999999958,-0.014999999999999958,True,0.013000000000000012,-0.013000000000000012
2001-02,Cleveland Cavaliers,Los Angeles Lakers,False,-1.5999999999999996,1.5999999999999996,True,4.009999999999991,-0.009999999999990905,False,-8.200000000000003,8.200000000000003,True,-1.9000000000000057,-1.9000000000000057,False,-0.032999999999999974,0.032999999999999974,False,-0.03300000000000003,0.03300000000000003
2001-02,Dallas Mavericks,Los Angeles Lakers,False,0.1999999999999993,0.1999999999999993,True,-0.6099999999999994,-0.6099999999999994,True,-1.0,-1.0,True,-5.0,-5.0,True,-0.009000000000000008,-0.009000000000000008,True,-0.010000000000000009,-0.010000000000000009
2001-02,Denver Nuggets,Los Angeles Lakers,False,-5.699999999999999,5.699999999999999,True,0.7600000000000051,-0.7600000000000051,False,-9.099999999999994,9.099999999999994,True,-6.5,-5.899999999999977,False,-0.027000000000000024,0.027000000000000024,False,-0.026000000000000023,0.026000000000000023
2001-02,Detroit Pistons,Los Angeles Lakers,True,-0.29999999999999716,-0.29999999999999716,False,-3.1199999999999903,3.1199999999999903,False,-0.7999999999999972,0.7999999999999972,False,-2.700000000000003,1.7000000000000028,False,-0.02400000000000002,0.02400000000000002,False,-0.017000000000000015,0.0050000000000000044
2001-02,Golden State Warriors,Los Angeles Lakers,True,3.0,-3.0,False,0.12999999999999545,0.12999999999999545,True,4.900000000000006,-4.900000000000006,False,0.6000000000000085,0.6000000000000085,True,0.019999999999999962,-0.019999999999999962,True,0.027000000000000024,-0.027000000000000024
2001-02,Houston Rockets,Los Angeles Lakers,False,-2.5,1.5,True,0.7999999999999972,-0.7999999999999972,True,0.8000000000000114,-0.8000000000000114,True,-6.0,-6.0,True,0.008999999999999952,-0.008999999999999952,True,0.015000000000000013,-0.015000000000000013
2001-02,Indiana Pacers,Los Angeles Lakers,False,-1.0,1.0,False,-0.4200000000000017,0.4200000000000017,True,0.4000000000000057,-0.4000000000000057,True,-2.8000000000000114,-1.1999999999999886,False,-0.008000000000000007,0.008000000000000007,False,-0.0050000000000000044,0.0050000000000000044
2001-02,Los Angeles Clippers,Los Angeles Lakers,True,0.40000000000000036,-0.40000000000000036,True,1.470000000000013,-1.470000000000013,False,-3.200000000000003,3.200000000000003,False,0.3999999999999915,0.3999999999999915,False,-0.008999999999999952,0.008999999999999952,False,-0.0030000000000000027,0.0030000000000000027
2001-02,Memphis Grizzlies,Los Angeles Lakers,True,2.1999999999999993,-2.1999999999999993,True,1.480000000000004,-0.05999999999998806,True,5.700000000000003,-5.700000000000003,False,1.2000000000000028,1.2000000000000028,True,0.024999999999999967,-0.024999999999999967,True,0.025000000000000022,-0.025000000000000022
2001-02,Miami Heat,Los Angeles Lakers,True,2.4000000000000004,-2.4000000000000004,True,0.46000000000000796,-0.46000000000000796,False,-1.8999999999999915,1.8999999999999915,True,2.200000000000003,-0.6000000000000085,False,-0.02400000000000002,0.02400000000000002,False,-0.018000000000000016,0.018000000000000016
2001-02,Milwaukee Bucks,Los Angeles Lakers,True,-0.6999999999999993,-0.6999999999999993,True,0.25,-0.25,True,1.9000000000000057,-1.9000000000000057,False,1.3000000000000114,1.3000000000000114,True,-0.007000000000000006,-0.007000000000000006,True,-0.0010000000000000009,-0.0010000000000000009
2001-02,Minnesota Timberwolves,Los Angeles Lakers,False,-3.0,3.0,True,1.3599999999999994,-1.3599999999999994,False,-2.700000000000003,2.700000000000003,True,-1.5999999999999943,-1.5999999999999943,False,-0.0020000000000000018,0.0020000000000000018,False,-0.0040000000000000036,0.0040000000000000036
2001-02,New Jersey Nets,Los Angeles Lakers,False,-1.9000000000000004,1.9000000000000004,False,-0.20000000000000284,0.20000000000000284,False,-0.30000000000001137,0.30000000000001137,False,-1.5,1.5,False,-0.007999999999999952,0.007999999999999952,True,0.0030000000000000027,-0.0030000000000000027
2001-02,New York Knicks,Los Angeles Lakers,False,2.900000000000002,0.6999999999999993,True,1.2800000000000011,-1.2800000000000011,True,2.8999999999999915,-2.8999999999999915,False,0.0,0.0,True,0.01799999999999996,-0.01799999999999996,True,0.014000000000000012,-0.014000000000000012
2001-02,Orlando Magic,Los Angeles Lakers,True,-0.8000000000000007,-0.8000000000000007,True,-0.07000000000000739,-0.07000000000000739,False,-1.8999999999999915,1.8999999999999915,True,-0.3999999999999915,-0.3999999999999915,False,-0.015000000000000013,0.015000000000000013,False,-0.007000000000000006,0.007000000000000006
2001-02,Philadelphia 76ers,Los Angeles Lakers,True,0.9000000000000004,-0.9000000000000004,True,2.75,-2.75,True,2.700000000000003,-2.700000000000003,True,1.8999999999999915,-1.5000000000000142,True,0.014000000000000012,-0.014000000000000012,True,0.013000000000000012,-0.013000000000000012
2001-02,Phoenix Suns,Los Angeles Lakers,True,0.5999999999999996,-0.5999999999999996,False,-0.14999999999999147,0.14999999999999147,True,0.7999999999999972,-0.7999999999999972,True,-1.2999999999999972,-1.2999999999999972,True,0.0010000000000000009,-0.0010000000000000009,True,0.0040000000000000036,-0.0040000000000000036
2001-02,Portland Trail Blazers,Los Angeles Lakers,False,-2.1000000000000014,2.1000000000000014,False,-0.10999999999999943,0.10999999999999943,False,-1.7000000000000028,1.7000000000000028,True,-1.0999999999999943,-1.0999999999999943,True,0.0040000000000000036,-0.0040000000000000036,True,0.0030000000000000027,-0.0030000000000000027
2001-02,Sacramento Kings,Los Angeles Lakers,True,1.5999999999999996,-1.5999999999999996,True,-0.10999999999999943,-0.10999999999999943,False,-3.5,3.5,False,-1.9000000000000057,1.9000000000000057,False,0.0020000000000000018,0.0,True,-0.0040000000000000036,-0.0040000000000000036
2001-02,San Antonio Spurs,Los Angeles Lakers,True,0.6999999999999993,-0.6999999999999993,True,0.3999999999999915,-0.3999999999999915,False,-1.5,1.5,False,-0.4000000000000057,0.4000000000000057,True,0.0050000000000000044,-0.0050000000000000044,False,0.0020000000000000018,0.0020000000000000018
2001-02,Seattle SuperSonics,Los Angeles Lakers,False,-0.10000000000000142,0.10000000000000142,False,-1.1799999999999926,1.1799999999999926,False,-4.8999999999999915,4.8999999999999915,True,-1.5,-1.5,False,-0.03300000000000003,0.019000000000000017,False,-0.028000000000000025,0.016000000000000014
2001-02,Toronto Raptors,Los Angeles Lakers,True,1.0,-1.0,True,0.9900000000000091,-0.9900000000000091,False,-1.7999999999999972,1.7999999999999972,False,3.8999999999999915,3.8999999999999915,False,-0.0050000000000000044,0.0050000000000000044,False,-0.0040000000000000036,0.0040000000000000036
2001-02,Utah Jazz,Los Angeles Lakers,False,-2.500000000000001,2.5,False,-0.9699999999999989,0.9699999999999989,False,-0.09999999999999432,0.09999999999999432,True,-1.8000000000000114,-1.8000000000000114,True,0.014000000000000012,-0.014000000000000012,True,0.008000000000000007,-0.0020000000000000018
2001-02,Washington Wizards,Los Angeles Lakers,True,0.3000000000000007,-0.3000000000000007,False,-0.4700000000000131,0.4700000000000131,False,-1.4000000000000057,1.4000000000000057,True,-1.9000000000000057,-1.9000000000000057,False,-0.0040000000000000036,0.0040000000000000036,True,0.0050000000000000044,-0.0050000000000000044
2002-03,Atlanta Hawks,San Antonio Spurs,True,1.299999999999999,-1.299999999999999,False,0.05000000000001137,0.05000000000001137,False,-1.3000000000000114,1.3000000000000114,True,-0.29999999999999716,-0.29999999999999716,False,-0.010999999999999954,0.010999999999999954,False,-0.013000000000000012,0.013000000000000012
2002-03,Boston Celtics,San Antonio Spurs,True,-6.800000000000001,-6.800000000000001,False,2.519999999999996,2.519999999999996,True,0.7000000000000028,-0.7000000000000028,False,1.7000000000000028,1.7000000000000028,True,0.016000000000000014,-0.016000000000000014,True,0.018000000000000016,-0.018000000000000016
2002-03,Chicago Bulls,San Antonio Spurs,True,3.1000000000000014,-3.1000000000000014,True,-1.5300000000000011,-1.5300000000000011,False,-3.5,3.5,True,-2.1000000000000085,-2.1000000000000085,False,-0.024999999999999967,0.024999999999999967,False,-0.026000000000000023,0.026000000000000023
2002-03,Cleveland Cavaliers,San Antonio Spurs,False,-1.3000000000000007,1.3000000000000007,True,-3.6099999999999994,-3.6099999999999994,True,5.3999999999999915,-5.3999999999999915,True,-2.0,-2.0,True,0.007000000000000006,-0.007000000000000006,True,0.007000000000000006,-0.007000000000000006
2002-03,Dallas Mavericks,San Antonio Spurs,True,-2.5,-2.5,False,0.8700000000000045,0.8700000000000045,False,1.1000000000000085,1.1000000000000085,False,4.900000000000006,4.900000000000006,False,-0.0030000000000000027,0.0010000000000000009,False,-0.007000000000000006,0.0030000000000000027
2002-03,Denver Nuggets,San Antonio Spurs,True,2.0,-2.0,False,2.530000000000001,2.530000000000001,True,11.200000000000003,-11.200000000000003,False,1.3000000000000114,1.3000000000000114,True,0.039000000000000035,-0.039000000000000035,True,0.04800000000000004,-0.04800000000000004
2002-03,Detroit Pistons,San Antonio Spurs,False,-6.300000000000001,1.0999999999999979,True,1.0799999999999983,-1.0799999999999983,False,-2.1000000000000085,2.1000000000000085,False,-4.299999999999997,4.09999999999998,False,-0.011999999999999955,0.011999999999999955,False,-0.01200000000000001,0.01200000000000001
2002-03,Golden State Warriors,San Antonio Spurs,True,0.5,-0.3000000000000007,True,-4.929999999999993,-3.910000000000011,True,-4.900000000000006,-0.09999999999999432,True,-5.1000000000000085,-5.1000000000000085,True,0.0030000000000000027,-0.0030000000000000027,False,-0.009000000000000008,0.009000000000000008
2002-03,Houston Rockets,San Antonio Spurs,False,1.6000000000000014,1.6000000000000014,False,-1.4399999999999977,1.4399999999999977,False,-2.700000000000003,2.700000000000003,True,-3.1000000000000085,-2.500000000000014,True,0.010000000000000009,-0.010000000000000009,True,0.006000000000000005,-0.006000000000000005
2002-03,Indiana Pacers,San Antonio Spurs,True,2.0,-1.8000000000000007,False,-4.1699999999999875,1.6699999999999875,False,-0.7000000000000028,0.7000000000000028,False,-3.3999999999999915,0.3999999999999915,True,0.0020000000000000018,-0.0020000000000000018,False,-0.0020000000000000018,0.0020000000000000018
2002-03,Los Angeles Clippers,San Antonio Spurs,False,-1.9000000000000004,1.9000000000000004,True,-0.19000000000001194,-0.19000000000001194,True,0.8000000000000114,-0.8000000000000114,False,1.5,1.5,False,-0.014000000000000012,0.014000000000000012,False,-0.0040000000000000036,0.0040000000000000036
2002-03,Los Angeles Lakers,San Antonio Spurs,False,-3.0999999999999996,0.7000000000000011,True,-0.39000000000000057,-0.39000000000000057,True,-1.3999999999999915,-1.3999999999999915,True,-3.3000000000000114,-3.3000000000000114,False,-0.0050000000000000044,0.0050000000000000044,False,-0.006000000000000005,0.006000000000000005
2002-03,Memphis Grizzlies,San Antonio Spurs,False,0.40000000000000036,0.40000000000000036,True,-1.4300000000000068,-1.4300000000000068,True,1.1000000000000085,-1.1000000000000085,True,-5.1000000000000085,-5.1000000000000085,False,-0.008000000000000007,0.008000000000000007,False,-0.0040000000000000036,0.0040000000000000036
2002-03,Miami Heat,San Antonio Spurs,True,3.0999999999999996,-1.0999999999999996,True,0.36999999999999034,-0.36999999999999034,True,5.199999999999989,-5.199999999999989,True,-0.9000000000000057,-0.9000000000000057,True,0.02400000000000002,-0.02400000000000002,True,0.027000000000000024,-0.027000000000000024
2002-03,Milwaukee Bucks,San Antonio Spurs,True,-4.600000000000001,-1.6000000000000014,False,1.4399999999999977,1.4399999999999977,True,-2.6000000000000085,-2.6000000000000085,True,-3.4000000000000057,-3.4000000000000057,False,-0.02300000000000002,0.017000000000000015,False,-0.015000000000000013,0.01100000000000001
2002-03,Minnesota Timberwolves,San Antonio Spurs,True,1.0999999999999996,-1.0999999999999996,True,-2.8400000000000034,-0.4000000000000057,True,-0.5999999999999943,-0.5999999999999943,True,-4.0,-4.0,False,-0.0020000000000000018,0.0020000000000000018,False,0.0,0.0
2002-03,New Jersey Nets,San Antonio Spurs,True,1.0,-1.0,True,-2.030000000000001,-1.0500000000000114,False,-3.0999999999999943,3.0999999999999943,False,-0.19999999999998863,0.19999999999998863,True,0.002999999999999947,-0.002999999999999947,False,-0.0030000000000000027,0.0030000000000000027
2002-03,New Orleans Hornets,San Antonio Spurs,False,7.200000000000001,2.4000000000000004,False,-0.12999999999999545,0.12999999999999545,False,-1.7000000000000028,1.7000000000000028,False,0.5999999999999943,0.5999999999999943,False,-0.0050000000000000044,0.0050000000000000044,False,-0.006000000000000005,0.006000000000000005
2002-03,New York Knicks,San Antonio Spurs,True,-5.700000000000001,-1.9000000000000004,True,-0.769999999999996,-0.43000000000002103,False,-3.5999999999999943,3.5999999999999943,True,-3.299999999999997,-3.299999999999997,False,-0.01200000000000001,0.01200000000000001,False,-0.010000000000000009,0.010000000000000009
2002-03,Orlando Magic,San Antonio Spurs,True,-4.199999999999999,-3.599999999999998,True,-2.1899999999999977,-2.1899999999999977,False,-2.299999999999997,2.299999999999997,False,5.099999999999994,5.099999999999994,False,-0.01699999999999996,0.01699999999999996,False,-0.02200000000000002,0.02200000000000002
2002-03,Philadelphia 76ers,San Antonio Spurs,True,2.5,-2.5,False,-3.809999999999988,0.5899999999999892,False,-5.400000000000006,5.400000000000006,True,-0.19999999999998863,-0.19999999999998863,False,-0.010000000000000009,0.010000000000000009,False,-0.015000000000000013,0.015000000000000013
2002-03,Phoenix Suns,San Antonio Spurs,True,0.6999999999999993,-0.6999999999999993,False,1.1299999999999955,1.1299999999999955,False,-2.299999999999997,2.299999999999997,False,2.9000000000000057,2.9000000000000057,True,0.0020000000000000018,-0.0020000000000000018,True,0.0010000000000000009,-0.0010000000000000009
2002-03,Portland Trail Blazers,San Antonio Spurs,False,-0.5999999999999996,0.5999999999999996,False,-2.8999999999999915,2.8999999999999915,False,-2.1000000000000085,1.5000000000000142,False,2.0,2.0,False,-0.01100000000000001,0.01100000000000001,False,-0.016000000000000014,0.016000000000000014
2002-03,Sacramento Kings,San Antonio Spurs,False,2.6000000000000014,2.6000000000000014,True,-2.3799999999999955,-2.3799999999999955,False,4.199999999999989,4.199999999999989,False,5.400000000000006,4.800000000000011,False,0.008000000000000007,0.008000000000000007,False,0.019000000000000017,0.007000000000000006
2002-03,Seattle SuperSonics,San Antonio Spurs,False,7.900000000000002,7.900000000000002,True,2.1700000000000017,-2.1700000000000017,False,3.1999999999999886,0.19999999999998863,False,3.8000000000000114,3.8000000000000114,True,0.029000000000000026,-0.02100000000000002,True,0.028000000000000025,-0.028000000000000025
2002-03,Toronto Raptors,San Antonio Spurs,True,1.3000000000000007,-0.6999999999999993,False,-2.7700000000000102,2.7700000000000102,False,-4.0,4.0,True,-6.799999999999997,-6.799999999999997,False,-0.0040000000000000036,0.0040000000000000036,False,-0.0020000000000000018,0.0020000000000000018
2002-03,Utah Jazz,San Antonio Spurs,True,1.7999999999999998,-1.7999999999999998,False,-2.519999999999996,2.519999999999996,False,-3.700000000000003,3.700000000000003,False,0.20000000000000284,0.20000000000000284,False,-0.02999999999999997,0.02999999999999997,False,-0.028000000000000025,0.028000000000000025
2002-03,Washington Wizards,San Antonio Spurs,True,5.6,-5.6,False,4.440000000000012,0.44000000000001194,False,-4.299999999999997,4.299999999999997,False,0.30000000000001137,0.30000000000001137,False,-0.006000000000000005,0.006000000000000005,False,-0.013000000000000012,0.013000000000000012
2003-04,Atlanta Hawks,Detroit Pistons,True,-3.299999999999999,-3.299999999999999,False,0.4099999999999966,0.4099999999999966,False,-0.29999999999999716,0.29999999999999716,False,5.099999999999994,5.099999999999994,True,-0.0010000000000000009,-0.0010000000000000009,False,-0.010000000000000009,0.0040000000000000036
2003-04,Boston Celtics,Detroit Pistons,True,-4.199999999999999,-4.199999999999999,False,0.14000000000000057,0.14000000000000057,False,5.200000000000003,5.200000000000003,False,2.8999999999999915,2.8999999999999915,False,0.015000000000000013,0.015000000000000013,False,0.019000000000000017,0.019000000000000017
2003-04,Chicago Bulls,Detroit Pistons,False,2.1999999999999993,2.1999999999999993,False,0.1799999999999926,0.1799999999999926,True,4.900000000000006,-4.5,True,-3.0,-3.0,True,0.024999999999999967,-0.00500000000000006,True,0.031000000000000028,-0.019000000000000017
2003-04,Cleveland Cavaliers,Detroit Pistons,True,1.4000000000000004,-1.4000000000000004,True,-0.9899999999999949,-0.9899999999999949,False,4.700000000000003,4.700000000000003,False,1.6000000000000085,1.6000000000000085,True,0.01899999999999996,-0.0010000000000000564,True,0.020000000000000018,-0.006000000000000005
2003-04,Dallas Mavericks,Detroit Pistons,True,-2.3000000000000007,-2.3000000000000007,True,-0.4399999999999977,-0.4399999999999977,True,-1.9000000000000057,-1.9000000000000057,True,-3.3000000000000114,-3.3000000000000114,True,-0.0030000000000000027,-0.0030000000000000027,False,0.009000000000000008,0.009000000000000008
2003-04,Denver Nuggets,Detroit Pistons,False,-0.5,0.10000000000000142,False,0.04000000000000625,0.04000000000000625,False,2.299999999999997,2.299999999999997,False,1.1999999999999886,1.1999999999999886,False,0.01599999999999996,0.01599999999999996,False,0.018000000000000016,0.018000000000000016
2003-04,Golden State Warriors,Detroit Pistons,False,6.000000000000002,6.000000000000002,False,3.5,3.5,False,1.9000000000000057,1.9000000000000057,False,2.9000000000000057,2.9000000000000057,False,0.0,0.0,True,-0.0050000000000000044,-0.0050000000000000044
2003-04,Houston Rockets,Detroit Pistons,False,1.3999999999999986,1.3999999999999986,False,1.2600000000000051,0.4200000000000017,False,4.700000000000003,3.500000000000014,False,2.299999999999997,2.299999999999997,False,0.0020000000000000018,0.0020000000000000018,False,0.006000000000000005,0.006000000000000005
2003-04,Indiana Pacers,Detroit Pistons,False,3.5999999999999996,3.5999999999999996,True,0.1699999999999875,-0.1699999999999875,False,1.2000000000000028,1.2000000000000028,False,6.5,6.5,False,0.0050000000000000044,0.0050000000000000044,False,0.014000000000000012,0.014000000000000012
2003-04,Los Angeles Clippers,Detroit Pistons,False,-4.300000000000001,2.900000000000002,True,-1.8299999999999983,-1.8299999999999983,False,1.8999999999999915,1.8999999999999915,True,-2.0999999999999943,-2.0999999999999943,False,0.023999999999999966,0.007999999999999952,False,0.02100000000000002,0.02100000000000002
2003-04,Los Angeles Lakers,Detroit Pistons,False,8.500000000000002,8.500000000000002,True,-1.0499999999999972,-1.0499999999999972,False,2.200000000000003,2.200000000000003,False,9.5,9.5,False,0.0040000000000000036,0.0040000000000000036,False,0.013000000000000012,0.013000000000000012
2003-04,Memphis Grizzlies,Detroit Pistons,False,2.1000000000000014,2.1000000000000014,True,-2.9499999999999886,-2.9499999999999886,False,0.7999999999999972,0.7999999999999972,False,0.7000000000000028,0.7000000000000028,False,0.010000000000000009,0.010000000000000009,False,0.013000000000000012,0.013000000000000012
2003-04,Miami Heat,Detroit Pistons,True,-1.0999999999999996,-1.0999999999999996,False,2.430000000000007,2.3499999999999943,False,8.300000000000011,8.300000000000011,False,1.9000000000000057,1.9000000000000057,False,0.061,0.061,False,0.049000000000000044,0.04700000000000004
2003-04,Milwaukee Bucks,Detroit Pistons,True,-2.6999999999999993,-1.6999999999999993,True,-1.0600000000000023,-1.0600000000000023,False,0.5,0.5,False,4.599999999999994,4.599999999999994,True,-0.0020000000000000018,-0.0020000000000000018,True,-0.0010000000000000009,-0.0010000000000000009
2003-04,Minnesota Timberwolves,Detroit Pistons,False,3.0999999999999996,1.299999999999999,False,0.15000000000000568,0.15000000000000568,False,2.3999999999999915,2.3999999999999915,False,6.5,6.5,False,0.0030000000000000027,0.0030000000000000027,False,0.006000000000000005,0.006000000000000005
2003-04,New Jersey Nets,Detroit Pistons,False,1.0,1.0,True,-0.5600000000000023,-0.5600000000000023,True,0.9000000000000057,-0.9000000000000057,False,5.199999999999989,5.199999999999989,True,-0.007999999999999952,-0.007999999999999952,True,-0.0030000000000000027,-0.0030000000000000027
2003-04,New Orleans Hornets,Detroit Pistons,True,-4.300000000000001,-4.300000000000001,True,-1.6200000000000045,-0.8799999999999955,False,-2.5,1.6999999999999886,False,5.300000000000011,5.300000000000011,False,-0.014000000000000012,0.014000000000000012,False,-0.01200000000000001,0.01200000000000001
2003-04,New York Knicks,Detroit Pistons,False,1.5,1.5,False,0.8299999999999983,0.8299999999999983,False,4.799999999999997,3.6000000000000085,False,5.900000000000006,5.900000000000006,False,0.01100000000000001,0.01100000000000001,False,0.013000000000000012,0.013000000000000012
2003-04,Orlando Magic,Detroit Pistons,True,-4.0,-2.799999999999997,False,4.010000000000005,4.010000000000005,False,2.0,2.0,True,-3.0999999999999943,-3.0999999999999943,False,0.01699999999999996,0.01699999999999996,False,0.025000000000000022,0.01100000000000001
2003-04,Philadelphia 76ers,Detroit Pistons,False,5.6,5.6,False,7.299999999999997,7.140000000000001,True,4.0,-1.0,False,2.0999999999999943,2.0999999999999943,False,0.01899999999999996,0.008999999999999952,False,0.02300000000000002,0.01100000000000001
2003-04,Phoenix Suns,Detroit Pistons,False,10.0,10.0,False,3.6299999999999955,3.6299999999999955,False,12.400000000000006,12.400000000000006,False,1.5,1.5,False,0.05900000000000005,0.05900000000000005,False,0.05599999999999994,0.05599999999999994
2003-04,Portland Trail Blazers,Detroit Pistons,False,0.7999999999999989,0.7999999999999989,True,3.509999999999991,-0.09000000000000341,True,-0.19999999999998863,-0.19999999999998863,False,2.5999999999999943,2.5999999999999943,False,0.006000000000000005,0.006000000000000005,False,0.009000000000000008,0.009000000000000008
2003-04,Sacramento Kings,Detroit Pistons,True,-1.3000000000000007,-1.3000000000000007,False,0.269999999999996,0.269999999999996,False,0.20000000000000284,0.20000000000000284,False,3.299999999999997,3.299999999999997,True,-0.01100000000000001,-0.01100000000000001,True,-0.013000000000000012,-0.013000000000000012
2003-04,San Antonio Spurs,Detroit Pistons,False,3.0999999999999996,3.0999999999999996,True,-0.27000000000001023,-0.27000000000001023,False,5.099999999999994,5.099999999999994,False,4.700000000000003,3.09999999999998,False,0.019000000000000017,0.019000000000000017,False,0.02300000000000002,0.02300000000000002
2003-04,Seattle SuperSonics,Detroit Pistons,True,-1.4000000000000021,-1.4000000000000021,True,-2.1000000000000085,-1.8999999999999915,False,4.700000000000003,4.700000000000003,False,1.5999999999999943,1.5999999999999943,True,-0.006000000000000005,-0.006000000000000005,False,0.006000000000000005,0.006000000000000005
2003-04,Toronto Raptors,Detroit Pistons,False,4.699999999999999,4.699999999999999,False,5.77000000000001,3.569999999999993,False,10.100000000000009,0.10000000000000853,False,8.400000000000006,8.400000000000006,False,0.03799999999999998,0.023999999999999966,False,0.04400000000000004,0.01200000000000001
2003-04,Utah Jazz,Detroit Pistons,False,-0.29999999999999893,0.29999999999999893,True,1.759999999999991,-0.4000000000000057,False,2.9000000000000057,2.3000000000000114,False,6.0,6.0,False,0.012999999999999956,0.002999999999999947,False,0.013000000000000012,0.009000000000000008
2003-04,Washington Wizards,Detroit Pistons,False,2.8000000000000007,2.8000000000000007,False,0.8999999999999915,0.8999999999999915,False,8.200000000000003,2.000000000000014,False,3.0,3.0,False,0.019999999999999962,0.00599999999999995,False,0.02300000000000002,0.0010000000000000009
2004-05,Atlanta Hawks,San Antonio Spurs,True,2.1999999999999993,-2.1999999999999993,True,-1.3400000000000034,-1.3400000000000034,True,6.0,-6.0,False,1.0999999999999943,1.0999999999999943,True,0.021999999999999964,-0.021999999999999964,True,0.030000000000000027,-0.030000000000000027
2004-05,Boston Celtics,San Antonio Spurs,True,0.3999999999999986,-0.3999999999999986,True,-1.3400000000000034,-1.3400000000000034,False,-1.9000000000000057,1.9000000000000057,False,0.5,0.5,False,0.0030000000000000027,0.0030000000000000027,False,0.0,0.0
2004-05,Charlotte Bobcats,San Antonio Spurs,True,4.700000000000001,-4.700000000000001,False,1.029999999999987,1.029999999999987,True,1.4000000000000057,-1.4000000000000057,True,-0.4000000000000057,-0.4000000000000057,True,0.009000000000000008,-0.009000000000000008,True,0.01200000000000001,-0.01200000000000001
2004-05,Chicago Bulls,San Antonio Spurs,False,0.5,0.5,False,0.18000000000000682,0.18000000000000682,True,2.799999999999997,-2.799999999999997,False,3.6000000000000085,3.6000000000000085,True,0.016000000000000014,-0.016000000000000014,True,0.010000000000000009,-0.010000000000000009
2004-05,Cleveland Cavaliers,San Antonio Spurs,True,6.899999999999999,-5.100000000000001,False,0.04999999999999716,0.04999999999999716,True,1.2999999999999972,-0.29999999999999716,True,-0.29999999999999716,-0.29999999999999716,True,0.02200000000000002,-0.02200000000000002,True,0.020000000000000018,-0.01200000000000001
2004-05,Dallas Mavericks,San Antonio Spurs,False,-1.9000000000000004,1.9000000000000004,True,-4.88000000000001,-3.5600000000000165,False,1.4000000000000057,1.4000000000000057,False,0.6000000000000085,0.6000000000000085,False,0.0030000000000000027,0.0030000000000000027,False,0.0050000000000000044,0.0050000000000000044
2004-05,Denver Nuggets,San Antonio Spurs,True,1.5999999999999996,-1.5999999999999996,False,0.21999999999999886,0.21999999999999886,False,-0.29999999999999716,0.29999999999999716,False,1.5,1.5,True,0.0050000000000000044,-0.0050000000000000044,False,0.0,0.0
2004-05,Detroit Pistons,San Antonio Spurs,True,4.899999999999999,-3.5,False,-0.6099999999999994,0.6099999999999994,False,5.3999999999999915,1.0000000000000142,False,2.1000000000000085,2.1000000000000085,True,0.025000000000000022,-0.015000000000000013,True,0.016000000000000014,-0.014000000000000012
2004-05,Golden State Warriors,San Antonio Spurs,False,0.6999999999999993,0.6999999999999993,True,-0.01999999999999602,-0.01999999999999602,True,0.09999999999999432,-0.09999999999999432,True,-0.5999999999999943,-0.5999999999999943,True,0.0040000000000000036,-0.0040000000000000036,True,0.009000000000000008,-0.009000000000000008
2004-05,Houston Rockets,San Antonio Spurs,True,-1.3000000000000007,-1.3000000000000007,False,-1.1100000000000136,0.6699999999999875,False,-4.0,4.0,False,2.0,2.0,False,-0.015000000000000013,0.015000000000000013,False,-0.015000000000000013,0.015000000000000013
2004-05,Indiana Pacers,San Antonio Spurs,True,-0.5,-0.5,True,2.1400000000000006,-0.35999999999999943,False,-0.6000000000000085,0.6000000000000085,True,-1.7000000000000028,-1.7000000000000028,True,0.01100000000000001,-0.01100000000000001,False,-0.0010000000000000009,0.0010000000000000009
2004-05,Los Angeles Clippers,San Antonio Spurs,True,2.1000000000000014,-2.1000000000000014,False,2.3299999999999983,2.3299999999999983,False,0.0,0.0,True,-2.299999999999997,-2.299999999999997,True,0.010000000000000009,-0.010000000000000009,False,0.007000000000000006,0.0050000000000000044
2004-05,Los Angeles Lakers,San Antonio Spurs,True,-2.8000000000000007,-2.8000000000000007,True,-0.12000000000000455,-0.12000000000000455,False,0.3999999999999915,0.3999999999999915,True,-5.3999999999999915,-5.3999999999999915,True,0.010000000000000009,-0.0040000000000000036,False,0.0040000000000000036,0.0040000000000000036
2004-05,Memphis Grizzlies,San Antonio Spurs,False,1.0999999999999979,1.0999999999999979,False,-2.260000000000005,2.260000000000005,True,0.29999999999999716,-0.29999999999999716,True,-1.0999999999999943,-1.0999999999999943,False,0.007000000000000006,0.0010000000000000009,False,0.0020000000000000018,0.0020000000000000018
2004-05,Miami Heat,San Antonio Spurs,True,2.200000000000001,-0.9999999999999982,False,0.8299999999999983,0.8299999999999983,True,-1.4000000000000057,-1.4000000000000057,False,1.2000000000000028,1.2000000000000028,True,-0.007000000000000006,-0.007000000000000006,True,-0.0030000000000000027,-0.0030000000000000027
2004-05,Milwaukee Bucks,San Antonio Spurs,True,5.0,-5.0,False,0.3100000000000023,0.3100000000000023,False,-0.19999999999998863,0.19999999999998863,True,-2.1999999999999886,-2.1999999999999886,True,0.017000000000000015,-0.017000000000000015,True,0.008000000000000007,-0.006000000000000005
2004-05,Minnesota Timberwolves,San Antonio Spurs,False,-2.5,2.5,True,-0.8100000000000023,-0.05000000000001137,False,-5.099999999999994,4.099999999999994,True,-1.5,-1.5,False,-0.009000000000000008,0.009000000000000008,False,-0.010000000000000009,0.010000000000000009
2004-05,New Jersey Nets,San Antonio Spurs,True,2.900000000000002,-1.6999999999999993,False,0.7600000000000051,0.7600000000000051,True,2.5,-2.5,True,-0.6999999999999886,-0.6999999999999886,True,0.014999999999999958,-0.014999999999999958,True,0.016000000000000014,-0.016000000000000014
2004-05,New York Knicks,San Antonio Spurs,False,-4.299999999999999,4.299999999999999,True,-0.09000000000000341,-0.09000000000000341,False,-1.7999999999999972,1.7999999999999972,False,2.0999999999999943,2.0999999999999943,False,-0.0040000000000000036,0.0040000000000000036,True,0.0030000000000000027,-0.0030000000000000027
2004-05,Orlando Magic,San Antonio Spurs,False,-1.5,1.5,True,-7.030000000000001,-5.350000000000023,True,1.8999999999999915,-1.8999999999999915,False,0.8999999999999915,0.8999999999999915,True,0.018000000000000016,-0.010000000000000009,False,0.014000000000000012,0.0040000000000000036
2004-05,Philadelphia 76ers,San Antonio Spurs,False,-5.1,3.700000000000001,True,-2.6500000000000057,-2.6500000000000057,True,2.9000000000000057,-2.9000000000000057,False,4.0,4.0,True,0.01200000000000001,-0.01200000000000001,True,0.010000000000000009,-0.0020000000000000018
2004-05,Phoenix Suns,San Antonio Spurs,False,0.9000000000000021,0.9000000000000021,True,-0.4299999999999926,-0.4299999999999926,True,-2.5,-2.5,True,-1.0,-1.0,False,0.0030000000000000027,0.0030000000000000027,True,-0.0030000000000000027,-0.0030000000000000027
2004-05,Portland Trail Blazers,San Antonio Spurs,False,-1.5,1.5,True,-2.1700000000000017,-0.010000000000005116,False,-2.200000000000003,2.200000000000003,False,4.200000000000003,4.200000000000003,False,-0.010000000000000009,0.010000000000000009,False,-0.013000000000000012,0.013000000000000012
2004-05,Sacramento Kings,San Antonio Spurs,False,0.1999999999999993,0.1999999999999993,True,-1.259999999999991,-1.259999999999991,True,-3.5,-1.9000000000000057,True,-3.0,-3.0,True,-0.0040000000000000036,-0.0040000000000000036,False,0.0030000000000000027,0.0030000000000000027
2004-05,Seattle SuperSonics,San Antonio Spurs,True,-2.3000000000000007,-2.3000000000000007,False,3.8000000000000114,2.3600000000000136,True,-0.8999999999999915,-0.8999999999999915,False,4.700000000000003,4.700000000000003,False,0.009000000000000008,0.009000000000000008,False,0.0050000000000000044,0.0050000000000000044
2004-05,Toronto Raptors,San Antonio Spurs,True,-0.6999999999999993,-0.6999999999999993,True,-1.6800000000000068,-1.6800000000000068,False,2.5,1.1000000000000227,False,4.0,4.0,False,0.008000000000000007,0.008000000000000007,False,0.009000000000000008,0.009000000000000008
2004-05,Utah Jazz,San Antonio Spurs,True,2.0,-2.0,False,-0.6199999999999903,0.4999999999999858,False,-0.5,0.5,True,-2.200000000000003,-2.200000000000003,False,-0.0019999999999999463,0.0019999999999999463,False,-0.0030000000000000027,0.0030000000000000027
2004-05,Washington Wizards,San Antonio Spurs,True,-1.3000000000000007,-1.3000000000000007,True,-1.1199999999999903,-1.1199999999999903,False,2.299999999999997,0.9000000000000199,True,-0.10000000000000853,-0.10000000000000853,True,0.010000000000000009,-0.010000000000000009,True,0.015000000000000013,-0.007000000000000006
2005-06,Atlanta Hawks,Miami Heat,False,-1.4000000000000004,1.4000000000000004,False,-0.769999999999996,0.769999999999996,False,-2.799999999999997,2.799999999999997,True,-3.0999999999999943,-3.0999999999999943,False,-0.015000000000000013,0.015000000000000013,False,-0.01100000000000001,0.01100000000000001
2005-06,Boston Celtics,Miami Heat,False,-0.09999999999999964,0.09999999999999964,True,-0.35999999999999943,-0.35999999999999943,False,-1.7000000000000028,1.7000000000000028,False,0.20000000000000284,0.20000000000000284,False,-0.025000000000000022,0.025000000000000022,False,-0.02100000000000002,0.02100000000000002
2005-06,Charlotte Bobcats,Miami Heat,True,0.1999999999999993,-0.1999999999999993,True,-1.4599999999999937,-1.4599999999999937,True,1.2000000000000028,-1.2000000000000028,False,0.7000000000000028,0.7000000000000028,True,0.01599999999999996,-0.01599999999999996,True,0.015000000000000013,-0.015000000000000013
2005-06,Chicago Bulls,Miami Heat,False,-2.9000000000000004,2.100000000000003,False,0.8799999999999955,0.8799999999999955,True,0.7000000000000028,-0.7000000000000028,False,-3.9000000000000057,3.9000000000000057,True,0.006000000000000005,-0.006000000000000005,True,0.007000000000000006,-0.007000000000000006
2005-06,Cleveland Cavaliers,Miami Heat,False,-0.7999999999999972,0.20000000000000284,True,0.8200000000000074,-0.8200000000000074,False,-2.1999999999999886,2.1999999999999886,False,-3.8000000000000114,1.8000000000000114,False,-0.008000000000000007,0.008000000000000007,False,-0.016000000000000014,0.016000000000000014
2005-06,Dallas Mavericks,Miami Heat,True,3.5000000000000018,-3.5000000000000018,True,1.3800000000000097,-1.3800000000000097,True,-0.20000000000000284,-0.20000000000000284,False,-1.1000000000000085,1.1000000000000085,True,0.014000000000000012,-0.014000000000000012,True,0.009000000000000008,-0.0030000000000000027
2005-06,Denver Nuggets,Miami Heat,True,4.500000000000002,-4.500000000000002,False,3.299999999999997,3.299999999999997,True,2.299999999999997,-2.299999999999997,False,1.0,1.0,True,0.013000000000000012,-0.013000000000000012,True,0.013000000000000012,-0.013000000000000012
2005-06,Detroit Pistons,Miami Heat,False,-1.799999999999999,1.6000000000000032,True,0.5799999999999983,-0.5799999999999983,True,-1.8999999999999915,-1.7000000000000028,True,0.8999999999999915,-0.8999999999999915,False,-0.009000000000000008,0.009000000000000008,False,0.0,0.0
2005-06,Golden State Warriors,Miami Heat,False,1.6999999999999993,1.6999999999999993,False,5.539999999999992,5.539999999999992,True,2.700000000000003,-2.700000000000003,False,1.5999999999999943,1.5999999999999943,True,0.03300000000000003,-0.03300000000000003,True,0.027000000000000024,-0.027000000000000024
2005-06,Houston Rockets,Miami Heat,False,5.900000000000002,5.099999999999998,True,2.6300000000000097,-2.6300000000000097,True,4.299999999999997,-4.299999999999997,False,-2.3999999999999915,2.3999999999999915,True,0.028000000000000025,-0.028000000000000025,True,0.02100000000000002,-0.02100000000000002
2005-06,Indiana Pacers,Miami Heat,True,-1.8000000000000007,-0.399999999999995,True,2.5800000000000125,-0.8400000000000034,False,-1.1999999999999886,1.1999999999999886,True,3.4000000000000057,-1.4000000000000057,False,-0.013000000000000012,0.013000000000000012,False,-0.010000000000000009,0.010000000000000009
2005-06,Los Angeles Clippers,Miami Heat,True,0.6999999999999993,-0.6999999999999993,False,-1.0699999999999932,0.21000000000000796,False,0.0,0.0,True,2.0,-0.4000000000000057,False,-0.006000000000000005,0.006000000000000005,False,-0.0030000000000000027,0.0030000000000000027
2005-06,Los Angeles Lakers,Miami Heat,False,1.6999999999999993,1.6999999999999993,False,2.3599999999999994,1.6799999999999926,True,0.5,-0.5,False,3.299999999999997,3.299999999999997,True,0.016000000000000014,-0.016000000000000014,True,0.015000000000000013,-0.015000000000000013
2005-06,Memphis Grizzlies,Miami Heat,True,-2.599999999999998,-0.5999999999999979,True,7.3799999999999955,-2.960000000000008,True,1.2000000000000028,-1.2000000000000028,False,10.5,4.5,True,0.008000000000000007,-0.008000000000000007,True,0.018000000000000016,-0.018000000000000016
2005-06,Milwaukee Bucks,Miami Heat,True,1.6999999999999993,-0.9000000000000021,False,0.8799999999999955,0.6599999999999966,True,1.0999999999999943,-1.0999999999999943,False,4.3999999999999915,4.3999999999999915,True,0.01200000000000001,-0.01200000000000001,True,0.006000000000000005,-0.006000000000000005
2005-06,Minnesota Timberwolves,Miami Heat,True,1.8000000000000007,-1.8000000000000007,True,2.6099999999999994,-2.6099999999999994,True,0.9000000000000057,-0.9000000000000057,False,3.0,3.0,True,0.010000000000000009,-0.010000000000000009,True,0.013000000000000012,-0.013000000000000012
2005-06,New Jersey Nets,Miami Heat,False,2.799999999999997,2.799999999999997,True,1.519999999999996,-1.2600000000000051,True,1.7999999999999972,-1.7999999999999972,True,4.199999999999989,-0.8000000000000114,True,0.026000000000000023,-0.026000000000000023,True,0.018000000000000016,-0.018000000000000016
2005-06,New Orleans/Oklahoma City Hornets,Miami Heat,True,4.5,-4.5,True,0.8700000000000045,-0.8700000000000045,True,1.4000000000000057,-1.4000000000000057,False,0.30000000000001137,0.30000000000001137,True,0.014999999999999958,-0.014999999999999958,True,0.0050000000000000044,-0.0050000000000000044
2005-06,New York Knicks,Miami Heat,True,5.899999999999999,-5.899999999999999,False,-0.14000000000000057,0.14000000000000057,True,1.5999999999999943,-1.5999999999999943,True,-1.8999999999999915,-1.8999999999999915,True,0.013000000000000012,-0.013000000000000012,True,0.0050000000000000044,-0.0050000000000000044
2005-06,Orlando Magic,Miami Heat,True,2.0,-2.0,True,1.4200000000000017,-1.4200000000000017,False,-1.2000000000000028,1.2000000000000028,True,-3.299999999999997,-3.09999999999998,True,0.0040000000000000036,-0.0040000000000000036,True,0.0010000000000000009,-0.0010000000000000009
2005-06,Philadelphia 76ers,Miami Heat,False,-2.5999999999999996,2.5999999999999996,True,-2.069999999999993,-0.6299999999999955,False,-2.299999999999997,2.299999999999997,True,-0.9000000000000057,-0.9000000000000057,False,-0.007000000000000006,0.007000000000000006,False,-0.008000000000000007,0.008000000000000007
2005-06,Phoenix Suns,Miami Heat,True,-1.6000000000000014,-1.6000000000000014,True,-0.46999999999999886,-0.46999999999999886,False,2.700000000000003,2.700000000000003,False,0.7999999999999972,0.7999999999999972,False,0.014000000000000012,0.014000000000000012,False,0.02200000000000002,0.02200000000000002
2005-06,Portland Trail Blazers,Miami Heat,True,2.3000000000000007,-2.3000000000000007,True,0.480000000000004,-0.480000000000004,True,4.099999999999994,-4.099999999999994,True,-1.7000000000000028,-1.7000000000000028,True,0.009000000000000008,-0.009000000000000008,True,0.019000000000000017,-0.019000000000000017
2005-06,Sacramento Kings,Miami Heat,False,1.3000000000000007,0.49999999999999645,False,2.569999999999993,2.569999999999993,False,-0.20000000000000284,0.20000000000000284,False,3.200000000000003,3.200000000000003,False,-0.0010000000000000009,0.0010000000000000009,True,0.0010000000000000009,-0.0010000000000000009
2005-06,San Antonio Spurs,Miami Heat,False,2.3999999999999986,0.3999999999999986,True,0.8100000000000023,-0.8100000000000023,True,2.3999999999999915,-0.20000000000000284,True,0.7000000000000028,-0.7000000000000028,False,0.008000000000000007,0.0,True,0.015000000000000013,-0.0050000000000000044
2005-06,Seattle SuperSonics,Miami Heat,True,-2.1999999999999993,-2.1999999999999993,True,-0.12000000000000455,-0.12000000000000455,True,-3.5,-0.30000000000001137,True,-3.799999999999997,-3.799999999999997,False,-0.0050000000000000044,0.0050000000000000044,False,-0.007000000000000006,0.007000000000000006
2005-06,Toronto Raptors,Miami Heat,True,-1.9000000000000021,-1.9000000000000021,False,1.5300000000000011,1.0699999999999932,False,-2.200000000000003,1.3999999999999915,True,-6.799999999999997,-6.799999999999997,True,0.0040000000000000036,-0.0040000000000000036,True,0.0020000000000000018,-0.0020000000000000018
2005-06,Utah Jazz,Miami Heat,True,1.5999999999999996,-1.5999999999999996,True,3.4099999999999966,-2.9099999999999966,True,6.199999999999989,-4.0,False,0.5,0.5,True,0.034999999999999976,-0.034999999999999976,True,0.03200000000000003,-0.03200000000000003
2005-06,Washington Wizards,Miami Heat,False,2.6999999999999993,1.4999999999999964,False,1.6499999999999915,1.6499999999999915,False,1.0,1.0,False,3.299999999999997,3.299999999999997,True,0.007000000000000006,-0.007000000000000006,True,0.0040000000000000036,-0.0040000000000000036
2006-07,Atlanta Hawks,San Antonio Spurs,True,0.40000000000000036,-0.40000000000000036,False,1.3699999999999903,1.3699999999999903,True,3.5,-3.5,False,0.29999999999999716,0.29999999999999716,True,0.01200000000000001,-0.01200000000000001,True,0.01200000000000001,-0.01200000000000001
2006-07,Boston Celtics,San Antonio Spurs,True,3.5000000000000018,-3.299999999999999,True,-1.0300000000000011,-1.0300000000000011,True,6.5,-6.099999999999994,True,-7.700000000000003,-5.09999999999998,True,0.04300000000000004,-0.041000000000000036,True,0.038999999999999924,-0.02300000000000013
2006-07,Charlotte Bobcats,San Antonio Spurs,True,2.0000000000000018,-2.0000000000000018,True,-0.35999999999999943,-0.35999999999999943,True,1.2999999999999972,-1.2999999999999972,False,1.9000000000000057,1.9000000000000057,True,0.01200000000000001,-0.01200000000000001,True,0.008000000000000007,-0.008000000000000007
2006-07,Chicago Bulls,San Antonio Spurs,True,0.8000000000000007,-0.8000000000000007,True,-0.4299999999999926,-0.4299999999999926,False,-1.0999999999999943,1.0999999999999943,False,7.200000000000003,5.999999999999986,False,-0.02300000000000002,0.02300000000000002,False,-0.019000000000000017,0.019000000000000017
2006-07,Cleveland Cavaliers,San Antonio Spurs,True,1.6999999999999993,-1.6999999999999993,True,-0.5300000000000011,-0.5300000000000011,True,0.3999999999999915,-0.3999999999999915,False,4.800000000000011,4.800000000000011,False,-0.0040000000000000036,0.0040000000000000036,False,-0.0020000000000000018,0.0020000000000000018
2006-07,Dallas Mavericks,San Antonio Spurs,False,0.0,0.0,False,0.6999999999999886,0.6999999999999886,True,-0.20000000000000284,-0.20000000000000284,False,2.6000000000000085,2.6000000000000085,False,-0.007000000000000006,0.007000000000000006,False,-0.0050000000000000044,0.0050000000000000044
2006-07,Denver Nuggets,San Antonio Spurs,True,2.0,-0.7999999999999972,False,2.3799999999999955,2.3799999999999955,True,2.200000000000003,-1.59999999999998,False,0.4000000000000057,0.4000000000000057,True,0.009000000000000008,-0.009000000000000008,True,0.009000000000000008,-0.009000000000000008
2006-07,Detroit Pistons,San Antonio Spurs,True,0.29999999999999893,-0.29999999999999893,False,-0.01999999999999602,0.01999999999999602,False,2.3999999999999915,1.4210854715202004e-14,True,-1.0999999999999943,-1.0999999999999943,True,0.007000000000000006,-0.007000000000000006,True,0.0040000000000000036,-0.0040000000000000036
2006-07,Golden State Warriors,San Antonio Spurs,False,2.6000000000000014,2.6000000000000014,True,-0.010000000000005116,-0.010000000000005116,True,4.200000000000003,-0.5999999999999801,False,2.0,2.0,False,-0.0010000000000000009,0.0010000000000000009,False,0.0,0.0
2006-07,Houston Rockets,San Antonio Spurs,True,-2.3000000000000007,-2.3000000000000007,True,-0.28000000000000114,-0.28000000000000114,True,0.7000000000000028,-0.7000000000000028,False,0.7999999999999972,0.7999999999999972,False,-0.007000000000000006,0.007000000000000006,False,-0.01200000000000001,0.01200000000000001
2006-07,Indiana Pacers,San Antonio Spurs,False,7.700000000000003,3.5,False,5.209999999999994,5.209999999999994,True,3.1999999999999886,-3.1999999999999886,False,1.8999999999999915,1.8999999999999915,True,0.02400000000000002,-0.02400000000000002,True,0.017000000000000015,-0.017000000000000015
2006-07,Los Angeles Clippers,San Antonio Spurs,True,2.1999999999999993,-2.1999999999999993,False,1.4599999999999937,1.4599999999999937,False,-3.8999999999999915,3.8999999999999915,False,3.200000000000003,3.200000000000003,False,-0.01599999999999996,0.01599999999999996,False,-0.018000000000000016,0.018000000000000016
2006-07,Los Angeles Lakers,San Antonio Spurs,False,0.3999999999999986,0.3999999999999986,False,2.1200000000000045,2.1200000000000045,False,4.400000000000006,1.8000000000000114,True,-3.200000000000003,-3.200000000000003,True,0.014000000000000012,-0.006000000000000005,False,0.015999999999999903,0.0019999999999998908
2006-07,Memphis Grizzlies,San Antonio Spurs,False,5.099999999999998,0.3000000000000007,False,1.5600000000000023,1.5600000000000023,False,-1.7999999999999972,1.7999999999999972,True,-0.7000000000000028,-0.7000000000000028,False,-0.0040000000000000036,0.0040000000000000036,False,-0.016000000000000014,0.016000000000000014
2006-07,Miami Heat,San Antonio Spurs,False,-2.1000000000000014,2.1000000000000014,False,0.6299999999999955,0.6299999999999955,False,-4.0,4.0,False,4.200000000000003,4.200000000000003,False,-0.02400000000000002,0.02400000000000002,False,-0.019000000000000017,0.019000000000000017
2006-07,Milwaukee Bucks,San Antonio Spurs,False,-2.0,2.0,True,-0.7199999999999989,-0.7199999999999989,False,-2.0999999999999943,2.0999999999999943,False,0.7999999999999972,0.7999999999999972,False,-0.02200000000000002,0.02200000000000002,False,-0.019000000000000017,0.019000000000000017
2006-07,Minnesota Timberwolves,San Antonio Spurs,True,2.0999999999999996,-2.0999999999999996,False,0.6500000000000057,0.6500000000000057,True,0.29999999999999716,-0.29999999999999716,False,3.5,3.5,False,-0.006000000000000005,0.006000000000000005,False,-0.019000000000000017,0.019000000000000017
2006-07,New Jersey Nets,San Antonio Spurs,False,-3.0,0.20000000000000284,False,0.269999999999996,0.269999999999996,False,-1.9000000000000057,1.9000000000000057,False,2.6000000000000085,2.6000000000000085,False,-0.02300000000000002,0.02300000000000002,False,-0.018000000000000016,0.018000000000000016
2006-07,New York Knicks,San Antonio Spurs,True,1.0,-1.0,False,0.8700000000000045,0.8700000000000045,False,-0.7999999999999972,0.7999999999999972,False,3.0,3.0,False,-0.019000000000000017,0.019000000000000017,False,-0.02100000000000002,0.02100000000000002
2006-07,Orlando Magic,San Antonio Spurs,True,13.600000000000001,-1.0,False,3.4799999999999898,3.4799999999999898,True,6.300000000000011,-2.6999999999999886,False,1.6000000000000085,1.6000000000000085,True,0.03700000000000003,-0.0050000000000000044,True,0.030999999999999917,-0.0030000000000001137
2006-07,Philadelphia 76ers,San Antonio Spurs,True,1.5999999999999996,-1.5999999999999996,True,-0.28000000000000114,-0.28000000000000114,True,2.6999999999999886,-2.6999999999999886,True,-0.8999999999999915,-0.8999999999999915,True,0.0020000000000000018,-0.0020000000000000018,False,-0.008000000000000007,0.008000000000000007
2006-07,Phoenix Suns,San Antonio Spurs,True,-2.5,-2.5,False,1.269999999999996,1.269999999999996,True,-0.9000000000000057,-0.9000000000000057,False,1.5,1.5,False,0.0,0.0,False,0.0,0.0
2006-07,Portland Trail Blazers,San Antonio Spurs,True,2.3999999999999986,-2.3999999999999986,False,-0.2600000000000051,0.2600000000000051,True,2.1000000000000085,-2.1000000000000085,True,-1.7999999999999972,-1.7999999999999972,True,0.006000000000000005,-0.006000000000000005,True,0.0020000000000000018,-0.0020000000000000018
2006-07,Sacramento Kings,San Antonio Spurs,False,-1.8000000000000007,1.8000000000000007,True,-0.01999999999999602,-0.01999999999999602,True,1.1000000000000085,-1.1000000000000085,False,1.8999999999999915,1.8999999999999915,True,0.01200000000000001,-0.01200000000000001,True,0.01100000000000001,-0.01100000000000001
2006-07,Seattle SuperSonics,San Antonio Spurs,False,-6.199999999999999,6.199999999999999,False,4.3999999999999915,4.3999999999999915,False,-6.300000000000011,6.300000000000011,True,-0.6000000000000085,-0.6000000000000085,False,-0.03199999999999997,0.03199999999999997,False,-0.03500000000000003,0.03500000000000003
2006-07,Toronto Raptors,San Antonio Spurs,False,-0.09999999999999787,0.09999999999999787,True,-2.510000000000005,-2.510000000000005,True,3.200000000000003,-2.59999999999998,False,1.1999999999999886,1.1999999999999886,True,0.007000000000000006,-0.007000000000000006,True,0.0010000000000000009,-0.0010000000000000009
2006-07,Utah Jazz,San Antonio Spurs,True,0.5,-0.5,False,1.8299999999999983,1.8299999999999983,False,3.5,3.5,True,-0.6999999999999886,-0.6999999999999886,True,0.026000000000000023,-0.01200000000000001,False,0.02199999999999991,0.0019999999999998908
2006-07,Washington Wizards,San Antonio Spurs,False,0.0,0.0,True,-4.480000000000004,-4.480000000000004,False,-1.1000000000000085,0.8999999999999915,True,-1.1999999999999886,-1.1999999999999886,False,-0.0020000000000000018,0.0020000000000000018,False,-0.007000000000000006,0.007000000000000006
2007-08,Atlanta Hawks,Boston Celtics,True,6.799999999999999,-5.200000000000005,False,-1.9099999999999966,0.9699999999999989,True,2.799999999999997,-2.799999999999997,True,-0.5999999999999943,-0.5999999999999943,True,0.02100000000000002,-0.02100000000000002,True,0.01100000000000001,-0.01100000000000001
2007-08,Charlotte Bobcats,Boston Celtics,False,-1.3000000000000007,1.3000000000000007,False,-3.569999999999993,1.829999999999984,False,0.0,0.0,True,-3.200000000000003,-3.200000000000003,True,0.0020000000000000018,-0.0020000000000000018,True,0.0040000000000000036,-0.0040000000000000036
2007-08,Chicago Bulls,Boston Celtics,False,-0.09999999999999964,0.09999999999999964,False,0.05999999999998806,0.05999999999998806,True,4.299999999999997,-4.299999999999997,False,1.5,1.5,True,0.02300000000000002,-0.02300000000000002,True,0.026000000000000023,-0.026000000000000023
2007-08,Cleveland Cavaliers,Boston Celtics,False,1.5999999999999979,0.9999999999999964,False,-1.4500000000000028,1.4500000000000028,True,6.400000000000006,-1.5999999999999943,True,-3.8000000000000114,-3.8000000000000114,True,0.039000000000000035,-0.039000000000000035,True,0.040000000000000036,-0.040000000000000036
2007-08,Dallas Mavericks,Boston Celtics,True,2.799999999999997,-1.2000000000000028,False,1.3000000000000114,0.30000000000001137,True,-0.5,-0.5,False,2.299999999999997,2.299999999999997,True,0.0020000000000000018,-0.0020000000000000018,False,-0.0040000000000000036,0.0040000000000000036
2007-08,Denver Nuggets,Boston Celtics,False,-1.6000000000000014,0.6000000000000014,True,-5.189999999999998,-5.189999999999998,False,0.09999999999999432,0.09999999999999432,False,0.09999999999999432,0.09999999999999432,True,0.0020000000000000018,-0.0020000000000000018,True,0.005999999999999894,-0.005999999999999894
2007-08,Detroit Pistons,Boston Celtics,False,-3.0,3.0,False,-0.5200000000000102,0.5200000000000102,False,-4.0,2.0,False,4.900000000000006,4.900000000000006,False,-0.01200000000000001,0.01200000000000001,False,-0.015000000000000013,0.015000000000000013
2007-08,Golden State Warriors,Boston Celtics,True,-8.600000000000001,-6.399999999999999,True,-0.39000000000000057,-0.39000000000000057,True,-2.4000000000000057,-0.8000000000000114,False,3.200000000000003,3.200000000000003,False,-0.014000000000000012,0.014000000000000012,True,0.0010000000000000009,-0.0010000000000000009
2007-08,Houston Rockets,Boston Celtics,True,-0.6000000000000014,-0.6000000000000014,False,-0.18999999999999773,0.18999999999999773,True,1.6999999999999886,-1.6999999999999886,False,2.4000000000000057,2.4000000000000057,True,0.009000000000000008,-0.009000000000000008,True,0.020000000000000018,-0.020000000000000018
2007-08,Indiana Pacers,Boston Celtics,True,-3.6000000000000014,-3.6000000000000014,True,-1.2999999999999972,-1.2999999999999972,True,2.1000000000000085,-2.1000000000000085,False,1.9000000000000057,1.9000000000000057,True,0.0030000000000000027,-0.0030000000000000027,True,0.0050000000000000044,-0.0050000000000000044
2007-08,Los Angeles Clippers,Boston Celtics,True,5.300000000000001,-5.300000000000001,True,-0.0799999999999983,-0.0799999999999983,True,1.0999999999999943,-1.0999999999999943,False,2.6999999999999886,2.6999999999999886,True,0.01599999999999996,-0.01599999999999996,True,0.0010000000000000009,-0.0010000000000000009
2007-08,Los Angeles Lakers,Boston Celtics,True,-2.8999999999999986,-1.6999999999999957,True,-1.210000000000008,-1.210000000000008,True,-0.29999999999999716,-0.29999999999999716,True,-0.7999999999999972,-0.7999999999999972,False,-0.01200000000000001,0.006000000000000005,False,-0.014999999999999902,0.0129999999999999
2007-08,Memphis Grizzlies,Boston Celtics,False,-8.2,3.0000000000000036,True,-5.109999999999999,-3.7900000000000063,False,-1.6000000000000085,1.6000000000000085,True,-2.0,-2.0,False,-0.014000000000000012,0.014000000000000012,False,-0.006000000000000005,0.006000000000000005
2007-08,Miami Heat,Boston Celtics,True,3.1999999999999993,-1.600000000000005,False,-0.4399999999999977,0.4399999999999977,True,7.3999999999999915,-7.3999999999999915,True,-2.299999999999997,-2.299999999999997,True,0.018000000000000016,-0.018000000000000016,True,0.018000000000000016,-0.018000000000000016
2007-08,Milwaukee Bucks,Boston Celtics,True,1.1999999999999993,-1.1999999999999993,False,1.2800000000000011,1.2800000000000011,True,1.2999999999999972,-1.2999999999999972,True,-4.799999999999997,-4.799999999999997,True,0.0010000000000000009,-0.0010000000000000009,True,0.009000000000000008,-0.009000000000000008
2007-08,Minnesota Timberwolves,Boston Celtics,True,3.4000000000000004,-3.4000000000000004,True,-0.0799999999999983,-0.0799999999999983,True,2.200000000000003,-2.200000000000003,True,-0.09999999999999432,-0.09999999999999432,False,-0.0030000000000000027,0.0030000000000000027,True,0.008000000000000007,-0.008000000000000007
2007-08,New Jersey Nets,Boston Celtics,False,3.8000000000000007,0.399999999999995,True,-1.8399999999999892,-0.3200000000000074,True,4.5,-4.5,False,1.7999999999999972,1.7999999999999972,True,0.016000000000000014,-0.016000000000000014,True,0.015000000000000013,-0.015000000000000013
2007-08,New Orleans Hornets,Boston Celtics,True,-1.1999999999999993,-0.1999999999999993,False,-2.3000000000000114,2.3000000000000114,False,-2.4000000000000057,0.0,False,1.3999999999999915,1.3999999999999915,False,-0.01100000000000001,0.01100000000000001,False,0.0,0.0
2007-08,New York Knicks,Boston Celtics,False,10.2,7.399999999999995,False,5.059999999999988,5.059999999999988,True,3.5,-3.5,True,-1.0,-1.0,True,0.028000000000000025,-0.028000000000000025,True,0.026000000000000023,-0.026000000000000023
2007-08,Orlando Magic,Boston Celtics,False,0.8999999999999986,0.8999999999999986,True,-1.0300000000000011,-1.0300000000000011,True,-2.1000000000000085,-1.1000000000000085,True,-3.6000000000000085,-3.6000000000000085,True,-0.017000000000000015,-0.013000000000000012,False,-0.015999999999999903,0.0039999999999998925
2007-08,Philadelphia 76ers,Boston Celtics,True,1.5,-1.5,False,-0.2600000000000051,0.2600000000000051,True,1.2000000000000028,-1.2000000000000028,False,1.3999999999999915,1.3999999999999915,True,0.0030000000000000027,-0.0030000000000000027,True,0.010000000000000009,-0.010000000000000009
2007-08,Phoenix Suns,Boston Celtics,True,-3.8999999999999986,-0.8999999999999986,True,-0.730000000000004,-0.730000000000004,False,0.4000000000000057,0.4000000000000057,False,3.4000000000000057,3.4000000000000057,True,-0.006000000000000005,-0.006000000000000005,True,-0.006000000000000005,-0.006000000000000005
2007-08,Portland Trail Blazers,Boston Celtics,True,1.6000000000000014,-1.6000000000000014,False,-1.0799999999999983,1.0799999999999983,False,6.199999999999989,0.4000000000000057,True,-0.7000000000000028,-0.7000000000000028,True,0.02200000000000002,-0.02200000000000002,True,0.02100000000000002,-0.02100000000000002
2007-08,Sacramento Kings,Boston Celtics,True,2.6999999999999993,-2.100000000000005,True,-0.519999999999996,-0.519999999999996,False,-1.7999999999999972,1.7999999999999972,False,4.800000000000011,4.800000000000011,False,-0.01200000000000001,0.01200000000000001,False,-0.014000000000000012,0.014000000000000012
2007-08,San Antonio Spurs,Boston Celtics,False,0.1999999999999993,0.1999999999999993,False,-0.5300000000000011,0.5300000000000011,True,1.5999999999999943,-1.5999999999999943,False,2.700000000000003,2.700000000000003,True,0.009000000000000008,-0.009000000000000008,True,0.0050000000000000044,-0.0050000000000000044
2007-08,Toronto Raptors,Boston Celtics,False,-2.1000000000000014,2.1000000000000014,False,1.9100000000000108,0.8500000000000085,False,-3.4000000000000057,3.1999999999999886,False,3.0,3.0,False,-0.017000000000000015,0.017000000000000015,False,-0.009000000000000008,0.009000000000000008
2007-08,Utah Jazz,Boston Celtics,True,0.29999999999999893,-0.29999999999999893,True,-0.1700000000000017,-0.1700000000000017,True,-3.5999999999999943,-3.0,False,0.8999999999999915,0.8999999999999915,False,-0.02400000000000002,0.01200000000000001,False,-0.018999999999999906,0.010999999999999899
2007-08,Washington Wizards,Boston Celtics,False,-5.1,3.900000000000004,True,1.4100000000000108,-0.6499999999999915,False,-3.5999999999999943,3.5999999999999943,False,4.199999999999989,4.199999999999989,False,-0.009000000000000008,0.009000000000000008,False,-0.01100000000000001,0.01100000000000001
2008-09,Atlanta Hawks,Los Angeles Lakers,True,-2.1999999999999993,-0.5999999999999979,True,0.3299999999999983,-0.3299999999999983,True,2.700000000000003,-2.700000000000003,True,-0.7000000000000028,-0.7000000000000028,True,0.0020000000000000018,-0.0020000000000000018,False,-0.0010000000000000009,0.0010000000000000009
2008-09,Boston Celtics,Los Angeles Lakers,True,1.0,-1.0,True,1.0699999999999932,-1.0699999999999932,False,-2.5999999999999943,2.5999999999999943,True,1.6000000000000085,-1.6000000000000085,True,-0.006000000000000005,-0.006000000000000005,True,-0.007000000000000006,-0.007000000000000006
2008-09,Charlotte Bobcats,Los Angeles Lakers,False,-0.10000000000000142,0.10000000000000142,True,1.7299999999999898,-1.7299999999999898,True,0.20000000000000284,-0.20000000000000284,False,-3.0,0.0,False,-0.0040000000000000036,0.0040000000000000036,True,0.0020000000000000018,-0.0020000000000000018
2008-09,Chicago Bulls,Los Angeles Lakers,False,-2.8000000000000007,2.8000000000000007,False,-0.0799999999999983,0.0799999999999983,False,-4.6000000000000085,4.6000000000000085,True,-3.299999999999997,-3.299999999999997,False,-0.016000000000000014,0.016000000000000014,False,-0.02100000000000002,0.02100000000000002
2008-09,Cleveland Cavaliers,Los Angeles Lakers,True,-1.0999999999999979,-1.0999999999999979,True,2.1599999999999966,-2.1599999999999966,False,-0.6000000000000085,0.6000000000000085,True,2.200000000000003,-1.6000000000000085,False,0.013000000000000012,0.013000000000000012,False,0.009999999999999898,0.009999999999999898
2008-09,Dallas Mavericks,Los Angeles Lakers,True,-1.5999999999999979,-1.1999999999999993,True,0.9199999999999875,-0.9199999999999875,False,-1.2000000000000028,1.2000000000000028,True,-2.0,-2.0,True,0.0020000000000000018,-0.0020000000000000018,True,0.0020000000000000018,-0.0020000000000000018
2008-09,Denver Nuggets,Los Angeles Lakers,True,0.5,-0.5,False,0.21999999999999886,0.020000000000010232,True,1.7999999999999972,-1.7999999999999972,False,0.9000000000000057,0.9000000000000057,False,-0.0030000000000000027,0.0030000000000000027,True,-0.0019999999999998908,-0.0019999999999998908
2008-09,Detroit Pistons,Los Angeles Lakers,True,1.3000000000000007,-1.3000000000000007,True,1.4399999999999977,-1.4399999999999977,False,-1.2999999999999972,1.2999999999999972,False,3.8999999999999915,3.8999999999999915,False,-0.009000000000000008,0.009000000000000008,False,-0.009000000000000008,0.009000000000000008
2008-09,Golden State Warriors,Los Angeles Lakers,False,2.6000000000000014,1.6000000000000014,False,1.9500000000000028,1.9500000000000028,False,-1.0,1.0,True,-1.4000000000000057,-1.4000000000000057,True,0.017000000000000015,-0.015000000000000013,True,0.008000000000000007,-0.0040000000000000036
2008-09,Houston Rockets,Los Angeles Lakers,False,2.1999999999999993,2.1999999999999993,True,3.6799999999999926,-3.6799999999999926,False,-0.29999999999999716,0.29999999999999716,False,3.8999999999999915,2.700000000000003,False,-0.007000000000000006,0.007000000000000006,False,-0.01100000000000001,0.01100000000000001
2008-09,Indiana Pacers,Los Angeles Lakers,False,2.1000000000000014,2.1000000000000014,False,0.4299999999999926,0.4299999999999926,False,-4.200000000000003,4.200000000000003,True,-2.200000000000003,-2.200000000000003,False,-0.010000000000000009,0.010000000000000009,False,-0.009000000000000008,0.009000000000000008
2008-09,Los Angeles Clippers,Los Angeles Lakers,False,-0.6999999999999993,0.6999999999999993,True,0.14000000000000057,-0.14000000000000057,True,1.2999999999999972,-1.2999999999999972,True,-1.0,-1.0,True,0.010000000000000009,-0.010000000000000009,True,0.009000000000000008,-0.009000000000000008
2008-09,Memphis Grizzlies,Los Angeles Lakers,False,-1.0999999999999996,1.0999999999999996,True,3.0700000000000074,-3.0700000000000074,True,5.200000000000003,-5.200000000000003,False,0.7999999999999972,0.7999999999999972,True,0.008000000000000007,-0.008000000000000007,True,0.0030000000000000027,-0.0030000000000000027
2008-09,Miami Heat,Los Angeles Lakers,True,-2.5,-0.29999999999999716,False,-0.5,0.5,False,-1.0999999999999943,1.0999999999999943,True,-3.0999999999999943,-2.9000000000000057,False,-0.0040000000000000036,0.0040000000000000036,False,-0.0030000000000000027,0.0030000000000000027
2008-09,Milwaukee Bucks,Los Angeles Lakers,False,4.900000000000002,2.3000000000000007,False,-1.2900000000000063,1.2900000000000063,False,-1.2000000000000028,1.2000000000000028,True,-4.3999999999999915,-1.2000000000000028,False,-0.0010000000000000009,0.0010000000000000009,False,-0.013000000000000012,0.013000000000000012
2008-09,Minnesota Timberwolves,Los Angeles Lakers,False,-4.4,3.799999999999999,True,4.359999999999999,-1.09999999999998,False,-4.300000000000011,4.300000000000011,False,0.5,0.5,False,-0.0030000000000000027,0.0030000000000000027,False,-0.008000000000000007,0.008000000000000007
2008-09,New Jersey Nets,Los Angeles Lakers,False,-6.699999999999999,1.3000000000000007,True,1.5300000000000011,-1.5300000000000011,False,-7.5,7.5,True,-0.5999999999999943,-0.5999999999999943,False,-0.03899999999999998,0.03899999999999998,False,-0.03400000000000003,0.03400000000000003
2008-09,New Orleans Hornets,Los Angeles Lakers,False,0.5999999999999979,0.5999999999999979,True,4.790000000000006,-4.790000000000006,False,-1.0999999999999943,1.0999999999999943,False,3.1000000000000085,3.1000000000000085,True,0.0050000000000000044,-0.0050000000000000044,False,-0.0050000000000000044,0.0050000000000000044
2008-09,New York Knicks,Los Angeles Lakers,True,-1.6999999999999993,-1.6999999999999993,True,-2.789999999999992,-1.8700000000000045,False,-0.5999999999999943,0.5999999999999943,False,0.8999999999999915,0.8999999999999915,True,0.006000000000000005,-0.006000000000000005,True,0.0030000000000000027,-0.0030000000000000027
2008-09,Oklahoma City Thunder,Los Angeles Lakers,True,3.4000000000000004,-3.4000000000000004,False,-0.9699999999999989,0.9699999999999989,True,5.599999999999994,-5.599999999999994,True,-4.099999999999994,-4.099999999999994,True,0.02300000000000002,-0.02300000000000002,True,0.026000000000000023,-0.026000000000000023
2008-09,Orlando Magic,Los Angeles Lakers,False,1.1000000000000014,1.1000000000000014,False,-0.44999999999998863,0.44999999999998863,True,2.4000000000000057,-2.4000000000000057,True,1.5,-1.5,False,0.016000000000000014,0.016000000000000014,False,0.013999999999999901,0.013999999999999901
2008-09,Philadelphia 76ers,Los Angeles Lakers,True,3.700000000000001,-3.700000000000001,True,1.4200000000000017,-1.4200000000000017,False,-1.5,1.5,False,2.8000000000000114,2.8000000000000114,True,0.01100000000000001,-0.01100000000000001,True,0.0020000000000000018,-0.0020000000000000018
2008-09,Phoenix Suns,Los Angeles Lakers,False,4.0,2.200000000000003,True,-0.5599999999999881,-0.5599999999999881,False,1.5,1.5,True,-1.3000000000000114,-1.3000000000000114,False,0.0010000000000000009,0.0010000000000000009,False,0.0010000000000000009,0.0010000000000000009
2008-09,Portland Trail Blazers,Los Angeles Lakers,False,-2.1000000000000014,1.1000000000000014,True,0.6200000000000045,-0.6200000000000045,False,-2.5,1.1000000000000227,False,0.0,0.0,False,-0.01200000000000001,0.01200000000000001,False,-0.006000000000000005,0.006000000000000005
2008-09,Sacramento Kings,Los Angeles Lakers,False,-2.5,0.7000000000000028,False,-0.5100000000000051,0.5100000000000051,False,0.0,0.0,True,-4.300000000000011,-4.300000000000011,False,0.0,0.0,False,-0.014000000000000012,0.014000000000000012
2008-09,San Antonio Spurs,Los Angeles Lakers,True,-0.9000000000000021,-0.9000000000000021,True,3.0700000000000074,-3.0700000000000074,True,1.7000000000000028,-1.7000000000000028,False,0.5,0.30000000000001137,False,0.0020000000000000018,0.0020000000000000018,True,0.0040000000000000036,-0.0040000000000000036
2008-09,Toronto Raptors,Los Angeles Lakers,True,1.3000000000000007,-1.3000000000000007,True,0.6799999999999926,-0.6799999999999926,True,4.700000000000003,-4.700000000000003,False,3.6000000000000085,3.6000000000000085,True,0.027000000000000024,-0.01100000000000001,True,0.02199999999999991,-0.004000000000000115
2008-09,Utah Jazz,Los Angeles Lakers,True,1.0,-1.0,True,0.21000000000000796,-0.21000000000000796,True,1.2000000000000028,-1.2000000000000028,True,-1.7999999999999972,-1.7999999999999972,False,0.020000000000000018,0.0020000000000000018,False,0.010999999999999899,0.008999999999999897
2008-09,Washington Wizards,Los Angeles Lakers,True,0.3000000000000007,-0.3000000000000007,True,0.3399999999999892,-0.3399999999999892,False,-0.9000000000000057,0.9000000000000057,True,-3.799999999999997,-3.799999999999997,True,0.0010000000000000009,-0.0010000000000000009,False,0.0,0.0
2009-10,Atlanta Hawks,Los Angeles Lakers,True,2.5,-0.10000000000000142,True,0.10999999999999943,-0.10999999999999943,True,-6.799999999999997,-1.4210854715202004e-14,True,-5.599999999999994,-1.0,True,-0.006000000000000005,-0.006000000000000005,True,-0.010000000000000009,-0.0040000000000000036
2009-10,Boston Celtics,Los Angeles Lakers,False,-2.5,2.5,False,-1.1099999999999994,1.1099999999999994,False,-6.800000000000011,6.800000000000011,False,-5.700000000000003,4.700000000000003,True,-0.026000000000000023,-0.026000000000000023,True,-0.028999999999999915,-0.02299999999999991
2009-10,Charlotte Bobcats,Los Angeles Lakers,False,-2.6999999999999993,2.6999999999999993,True,0.9500000000000028,-0.9500000000000028,False,-9.5,9.5,False,7.400000000000006,6.0,False,-0.05099999999999999,0.05099999999999999,False,-0.05500000000000005,0.05500000000000005
2009-10,Chicago Bulls,Los Angeles Lakers,True,3.8999999999999986,-3.8999999999999986,False,-4.039999999999992,3.460000000000008,True,3.700000000000003,-3.700000000000003,False,-6.700000000000003,3.700000000000003,True,0.013000000000000012,-0.013000000000000012,True,0.0030000000000000027,-0.0030000000000000027
2009-10,Cleveland Cavaliers,Los Angeles Lakers,False,0.0,0.0,True,0.5700000000000074,-0.5700000000000074,False,-10.599999999999994,4.599999999999994,False,3.799999999999997,3.799999999999997,True,-0.069,-0.003000000000000058,False,-0.06499999999999995,0.001000000000000112
2009-10,Dallas Mavericks,Los Angeles Lakers,False,3.8999999999999986,2.5,False,-0.9899999999999949,0.9899999999999949,False,-5.700000000000003,5.299999999999997,True,-4.099999999999994,-0.5,True,-0.017000000000000015,-0.0030000000000000027,True,-0.025000000000000022,-0.0030000000000000027
2009-10,Denver Nuggets,Los Angeles Lakers,False,1.3999999999999986,0.3999999999999986,True,-0.5799999999999983,-0.5799999999999983,True,-2.5,-2.5,True,-1.4000000000000057,-1.4000000000000057,False,0.007000000000000006,0.007000000000000006,True,-0.0050000000000000044,-0.0050000000000000044
2009-10,Detroit Pistons,Los Angeles Lakers,False,-0.5999999999999996,0.5999999999999996,True,0.8500000000000085,-0.8500000000000085,False,-4.5,4.5,True,-5.299999999999997,-5.299999999999997,False,-0.00599999999999995,0.00599999999999995,False,-0.0050000000000000044,0.0050000000000000044
2009-10,Golden State Warriors,Los Angeles Lakers,True,-0.10000000000000142,-0.10000000000000142,True,-7.739999999999995,-7.739999999999995,False,-3.0999999999999943,3.0999999999999943,True,-3.0,-3.0,True,-0.009000000000000008,-0.009000000000000008,True,-0.018000000000000016,-0.018000000000000016
2009-10,Houston Rockets,Los Angeles Lakers,True,-2.1999999999999993,-2.1999999999999993,True,-2.0900000000000034,-0.2699999999999818,False,-2.5999999999999943,2.5999999999999943,True,-2.799999999999997,-2.799999999999997,False,-0.0020000000000000018,0.0020000000000000018,False,-0.008000000000000007,0.008000000000000007
2009-10,Indiana Pacers,Los Angeles Lakers,True,-7.0,-1.2000000000000028,True,-6.089999999999989,-1.9899999999999949,True,2.5,-2.5,True,-3.9000000000000057,-2.6999999999999886,False,-0.017000000000000015,0.017000000000000015,False,-0.010000000000000009,0.010000000000000009
2009-10,Los Angeles Clippers,Los Angeles Lakers,False,4.0,1.6000000000000014,False,-3.4599999999999937,3.4599999999999937,True,5.200000000000003,-5.200000000000003,True,-4.299999999999997,-4.299999999999997,False,0.01100000000000001,0.0010000000000000009,True,0.0040000000000000036,-0.0040000000000000036
2009-10,Memphis Grizzlies,Los Angeles Lakers,True,0.5,-0.5,False,-2.470000000000013,1.3500000000000085,False,-4.700000000000003,4.700000000000003,True,-8.400000000000006,-4.199999999999989,False,-0.02100000000000002,0.02100000000000002,False,-0.02100000000000002,0.02100000000000002
2009-10,Miami Heat,Los Angeles Lakers,False,-1.799999999999999,1.799999999999999,True,1.769999999999996,-1.769999999999996,False,-0.10000000000000853,0.10000000000000853,False,-4.200000000000003,2.799999999999997,False,0.009000000000000008,0.009000000000000008,False,0.01200000000000001,0.010000000000000009
2009-10,Milwaukee Bucks,Los Angeles Lakers,True,-2.900000000000002,-2.900000000000002,True,2.0800000000000125,-0.18000000000000682,True,0.5,-0.5,False,2.1999999999999886,0.5999999999999943,False,-0.0010000000000000009,0.0010000000000000009,True,0.0030000000000000027,-0.0030000000000000027
2009-10,Minnesota Timberwolves,Los Angeles Lakers,True,7.200000000000001,-1.9999999999999982,True,-2.680000000000007,-2.680000000000007,True,2.5,-2.5,True,-5.1000000000000085,-5.1000000000000085,False,-0.0010000000000000009,0.0010000000000000009,True,0.006000000000000005,-0.006000000000000005
2009-10,New Jersey Nets,Los Angeles Lakers,True,7.899999999999999,-1.1000000000000014,False,-1.3900000000000006,1.3900000000000006,True,2.5,-2.5,True,-0.8000000000000114,-0.8000000000000114,True,0.014999999999999958,-0.014999999999999958,True,0.007000000000000006,-0.007000000000000006
2009-10,New Orleans Hornets,Los Angeles Lakers,False,-7.399999999999999,7.0,False,-4.260000000000005,4.260000000000005,False,-6.599999999999994,6.599999999999994,True,-5.0,-5.0,False,-0.030000000000000027,0.010000000000000009,False,-0.026000000000000023,0.016000000000000014
2009-10,New York Knicks,Los Angeles Lakers,True,-2.8999999999999986,-2.8999999999999986,True,-1.1200000000000045,-1.1200000000000045,False,-2.9000000000000057,2.9000000000000057,True,-10.099999999999994,-5.099999999999994,True,-0.017000000000000015,-0.009000000000000008,True,-0.014000000000000012,-0.0040000000000000036
2009-10,Oklahoma City Thunder,Los Angeles Lakers,True,5.0,-3.0,True,-0.01999999999999602,-0.01999999999999602,False,1.4000000000000057,0.20000000000001705,True,-1.4000000000000057,-0.19999999999998863,False,0.02200000000000002,0.018000000000000016,False,0.019999999999999907,0.019999999999999907
2009-10,Orlando Magic,Los Angeles Lakers,True,-0.3000000000000007,-0.3000000000000007,False,-2.7900000000000063,2.7900000000000063,False,-6.700000000000003,0.4999999999999858,False,0.6000000000000085,0.6000000000000085,True,-0.030000000000000027,-0.030000000000000027,True,-0.039999999999999925,-0.029999999999999916
2009-10,Philadelphia 76ers,Los Angeles Lakers,False,-2.200000000000001,2.200000000000001,False,-2.039999999999992,2.039999999999992,False,-2.0999999999999943,2.0999999999999943,True,-10.700000000000003,-1.7000000000000028,False,-0.016000000000000014,0.016000000000000014,False,-0.02300000000000002,0.02300000000000002
2009-10,Phoenix Suns,Los Angeles Lakers,True,-2.0,-2.0,True,-2.8200000000000074,-2.5799999999999983,True,-8.700000000000003,-3.90000000000002,True,-3.8999999999999915,-3.8999999999999915,True,-0.04700000000000004,-0.04700000000000004,True,-0.04899999999999993,-0.04499999999999993
2009-10,Portland Trail Blazers,Los Angeles Lakers,True,4.0,-0.20000000000000284,True,3.5999999999999943,-3.5999999999999943,False,-5.199999999999989,1.1999999999999886,True,-0.7999999999999972,-0.7999999999999972,False,-0.01100000000000001,0.0050000000000000044,True,-0.016000000000000014,-0.0020000000000000018
2009-10,Sacramento Kings,Los Angeles Lakers,True,2.8000000000000007,-1.4000000000000021,False,0.7800000000000011,0.7800000000000011,False,-1.5,1.5,True,-0.3999999999999915,-0.3999999999999915,False,-0.019000000000000017,0.019000000000000017,False,-0.018000000000000016,0.018000000000000016
2009-10,San Antonio Spurs,Los Angeles Lakers,False,2.400000000000002,2.1999999999999993,True,1.4099999999999966,-1.4099999999999966,False,0.7000000000000028,0.7000000000000028,True,-1.6000000000000085,-0.7999999999999972,False,0.013000000000000012,0.013000000000000012,False,0.010000000000000009,0.010000000000000009
2009-10,Toronto Raptors,Los Angeles Lakers,False,-0.6999999999999993,0.6999999999999993,False,-3.75,3.3300000000000125,False,-10.600000000000009,5.3999999999999915,True,-8.600000000000009,-8.600000000000009,True,-0.04600000000000004,-0.0040000000000000036,True,-0.04599999999999993,-0.005999999999999894
2009-10,Utah Jazz,Los Angeles Lakers,False,-1.8999999999999986,1.8999999999999986,False,-2.1500000000000057,0.25,True,-4.200000000000003,-1.4210854715202004e-14,False,0.9000000000000057,0.9000000000000057,True,-0.04300000000000004,-0.013000000000000012,True,-0.039999999999999925,-0.013999999999999901
2009-10,Washington Wizards,Los Angeles Lakers,True,1.4000000000000004,-1.4000000000000004,True,0.9900000000000091,-0.9900000000000091,False,-3.0999999999999943,3.0999999999999943,True,-3.3999999999999915,-3.3999999999999915,False,-0.009000000000000008,0.009000000000000008,False,-0.016000000000000014,0.016000000000000014
2011-12,Atlanta Hawks,Miami Heat,False,3.0,3.0,False,2.680000000000007,0.30000000000001137,False,-0.5,0.5,False,3.0,3.0,False,0.017000000000000015,0.007000000000000006,True,0.01100000000000001,-0.01100000000000001
2011-12,Boston Celtics,Miami Heat,False,2.1999999999999993,1.0,True,1.3499999999999943,-0.5699999999999932,True,2.1000000000000085,-2.1000000000000085,False,5.099999999999994,1.6999999999999886,True,0.007000000000000006,-0.007000000000000006,True,0.007000000000000006,-0.007000000000000006
2011-12,Charlotte Bobcats,Miami Heat,True,3.6000000000000014,-0.5999999999999979,False,0.6299999999999955,0.21000000000000796,True,6.0,-6.0,False,0.8999999999999915,0.8999999999999915,True,0.02100000000000002,-0.02100000000000002,True,0.02400000000000002,-0.02400000000000002
2011-12,Chicago Bulls,Miami Heat,True,-1.4999999999999982,-1.0999999999999996,True,0.36999999999999034,-0.36999999999999034,False,-3.8999999999999915,2.499999999999986,False,4.400000000000006,1.0,False,-0.020000000000000018,0.020000000000000018,False,-0.01100000000000001,0.01100000000000001
2011-12,Cleveland Cavaliers,Miami Heat,False,0.0,0.0,False,0.9099999999999966,0.9099999999999966,True,3.200000000000003,-3.200000000000003,False,0.6000000000000085,0.6000000000000085,True,0.009999999999999953,-0.009999999999999953,True,0.009000000000000008,-0.009000000000000008
2011-12,Dallas Mavericks,Miami Heat,True,-2.3000000000000007,-2.3000000000000007,False,2.480000000000004,2.480000000000004,True,2.6000000000000085,-2.6000000000000085,False,4.5,4.5,True,0.017000000000000015,-0.015000000000000013,True,0.017000000000000015,-0.017000000000000015
2011-12,Denver Nuggets,Miami Heat,True,-1.3999999999999986,-1.3999999999999986,False,0.8900000000000006,0.8900000000000006,False,1.0,1.0,True,-0.8999999999999915,-0.8999999999999915,True,-0.0010000000000000009,-0.0010000000000000009,True,-0.007000000000000006,-0.007000000000000006
2011-12,Detroit Pistons,Miami Heat,False,3.700000000000001,0.3000000000000025,True,1.3700000000000045,-1.3700000000000045,True,2.700000000000003,-2.700000000000003,False,2.200000000000003,2.200000000000003,True,0.01899999999999996,-0.01899999999999996,True,0.01100000000000001,-0.01100000000000001
2011-12,Golden State Warriors,Miami Heat,True,-0.6000000000000014,-0.6000000000000014,False,1.8599999999999994,1.8599999999999994,True,1.1999999999999886,-1.1999999999999886,True,-3.0999999999999943,-3.0999999999999943,False,0.0010000000000000009,0.0010000000000000009,True,0.006000000000000005,-0.006000000000000005
2011-12,Houston Rockets,Miami Heat,False,8.7,8.7,False,4.070000000000007,4.070000000000007,False,4.599999999999994,1.8000000000000114,False,1.2999999999999972,1.2999999999999972,False,0.03300000000000003,0.007000000000000006,True,0.03499999999999992,-0.0050000000000001155
2011-12,Indiana Pacers,Miami Heat,False,3.599999999999998,3.599999999999998,False,-0.7800000000000011,0.7800000000000011,False,-2.0999999999999943,2.0999999999999943,True,-3.0999999999999943,-2.6999999999999886,True,0.0050000000000000044,-0.0050000000000000044,False,-0.0050000000000000044,0.0050000000000000044
2011-12,Los Angeles Clippers,Miami Heat,True,-0.40000000000000213,-0.40000000000000213,True,1.8499999999999943,-1.8499999999999943,False,2.299999999999997,2.299999999999997,True,-2.0,-2.0,False,0.02400000000000002,0.018000000000000016,True,0.02400000000000002,-0.008000000000000007
2011-12,Los Angeles Lakers,Miami Heat,False,7.800000000000001,7.800000000000001,False,3.3599999999999994,2.660000000000011,False,2.5,0.30000000000001137,False,2.700000000000003,2.700000000000003,True,0.02100000000000002,-0.007000000000000006,True,0.014000000000000012,-0.014000000000000012
2011-12,Memphis Grizzlies,Miami Heat,True,0.5999999999999996,-0.5999999999999996,False,-2.259999999999991,2.259999999999991,True,0.7999999999999972,-0.7999999999999972,True,-1.5,-1.299999999999983,False,-0.0010000000000000009,0.0010000000000000009,False,-0.0010000000000000009,0.0010000000000000009
2011-12,Milwaukee Bucks,Miami Heat,False,1.1999999999999993,1.1999999999999993,False,0.9699999999999989,0.9699999999999989,False,-2.0,2.0,False,0.10000000000000853,0.10000000000000853,False,-0.0050000000000000044,0.0050000000000000044,False,-0.01100000000000001,0.01100000000000001
2011-12,Minnesota Timberwolves,Miami Heat,True,-3.6000000000000014,-3.6000000000000014,True,-0.5,-0.5,False,-1.2999999999999972,1.2999999999999972,True,-1.2999999999999972,-1.2999999999999972,False,-0.0040000000000000036,0.0040000000000000036,False,-0.008000000000000007,0.008000000000000007
2011-12,New Orleans Hornets,Miami Heat,True,6.199999999999999,-1.3999999999999986,True,0.23000000000000398,-0.23000000000000398,True,4.599999999999994,-4.599999999999994,False,5.0,5.0,True,0.013000000000000012,-0.013000000000000012,True,0.01100000000000001,-0.01100000000000001
2011-12,New York Knicks,Miami Heat,False,5.599999999999998,5.599999999999998,True,-3.2299999999999898,-0.45000000000001705,False,6.299999999999997,2.1000000000000085,False,5.200000000000003,5.200000000000003,True,0.02300000000000002,-0.0030000000000000027,True,0.017000000000000015,-0.015000000000000013
2011-12,Oklahoma City Thunder,Miami Heat,True,-0.6000000000000014,-0.6000000000000014,False,0.46999999999999886,0.46999999999999886,False,2.5999999999999943,2.5999999999999943,True,-0.8999999999999915,-0.8999999999999915,False,0.01100000000000001,0.01100000000000001,False,0.013000000000000012,0.013000000000000012
2011-12,Orlando Magic,Miami Heat,True,-8.3,-8.3,True,3.0600000000000023,-1.579999999999984,False,-3.0999999999999943,3.0999999999999943,False,5.0,5.0,False,-0.02100000000000002,0.019000000000000017,False,-0.019000000000000017,0.019000000000000017
2011-12,Philadelphia 76ers,Miami Heat,False,2.9000000000000004,0.9000000000000004,True,1.1999999999999886,-1.1999999999999886,False,-1.7000000000000028,1.7000000000000028,False,6.5,4.5,True,0.0010000000000000009,-0.0010000000000000009,False,-0.0020000000000000018,0.0020000000000000018
2011-12,Phoenix Suns,Miami Heat,True,-1.9000000000000021,-1.9000000000000021,False,0.8700000000000045,0.8700000000000045,False,-5.0,5.0,False,1.7000000000000028,1.7000000000000028,False,-0.02200000000000002,0.02200000000000002,False,-0.02400000000000002,0.02400000000000002
2011-12,Portland Trail Blazers,Miami Heat,False,2.3000000000000007,2.3000000000000007,False,0.21999999999999886,0.21999999999999886,True,0.09999999999999432,-0.09999999999999432,False,2.6000000000000085,2.6000000000000085,True,0.010000000000000009,-0.010000000000000009,True,0.0050000000000000044,-0.0050000000000000044
2011-12,Sacramento Kings,Miami Heat,False,0.8000000000000007,0.8000000000000007,True,-0.9099999999999966,-0.9099999999999966,True,2.3999999999999915,-2.3999999999999915,False,1.2999999999999972,1.2999999999999972,True,0.019000000000000017,-0.019000000000000017,True,0.02200000000000002,-0.02200000000000002
2011-12,San Antonio Spurs,Miami Heat,False,0.1999999999999993,0.1999999999999993,False,1.6400000000000006,1.6400000000000006,True,-3.0,-3.0,True,-2.0,-2.0,False,0.0030000000000000027,0.0030000000000000027,False,0.005999999999999894,0.005999999999999894
2011-12,Toronto Raptors,Miami Heat,False,4.0,4.0,True,1.0700000000000074,-1.0700000000000074,True,5.400000000000006,-5.400000000000006,False,2.8000000000000114,2.8000000000000114,True,0.013000000000000012,-0.013000000000000012,True,0.014000000000000012,-0.014000000000000012
2011-12,Utah Jazz,Miami Heat,True,4.099999999999998,-1.5,True,-0.480000000000004,-0.44000000000001194,False,-0.09999999999999432,0.09999999999999432,False,0.6999999999999886,0.6999999999999886,True,0.01100000000000001,-0.01100000000000001,True,0.008000000000000007,-0.008000000000000007
2011-12,Washington Wizards,Miami Heat,False,1.8999999999999986,1.8999999999999986,True,-0.35999999999999943,-0.35999999999999943,False,-0.7000000000000028,0.7000000000000028,True,-3.3000000000000114,-3.3000000000000114,True,0.0030000000000000027,-0.0030000000000000027,True,0.0040000000000000036,-0.0040000000000000036
2012-13,Atlanta Hawks,Miami Heat,False,2.6000000000000014,2.6000000000000014,False,1.8499999999999943,1.8499999999999943,True,1.2000000000000028,-1.2000000000000028,False,2.299999999999997,2.299999999999997,False,-0.0020000000000000018,0.0020000000000000018,True,0.008000000000000007,-0.008000000000000007
2012-13,Boston Celtics,Miami Heat,True,3.900000000000002,-3.900000000000002,False,1.8200000000000074,1.8200000000000074,False,-0.29999999999999716,0.29999999999999716,False,3.9000000000000057,2.6999999999999886,False,-0.026000000000000023,0.026000000000000023,False,-0.025000000000000022,0.025000000000000022
2012-13,Brooklyn Nets,Miami Heat,False,1.8999999999999986,0.6999999999999957,True,2.5400000000000063,-0.22000000000001307,False,-1.5,1.5,False,1.9000000000000057,1.9000000000000057,True,0.016000000000000014,-0.016000000000000014,True,0.019000000000000017,-0.019000000000000017
2012-13,Charlotte Bobcats,Miami Heat,True,0.7999999999999972,-0.7999999999999972,False,0.44000000000001194,0.44000000000001194,True,2.5999999999999943,-2.5999999999999943,True,-7.0,-7.0,True,0.020999999999999963,-0.020999999999999963,True,0.015000000000000013,-0.015000000000000013
2012-13,Chicago Bulls,Miami Heat,True,2.4000000000000004,-2.4000000000000004,True,0.4900000000000091,-0.4900000000000091,False,-0.7000000000000028,0.7000000000000028,False,-2.0,2.0,True,0.0010000000000000009,-0.0010000000000000009,True,0.006000000000000005,-0.006000000000000005
2012-13,Cleveland Cavaliers,Miami Heat,True,0.6999999999999993,-0.6999999999999993,False,0.4399999999999977,0.4399999999999977,True,0.29999999999999716,-0.29999999999999716,True,-1.2000000000000028,-1.2000000000000028,True,0.006000000000000005,-0.006000000000000005,True,0.0040000000000000036,-0.0040000000000000036
2012-13,Dallas Mavericks,Miami Heat,True,3.0,-1.4000000000000057,True,-0.15000000000000568,-0.15000000000000568,True,4.799999999999997,-4.799999999999997,False,1.7999999999999972,1.7999999999999972,True,0.020000000000000018,-0.020000000000000018,True,0.019999999999999907,-0.019999999999999907
2012-13,Denver Nuggets,Miami Heat,True,5.399999999999999,-1.8000000000000043,False,3.030000000000001,3.030000000000001,False,-4.200000000000003,4.200000000000003,False,3.0999999999999943,3.0999999999999943,False,-0.018000000000000016,0.018000000000000016,False,-0.013000000000000012,0.013000000000000012
2012-13,Detroit Pistons,Miami Heat,True,1.6999999999999993,-1.6999999999999993,False,3.8899999999999864,3.8899999999999864,True,2.5,-2.5,False,1.7999999999999972,1.7999999999999972,False,-0.0050000000000000044,0.0050000000000000044,False,-0.007000000000000006,0.007000000000000006
2012-13,Golden State Warriors,Miami Heat,False,4.900000000000002,0.49999999999999645,False,1.730000000000004,1.730000000000004,True,1.2000000000000028,-1.2000000000000028,False,-2.799999999999997,0.7999999999999972,True,0.01100000000000001,-0.01100000000000001,True,0.0050000000000000044,-0.0050000000000000044
2012-13,Houston Rockets,Miami Heat,True,-2.299999999999997,-2.299999999999997,False,0.37999999999999545,0.37999999999999545,True,1.0,-1.0,True,-0.09999999999999432,-0.09999999999999432,True,0.006000000000000005,-0.006000000000000005,True,0.007000000000000006,-0.007000000000000006
2012-13,Indiana Pacers,Miami Heat,False,-0.8999999999999986,0.8999999999999986,False,1.9899999999999949,1.269999999999996,True,0.19999999999998863,-0.19999999999998863,False,-0.09999999999999432,0.09999999999999432,True,0.01100000000000001,-0.01100000000000001,True,0.014000000000000012,-0.014000000000000012
2012-13,Los Angeles Clippers,Miami Heat,False,2.6000000000000014,1.1999999999999957,False,4.829999999999998,4.829999999999998,True,1.5,-1.5,False,1.2000000000000028,0.3999999999999915,False,0.0,0.0,True,0.009999999999999898,-0.009999999999999898
2012-13,Los Angeles Lakers,Miami Heat,False,0.1999999999999993,0.1999999999999993,False,4.640000000000001,4.640000000000001,False,-3.799999999999997,3.799999999999997,False,3.3999999999999915,3.3999999999999915,False,-0.007000000000000006,0.007000000000000006,False,-0.006000000000000005,0.006000000000000005
2012-13,Memphis Grizzlies,Miami Heat,True,0.5,-0.5,True,1.019999999999996,-1.019999999999996,True,1.9000000000000057,-1.9000000000000057,True,4.700000000000003,-3.500000000000014,True,0.02200000000000002,-0.02200000000000002,True,0.015000000000000013,-0.015000000000000013
2012-13,Milwaukee Bucks,Miami Heat,False,-1.5,1.5,True,-2.690000000000012,-2.690000000000012,False,-0.5999999999999943,0.5999999999999943,False,6.0,6.0,True,0.0030000000000000027,-0.0030000000000000027,True,0.009000000000000008,-0.009000000000000008
2012-13,Minnesota Timberwolves,Miami Heat,True,3.3999999999999986,-3.3999999999999986,False,4.390000000000001,4.390000000000001,True,5.900000000000006,-5.900000000000006,False,1.2000000000000028,1.2000000000000028,True,0.013000000000000012,-0.013000000000000012,True,0.019000000000000017,-0.019000000000000017
2012-13,New York Knicks,Miami Heat,True,-4.0,-4.0,True,0.5599999999999881,-0.5599999999999881,False,-2.799999999999997,2.799999999999997,False,2.6999999999999886,2.6999999999999886,False,-0.010000000000000009,0.010000000000000009,False,-0.009000000000000008,0.009000000000000008
2012-13,Oklahoma City Thunder,Miami Heat,True,3.0,-2.4000000000000057,False,1.75,1.75,False,-1.5999999999999943,1.5999999999999943,True,1.7999999999999972,-1.7999999999999972,False,-0.007000000000000006,0.007000000000000006,False,-0.014000000000000012,0.014000000000000012
2012-13,Orlando Magic,Miami Heat,True,0.8000000000000007,-0.8000000000000007,False,1.4599999999999937,1.4599999999999937,True,0.09999999999999432,-0.09999999999999432,True,-1.8000000000000114,-1.8000000000000114,True,0.0020000000000000018,-0.0020000000000000018,True,0.01100000000000001,-0.01100000000000001
2012-13,Philadelphia 76ers,Miami Heat,True,5.0,-4.200000000000003,False,7.859999999999999,7.859999999999999,False,-2.0,2.0,False,4.299999999999997,4.299999999999997,False,-0.006000000000000005,0.006000000000000005,True,0.0010000000000000009,-0.0010000000000000009
2012-13,Phoenix Suns,Miami Heat,True,7.400000000000002,-1.4000000000000021,False,2.3499999999999943,2.3499999999999943,True,8.0,-8.0,True,-1.3000000000000114,-1.3000000000000114,True,0.04200000000000004,-0.04200000000000004,True,0.04600000000000004,-0.04600000000000004
2012-13,Portland Trail Blazers,Miami Heat,False,2.1000000000000014,2.1000000000000014,False,3.440000000000012,3.440000000000012,True,5.900000000000006,-5.900000000000006,True,-1.7000000000000028,-1.7000000000000028,True,0.006000000000000005,-0.006000000000000005,True,0.01200000000000001,-0.01200000000000001
2012-13,Sacramento Kings,Miami Heat,False,-2.5,2.5,False,0.39000000000000057,0.39000000000000057,False,-0.20000000000000284,0.20000000000000284,True,-2.200000000000003,-2.200000000000003,False,-0.007000000000000006,0.007000000000000006,False,0.0,0.0
2012-13,San Antonio Spurs,Miami Heat,False,-0.10000000000000142,0.10000000000000142,False,0.5600000000000023,0.5600000000000023,True,2.5,-2.5,True,1.1000000000000085,-1.1000000000000085,True,0.006000000000000005,-0.006000000000000005,True,0.0030000000000000027,-0.0030000000000000027
2012-13,Toronto Raptors,Miami Heat,True,3.099999999999998,-0.5000000000000036,False,1.2199999999999989,1.2199999999999989,True,2.9000000000000057,-2.9000000000000057,True,-1.8000000000000114,-1.8000000000000114,True,0.010000000000000009,-0.010000000000000009,True,0.013000000000000012,-0.013000000000000012
2012-13,Utah Jazz,Miami Heat,True,2.3000000000000007,-2.3000000000000007,False,0.269999999999996,0.269999999999996,False,-3.0,3.0,False,4.5,4.5,False,-0.008000000000000007,0.008000000000000007,False,-0.010000000000000009,0.010000000000000009
2012-13,Washington Wizards,Miami Heat,True,2.6000000000000014,-2.6000000000000014,False,0.9500000000000028,0.9500000000000028,True,5.6000000000000085,-5.6000000000000085,True,2.0,-1.200000000000017,True,0.031000000000000028,-0.031000000000000028,True,0.026000000000000023,-0.026000000000000023
2013-14,Atlanta Hawks,San Antonio Spurs,False,2.599999999999998,2.599999999999998,False,2.219999999999999,1.299999999999983,False,-0.30000000000001137,0.30000000000001137,True,-4.900000000000006,-3.6999999999999886,True,0.0010000000000000009,-0.0010000000000000009,False,-0.0020000000000000018,0.0020000000000000018
2013-14,Boston Celtics,San Antonio Spurs,False,5.0,4.400000000000006,False,5.150000000000006,1.9699999999999989,True,3.8999999999999915,-3.8999999999999915,True,-4.0,-4.0,True,0.01100000000000001,-0.01100000000000001,True,0.014000000000000012,-0.014000000000000012
2013-14,Brooklyn Nets,San Antonio Spurs,False,-5.0,1.0,True,3.700000000000003,-3.200000000000003,False,-3.0,3.0,False,3.0,3.0,False,-0.02200000000000002,0.02200000000000002,False,-0.028000000000000025,0.028000000000000025
2013-14,Chicago Bulls,San Antonio Spurs,True,3.599999999999998,-3.599999999999998,True,5.759999999999991,-4.300000000000011,True,2.3999999999999915,-2.3999999999999915,False,5.599999999999994,2.5999999999999943,True,0.016000000000000014,-0.016000000000000014,True,0.008000000000000007,-0.008000000000000007
2013-14,Cleveland Cavaliers,San Antonio Spurs,False,9.600000000000001,6.800000000000004,True,0.12999999999999545,-0.12999999999999545,True,6.700000000000003,-5.299999999999997,True,-3.0999999999999943,-3.0999999999999943,True,0.04500000000000004,-0.04500000000000004,True,0.040000000000000036,-0.040000000000000036
2013-14,Dallas Mavericks,San Antonio Spurs,False,5.700000000000003,5.700000000000003,True,0.4000000000000057,-0.4000000000000057,False,-4.0,4.0,True,-1.2999999999999972,-1.2999999999999972,False,-0.02400000000000002,0.02400000000000002,False,-0.019999999999999907,0.019999999999999907
2013-14,Denver Nuggets,San Antonio Spurs,True,-0.1999999999999993,-0.1999999999999993,True,-2.6099999999999994,-2.6099999999999994,False,-0.19999999999998863,0.19999999999998863,False,0.9000000000000057,0.9000000000000057,False,-0.008000000000000007,0.008000000000000007,False,-0.0050000000000000044,0.0050000000000000044
2013-14,Detroit Pistons,San Antonio Spurs,False,6.899999999999999,2.700000000000003,True,0.18000000000000682,-0.18000000000000682,True,0.09999999999999432,-0.09999999999999432,True,-4.099999999999994,-4.099999999999994,True,0.009000000000000008,-0.009000000000000008,True,0.008000000000000007,-0.008000000000000007
2013-14,Golden State Warriors,San Antonio Spurs,False,6.800000000000001,6.800000000000001,False,2.8699999999999903,2.8699999999999903,False,7.200000000000003,0.7999999999999972,False,1.3999999999999915,1.3999999999999915,False,0.04599999999999993,0.005999999999999894,False,0.04299999999999993,0.001000000000000112
2013-14,Houston Rockets,San Antonio Spurs,False,4.299999999999997,4.299999999999997,False,1.1500000000000057,1.1500000000000057,False,-2.5,1.9000000000000057,False,2.0999999999999943,2.0999999999999943,False,-0.015000000000000013,0.015000000000000013,False,-0.017999999999999905,0.017999999999999905
2013-14,Indiana Pacers,San Antonio Spurs,True,4.199999999999999,-0.9999999999999964,True,4.459999999999994,-1.5000000000000142,True,0.20000000000000284,-0.20000000000000284,True,3.299999999999997,-1.7000000000000028,True,0.007000000000000006,-0.007000000000000006,True,0.0010000000000000009,-0.0010000000000000009
2013-14,Los Angeles Lakers,San Antonio Spurs,True,-0.1999999999999993,-0.1999999999999993,True,-3.1700000000000017,-3.1700000000000017,False,-2.5,2.5,False,1.0,1.0,False,-0.044999999999999984,0.044999999999999984,False,-0.03300000000000003,0.03300000000000003
2013-14,Memphis Grizzlies,San Antonio Spurs,True,4.5,-4.5,True,3.3700000000000045,-3.3700000000000045,False,-0.7999999999999972,0.7999999999999972,False,3.299999999999997,3.299999999999997,False,-0.017000000000000015,0.017000000000000015,False,-0.0050000000000000044,0.0050000000000000044
2013-14,Miami Heat,San Antonio Spurs,False,-4.300000000000001,2.4999999999999964,True,2.239999999999995,-2.239999999999995,False,-4.5,3.5,True,-1.2999999999999972,-1.2999999999999972,False,-0.04600000000000004,0.01200000000000001,False,-0.04499999999999993,0.006999999999999895
2013-14,Milwaukee Bucks,San Antonio Spurs,False,-3.299999999999999,3.299999999999999,True,2.0900000000000034,-2.0900000000000034,True,1.5,-1.5,True,-2.4000000000000057,-2.4000000000000057,True,0.020000000000000018,-0.020000000000000018,True,0.018000000000000016,-0.018000000000000016
2013-14,Minnesota Timberwolves,San Antonio Spurs,False,-5.0,5.0,True,-2.1299999999999955,-2.1299999999999955,False,-2.299999999999997,2.299999999999997,False,3.799999999999997,3.799999999999997,True,0.01200000000000001,-0.01200000000000001,True,0.014000000000000012,-0.014000000000000012
2013-14,New Orleans Pelicans,San Antonio Spurs,True,7.9,-3.099999999999996,True,4.570000000000007,-1.0300000000000153,False,-1.4000000000000057,1.4000000000000057,True,-0.6999999999999886,-0.6999999999999886,True,0.0030000000000000027,-0.0030000000000000027,False,0.0,0.0
2013-14,New York Knicks,San Antonio Spurs,True,-3.3999999999999986,-3.3999999999999986,True,2.8800000000000097,-2.8800000000000097,False,-3.0999999999999943,3.0999999999999943,True,-1.3999999999999915,-1.3999999999999915,False,-0.02200000000000002,0.02200000000000002,False,-0.014000000000000012,0.014000000000000012
2013-14,Oklahoma City Thunder,San Antonio Spurs,False,1.3000000000000007,1.3000000000000007,False,1.210000000000008,1.210000000000008,False,2.6999999999999886,2.5,False,1.7999999999999972,1.7999999999999972,True,0.0040000000000000036,-0.0040000000000000036,False,-0.0010000000000000009,0.0010000000000000009
2013-14,Orlando Magic,San Antonio Spurs,True,2.6999999999999993,-1.0999999999999979,True,2.410000000000011,-0.7900000000000063,True,3.4000000000000057,-3.4000000000000057,True,-0.5999999999999943,-0.5999999999999943,True,0.013000000000000012,-0.013000000000000012,True,0.008000000000000007,-0.008000000000000007
2013-14,Philadelphia 76ers,San Antonio Spurs,False,5.0,5.0,True,-1.2999999999999972,-1.2999999999999972,False,-0.5999999999999943,0.5999999999999943,True,-0.4000000000000057,-0.4000000000000057,True,0.01200000000000001,-0.01200000000000001,True,0.009000000000000008,-0.009000000000000008
2013-14,Phoenix Suns,San Antonio Spurs,False,0.6999999999999993,0.6999999999999993,False,2.5600000000000023,2.5600000000000023,False,-6.700000000000003,6.700000000000003,False,2.3000000000000114,2.3000000000000114,False,-0.03200000000000003,0.03200000000000003,False,-0.03200000000000003,0.03200000000000003
2013-14,Portland Trail Blazers,San Antonio Spurs,False,3.1999999999999993,3.1999999999999993,False,1.1599999999999966,1.1599999999999966,False,-2.8000000000000114,1.0,False,0.5999999999999943,0.5999999999999943,True,0.007000000000000006,-0.007000000000000006,False,0.0,0.0
2013-14,Sacramento Kings,San Antonio Spurs,True,4.399999999999999,-2.3999999999999986,False,5.61999999999999,3.9599999999999937,True,0.20000000000000284,-0.20000000000000284,True,-0.20000000000000284,-0.20000000000000284,True,0.026000000000000023,-0.026000000000000023,True,0.014000000000000012,-0.014000000000000012
2013-14,Toronto Raptors,San Antonio Spurs,False,0.0,0.0,True,0.8699999999999903,-0.8699999999999903,True,1.3999999999999915,-1.3999999999999915,False,0.20000000000000284,0.20000000000000284,True,0.006000000000000005,-0.006000000000000005,True,0.007000000000000006,-0.007000000000000006
2013-14,Utah Jazz,San Antonio Spurs,False,4.699999999999999,0.3000000000000007,False,-0.6599999999999966,0.6599999999999966,True,2.5999999999999943,-2.5999999999999943,True,-6.8999999999999915,-6.8999999999999915,True,0.017000000000000015,-0.017000000000000015,True,0.017000000000000015,-0.017000000000000015
2013-14,Washington Wizards,San Antonio Spurs,False,3.3999999999999986,2.200000000000003,False,4.97999999999999,1.5999999999999943,False,-0.4000000000000057,0.4000000000000057,False,1.5,1.5,True,0.0050000000000000044,-0.0050000000000000044,True,0.006000000000000005,-0.006000000000000005
2015-16,Atlanta Hawks,Cleveland Cavaliers,False,-2.299999999999997,2.299999999999997,False,0.13000000000000966,0.13000000000000966,False,-0.09999999999999432,0.09999999999999432,True,4.400000000000006,-1.8000000000000114,False,-0.01200000000000001,0.01200000000000001,False,-0.01100000000000001,0.01100000000000001
2015-16,Boston Celtics,Cleveland Cavaliers,False,7.299999999999997,0.29999999999999716,True,-2.220000000000013,-2.220000000000013,True,4.799999999999997,-4.000000000000014,False,5.5,2.6999999999999886,True,0.03700000000000003,-0.03500000000000003,True,0.03599999999999992,-0.018000000000000127
2015-16,Brooklyn Nets,Cleveland Cavaliers,True,13.200000000000003,-9.200000000000003,False,5.6299999999999955,5.6299999999999955,True,1.1999999999999886,-1.1999999999999886,False,0.3999999999999915,0.3999999999999915,True,0.015000000000000013,-0.015000000000000013,True,0.02400000000000002,-0.02400000000000002
2015-16,Charlotte Hornets,Cleveland Cavaliers,False,-0.7999999999999972,0.7999999999999972,True,-0.3199999999999932,-0.3199999999999932,True,2.0,-2.0,False,4.700000000000003,4.299999999999997,False,-0.0010000000000000009,0.0010000000000000009,True,0.0020000000000000018,-0.0020000000000000018
2015-16,Chicago Bulls,Cleveland Cavaliers,True,0.9000000000000021,-0.9000000000000021,True,-0.5799999999999983,-0.5799999999999983,True,2.4000000000000057,-2.4000000000000057,False,0.7000000000000028,0.7000000000000028,False,0.0,0.0,True,0.0040000000000000036,-0.0040000000000000036
2015-16,Dallas Mavericks,Cleveland Cavaliers,True,1.5999999999999979,-0.40000000000000213,True,-2.230000000000004,-0.8100000000000165,False,-0.7999999999999972,0.7999999999999972,False,1.7999999999999972,1.7999999999999972,True,0.0030000000000000027,-0.0030000000000000027,False,-0.0030000000000000027,0.0030000000000000027
2015-16,Denver Nuggets,Cleveland Cavaliers,True,5.100000000000001,-5.100000000000001,False,2.8400000000000034,2.8400000000000034,True,7.299999999999997,-3.299999999999997,False,3.5,3.5,True,0.041000000000000036,-0.029000000000000026,True,0.03699999999999992,-0.017000000000000126
2015-16,Detroit Pistons,Cleveland Cavaliers,False,-2.8000000000000007,2.8000000000000007,True,-0.23000000000000398,-0.23000000000000398,False,0.0,0.0,False,1.7999999999999972,1.7999999999999972,True,0.0010000000000000009,-0.0010000000000000009,False,-0.0010000000000000009,0.0010000000000000009
2015-16,Golden State Warriors,Cleveland Cavaliers,True,-0.40000000000000213,-0.40000000000000213,False,0.13000000000000966,0.13000000000000966,False,1.2999999999999972,1.2999999999999972,True,0.6000000000000085,-0.6000000000000085,False,0.0,0.0,False,0.0040000000000000036,0.0040000000000000036
2015-16,Houston Rockets,Cleveland Cavaliers,False,9.399999999999999,9.399999999999999,False,2.1299999999999955,2.1299999999999955,False,6.799999999999997,0.9999999999999858,False,1.1000000000000085,1.1000000000000085,False,0.029000000000000026,0.013000000000000012,False,0.029999999999999916,0.019999999999999907
2015-16,Indiana Pacers,Cleveland Cavaliers,False,0.0,0.0,True,-0.7599999999999909,-0.7599999999999909,True,4.1000000000000085,-4.1000000000000085,False,5.8999999999999915,2.499999999999986,True,0.019000000000000017,-0.019000000000000017,True,0.02200000000000002,-0.02200000000000002
2015-16,LA Clippers,Cleveland Cavaliers,True,0.6999999999999993,-0.6999999999999993,True,-0.04000000000000625,-0.04000000000000625,True,4.599999999999994,-1.4000000000000057,False,4.799999999999997,2.3999999999999915,False,0.013000000000000012,0.013000000000000012,False,0.017999999999999905,0.013999999999999901
2015-16,Los Angeles Lakers,Cleveland Cavaliers,True,1.0999999999999979,-1.0999999999999979,False,2.710000000000008,2.710000000000008,True,4.599999999999994,-4.599999999999994,False,1.7000000000000028,1.7000000000000028,True,0.04099999999999998,-0.04099999999999998,True,0.028000000000000025,-0.028000000000000025
2015-16,Memphis Grizzlies,Cleveland Cavaliers,True,8.0,-8.0,False,-1.1099999999999994,0.8499999999999801,True,2.299999999999997,-2.299999999999997,True,-0.5999999999999943,-0.5999999999999943,True,0.014000000000000012,-0.014000000000000012,True,0.01100000000000001,-0.01100000000000001
2015-16,Miami Heat,Cleveland Cavaliers,True,9.0,-9.0,False,1.3700000000000045,1.3700000000000045,True,1.9000000000000057,-1.9000000000000057,False,2.700000000000003,2.299999999999997,True,0.0040000000000000036,-0.0040000000000000036,False,-0.0040000000000000036,0.0040000000000000036
2015-16,Milwaukee Bucks,Cleveland Cavaliers,True,8.1,-8.1,True,-0.060000000000002274,-0.060000000000002274,True,5.099999999999994,-5.099999999999994,False,0.9000000000000057,0.9000000000000057,True,0.028000000000000025,-0.02200000000000002,True,0.027999999999999914,-0.014000000000000123
2015-16,Minnesota Timberwolves,Cleveland Cavaliers,True,4.600000000000001,-4.600000000000001,True,-0.7199999999999989,-0.7199999999999989,True,4.599999999999994,-4.599999999999994,False,1.9000000000000057,1.9000000000000057,True,0.013000000000000012,-0.013000000000000012,True,0.006000000000000005,-0.006000000000000005
2015-16,New Orleans Pelicans,Cleveland Cavaliers,True,3.0,-3.0,False,0.9200000000000017,0.9200000000000017,False,-0.09999999999999432,0.09999999999999432,True,-1.6000000000000085,-1.6000000000000085,True,0.006000000000000005,-0.006000000000000005,True,0.0020000000000000018,-0.0020000000000000018
2015-16,New York Knicks,Cleveland Cavaliers,True,3.1999999999999993,-3.1999999999999993,False,2.509999999999991,2.509999999999991,True,3.1999999999999886,-3.1999999999999886,False,4.0,4.0,True,0.013000000000000012,-0.013000000000000012,True,0.007000000000000006,-0.007000000000000006
2015-16,Oklahoma City Thunder,Cleveland Cavaliers,True,2.1000000000000014,-2.1000000000000014,False,0.6400000000000006,0.6400000000000006,False,-4.199999999999989,0.4000000000000057,False,2.299999999999997,2.299999999999997,False,-0.02400000000000002,0.02400000000000002,False,-0.02499999999999991,0.01100000000000012
2015-16,Orlando Magic,Cleveland Cavaliers,True,3.900000000000002,-3.900000000000002,False,0.21999999999999886,0.21999999999999886,False,-0.7000000000000028,0.7000000000000028,False,4.299999999999997,4.299999999999997,False,-0.01100000000000001,0.01100000000000001,False,-0.009000000000000008,0.009000000000000008
2015-16,Philadelphia 76ers,Cleveland Cavaliers,True,2.3000000000000007,-1.9000000000000021,False,0.6299999999999955,0.6299999999999955,True,4.299999999999997,-4.299999999999997,True,-0.3999999999999915,-0.3999999999999915,True,0.014000000000000012,-0.014000000000000012,True,0.020000000000000018,-0.020000000000000018
2015-16,Phoenix Suns,Cleveland Cavaliers,False,-3.1999999999999993,3.1999999999999993,False,1.4599999999999937,1.4599999999999937,True,4.599999999999994,-4.599999999999994,False,3.3999999999999915,3.3999999999999915,True,0.006000000000000005,-0.006000000000000005,True,0.01200000000000001,-0.01200000000000001
2015-16,Portland Trail Blazers,Cleveland Cavaliers,False,-0.8000000000000007,0.8000000000000007,False,0.3199999999999932,0.3199999999999932,True,1.8000000000000114,-1.8000000000000114,False,3.200000000000003,3.200000000000003,True,0.009000000000000008,-0.009000000000000008,True,0.01100000000000001,-0.009000000000000008
2015-16,Sacramento Kings,Cleveland Cavaliers,True,1.5,-1.5,True,-5.239999999999995,-5.239999999999995,True,1.2999999999999972,-1.2999999999999972,False,3.200000000000003,3.200000000000003,True,0.006000000000000005,-0.006000000000000005,True,0.010000000000000009,-0.010000000000000009
2015-16,San Antonio Spurs,Cleveland Cavaliers,True,5.0,-5.0,False,0.3199999999999932,0.3199999999999932,True,1.0,-0.8000000000000114,True,4.700000000000003,-4.700000000000003,True,-0.0020000000000000018,-0.0020000000000000018,False,0.0,0.0
2015-16,Toronto Raptors,Cleveland Cavaliers,True,0.9000000000000021,-0.9000000000000021,False,2.0600000000000023,1.1200000000000045,False,2.1000000000000085,0.29999999999999716,False,2.299999999999997,2.299999999999997,True,0.013000000000000012,-0.013000000000000012,True,0.009000000000000008,-0.0030000000000000027
2015-16,Utah Jazz,Cleveland Cavaliers,True,2.1000000000000014,-2.1000000000000014,True,0.4300000000000068,-0.4300000000000068,True,4.0,-4.0,False,1.5,0.09999999999999432,True,0.025000000000000022,-0.02100000000000002,True,0.02299999999999991,-0.013000000000000123
2015-16,Washington Wizards,Cleveland Cavaliers,True,0.6000000000000014,-0.6000000000000014,True,-1.2199999999999989,-1.2199999999999989,True,5.900000000000006,-5.5,False,3.700000000000003,3.700000000000003,True,0.017000000000000015,-0.009000000000000008,True,0.019999999999999907,-0.008000000000000118
2016-17,Atlanta Hawks,Golden State Warriors,True,4.899999999999999,-4.899999999999999,True,1.0,-1.0,False,-0.09999999999999432,0.09999999999999432,False,4.8999999999999915,4.8999999999999915,True,0.008000000000000007,-0.008000000000000007,True,0.006000000000000005,-0.006000000000000005
2016-17,Boston Celtics,Golden State Warriors,True,-3.0,-1.3999999999999986,False,-0.45999999999999375,0.45999999999999375,False,-3.799999999999997,3.799999999999997,True,-4.799999999999997,-4.3999999999999915,False,-0.007000000000000006,0.007000000000000006,False,-0.014999999999999902,0.014999999999999902
2016-17,Brooklyn Nets,Golden State Warriors,False,4.100000000000001,4.100000000000001,True,-2.0900000000000034,-0.6699999999999875,True,2.5,-2.5,True,-0.3999999999999915,-0.3999999999999915,True,0.007000000000000006,-0.007000000000000006,False,0.0,0.0
2016-17,Charlotte Hornets,Golden State Warriors,False,-1.4000000000000021,1.4000000000000021,True,2.739999999999995,-2.739999999999995,True,0.5999999999999943,-0.5999999999999943,False,0.5999999999999943,0.5999999999999943,True,0.007000000000000006,-0.007000000000000006,True,0.0020000000000000018,-0.0020000000000000018
2016-17,Chicago Bulls,Golden State Warriors,True,8.8,-8.8,True,2.6300000000000097,-2.6300000000000097,False,-3.0999999999999943,3.0999999999999943,False,4.299999999999997,4.299999999999997,True,0.010000000000000009,-0.010000000000000009,False,-0.0010000000000000009,0.0010000000000000009
2016-17,Cleveland Cavaliers,Golden State Warriors,True,-1.7999999999999972,-1.7999999999999972,True,1.980000000000004,-1.980000000000004,False,-0.7999999999999972,0.7999999999999972,False,1.3999999999999915,1.3999999999999915,False,0.0,0.0,True,0.0040000000000000036,-0.0040000000000000036
2016-17,Dallas Mavericks,Golden State Warriors,False,2.599999999999998,0.5999999999999979,True,3.4200000000000017,-3.4200000000000017,True,0.7000000000000028,-0.7000000000000028,False,0.7000000000000028,0.7000000000000028,True,0.008000000000000007,-0.008000000000000007,True,0.0030000000000000027,-0.0030000000000000027
2016-17,Denver Nuggets,Golden State Warriors,True,2.099999999999998,-2.099999999999998,False,-1.490000000000009,1.490000000000009,False,-0.7999999999999972,0.7999999999999972,True,-1.7000000000000028,-1.7000000000000028,True,0.006000000000000005,-0.006000000000000005,True,0.0020000000000000018,-0.0020000000000000018
2016-17,Detroit Pistons,Golden State Warriors,True,5.5,-5.5,True,1.230000000000004,-1.230000000000004,True,1.2999999999999972,-1.2999999999999972,False,0.0,0.0,True,0.020000000000000018,-0.020000000000000018,True,0.02200000000000002,-0.02200000000000002
2016-17,Houston Rockets,Golden State Warriors,False,2.0,2.0,False,-2.530000000000001,2.170000000000016,False,0.0,0.0,True,-2.700000000000003,-2.700000000000003,True,0.006000000000000005,-0.006000000000000005,True,0.007000000000000006,-0.007000000000000006
2016-17,Indiana Pacers,Golden State Warriors,True,1.5,-1.5,True,0.25,-0.25,True,0.5999999999999943,-0.5999999999999943,True,-0.7999999999999972,-0.7999999999999972,True,0.009000000000000008,-0.009000000000000008,False,-0.0010000000000000009,0.0010000000000000009
2016-17,LA Clippers,Golden State Warriors,False,-0.5999999999999979,0.5999999999999979,True,2.7700000000000102,-2.7700000000000102,False,-2.3999999999999915,2.3999999999999915,False,1.7000000000000028,1.7000000000000028,False,-0.010000000000000009,0.010000000000000009,False,-0.010000000000000009,0.010000000000000009
2016-17,Los Angeles Lakers,Golden State Warriors,True,3.400000000000002,-3.400000000000002,True,1.6400000000000006,-0.5799999999999983,True,0.7000000000000028,-0.7000000000000028,True,-4.700000000000003,-4.700000000000003,True,0.016000000000000014,-0.016000000000000014,True,0.01100000000000001,-0.01100000000000001
2016-17,Memphis Grizzlies,Golden State Warriors,False,-0.3000000000000007,0.3000000000000007,True,2.8100000000000023,-2.8100000000000023,False,-3.4000000000000057,3.4000000000000057,False,3.9000000000000057,3.9000000000000057,True,0.009000000000000008,-0.009000000000000008,True,0.0040000000000000036,-0.0040000000000000036
2016-17,Miami Heat,Golden State Warriors,True,3.6000000000000014,-3.6000000000000014,True,0.5899999999999892,-0.5899999999999892,False,-1.2000000000000028,1.2000000000000028,True,-0.6000000000000085,-0.6000000000000085,True,0.008000000000000007,-0.008000000000000007,True,0.010000000000000009,-0.010000000000000009
2016-17,Milwaukee Bucks,Golden State Warriors,True,1.0,-1.0,True,2.0400000000000063,-2.0400000000000063,True,0.5,-0.5,False,0.3999999999999915,0.3999999999999915,True,0.0040000000000000036,-0.0040000000000000036,True,0.006000000000000005,-0.006000000000000005
2016-17,Minnesota Timberwolves,Golden State Warriors,True,1.5,-1.5,True,1.269999999999996,-1.269999999999996,True,2.5,-2.5,True,-0.7000000000000028,-0.7000000000000028,True,0.01200000000000001,-0.01200000000000001,True,0.010999999999999899,-0.010999999999999899
2016-17,New Orleans Pelicans,Golden State Warriors,True,1.3999999999999986,-1.3999999999999986,True,2.9200000000000017,-0.7000000000000028,True,3.799999999999997,-3.799999999999997,False,0.6000000000000085,0.6000000000000085,True,0.03700000000000003,-0.03700000000000003,True,0.03399999999999992,-0.03399999999999992
2016-17,New York Knicks,Golden State Warriors,False,-1.3999999999999986,1.3999999999999986,True,1.0100000000000051,-1.0100000000000051,False,-0.7999999999999972,0.7999999999999972,True,-1.0,-1.0,True,0.014000000000000012,-0.014000000000000012,True,0.010000000000000009,-0.010000000000000009
2016-17,Oklahoma City Thunder,Golden State Warriors,True,4.599999999999998,-4.599999999999998,False,-0.8400000000000034,0.8400000000000034,True,2.1999999999999886,-2.1999999999999886,True,-0.6999999999999886,-0.6999999999999886,True,0.014000000000000012,-0.014000000000000012,True,0.006000000000000005,-0.006000000000000005
2016-17,Orlando Magic,Golden State Warriors,True,3.1999999999999993,-3.1999999999999993,True,1.6799999999999926,-1.6799999999999926,True,1.0,-1.0,True,-0.8999999999999915,-0.8999999999999915,True,0.02300000000000002,-0.02300000000000002,True,0.02100000000000002,-0.02100000000000002
2016-17,Philadelphia 76ers,Golden State Warriors,False,0.0,0.0,True,1.6800000000000068,-0.9200000000000159,True,5.799999999999997,-5.799999999999997,True,-4.299999999999997,-4.299999999999997,True,0.03400000000000003,-0.03400000000000003,True,0.028999999999999915,-0.028999999999999915
2016-17,Phoenix Suns,Golden State Warriors,True,5.299999999999997,-5.299999999999997,False,0.29000000000000625,0.29000000000000625,False,-3.299999999999997,3.299999999999997,False,0.4000000000000057,0.4000000000000057,True,0.0020000000000000018,-0.0020000000000000018,False,-0.006000000000000005,0.006000000000000005
2016-17,Portland Trail Blazers,Golden State Warriors,True,0.40000000000000213,-0.40000000000000213,False,-0.269999999999996,0.269999999999996,False,-1.0,1.0,True,-4.299999999999997,-4.299999999999997,False,-0.009000000000000008,0.009000000000000008,False,-0.010000000000000009,0.010000000000000009
2016-17,Sacramento Kings,Golden State Warriors,True,0.10000000000000142,-0.10000000000000142,True,0.0799999999999983,-0.0799999999999983,False,-3.5,3.5,True,-0.3999999999999915,-0.3999999999999915,False,-0.014000000000000012,0.014000000000000012,False,-0.027000000000000024,0.027000000000000024
2016-17,San Antonio Spurs,Golden State Warriors,True,0.6000000000000014,-0.6000000000000014,True,0.8400000000000034,-0.8400000000000034,False,-3.200000000000003,3.200000000000003,False,1.1999999999999886,0.19999999999998863,False,-0.017000000000000015,0.017000000000000015,False,-0.020999999999999908,0.020999999999999908
2016-17,Toronto Raptors,Golden State Warriors,True,8.7,-5.099999999999998,True,2.6099999999999994,-2.6099999999999994,True,1.5999999999999943,-1.5999999999999943,True,-1.7999999999999972,-1.7999999999999972,True,0.02200000000000002,-0.02200000000000002,True,0.013999999999999901,-0.013999999999999901
2016-17,Utah Jazz,Golden State Warriors,True,3.6000000000000014,-3.6000000000000014,True,4.489999999999995,-4.489999999999995,False,-1.5999999999999943,1.5999999999999943,True,-1.7000000000000028,-0.8999999999999915,True,0.0010000000000000009,-0.0010000000000000009,True,0.0010000000000000009,-0.0010000000000000009
2016-17,Washington Wizards,Golden State Warriors,True,1.6999999999999993,-1.6999999999999993,False,-0.269999999999996,0.269999999999996,False,-2.3000000000000114,2.3000000000000114,True,-1.0999999999999943,-1.0999999999999943,False,-0.0030000000000000027,0.0030000000000000027,False,-0.0039999999999998925,0.0039999999999998925
2017-18,Atlanta Hawks,Golden State Warriors,False,6.0,6.0,False,5.799999999999997,2.6200000000000188,True,3.0999999999999943,-3.0999999999999943,False,3.0,3.0,True,0.010000000000000009,-0.010000000000000009,True,0.008000000000000007,-0.008000000000000007
2017-18,Boston Celtics,Golden State Warriors,False,4.100000000000001,4.100000000000001,True,3.680000000000007,-3.519999999999982,True,4.5,-4.5,True,3.799999999999997,-3.3999999999999915,True,0.016000000000000014,-0.016000000000000014,True,0.014999999999999902,-0.014999999999999902
2017-18,Brooklyn Nets,Golden State Warriors,False,0.5,0.5,False,1.8599999999999994,0.480000000000004,True,2.8000000000000114,-2.8000000000000114,True,-0.7000000000000028,-0.7000000000000028,True,0.006000000000000005,-0.006000000000000005,True,0.0050000000000000044,-0.0050000000000000044
2017-18,Charlotte Hornets,Golden State Warriors,False,6.699999999999999,3.3000000000000007,True,0.5200000000000102,-0.5200000000000102,True,1.7000000000000028,-1.7000000000000028,False,3.0,3.0,True,0.006000000000000005,-0.006000000000000005,True,0.0050000000000000044,-0.0050000000000000044
2017-18,Chicago Bulls,Golden State Warriors,False,-5.200000000000003,0.7999999999999972,True,0.6499999999999915,-0.6499999999999915,True,1.0999999999999943,-1.0999999999999943,False,2.299999999999997,2.299999999999997,True,0.008000000000000007,-0.008000000000000007,True,0.01200000000000001,-0.01200000000000001
2017-18,Cleveland Cavaliers,Golden State Warriors,True,-3.0,-3.0,False,-1.3499999999999943,1.3499999999999943,False,-5.200000000000003,5.200000000000003,False,5.700000000000003,5.700000000000003,False,-0.04400000000000004,0.04400000000000004,False,-0.04399999999999993,0.04399999999999993
2017-18,Dallas Mavericks,Golden State Warriors,False,3.8000000000000043,3.8000000000000043,True,3.069999999999993,-3.069999999999993,True,3.299999999999997,-3.299999999999997,False,1.6999999999999886,1.6999999999999886,True,0.006000000000000005,-0.006000000000000005,True,0.01100000000000001,-0.01100000000000001
2017-18,Denver Nuggets,Golden State Warriors,False,0.5,0.5,True,0.7999999999999972,-0.7999999999999972,True,0.6999999999999886,-0.6999999999999886,True,-1.9000000000000057,-1.9000000000000057,False,-0.009000000000000008,0.009000000000000008,False,-0.0119999999999999,0.0119999999999999
2017-18,Detroit Pistons,Golden State Warriors,False,5.899999999999999,5.899999999999999,True,1.1299999999999955,-1.1299999999999955,True,1.8000000000000114,-1.8000000000000114,False,2.0,1.8000000000000114,False,-0.0030000000000000027,0.0030000000000000027,True,0.0010000000000000009,-0.0010000000000000009
2017-18,Houston Rockets,Golden State Warriors,False,3.1000000000000014,3.1000000000000014,True,0.37000000000000455,-0.37000000000000455,False,0.8000000000000114,0.8000000000000114,False,4.3999999999999915,2.200000000000003,False,-0.009000000000000008,0.009000000000000008,False,-0.009000000000000008,0.009000000000000008
2017-18,Indiana Pacers,Golden State Warriors,True,0.8999999999999986,-0.8999999999999986,True,1.7999999999999972,-1.7999999999999972,True,0.9000000000000057,-0.9000000000000057,False,-1.2999999999999972,0.29999999999999716,True,0.0050000000000000044,-0.0050000000000000044,True,0.0040000000000000036,-0.0040000000000000036
2017-18,LA Clippers,Golden State Warriors,False,-1.0,1.0,False,3.1199999999999903,1.5000000000000142,True,2.0,-2.0,False,1.2000000000000028,1.2000000000000028,True,0.0020000000000000018,-0.0020000000000000018,True,0.01100000000000001,-0.01100000000000001
2017-18,Los Angeles Lakers,Golden State Warriors,False,1.8999999999999986,1.8999999999999986,False,2.6999999999999886,2.6999999999999886,True,1.4000000000000057,-1.4000000000000057,False,1.6000000000000085,1.6000000000000085,True,0.010000000000000009,-0.010000000000000009,True,0.006000000000000005,-0.006000000000000005
2017-18,Memphis Grizzlies,Golden State Warriors,True,2.6999999999999993,-2.6999999999999993,True,1.5,-1.5,True,2.0,-2.0,True,-2.4000000000000057,-2.4000000000000057,True,0.008000000000000007,-0.008000000000000007,True,0.009000000000000008,-0.009000000000000008
2017-18,Miami Heat,Golden State Warriors,False,1.7999999999999972,1.7999999999999972,True,2.6300000000000097,-2.6300000000000097,True,0.5,-0.5,True,1.2999999999999972,-0.7000000000000028,False,-0.0050000000000000044,0.0050000000000000044,False,-0.009000000000000008,0.009000000000000008
2017-18,Milwaukee Bucks,Golden State Warriors,False,13.500000000000004,5.100000000000005,True,6.539999999999992,-0.09999999999999432,True,4.5,-3.0999999999999943,True,-4.199999999999989,-0.4000000000000057,True,0.019000000000000017,-0.019000000000000017,True,0.01200000000000001,-0.01200000000000001
2017-18,Minnesota Timberwolves,Golden State Warriors,True,6.199999999999999,-6.199999999999999,True,4.1299999999999955,-3.069999999999993,False,-1.9000000000000057,1.9000000000000057,False,2.0,2.0,False,-0.01200000000000001,0.01200000000000001,False,-0.013999999999999901,0.013999999999999901
2017-18,New Orleans Pelicans,Golden State Warriors,False,1.6999999999999993,0.3000000000000007,False,2.4099999999999966,2.4099999999999966,True,2.200000000000003,-2.200000000000003,False,4.599999999999994,4.599999999999994,False,-0.01200000000000001,0.01200000000000001,False,-0.010000000000000009,0.010000000000000009
2017-18,New York Knicks,Golden State Warriors,True,6.199999999999999,-4.9999999999999964,True,2.519999999999996,-2.519999999999996,False,-2.299999999999997,2.299999999999997,False,3.200000000000003,3.200000000000003,False,-0.020000000000000018,0.020000000000000018,False,-0.015000000000000013,0.015000000000000013
2017-18,Oklahoma City Thunder,Golden State Warriors,False,2.200000000000003,2.200000000000003,False,6.039999999999992,0.020000000000010232,False,-0.29999999999999716,0.29999999999999716,True,0.09999999999999432,-0.09999999999999432,False,0.0,0.0,False,-0.0010000000000000009,0.0010000000000000009
2017-18,Orlando Magic,Golden State Warriors,False,2.8000000000000007,2.8000000000000007,True,0.07000000000000739,-0.07000000000000739,True,3.5,-3.5,True,-1.8000000000000114,-1.8000000000000114,True,0.006000000000000005,-0.006000000000000005,True,0.0050000000000000044,-0.0050000000000000044
2017-18,Philadelphia 76ers,Golden State Warriors,False,0.3999999999999986,0.3999999999999986,False,1.8400000000000034,1.8400000000000034,True,3.0999999999999943,-3.0999999999999943,True,5.099999999999994,-0.6999999999999886,False,-0.0030000000000000027,0.0030000000000000027,True,0.006000000000000005,-0.006000000000000005
2017-18,Phoenix Suns,Golden State Warriors,True,1.4000000000000021,-0.5999999999999979,False,0.010000000000005116,0.010000000000005116,True,2.5,-2.5,False,2.5,2.5,True,0.019000000000000017,-0.019000000000000017,True,0.020000000000000018,-0.020000000000000018
2017-18,Portland Trail Blazers,Golden State Warriors,False,2.599999999999998,1.0000000000000036,True,2.8499999999999943,-2.8499999999999943,True,5.299999999999997,-3.499999999999986,False,3.799999999999997,1.6000000000000085,True,0.017000000000000015,-0.017000000000000015,True,0.018999999999999906,-0.018999999999999906
2017-18,Sacramento Kings,Golden State Warriors,True,5.899999999999999,-3.8999999999999986,True,8.379999999999995,-1.3199999999999932,True,6.5,-6.5,False,0.3999999999999915,0.3999999999999915,True,0.02200000000000002,-0.02200000000000002,True,0.025000000000000022,-0.025000000000000022
2017-18,San Antonio Spurs,Golden State Warriors,True,1.1999999999999993,-1.1999999999999993,True,3.1799999999999926,-3.1799999999999926,True,5.1000000000000085,-5.1000000000000085,False,6.5,1.0999999999999943,True,0.027000000000000024,-0.027000000000000024,True,0.028999999999999915,-0.028999999999999915
2017-18,Toronto Raptors,Golden State Warriors,False,0.7999999999999972,0.7999999999999972,True,2.490000000000009,-2.1699999999999875,False,-0.4000000000000057,0.0,True,1.5,-1.5,True,0.0040000000000000036,-0.0040000000000000036,True,0.0040000000000000036,-0.0040000000000000036
2017-18,Utah Jazz,Golden State Warriors,False,4.399999999999999,4.399999999999999,True,4.260000000000005,-3.279999999999987,True,2.8999999999999915,-2.8999999999999915,True,2.299999999999997,-2.299999999999997,True,0.01100000000000001,-0.01100000000000001,True,0.008000000000000007,-0.008000000000000007
2017-18,Washington Wizards,Golden State Warriors,False,6.799999999999997,2.0,True,4.560000000000002,-0.799999999999983,True,2.1000000000000085,-2.1000000000000085,False,5.200000000000003,5.200000000000003,True,0.006000000000000005,-0.006000000000000005,True,0.006999999999999895,-0.006999999999999895
2018-19,Atlanta Hawks,Toronto Raptors,True,-0.8999999999999986,-0.8999999999999986,True,-1.2800000000000011,-1.2800000000000011,False,-0.5,0.5,False,1.3000000000000114,1.3000000000000114,False,-0.007000000000000006,0.007000000000000006,False,-0.0010000000000000009,0.0010000000000000009
2018-19,Boston Celtics,Toronto Raptors,False,0.0,0.0,False,-0.5100000000000051,0.5100000000000051,True,1.5,-1.0999999999999943,False,-0.5,0.09999999999999432,False,-0.0030000000000000027,0.0030000000000000027,True,0.0030000000000000027,-0.0030000000000000027
2018-19,Brooklyn Nets,Toronto Raptors,False,1.8999999999999986,1.8999999999999986,False,0.18000000000000682,0.18000000000000682,False,-0.20000000000000284,0.20000000000000284,False,0.20000000000000284,0.20000000000000284,False,0.0,0.0,False,-0.0020000000000000018,0.0020000000000000018
2018-19,Charlotte Hornets,Toronto Raptors,False,0.3999999999999986,0.3999999999999986,False,-2.940000000000012,2.940000000000012,False,-4.799999999999997,4.799999999999997,False,0.7999999999999972,0.7999999999999972,False,-0.010000000000000009,0.010000000000000009,False,-0.015000000000000013,0.015000000000000013
2018-19,Chicago Bulls,Toronto Raptors,True,9.200000000000003,-6.599999999999994,True,1.1599999999999966,-1.1599999999999966,True,1.2999999999999972,-1.2999999999999972,True,-3.8999999999999915,-3.8999999999999915,True,0.010000000000000009,-0.010000000000000009,True,0.006000000000000005,-0.006000000000000005
2018-19,Cleveland Cavaliers,Toronto Raptors,True,2.6999999999999993,-2.6999999999999993,True,1.7999999999999972,-1.7999999999999972,True,0.10000000000000853,-0.10000000000000853,True,-2.0,-2.0,True,0.019000000000000017,-0.019000000000000017,True,0.013000000000000012,-0.013000000000000012
2018-19,Dallas Mavericks,Toronto Raptors,False,4.699999999999996,4.699999999999996,True,0.29000000000000625,-0.29000000000000625,True,7.200000000000003,-0.5999999999999801,False,1.1000000000000085,1.1000000000000085,True,0.026000000000000023,-0.02200000000000002,True,0.025999999999999912,-0.02199999999999991
2018-19,Denver Nuggets,Toronto Raptors,False,-0.7999999999999972,0.7999999999999972,False,-0.8499999999999943,0.8499999999999943,True,0.5,-0.5,False,2.3000000000000114,2.3000000000000114,True,0.008000000000000007,-0.008000000000000007,True,0.008999999999999897,-0.008999999999999897
2018-19,Detroit Pistons,Toronto Raptors,False,-2.0999999999999943,0.09999999999999432,False,-0.01999999999999602,0.01999999999999602,True,0.3999999999999915,-0.3999999999999915,False,3.5999999999999943,3.5999999999999943,True,0.020000000000000018,-0.020000000000000018,True,0.017000000000000015,-0.017000000000000015
2018-19,Golden State Warriors,Toronto Raptors,False,-3.099999999999998,1.899999999999995,True,-0.6999999999999886,-0.6999999999999886,False,-10.599999999999994,5.799999999999983,False,4.400000000000006,4.400000000000006,False,-0.06799999999999995,0.024000000000000132,False,-0.05599999999999994,0.02199999999999991
2018-19,Houston Rockets,Toronto Raptors,True,-0.10000000000000142,-0.10000000000000142,False,5.650000000000006,1.4099999999999966,True,-2.4000000000000057,-2.200000000000017,True,-0.29999999999999716,-0.29999999999999716,False,-0.0050000000000000044,0.0050000000000000044,True,-0.0030000000000000027,-0.0010000000000000009
2018-19,Indiana Pacers,Toronto Raptors,True,2.6000000000000014,-2.6000000000000014,True,0.769999999999996,-0.769999999999996,True,0.09999999999999432,-0.09999999999999432,True,1.5,-0.09999999999999432,True,0.0040000000000000036,-0.0040000000000000036,True,0.0039999999999998925,-0.0039999999999998925
2018-19,LA Clippers,Toronto Raptors,True,7.699999999999999,-7.699999999999999,True,-0.5,-0.5,True,1.8999999999999915,-0.4999999999999858,True,-3.5,-3.5,True,0.006000000000000005,-0.006000000000000005,True,0.0020000000000000018,-0.0020000000000000018
2018-19,Los Angeles Lakers,Toronto Raptors,True,0.6000000000000014,-0.6000000000000014,True,-2.3999999999999915,-2.3999999999999915,True,4.299999999999997,-4.299999999999997,True,-2.8000000000000114,-1.4000000000000057,True,0.015000000000000013,-0.015000000000000013,True,0.018999999999999906,-0.018999999999999906
2018-19,Memphis Grizzlies,Toronto Raptors,True,2.6000000000000014,-2.6000000000000014,True,6.159999999999997,-0.5600000000000023,True,3.1000000000000085,-3.1000000000000085,False,1.7000000000000028,1.7000000000000028,True,0.020000000000000018,-0.020000000000000018,True,0.013000000000000012,-0.013000000000000012
2018-19,Miami Heat,Toronto Raptors,False,3.0,0.20000000000000284,False,-0.030000000000001137,0.030000000000001137,True,5.200000000000003,-5.200000000000003,False,2.200000000000003,2.200000000000003,True,0.03200000000000003,-0.02400000000000002,True,0.04499999999999993,-0.028999999999999915
2018-19,Milwaukee Bucks,Toronto Raptors,False,0.6999999999999957,0.6999999999999957,False,1.940000000000012,1.940000000000012,True,-1.5999999999999943,-0.20000000000001705,False,-2.4000000000000057,2.4000000000000057,False,0.0020000000000000018,0.0020000000000000018,False,0.0,0.0
2018-19,Minnesota Timberwolves,Toronto Raptors,False,11.000000000000004,0.8000000000000078,False,3.0600000000000023,3.0600000000000023,False,-3.0,3.0,True,-0.6000000000000085,-0.6000000000000085,True,0.0030000000000000027,-0.0030000000000000027,False,-0.0010000000000000009,0.0010000000000000009
2018-19,New Orleans Pelicans,Toronto Raptors,True,7.0,-0.7999999999999972,False,0.0,0.0,False,-0.20000000000000284,0.20000000000000284,True,-0.20000000000000284,-0.20000000000000284,True,0.010000000000000009,-0.010000000000000009,True,0.0050000000000000044,-0.0050000000000000044
2018-19,New York Knicks,Toronto Raptors,False,-1.1000000000000014,1.1000000000000014,False,-1.0499999999999972,1.0499999999999972,True,1.9000000000000057,-1.9000000000000057,True,-0.5,-0.5,True,0.01100000000000001,-0.01100000000000001,True,0.0020000000000000018,-0.0020000000000000018
2018-19,Oklahoma City Thunder,Toronto Raptors,False,-2.400000000000002,2.400000000000002,True,-3.9599999999999937,-1.779999999999987,True,0.29999999999999716,-0.29999999999999716,False,1.5999999999999943,1.0,True,0.016000000000000014,-0.016000000000000014,True,0.027999999999999914,-0.027999999999999914
2018-19,Orlando Magic,Toronto Raptors,True,0.10000000000000142,-0.10000000000000142,True,0.3399999999999892,-0.3399999999999892,False,-0.29999999999999716,0.29999999999999716,False,1.6000000000000085,1.6000000000000085,False,-0.01200000000000001,0.01200000000000001,False,-0.006000000000000005,0.006000000000000005
2018-19,Philadelphia 76ers,Toronto Raptors,True,1.4000000000000021,-1.4000000000000021,True,-3.0,-1.1599999999999966,False,-0.8999999999999915,0.8999999999999915,True,-0.5999999999999943,-0.5999999999999943,True,0.0020000000000000018,-0.0020000000000000018,False,-0.008000000000000007,0.008000000000000007
2018-19,Phoenix Suns,Toronto Raptors,True,2.5,-2.5,False,0.5899999999999892,0.5899999999999892,True,6.0,-6.0,True,-3.4000000000000057,-3.4000000000000057,True,0.018000000000000016,-0.018000000000000016,True,0.02399999999999991,-0.02399999999999991
2018-19,Portland Trail Blazers,Toronto Raptors,True,3.400000000000002,-2.7999999999999936,False,1.210000000000008,0.10999999999998522,True,-0.5,-0.5,False,4.799999999999997,4.799999999999997,True,0.0050000000000000044,-0.0050000000000000044,True,0.0020000000000000018,-0.0020000000000000018
2018-19,Sacramento Kings,Toronto Raptors,True,5.0,-2.799999999999997,True,-4.280000000000001,-2.4599999999999795,False,-0.09999999999999432,0.09999999999999432,False,0.6000000000000085,0.6000000000000085,True,0.010000000000000009,-0.010000000000000009,True,0.0119999999999999,-0.0119999999999999
2018-19,San Antonio Spurs,Toronto Raptors,True,3.1999999999999993,-3.1999999999999993,True,2.260000000000005,-1.0000000000000142,False,-0.5,0.5,False,2.0,2.0,False,-0.0030000000000000027,0.0030000000000000027,False,0.0,0.0
2018-19,Utah Jazz,Toronto Raptors,False,1.2000000000000028,1.2000000000000028,False,-1.6899999999999977,1.0300000000000011,True,1.5,-1.5,False,4.0,1.0,False,0.01100000000000001,0.0010000000000000009,True,0.013000000000000012,-0.0010000000000000009
2018-19,Washington Wizards,Toronto Raptors,False,-0.6999999999999957,0.6999999999999957,False,1.1499999999999915,1.1499999999999915,False,0.0,0.0,False,1.7999999999999972,1.7999999999999972,False,-0.008000000000000007,0.008000000000000007,False,-0.004999999999999893,0.004999999999999893
2019-20,Atlanta Hawks,Los Angeles Lakers,True,-2.700000000000003,-2.700000000000003,False,-4.599999999999994,0.4399999999999977,True,7.299999999999997,-2.1000000000000085,True,-2.3000000000000114,-2.3000000000000114,True,0.02400000000000002,-0.02400000000000002,True,0.026999999999999913,-0.010999999999999899
2019-20,Boston Celtics,Los Angeles Lakers,False,1.8999999999999986,1.8999999999999986,False,-0.980000000000004,0.980000000000004,False,0.29999999999999716,0.29999999999999716,False,5.299999999999997,5.299999999999997,True,0.01200000000000001,-0.010000000000000009,True,0.0040000000000000036,-0.0020000000000000018
2019-20,Brooklyn Nets,Los Angeles Lakers,True,-2.0,-2.0,False,-1.4300000000000068,0.4300000000000068,False,8.599999999999994,2.5999999999999943,False,3.8999999999999915,3.8999999999999915,False,0.05499999999999994,0.010999999999999899,False,0.05599999999999994,0.018000000000000127
2019-20,Charlotte Hornets,Los Angeles Lakers,False,2.700000000000003,2.700000000000003,True,2.760000000000005,-2.760000000000005,True,4.199999999999989,-4.199999999999989,True,-0.7999999999999972,-0.7999999999999972,True,0.028000000000000025,-0.028000000000000025,True,0.02499999999999991,-0.02499999999999991
2019-20,Chicago Bulls,Los Angeles Lakers,True,-1.1000000000000014,-1.1000000000000014,False,-0.8799999999999955,0.8799999999999955,True,4.6000000000000085,-4.6000000000000085,False,2.5999999999999943,2.5999999999999943,True,0.03200000000000003,-0.02200000000000002,True,0.027999999999999914,-0.02399999999999991
2019-20,Cleveland Cavaliers,Los Angeles Lakers,False,-2.1000000000000014,1.7000000000000028,False,-1.210000000000008,1.210000000000008,False,-1.7000000000000028,1.7000000000000028,True,-1.2999999999999972,-1.2999999999999972,False,-0.014000000000000012,0.014000000000000012,False,-0.010000000000000009,0.010000000000000009
2019-20,Dallas Mavericks,Los Angeles Lakers,True,-3.1999999999999957,-3.1999999999999957,False,-1.9500000000000028,1.9500000000000028,True,-1.3000000000000114,-1.3000000000000114,False,1.0999999999999943,1.0999999999999943,False,0.0050000000000000044,0.0050000000000000044,False,0.0010000000000000009,0.0010000000000000009
2019-20,Denver Nuggets,Los Angeles Lakers,False,3.6000000000000014,1.6000000000000014,True,0.09999999999999432,-0.09999999999999432,False,3.700000000000003,3.700000000000003,False,1.0999999999999943,1.0999999999999943,False,0.02200000000000002,0.008000000000000007,False,0.02100000000000002,0.009000000000000008
2019-20,Detroit Pistons,Los Angeles Lakers,False,0.19999999999999574,0.19999999999999574,True,0.3299999999999983,-0.3299999999999983,False,-1.2000000000000028,1.2000000000000028,True,-0.09999999999999432,-0.09999999999999432,False,-0.010000000000000009,0.010000000000000009,False,-0.0050000000000000044,0.0050000000000000044
2019-20,Golden State Warriors,Los Angeles Lakers,False,7.400000000000002,6.800000000000001,False,1.769999999999996,1.4500000000000028,True,6.099999999999994,-6.099999999999994,True,-3.5999999999999943,-3.5999999999999943,True,0.05400000000000005,-0.03600000000000003,True,0.04299999999999993,-0.02299999999999991
2019-20,Houston Rockets,Los Angeles Lakers,True,-4.699999999999996,-4.699999999999996,True,-2.3500000000000085,-2.3500000000000085,False,-5.5,3.9000000000000057,False,4.6000000000000085,4.6000000000000085,False,-0.016000000000000014,0.016000000000000014,False,-0.02499999999999991,0.014999999999999902
2019-20,Indiana Pacers,Los Angeles Lakers,True,6.0,-1.2000000000000028,True,2.6400000000000006,-0.9400000000000119,True,2.4000000000000057,-2.0,False,4.400000000000006,4.400000000000006,True,0.008000000000000007,-0.008000000000000007,True,0.010000000000000009,-0.006000000000000005
2019-20,LA Clippers,Los Angeles Lakers,False,1.2000000000000028,1.2000000000000028,False,-4.530000000000001,2.6100000000000136,False,3.4000000000000057,3.4000000000000057,False,3.6999999999999886,3.6999999999999886,False,0.028999999999999915,0.014999999999999902,False,0.02200000000000002,0.02200000000000002
2019-20,Memphis Grizzlies,Los Angeles Lakers,False,-0.10000000000000142,0.10000000000000142,True,-2.5400000000000063,-1.6799999999999926,True,3.0,-3.0,False,0.7999999999999972,0.7999999999999972,False,0.0,0.0,False,-0.0010000000000000009,0.0010000000000000009
2019-20,Miami Heat,Los Angeles Lakers,False,0.8000000000000043,0.8000000000000043,False,-1.6099999999999994,1.6099999999999994,False,-1.3000000000000114,0.9000000000000057,False,1.4000000000000057,1.4000000000000057,True,-0.0010000000000000009,-0.0010000000000000009,True,-0.006000000000000005,-0.006000000000000005
2019-20,Milwaukee Bucks,Los Angeles Lakers,True,-1.7999999999999972,-1.7999999999999972,True,-2.660000000000011,-2.660000000000011,False,4.599999999999994,4.599999999999994,False,8.200000000000003,1.0000000000000142,False,0.013999999999999901,0.013999999999999901,False,0.010000000000000009,0.010000000000000009
2019-20,Minnesota Timberwolves,Los Angeles Lakers,True,-2.1000000000000014,-2.1000000000000014,True,-1.980000000000004,-1.980000000000004,True,1.7000000000000028,-1.7000000000000028,False,2.9000000000000057,2.9000000000000057,True,0.006000000000000005,-0.006000000000000005,True,0.0040000000000000036,-0.0040000000000000036
2019-20,New Orleans Pelicans,Los Angeles Lakers,True,-6.5,-4.099999999999994,True,-3.3499999999999943,-2.030000000000001,False,2.5,0.09999999999999432,False,1.5,1.5,False,-0.0020000000000000018,0.0020000000000000018,True,0.0020000000000000018,-0.0020000000000000018
2019-20,New York Knicks,Los Angeles Lakers,True,1.6000000000000014,-1.6000000000000014,False,-2.7900000000000063,2.7900000000000063,True,4.299999999999997,-4.299999999999997,True,-4.6000000000000085,-4.6000000000000085,True,0.02300000000000002,-0.02300000000000002,True,0.028000000000000025,-0.028000000000000025
2019-20,Oklahoma City Thunder,Los Angeles Lakers,False,4.900000000000002,2.099999999999998,True,2.1899999999999977,-1.3700000000000045,False,-7.299999999999997,7.299999999999997,False,5.300000000000011,5.300000000000011,False,-0.02100000000000002,0.02100000000000002,False,-0.03399999999999992,0.03399999999999992
2019-20,Orlando Magic,Los Angeles Lakers,True,-0.40000000000000213,-0.40000000000000213,True,0.18000000000000682,-0.18000000000000682,False,-3.3000000000000114,3.3000000000000114,False,4.700000000000003,4.700000000000003,False,-0.016000000000000014,0.016000000000000014,False,-0.017000000000000015,0.017000000000000015
2019-20,Philadelphia 76ers,Los Angeles Lakers,False,-1.5,1.5,True,0.5300000000000011,-0.5300000000000011,True,1.7999999999999972,-0.20000000000000284,True,-1.4000000000000057,-1.4000000000000057,True,0.007000000000000006,-0.007000000000000006,True,0.013000000000000012,-0.0010000000000000009
2019-20,Phoenix Suns,Los Angeles Lakers,False,2.8000000000000007,2.8000000000000007,False,-3.739999999999995,2.660000000000011,False,5.0,4.199999999999989,True,-0.3999999999999915,-0.3999999999999915,False,0.03199999999999992,0.0119999999999999,False,0.02100000000000002,0.02100000000000002
2019-20,Portland Trail Blazers,Los Angeles Lakers,False,6.699999999999996,6.699999999999996,False,-2.200000000000003,2.200000000000003,False,3.8999999999999915,3.8999999999999915,False,1.0,1.0,True,0.007000000000000006,-0.007000000000000006,False,0.007000000000000006,0.0010000000000000009
2019-20,Sacramento Kings,Los Angeles Lakers,True,-1.6000000000000014,-1.6000000000000014,True,1.1099999999999994,-1.1099999999999994,True,3.200000000000003,-1.2000000000000028,False,5.099999999999994,5.099999999999994,True,0.015000000000000013,-0.0010000000000000009,True,0.01200000000000001,-0.0020000000000000018
2019-20,San Antonio Spurs,Los Angeles Lakers,False,-0.10000000000000142,0.10000000000000142,False,-1.6899999999999977,1.6899999999999977,False,-1.2000000000000028,1.2000000000000028,True,-0.5999999999999943,-0.5999999999999943,False,-0.014000000000000012,0.014000000000000012,False,-0.017999999999999905,0.017999999999999905
2019-20,Toronto Raptors,Los Angeles Lakers,False,2.299999999999997,2.299999999999997,False,-1.6200000000000045,1.6200000000000045,True,0.7999999999999972,-0.7999999999999972,False,7.299999999999997,4.500000000000014,False,-0.007000000000000006,0.007000000000000006,False,-0.007000000000000006,0.0050000000000000044
2019-20,Utah Jazz,Los Angeles Lakers,False,7.799999999999997,7.799999999999997,True,0.21999999999999886,-0.21999999999999886,False,4.700000000000003,4.700000000000003,True,-1.7999999999999972,-1.7999999999999972,False,0.013999999999999901,0.013999999999999901,False,0.01200000000000001,0.01200000000000001
2019-20,Washington Wizards,Los Angeles Lakers,False,-3.6000000000000014,1.6000000000000014,False,1.2900000000000063,1.2900000000000063,True,0.5,-0.5,True,-2.4000000000000057,-2.4000000000000057,True,0.008000000000000007,-0.008000000000000007,True,0.006999999999999895,-0.006999999999999895
2020-21,Atlanta Hawks,Milwaukee Bucks,True,1.0,-1.0,False,-0.010000000000005116,0.010000000000005116,True,1.1000000000000085,-1.1000000000000085,False,1.6000000000000085,1.6000000000000085,True,0.0040000000000000036,-0.0040000000000000036,False,0.0,0.0
2020-21,Boston Celtics,Milwaukee Bucks,True,0.7000000000000028,-0.7000000000000028,False,-1.6799999999999926,1.6799999999999926,True,0.5,-0.5,False,-5.599999999999994,3.4000000000000057,False,-0.0010000000000000009,0.0010000000000000009,True,0.0040000000000000036,-0.0040000000000000036
2020-21,Brooklyn Nets,Milwaukee Bucks,False,-4.400000000000002,4.400000000000002,False,-0.8699999999999903,0.8699999999999903,False,-4.099999999999994,2.5,True,-0.7999999999999972,-0.7999999999999972,False,-0.03499999999999992,0.016999999999999904,False,-0.03400000000000003,0.0
2020-21,Charlotte Hornets,Milwaukee Bucks,False,1.2000000000000028,1.0,True,1.519999999999996,-1.519999999999996,True,3.5,-3.5,False,1.0999999999999943,1.0999999999999943,True,0.01200000000000001,-0.01200000000000001,True,0.008000000000000007,-0.008000000000000007
2020-21,Chicago Bulls,Milwaukee Bucks,False,-5.199999999999999,5.199999999999999,False,-0.8199999999999932,0.8199999999999932,True,2.299999999999997,-2.299999999999997,False,1.7000000000000028,1.7000000000000028,False,-0.006000000000000005,0.006000000000000005,True,0.0040000000000000036,-0.0040000000000000036
2020-21,Cleveland Cavaliers,Milwaukee Bucks,True,3.099999999999998,-3.099999999999998,False,-1.1299999999999955,1.1299999999999955,True,5.799999999999997,-5.799999999999997,True,-4.599999999999994,-1.0,True,0.030000000000000027,-0.030000000000000027,True,0.027999999999999914,-0.027999999999999914
2020-21,Dallas Mavericks,Milwaukee Bucks,True,-0.7000000000000028,-0.7000000000000028,False,-2.299999999999997,2.299999999999997,False,-2.0999999999999943,2.0999999999999943,False,-3.200000000000003,1.4210854715202004e-14,False,-0.01200000000000001,0.01200000000000001,False,-0.010000000000000009,0.010000000000000009
2020-21,Denver Nuggets,Milwaukee Bucks,True,1.6999999999999957,-1.6999999999999957,True,0.6700000000000017,-0.6700000000000017,False,-2.5,2.5,False,0.0,0.0,False,-0.0010000000000000009,0.0010000000000000009,True,0.0020000000000000018,-0.0020000000000000018
2020-21,Detroit Pistons,Milwaukee Bucks,True,1.7000000000000028,-1.7000000000000028,True,0.6200000000000045,-0.6200000000000045,False,-2.0,2.0,False,1.0999999999999943,1.0999999999999943,False,-0.025000000000000022,0.025000000000000022,False,-0.02300000000000002,0.02300000000000002
2020-21,Golden State Warriors,Milwaukee Bucks,False,0.6999999999999957,0.6999999999999957,False,-4.070000000000007,4.070000000000007,True,1.5999999999999943,-1.5999999999999943,False,-2.8000000000000114,2.8000000000000114,True,0.0010000000000000009,-0.0010000000000000009,False,-0.0010000000000000009,0.0010000000000000009
2020-21,Houston Rockets,Milwaukee Bucks,True,-1.8999999999999986,-1.8999999999999986,False,-0.5300000000000011,0.5300000000000011,True,1.0999999999999943,-1.0999999999999943,False,2.0,2.0,True,0.013000000000000012,-0.013000000000000012,True,0.0119999999999999,-0.0119999999999999
2020-21,Indiana Pacers,Milwaukee Bucks,True,1.3999999999999986,-1.3999999999999986,False,-3.5,3.5,False,0.0,0.0,False,3.5999999999999943,3.5999999999999943,False,-0.01100000000000001,0.01100000000000001,False,-0.01100000000000001,0.01100000000000001
2020-21,LA Clippers,Milwaukee Bucks,False,-0.5,0.5,True,0.8800000000000097,-0.8800000000000097,False,-7.200000000000003,6.799999999999997,False,-1.0999999999999943,1.0999999999999943,False,-0.03299999999999992,0.03299999999999992,False,-0.03500000000000003,0.02300000000000002
2020-21,Los Angeles Lakers,Milwaukee Bucks,True,3.3000000000000007,-3.3000000000000007,True,1.6200000000000045,-1.6200000000000045,True,0.20000000000000284,-0.20000000000000284,True,6.0,-1.8000000000000114,True,0.0010000000000000009,-0.0010000000000000009,False,-0.0020000000000000018,0.0020000000000000018
2020-21,Memphis Grizzlies,Milwaukee Bucks,True,1.3000000000000043,-1.3000000000000043,False,-0.25,0.25,True,2.5999999999999943,-2.5999999999999943,False,-1.5999999999999943,1.5999999999999943,False,-0.006000000000000005,0.006000000000000005,False,-0.007000000000000006,0.007000000000000006
2020-21,Miami Heat,Milwaukee Bucks,False,-0.4000000000000057,0.4000000000000057,False,-0.5600000000000023,0.5600000000000023,True,2.4000000000000057,-2.4000000000000057,False,-2.299999999999997,2.299999999999997,True,0.0010000000000000009,-0.0010000000000000009,True,0.0030000000000000027,-0.0030000000000000027
2020-21,Minnesota Timberwolves,Milwaukee Bucks,False,3.6999999999999957,3.6999999999999957,False,-0.4899999999999949,0.4899999999999949,True,4.5,-4.5,True,-3.5,-3.5,True,0.019000000000000017,-0.019000000000000017,True,0.017999999999999905,-0.017999999999999905
2020-21,New Orleans Pelicans,Milwaukee Bucks,True,1.7000000000000028,-1.7000000000000028,False,-2.5200000000000102,2.5200000000000102,False,-1.7999999999999972,1.7999999999999972,True,-1.2999999999999972,-1.2999999999999972,False,-0.020000000000000018,0.020000000000000018,False,-0.0129999999999999,0.0129999999999999
2020-21,New York Knicks,Milwaukee Bucks,True,6.899999999999999,-6.899999999999999,True,0.10000000000000853,-0.10000000000000853,False,-0.5,0.5,True,2.4000000000000057,-2.4000000000000057,False,-0.01100000000000001,0.01100000000000001,False,-0.009000000000000008,0.009000000000000008
2020-21,Oklahoma City Thunder,Milwaukee Bucks,True,2.299999999999997,-1.7000000000000028,False,-2.219999999999999,2.219999999999999,True,1.0,-1.0,True,-1.7000000000000028,-1.7000000000000028,False,-0.01200000000000001,0.01200000000000001,False,-0.009000000000000008,0.009000000000000008
2020-21,Orlando Magic,Milwaukee Bucks,True,5.099999999999998,-5.099999999999998,True,0.539999999999992,-0.539999999999992,False,-0.6999999999999886,0.6999999999999886,True,-1.8000000000000114,-1.8000000000000114,True,0.013000000000000012,-0.013000000000000012,True,0.01100000000000001,-0.01100000000000001
2020-21,Philadelphia 76ers,Milwaukee Bucks,True,1.6999999999999993,-1.6999999999999993,False,-3.410000000000011,3.410000000000011,True,0.5,-0.5,True,3.200000000000003,-3.200000000000003,False,-0.007000000000000006,0.007000000000000006,False,-0.0010000000000000009,0.0010000000000000009
2020-21,Phoenix Suns,Milwaukee Bucks,False,-2.700000000000003,2.700000000000003,True,2.260000000000005,-2.260000000000005,False,-2.0999999999999943,2.0999999999999943,False,-3.6000000000000085,3.6000000000000085,False,-0.014999999999999902,0.014999999999999902,False,-0.016000000000000014,0.008000000000000007
2020-21,Portland Trail Blazers,Milwaukee Bucks,True,-4.0,-3.3999999999999915,False,-0.23000000000000398,0.23000000000000398,False,-9.799999999999997,8.600000000000009,False,1.0,1.0,False,-0.025000000000000022,0.025000000000000022,False,-0.026999999999999913,0.026999999999999913
2020-21,Sacramento Kings,Milwaukee Bucks,False,-0.09999999999999432,0.09999999999999432,False,-0.6099999999999994,0.6099999999999994,False,-3.1000000000000085,3.1000000000000085,True,-1.7000000000000028,-1.7000000000000028,False,-0.02400000000000002,0.02400000000000002,False,-0.016999999999999904,0.016999999999999904
2020-21,San Antonio Spurs,Milwaukee Bucks,True,3.6000000000000014,-3.6000000000000014,True,1.0600000000000023,-1.0600000000000023,True,1.4000000000000057,-1.4000000000000057,True,-0.29999999999999716,-0.29999999999999716,True,0.010000000000000009,-0.010000000000000009,True,0.0020000000000000018,-0.0020000000000000018
2020-21,Toronto Raptors,Milwaukee Bucks,False,-5.099999999999994,0.7000000000000028,False,-2.9399999999999977,2.9399999999999977,True,0.5,-0.5,True,-2.0999999999999943,-0.5,False,-0.019000000000000017,0.019000000000000017,False,-0.02399999999999991,0.02399999999999991
2020-21,Utah Jazz,Milwaukee Bucks,True,-2.700000000000003,-2.700000000000003,False,-1.8700000000000045,1.8700000000000045,False,-0.29999999999999716,0.29999999999999716,True,2.5,-2.5,False,-0.007999999999999896,0.007999999999999896,False,-0.008000000000000007,0.0
2020-21,Washington Wizards,Milwaukee Bucks,True,1.6000000000000014,-1.6000000000000014,False,-6.8700000000000045,3.2299999999999898,False,-0.5,0.5,False,1.2999999999999972,1.2999999999999972,True,0.0010000000000000009,-0.0010000000000000009,False,-0.0010000000000000009,0.0010000000000000009
2021-22,Atlanta Hawks,Golden State Warriors,False,-3.8999999999999986,3.8999999999999986,False,2.8900000000000006,2.750000000000014,False,0.09999999999999432,0.09999999999999432,False,1.7000000000000028,1.7000000000000028,False,-0.0020000000000000018,0.0020000000000000018,False,-0.0020000000000000018,0.0020000000000000018
2021-22,Boston Celtics,Golden State Warriors,False,5.5,0.9000000000000057,True,1.8900000000000006,-1.069999999999979,False,3.700000000000003,3.700000000000003,False,4.3999999999999915,3.6000000000000085,False,0.02399999999999991,0.0039999999999998925,False,0.02200000000000002,0.014000000000000012
2021-22,Brooklyn Nets,Golden State Warriors,True,2.099999999999998,-2.099999999999998,True,-0.6300000000000097,-0.6300000000000097,False,1.3999999999999915,1.3999999999999915,False,1.2000000000000028,1.2000000000000028,True,0.02200000000000002,-0.0020000000000000018,False,0.02200000000000002,0.010000000000000009
2021-22,Charlotte Hornets,Golden State Warriors,False,-5.700000000000003,5.700000000000003,False,0.9500000000000028,0.9500000000000028,False,-5.199999999999989,2.1999999999999886,False,1.6000000000000085,1.6000000000000085,False,-0.028000000000000025,0.028000000000000025,False,-0.020999999999999908,0.020999999999999908
2021-22,Chicago Bulls,Golden State Warriors,True,0.09999999999999787,-0.09999999999999787,False,0.4200000000000017,0.4200000000000017,False,0.09999999999999432,0.09999999999999432,True,-1.7000000000000028,-1.7000000000000028,True,0.009000000000000008,-0.009000000000000008,False,0.008000000000000007,0.0020000000000000018
2021-22,Cleveland Cavaliers,Golden State Warriors,False,-1.1999999999999957,1.1999999999999957,False,-0.5600000000000023,0.5600000000000023,False,4.5,2.3000000000000114,False,1.0,1.0,True,0.018000000000000016,-0.010000000000000009,True,0.019000000000000017,-0.0030000000000000027
2021-22,Dallas Mavericks,Golden State Warriors,True,3.6000000000000014,-0.3999999999999986,True,1.5699999999999932,-1.5699999999999932,False,3.4000000000000057,3.4000000000000057,False,7.0,7.0,True,0.026999999999999913,-0.001000000000000112,False,0.027000000000000024,0.007000000000000006
2021-22,Denver Nuggets,Golden State Warriors,False,-4.699999999999999,4.699999999999999,True,0.3299999999999983,-0.3299999999999983,False,3.0,3.0,False,2.0,2.0,False,0.016999999999999904,0.016999999999999904,False,0.01100000000000001,0.01100000000000001
2021-22,Detroit Pistons,Golden State Warriors,False,-2.200000000000003,2.200000000000003,False,1.0699999999999932,1.0699999999999932,True,4.300000000000011,-4.300000000000011,False,4.5,4.5,True,0.026000000000000023,-0.026000000000000023,True,0.028000000000000025,-0.028000000000000025
2021-22,Houston Rockets,Golden State Warriors,False,-6.800000000000004,6.800000000000004,True,-1.4200000000000017,-1.4200000000000017,True,2.4000000000000057,-2.4000000000000057,False,2.1999999999999886,2.1999999999999886,False,-0.018000000000000016,0.018000000000000016,False,-0.010999999999999899,0.010999999999999899
2021-22,Indiana Pacers,Golden State Warriors,True,1.6000000000000014,-1.6000000000000014,False,3.1300000000000097,2.750000000000014,False,1.8999999999999915,1.5000000000000142,False,1.5999999999999943,1.5999999999999943,True,0.014000000000000012,-0.014000000000000012,True,0.017000000000000015,-0.017000000000000015
2021-22,LA Clippers,Golden State Warriors,False,-0.9000000000000057,0.9000000000000057,True,0.3299999999999983,-0.12999999999998124,True,4.5,-0.6999999999999886,False,4.099999999999994,4.099999999999994,True,0.020000000000000018,-0.020000000000000018,True,0.02400000000000002,-0.01200000000000001
2021-22,Los Angeles Lakers,Golden State Warriors,False,-3.3000000000000007,3.3000000000000007,False,1.4500000000000028,1.4500000000000028,True,3.9000000000000057,-0.29999999999998295,False,0.4000000000000057,0.4000000000000057,True,0.0050000000000000044,-0.0050000000000000044,True,0.015000000000000013,-0.015000000000000013
2021-22,Memphis Grizzlies,Golden State Warriors,True,1.5,-1.5,False,0.980000000000004,0.980000000000004,False,0.4000000000000057,0.4000000000000057,False,1.7999999999999972,1.7999999999999972,True,0.018000000000000016,-0.018000000000000016,True,0.016999999999999904,-0.016999999999999904
2021-22,Miami Heat,Golden State Warriors,False,-1.0,1.0,True,0.23000000000000398,-0.23000000000000398,True,-0.7000000000000028,-0.7000000000000028,False,4.3999999999999915,4.3999999999999915,False,-0.017000000000000015,0.017000000000000015,False,-0.010000000000000009,0.006000000000000005
2021-22,Milwaukee Bucks,Golden State Warriors,True,1.8999999999999986,-0.10000000000000142,False,0.8599999999999994,0.8599999999999994,False,0.0,0.0,True,-0.19999999999998863,-0.19999999999998863,True,0.009000000000000008,-0.0030000000000000027,True,0.0030000000000000027,-0.0010000000000000009
2021-22,Minnesota Timberwolves,Golden State Warriors,False,-8.0,4.200000000000003,False,0.0799999999999983,0.0799999999999983,True,-0.5,-0.5,False,2.0999999999999943,2.0999999999999943,True,0.02100000000000002,-0.0050000000000000044,False,0.019000000000000017,0.0010000000000000009
2021-22,New Orleans Pelicans,Golden State Warriors,False,-2.0,2.0,False,1.5600000000000023,0.12000000000000455,False,2.5999999999999943,0.8000000000000114,False,0.0,0.0,True,0.026000000000000023,-0.026000000000000023,True,0.02499999999999991,-0.02499999999999991
2021-22,New York Knicks,Golden State Warriors,False,-1.1999999999999957,1.1999999999999957,True,1.3299999999999983,-1.3299999999999983,False,7.299999999999997,2.500000000000014,False,4.0,4.0,True,0.028000000000000025,-0.028000000000000025,True,0.026999999999999913,-0.026999999999999913
2021-22,Oklahoma City Thunder,Golden State Warriors,False,-3.299999999999997,3.299999999999997,False,2.549999999999997,2.549999999999997,True,10.400000000000006,-6.199999999999989,False,1.5,1.5,True,0.03400000000000003,-0.03400000000000003,True,0.039999999999999925,-0.039999999999999925
2021-22,Orlando Magic,Golden State Warriors,False,-5.799999999999997,5.799999999999997,True,-0.04999999999999716,-0.04999999999999716,True,7.3999999999999915,-7.3999999999999915,False,1.6000000000000085,1.6000000000000085,True,0.029000000000000026,-0.029000000000000026,True,0.03499999999999992,-0.03499999999999992
2021-22,Philadelphia 76ers,Golden State Warriors,True,0.8000000000000007,-0.8000000000000007,True,0.730000000000004,-0.730000000000004,False,4.0,4.0,False,2.5,2.5,True,0.028999999999999915,-0.007000000000000117,False,0.030000000000000027,0.02200000000000002
2021-22,Phoenix Suns,Golden State Warriors,True,0.7000000000000028,-0.7000000000000028,True,-1.4300000000000068,-1.4300000000000068,False,0.29999999999999716,0.29999999999999716,False,5.5,5.5,False,-0.014000000000000012,0.014000000000000012,False,-0.01100000000000001,0.01100000000000001
2021-22,Portland Trail Blazers,Golden State Warriors,False,-1.5,1.5,False,0.5100000000000051,0.5100000000000051,True,6.700000000000003,-2.8999999999999915,False,1.7000000000000028,1.7000000000000028,True,0.03400000000000003,-0.03400000000000003,True,0.038999999999999924,-0.02499999999999991
2021-22,Sacramento Kings,Golden State Warriors,True,4.099999999999994,-4.099999999999994,False,0.8900000000000006,0.8900000000000006,False,9.0,4.0,False,1.2000000000000028,1.2000000000000028,True,0.04699999999999993,-0.007000000000000117,False,0.04699999999999993,0.0050000000000001155
2021-22,San Antonio Spurs,Golden State Warriors,True,0.20000000000000284,-0.20000000000000284,False,1.559999999999988,1.559999999999988,False,-2.200000000000003,2.200000000000003,False,7.8999999999999915,7.8999999999999915,False,-0.0020000000000000018,0.0020000000000000018,False,-0.0020000000000000018,0.0020000000000000018
2021-22,Toronto Raptors,Golden State Warriors,False,-2.200000000000003,2.200000000000003,True,1.2199999999999989,-1.2199999999999989,False,2.5,2.5,False,3.1999999999999886,3.1999999999999886,True,0.007000000000000006,-0.007000000000000006,True,0.01200000000000001,-0.01200000000000001
2021-22,Utah Jazz,Golden State Warriors,False,-2.5,0.7000000000000028,False,3.519999999999996,1.0400000000000063,True,-0.9000000000000057,-0.9000000000000057,False,6.0,6.0,False,-0.008000000000000007,0.0020000000000000018,True,-0.0050000000000000044,-0.0050000000000000044
2021-22,Washington Wizards,Golden State Warriors,True,1.0999999999999979,-1.0999999999999979,True,1.3599999999999994,-0.519999999999996,True,3.5,-0.29999999999998295,False,1.3000000000000114,1.3000000000000114,True,0.018000000000000016,-0.018000000000000016,True,0.017000000000000015,-0.01100000000000001
2022-23,Atlanta Hawks,Denver Nuggets,False,7.200000000000003,5.800000000000004,True,-0.7199999999999989,-0.7199999999999989,True,0.9000000000000057,-0.9000000000000057,False,3.0,3.0,False,-0.0020000000000000018,0.0020000000000000018,False,-0.0030000000000000027,0.0030000000000000027
2022-23,Boston Celtics,Denver Nuggets,True,-0.10000000000000142,-0.10000000000000142,False,-1.1700000000000017,0.3499999999999801,False,4.900000000000006,4.900000000000006,False,0.0,0.0,True,0.01200000000000001,-0.0020000000000000018,False,0.009000000000000008,0.007000000000000006
2022-23,Brooklyn Nets,Denver Nuggets,False,2.9000000000000057,2.9000000000000057,False,-1.2099999999999937,1.1499999999999915,False,-2.1999999999999886,2.1999999999999886,False,1.9000000000000057,1.9000000000000057,False,-0.031000000000000028,0.031000000000000028,False,-0.03699999999999992,0.03699999999999992
2022-23,Charlotte Hornets,Denver Nuggets,False,1.5,1.5,True,-3.6599999999999966,-1.8000000000000114,True,0.19999999999998863,-0.19999999999998863,False,4.5,4.5,True,0.013000000000000012,-0.013000000000000012,True,0.009000000000000008,-0.009000000000000008
2022-23,Chicago Bulls,Denver Nuggets,True,3.200000000000003,-1.3999999999999986,False,-2.240000000000009,1.3599999999999852,True,1.2000000000000028,-1.2000000000000028,False,4.200000000000003,0.20000000000000284,False,-0.016000000000000014,0.016000000000000014,False,-0.019000000000000017,0.019000000000000017
2022-23,Cleveland Cavaliers,Denver Nuggets,False,5.199999999999996,5.199999999999996,True,1.3500000000000085,-1.3500000000000085,False,-0.7999999999999972,0.7999999999999972,True,2.1999999999999886,-2.1999999999999886,True,0.0010000000000000009,-0.0010000000000000009,False,-0.0040000000000000036,0.0040000000000000036
2022-23,Dallas Mavericks,Denver Nuggets,True,-1.5,-1.5,False,3.3900000000000006,0.3299999999999983,True,1.0999999999999943,-0.6999999999999886,True,-1.1999999999999886,-1.1999999999999886,False,-0.0029999999999998916,0.0029999999999998916,False,-0.007000000000000006,0.007000000000000006
2022-23,Detroit Pistons,Denver Nuggets,True,-0.6999999999999993,-0.6999999999999993,False,0.5700000000000074,0.5700000000000074,False,-0.9000000000000057,0.9000000000000057,False,0.20000000000000284,0.20000000000000284,True,0.006000000000000005,-0.006000000000000005,True,0.0010000000000000009,-0.0010000000000000009
2022-23,Golden State Warriors,Denver Nuggets,True,-4.300000000000004,-4.300000000000004,True,-2.6300000000000097,-2.6300000000000097,True,1.8000000000000114,-1.5999999999999943,False,1.0999999999999943,0.9000000000000057,False,-0.013999999999999901,0.013999999999999901,False,-0.014000000000000012,0.014000000000000012
2022-23,Houston Rockets,Denver Nuggets,False,4.200000000000003,4.200000000000003,True,-0.14999999999999147,-0.14999999999999147,True,3.200000000000003,-3.200000000000003,True,-5.799999999999997,-4.3999999999999915,True,0.013000000000000012,-0.013000000000000012,True,0.010999999999999899,-0.010999999999999899
2022-23,Indiana Pacers,Denver Nuggets,True,-1.7000000000000028,-1.7000000000000028,False,0.47999999999998977,0.47999999999998977,False,6.700000000000003,0.7000000000000028,False,0.5,0.5,True,0.03299999999999992,-0.02299999999999991,True,0.025000000000000022,-0.015000000000000013
2022-23,LA Clippers,Denver Nuggets,True,-0.09999999999999432,-0.09999999999999432,False,-0.9099999999999966,0.7099999999999795,True,3.9000000000000057,-1.6999999999999886,False,1.0,1.0,True,0.010000000000000009,-0.010000000000000009,True,0.01100000000000001,-0.01100000000000001
2022-23,Los Angeles Lakers,Denver Nuggets,False,0.1999999999999993,0.1999999999999993,True,-0.5400000000000063,-0.5400000000000063,True,1.5,-1.5,False,1.5999999999999943,1.0,True,0.02399999999999991,-0.02399999999999991,True,0.019000000000000017,-0.019000000000000017
2022-23,Memphis Grizzlies,Denver Nuggets,False,3.5999999999999943,3.5999999999999943,True,-2.819999999999993,-2.700000000000017,False,-7.900000000000006,7.900000000000006,True,3.0,-2.5999999999999943,False,-0.031000000000000028,0.031000000000000028,False,-0.026999999999999913,0.026999999999999913
2022-23,Miami Heat,Denver Nuggets,True,-1.0999999999999943,-1.0999999999999943,True,0.11999999999999034,-0.11999999999999034,True,1.0,-1.0,False,-1.2999999999999972,1.2999999999999972,True,0.008000000000000007,-0.008000000000000007,True,0.0040000000000000036,-0.0040000000000000036
2022-23,Milwaukee Bucks,Denver Nuggets,True,-2.1999999999999957,-2.1999999999999957,True,-0.9399999999999977,-0.9399999999999977,True,3.299999999999997,-1.7000000000000028,True,4.099999999999994,-1.0999999999999943,True,0.0129999999999999,-0.0129999999999999,True,0.018000000000000016,-0.018000000000000016
2022-23,Minnesota Timberwolves,Denver Nuggets,True,-0.5999999999999943,-0.5999999999999943,True,-3.759999999999991,-1.8600000000000136,True,1.2999999999999972,-1.2999999999999972,False,-4.699999999999989,4.699999999999989,False,-0.0010000000000000009,0.0010000000000000009,True,0.0020000000000000018,-0.0020000000000000018
2022-23,New Orleans Pelicans,Denver Nuggets,False,2.5,0.30000000000000426,True,-0.8799999999999955,-0.8000000000000114,True,2.700000000000003,-2.700000000000003,False,-0.09999999999999432,0.09999999999999432,True,0.015000000000000013,-0.015000000000000013,True,0.009000000000000008,-0.009000000000000008
2022-23,New York Knicks,Denver Nuggets,False,0.09999999999999432,0.09999999999999432,False,-1.7900000000000063,1.7900000000000063,False,0.29999999999999716,0.29999999999999716,False,-1.7999999999999972,0.3999999999999915,False,-0.0010000000000000009,0.0010000000000000009,False,-0.0030000000000000027,0.0030000000000000027
2022-23,Oklahoma City Thunder,Denver Nuggets,False,0.10000000000000142,0.10000000000000142,True,-1.0900000000000034,-1.0900000000000034,True,4.099999999999994,-1.0999999999999943,False,-2.200000000000003,2.200000000000003,True,0.041999999999999926,-0.041999999999999926,True,0.038000000000000034,-0.02400000000000002
2022-23,Orlando Magic,Denver Nuggets,False,0.1999999999999993,3.552713678800501e-15,False,-2.289999999999992,0.44999999999998863,True,1.6000000000000085,-1.6000000000000085,False,-2.9000000000000057,2.5,True,0.009000000000000008,-0.009000000000000008,True,0.0040000000000000036,-0.0040000000000000036
2022-23,Philadelphia 76ers,Denver Nuggets,False,0.6999999999999957,0.6999999999999957,True,0.730000000000004,-0.730000000000004,False,-0.7999999999999972,0.3999999999999915,True,0.29999999999999716,-0.29999999999999716,False,-0.030999999999999917,0.030999999999999917,False,-0.03400000000000003,0.020000000000000018
2022-23,Phoenix Suns,Denver Nuggets,False,0.0,0.0,False,0.1700000000000017,0.1700000000000017,True,2.299999999999997,-2.299999999999997,True,1.4000000000000057,-1.0,True,0.029999999999999916,-0.029999999999999916,True,0.03300000000000003,-0.029000000000000026
2022-23,Portland Trail Blazers,Denver Nuggets,True,-2.0999999999999943,-2.0999999999999943,False,-1.3700000000000045,0.3499999999999943,False,-6.400000000000006,6.400000000000006,True,-1.4000000000000057,-1.4000000000000057,False,-0.04600000000000004,0.04600000000000004,False,-0.04999999999999993,0.04999999999999993
2022-23,Sacramento Kings,Denver Nuggets,False,2.0,2.0,True,-1.5300000000000011,-1.5300000000000011,True,-2.3999999999999915,-1.2000000000000028,True,-1.5999999999999943,-1.5999999999999943,False,-0.015999999999999903,0.015999999999999903,False,-0.026000000000000023,0.01200000000000001
2022-23,San Antonio Spurs,Denver Nuggets,False,4.199999999999996,4.199999999999996,True,-0.269999999999996,-0.269999999999996,False,-0.4000000000000057,0.4000000000000057,True,-4.0,-4.0,True,0.007000000000000006,-0.007000000000000006,True,0.008999999999999897,-0.008999999999999897
2022-23,Toronto Raptors,Denver Nuggets,False,1.1000000000000014,1.1000000000000014,False,2.0600000000000023,0.28000000000000114,False,-2.799999999999997,2.799999999999997,False,5.0,4.199999999999989,True,0.018000000000000016,-0.018000000000000016,True,0.010999999999999899,-0.010999999999999899
2022-23,Utah Jazz,Denver Nuggets,True,-1.2999999999999972,-1.2999999999999972,True,-0.7599999999999909,-0.7599999999999909,False,-0.7999999999999972,0.7999999999999972,False,3.5999999999999943,3.5999999999999943,False,-0.008000000000000007,0.008000000000000007,False,-0.0050000000000000044,0.0050000000000000044
2022-23,Washington Wizards,Denver Nuggets,False,3.8000000000000007,3.8000000000000007,False,3.9099999999999966,3.9099999999999966,False,-3.5,3.5,False,4.0,4.0,False,-0.01200000000000001,0.01200000000000001,False,-0.018000000000000016,0.018000000000000016
2023-24,Atlanta Hawks,Boston Celtics,False,0.0,0.0,False,2.569999999999993,2.569999999999993,False,-2.700000000000003,2.700000000000003,True,-3.6000000000000085,-3.6000000000000085,True,0.007000000000000006,-0.007000000000000006,True,0.0030000000000000027,-0.0030000000000000027
2023-24,Brooklyn Nets,Boston Celtics,True,2.6999999999999957,-2.6999999999999957,False,-0.8299999999999983,0.8299999999999983,False,-4.300000000000011,4.300000000000011,False,0.0,0.0,False,-0.015000000000000013,0.015000000000000013,False,-0.009000000000000008,0.009000000000000008
2023-24,Charlotte Hornets,Boston Celtics,True,4.299999999999997,-4.299999999999997,False,0.4099999999999966,0.06999999999999318,False,-1.8999999999999915,1.8999999999999915,True,-3.5,-3.5,False,-0.026000000000000023,0.026000000000000023,False,-0.02300000000000002,0.02300000000000002
2023-24,Chicago Bulls,Boston Celtics,True,9.899999999999999,-9.899999999999999,False,6.670000000000002,4.589999999999989,False,-0.7999999999999972,0.7999999999999972,True,-0.9000000000000057,-0.9000000000000057,True,0.019000000000000017,-0.019000000000000017,True,0.017000000000000015,-0.017000000000000015
2023-24,Cleveland Cavaliers,Boston Celtics,True,4.700000000000003,-4.700000000000003,False,2.6899999999999977,1.9699999999999989,True,6.299999999999997,-6.299999999999997,True,-0.29999999999999716,-0.29999999999999716,True,0.020999999999999908,-0.020999999999999908,True,0.02100000000000002,-0.02100000000000002
2023-24,Dallas Mavericks,Boston Celtics,False,-5.299999999999997,5.299999999999997,True,-0.44999999999998863,-0.44999999999998863,False,-3.299999999999997,3.299999999999997,False,0.09999999999999432,0.09999999999999432,False,-0.013000000000000012,0.013000000000000012,False,-0.009000000000000008,0.009000000000000008
2023-24,Denver Nuggets,Boston Celtics,True,0.6999999999999993,-0.6999999999999993,False,3.239999999999995,2.1400000000000006,True,1.1000000000000085,-1.1000000000000085,False,2.799999999999997,2.799999999999997,True,0.010999999999999899,-0.010999999999999899,True,0.015000000000000013,-0.015000000000000013
2023-24,Detroit Pistons,Boston Celtics,True,3.6999999999999993,-3.6999999999999993,True,-0.18000000000000682,-0.18000000000000682,True,5.599999999999994,-5.599999999999994,True,-5.5,-5.5,True,0.02100000000000002,-0.02100000000000002,True,0.017999999999999905,-0.017999999999999905
2023-24,Golden State Warriors,Boston Celtics,True,3.5,-3.5,True,-0.539999999999992,-0.539999999999992,False,-2.700000000000003,2.700000000000003,True,-3.5,-3.5,False,-0.02100000000000002,0.02100000000000002,False,-0.018000000000000016,0.018000000000000016
2023-24,Houston Rockets,Boston Celtics,False,-0.30000000000000426,0.30000000000000426,True,-0.5600000000000023,-0.5600000000000023,True,1.2000000000000028,-1.2000000000000028,True,-2.5,-1.9000000000000057,False,-0.006000000000000005,0.006000000000000005,False,-0.0119999999999999,0.0119999999999999
2023-24,Indiana Pacers,Boston Celtics,True,0.5,-0.5,True,-1.3999999999999915,-1.3999999999999915,False,-5.099999999999994,5.099999999999994,True,-4.299999999999997,-4.299999999999997,False,-0.015999999999999903,0.015999999999999903,False,-0.01200000000000001,0.01200000000000001
2023-24,LA Clippers,Boston Celtics,True,0.19999999999999574,-0.19999999999999574,False,0.30999999999998806,0.20999999999999375,False,-3.6000000000000085,3.6000000000000085,True,-5.199999999999989,-2.8000000000000114,False,-0.007000000000000006,0.007000000000000006,False,-0.010000000000000009,0.010000000000000009
2023-24,Los Angeles Lakers,Boston Celtics,True,5.0,-5.0,True,-3.039999999999992,-3.039999999999992,False,-0.4000000000000057,0.4000000000000057,True,-1.0,-1.0,False,-0.008999999999999897,0.008999999999999897,False,-0.008000000000000007,0.008000000000000007
2023-24,Memphis Grizzlies,Boston Celtics,True,0.10000000000000142,-0.10000000000000142,False,5.009999999999991,5.009999999999991,True,10.400000000000006,-10.400000000000006,True,-1.1000000000000085,-1.1000000000000085,True,0.04500000000000004,-0.04500000000000004,True,0.04499999999999993,-0.04499999999999993
2023-24,Miami Heat,Boston Celtics,True,3.5999999999999943,-3.5999999999999943,True,0.20000000000000284,-0.20000000000000284,False,-0.8999999999999915,0.8999999999999915,False,0.5,0.5,True,0.006000000000000005,-0.006000000000000005,False,-0.0020000000000000018,0.0020000000000000018
2023-24,Milwaukee Bucks,Boston Celtics,False,-1.5,1.5,True,-0.5900000000000034,-0.5900000000000034,False,-2.5,2.5,True,-2.299999999999997,-2.299999999999997,False,0.0,0.0,False,-0.0030000000000000027,0.0030000000000000027
2023-24,Minnesota Timberwolves,Boston Celtics,True,7.199999999999996,-7.199999999999996,True,0.1599999999999966,-0.1599999999999966,True,1.1000000000000085,-1.1000000000000085,True,2.3999999999999915,-1.9999999999999858,False,-0.0050000000000000044,0.0050000000000000044,False,-0.006000000000000005,0.006000000000000005
2023-24,New Orleans Pelicans,Boston Celtics,True,2.0,-2.0,False,1.0699999999999932,1.0699999999999932,False,-6.799999999999997,6.799999999999997,False,7.199999999999989,7.199999999999989,False,-0.039000000000000035,0.039000000000000035,False,-0.038999999999999924,0.038999999999999924
2023-24,New York Knicks,Boston Celtics,False,-1.6999999999999957,1.6999999999999957,True,1.6800000000000068,-1.6800000000000068,False,0.0,0.0,False,0.8999999999999915,0.8999999999999915,True,0.016000000000000014,-0.016000000000000014,True,0.015000000000000013,-0.015000000000000013
2023-24,Oklahoma City Thunder,Boston Celtics,True,4.599999999999994,-4.599999999999994,False,0.05000000000001137,0.05000000000001137,True,0.9000000000000057,-0.9000000000000057,False,-4.400000000000006,3.5999999999999943,False,-0.0129999999999999,0.0129999999999999,False,-0.015000000000000013,0.015000000000000013
2023-24,Orlando Magic,Boston Celtics,True,3.9999999999999964,-3.9999999999999964,False,-0.8599999999999994,0.8599999999999994,False,-4.0,4.0,False,-1.7000000000000028,1.2999999999999972,False,-0.031000000000000028,0.031000000000000028,False,-0.026999999999999913,0.026999999999999913
2023-24,Philadelphia 76ers,Boston Celtics,True,3.9000000000000057,-3.9000000000000057,True,-0.04000000000000625,-0.04000000000000625,False,-5.200000000000003,5.200000000000003,False,4.299999999999997,4.299999999999997,False,-0.0050000000000000044,0.0050000000000000044,False,-0.01100000000000001,0.01100000000000001
2023-24,Phoenix Suns,Boston Celtics,True,5.399999999999999,-5.399999999999999,True,-0.6899999999999977,-0.6899999999999977,False,-2.0999999999999943,2.0999999999999943,False,4.0,4.0,False,-0.0039999999999998925,0.0039999999999998925,False,-0.008000000000000007,0.008000000000000007
2023-24,Portland Trail Blazers,Boston Celtics,True,4.5,-4.5,False,1.6300000000000097,1.4299999999999926,True,3.4000000000000057,-3.4000000000000057,True,-2.8999999999999915,-2.8999999999999915,True,0.018000000000000016,-0.018000000000000016,True,0.016000000000000014,-0.016000000000000014
2023-24,Sacramento Kings,Boston Celtics,False,-4.099999999999994,4.099999999999994,True,-0.5499999999999972,-0.5499999999999972,False,-0.29999999999999716,0.29999999999999716,False,0.8999999999999915,0.8999999999999915,False,-0.008000000000000007,0.008000000000000007,False,0.0,0.0
2023-24,San Antonio Spurs,Boston Celtics,True,3.200000000000003,-3.200000000000003,True,-1.7199999999999989,-1.7199999999999989,True,4.200000000000003,-4.200000000000003,False,0.7000000000000028,0.7000000000000028,True,0.01200000000000001,-0.01200000000000001,True,0.01200000000000001,-0.01200000000000001
2023-24,Toronto Raptors,Boston Celtics,True,0.8999999999999986,-0.8999999999999986,False,0.710000000000008,0.710000000000008,False,-2.200000000000003,2.200000000000003,True,-4.5,-4.5,False,-0.013000000000000012,0.013000000000000012,False,-0.0129999999999999,0.0129999999999999
2023-24,Utah Jazz,Boston Celtics,True,3.299999999999997,-3.299999999999997,False,0.5899999999999892,0.5899999999999892,False,-4.299999999999997,4.299999999999997,True,-0.19999999999998863,-0.19999999999998863,False,-0.006000000000000005,0.006000000000000005,False,-0.01100000000000001,0.01100000000000001
2023-24,Washington Wizards,Boston Celtics,True,3.6000000000000014,-3.6000000000000014,True,-1.25,-1.25,False,-4.400000000000006,4.400000000000006,True,-0.9000000000000057,-0.9000000000000057,False,-0.026000000000000023,0.026000000000000023,False,-0.020999999999999908,0.020999999999999908
