TEAM_ID,Team,GP,W,L,W_PCT,MIN,FGM,FGA,FG%,FG3M,3PA,3P%,FTM,FTA,FT%,OREB,DREB,REB,AST,TOV,STL,BLK,BLKA,PF,PFD,PTS,PLUS_MINUS,GP_RANK,W_RANK,L_RANK,W_PCT_RANK,MIN_RANK,FGM_RANK,FGA_RANK,FG_PCT_RANK,FG3M_RANK,FG3A_RANK,FG3_PCT_RANK,FTM_RANK,FTA_RANK,FT_PCT_RANK,OREB_RANK,DREB_RANK,REB_RANK,AST_RANK,TOV_RANK,STL_RANK,BLK_RANK,BLKA_RANK,PF_RANK,PFD_RANK,PTS_RANK,PLUS_MINUS_RANK,ORtg,DRtg,NRtg,Pace,PIE,AST%,AST_TO,AST_RATIO,ORB%,DRB%,REB_PCT,TOV%,eFG%,TS%,EFG_PCT_FF,FTA_RATE,TM_TOV_PCT_FF,OREB_PCT_FF,OPP_TEAM_NAME,OPP_GP,OPP_W,OPP_L,OPP_W_PCT,OPP_MIN,OPP_OPP_FGM,OPP_OPP_FGA,OPP_OPP_FG_PCT,OPP_OPP_FG3M,OPP_OPP_FG3A,OPP_OPP_FG3_PCT,OPP_OPP_FTM,OPP_OPP_FTA,OPP_OPP_FT_PCT,OPP_OPP_OREB,OPP_OPP_DREB,OPP_OPP_REB,OPP_OPP_AST,OPP_OPP_TOV,OPP_OPP_STL,OPP_OPP_BLK,OPP_OPP_BLKA,OPP_OPP_PF,OPP_OPP_PFD,OPP_OPP_PTS,OPP_PLUS_MINUS,OPP_GP_RANK,OPP_W_RANK,OPP_L_RANK,OPP_W_PCT_RANK,OPP_MIN_RANK,OPP_OPP_FGM_RANK,OPP_OPP_FGA_RANK,OPP_OPP_FG_PCT_RANK,OPP_OPP_FG3M_RANK,OPP_OPP_FG3A_RANK,OPP_OPP_FG3_PCT_RANK,OPP_OPP_FTM_RANK,OPP_OPP_FTA_RANK,OPP_OPP_FT_PCT_RANK,OPP_OPP_OREB_RANK,OPP_OPP_DREB_RANK,OPP_OPP_REB_RANK,OPP_OPP_AST_RANK,OPP_OPP_TOV_RANK,OPP_OPP_STL_RANK,OPP_OPP_BLK_RANK,OPP_OPP_BLKA_RANK,OPP_OPP_PF_RANK,OPP_OPP_PFD_RANK,OPP_OPP_PTS_RANK,OPP_PLUS_MINUS_RANK,SEASON,WIN_PCT,YEAR,ERA
1610612737,Atlanta Hawks,82,56,26,0.683,48.3,34.3,76.9,0.446,8.0,22.4,0.36,18.2,23.8,0.763,12.5,28.7,41.1,19.0,15.0,8.5,5.2,4.0,19.4,0.1,94.8,5.4,1,7,7,7,18,27,22,20,3,3,15,19,24,4,16,14,13,28,7,9,11,4,1,27,23,5,106.4,100.3,6.2,88.54,0.539,0.554,1.27,15.5,0.334,0.67,0.505,0.168,0.498,0.542,0.498,0.31,0.168,0.334,Atlanta Hawks,82,56,26,0.683,48.3,34.2,78.7,0.435,5.9,17.1,0.347,15.1,20.4,0.737,12.7,27.1,39.9,20.3,15.5,7.4,4.0,5.2,21.3,19.4,89.4,-5.4,1,7,7,7,18,9,13,3,13,17,6,2,2,13,14,6,8,7,19,4,4,11,8,29,4,5,1996-97,0.6829268292682927,1997,1990s
1610612738,Boston Celtics,82,15,67,0.183,48.5,37.4,85.0,0.44,5.7,16.2,0.351,20.1,26.8,0.75,13.3,26.7,40.0,21.9,16.4,9.9,3.8,6.8,23.4,0.1,100.6,-7.3,1,28,28,28,5,5,2,22,19,18,22,6,7,10,7,26,21,15,22,2,27,29,22,21,5,27,102.9,110.1,-7.2,96.78,0.434,0.584,1.34,16.1,0.329,0.658,0.482,0.167,0.474,0.52,0.474,0.316,0.167,0.329,Boston Celtics,82,15,67,0.183,48.5,41.0,81.7,0.503,6.0,16.5,0.365,19.8,27.5,0.72,12.3,32.0,44.3,26.0,17.6,8.8,6.8,3.8,22.3,23.4,107.9,7.3,1,28,28,28,5,29,24,29,16,11,17,20,23,2,9,29,27,28,2,22,29,27,17,8,29,27,1996-97,0.1829268292682926,1997,1990s
1610612766,Charlotte Hornets,82,54,28,0.659,48.3,36.4,77.3,0.471,7.2,16.9,0.428,18.8,24.2,0.777,11.1,28.0,39.1,24.6,14.7,7.3,4.3,4.1,20.8,0.2,98.9,1.9,1,9,9,9,21,15,21,4,5,13,1,13,21,2,26,17,26,4,5,26,22,6,6,9,12,11,109.1,107.1,2.1,90.04,0.528,0.676,1.68,19.2,0.316,0.661,0.495,0.162,0.518,0.562,0.518,0.313,0.162,0.316,Charlotte Hornets,82,54,28,0.659,48.3,37.3,81.1,0.46,5.9,16.6,0.357,16.5,22.6,0.73,13.1,27.5,40.6,21.7,13.9,6.5,4.1,4.3,21.7,20.8,97.0,-1.9,1,9,9,9,21,22,21,16,14,12,12,5,5,6,21,8,12,13,28,2,6,22,13,24,15,11,1996-97,0.6585365853658537,1997,1990s
1610612741,Chicago Bulls,82,69,13,0.841,48.1,40.0,84.4,0.473,6.4,17.1,0.373,16.8,22.5,0.747,15.1,30.0,45.1,26.1,13.5,8.7,4.0,3.5,19.7,0.2,103.1,10.8,1,1,1,1,29,1,3,3,12,11,6,26,27,12,3,4,2,2,2,7,25,2,3,7,1,1,112.4,100.7,11.8,91.5,0.586,0.654,1.93,19.4,0.374,0.67,0.524,0.147,0.511,0.547,0.511,0.267,0.147,0.374,Chicago Bulls,82,69,13,0.841,48.1,35.3,81.1,0.436,5.7,17.2,0.335,15.9,21.6,0.737,13.3,26.9,40.2,19.7,15.8,7.6,3.5,4.0,21.1,19.7,92.3,-10.8,1,1,1,1,29,10,22,4,8,18,1,4,3,15,24,4,10,4,13,6,2,25,5,27,6,1,1996-97,0.8414634146341463,1997,1990s
1610612739,Cleveland Cavaliers,82,42,40,0.512,48.4,33.0,72.8,0.453,5.9,15.7,0.376,15.6,21.6,0.723,11.1,26.3,37.4,20.9,14.5,8.0,3.8,4.3,23.0,0.2,87.5,1.8,1,14,14,14,7,29,29,17,15,21,5,28,28,19,27,27,29,19,4,16,27,7,19,4,29,12,102.7,100.8,1.9,84.31,0.512,0.634,1.44,17.5,0.322,0.681,0.499,0.17,0.493,0.531,0.493,0.297,0.17,0.322,Cleveland Cavaliers,82,42,40,0.512,48.4,30.3,68.8,0.441,5.6,15.0,0.373,19.4,26.1,0.742,10.3,26.7,37.0,20.1,16.2,6.7,4.3,3.8,21.3,23.0,85.6,-1.8,1,14,14,14,7,1,1,9,6,3,27,18,18,20,1,2,1,5,8,3,7,27,7,11,1,12,1996-97,0.5121951219512195,1997,1990s
1610612742,Dallas Mavericks,82,24,58,0.293,48.3,34.3,78.7,0.436,5.2,16.0,0.326,16.8,23.4,0.717,12.7,27.6,40.3,20.3,16.1,8.0,4.3,5.3,21.9,0.2,90.6,-6.4,1,24,24,24,20,27,17,28,23,19,27,27,26,25,13,20,17,24,19,17,21,21,13,9,26,25,99.5,106.0,-6.5,90.65,0.448,0.591,1.26,16.0,0.332,0.65,0.488,0.177,0.469,0.509,0.469,0.297,0.177,0.332,Dallas Mavericks,82,24,58,0.293,48.3,36.2,78.9,0.458,6.6,17.6,0.373,18.1,24.1,0.751,13.4,29.6,43.0,21.9,15.7,8.4,5.3,4.3,20.7,21.9,97.0,6.4,1,24,24,24,20,13,15,15,24,23,25,10,8,27,26,23,24,15,16,17,21,21,3,17,14,25,1996-97,0.2926829268292683,1997,1990s
1610612743,Denver Nuggets,82,21,61,0.256,48.6,35.8,81.5,0.439,7.8,20.9,0.372,18.5,24.3,0.761,12.1,29.9,42.0,23.0,16.6,6.1,5.9,5.5,21.8,0.2,97.8,-6.3,1,26,26,26,1,18,7,23,4,4,7,15,19,6,19,5,8,8,25,29,4,25,11,5,13,24,103.1,109.7,-6.6,93.67,0.461,0.644,1.39,17.4,0.324,0.666,0.496,0.175,0.486,0.53,0.486,0.298,0.175,0.324,Denver Nuggets,82,21,61,0.256,48.6,40.2,86.1,0.467,5.9,15.0,0.393,17.8,23.7,0.75,13.2,30.0,43.2,22.5,12.9,8.9,5.5,5.9,21.0,21.8,104.1,6.3,1,26,26,26,1,27,29,22,12,4,29,7,7,24,23,26,26,20,29,24,25,4,4,19,26,24,1996-97,0.2560975609756097,1997,1990s
1610612765,Detroit Pistons,82,54,28,0.659,48.4,34.5,74.3,0.464,7.1,18.3,0.388,18.1,24.3,0.745,10.5,28.0,38.4,19.0,12.7,7.7,3.5,3.4,20.1,0.2,94.2,5.2,1,9,9,9,14,23,28,10,7,9,3,20,18,14,29,18,28,29,1,22,29,1,5,9,24,6,108.5,102.6,5.9,86.09,0.53,0.55,1.49,16.1,0.302,0.675,0.492,0.146,0.512,0.554,0.512,0.327,0.146,0.302,Detroit Pistons,82,54,28,0.659,48.4,33.8,76.0,0.444,6.4,17.4,0.369,15.0,20.3,0.737,11.8,27.6,39.4,21.9,14.6,6.0,3.4,3.5,21.8,20.1,88.9,-5.2,1,9,9,9,14,6,4,12,23,21,21,1,1,12,5,11,5,16,25,1,1,29,14,25,2,6,1996-97,0.6585365853658537,1997,1990s
1610612744,Golden State Warriors,82,30,52,0.366,48.5,36.5,80.1,0.456,5.9,16.6,0.353,20.7,26.6,0.778,13.2,27.5,40.8,22.2,17.2,7.5,4.4,4.8,21.8,0.1,99.6,-4.7,1,21,21,21,6,11,12,13,16,15,20,4,8,1,10,22,15,12,27,25,20,14,12,27,9,23,105.3,110.3,-5.0,93.58,0.464,0.608,1.29,16.8,0.347,0.648,0.497,0.182,0.493,0.543,0.493,0.332,0.182,0.347,Golden State Warriors,82,30,52,0.366,48.5,39.0,82.1,0.475,7.1,19.0,0.373,19.2,25.6,0.75,13.3,27.7,41.0,26.3,15.7,10.0,4.8,4.4,23.0,21.8,104.4,4.7,1,21,21,21,6,26,25,28,28,28,26,17,14,26,25,12,15,29,15,29,14,20,23,18,27,23,1996-97,0.3658536585365853,1997,1990s
1610612745,Houston Rockets,82,57,25,0.695,48.4,37.0,79.1,0.468,8.2,22.4,0.365,18.3,24.3,0.755,11.3,31.3,42.6,24.5,16.6,8.4,4.2,4.5,19.6,0.2,100.6,4.5,1,4,4,4,13,6,14,7,2,2,11,16,19,7,24,1,6,5,26,11,24,8,2,9,5,7,107.5,102.8,4.7,92.73,0.536,0.663,1.47,18.7,0.318,0.692,0.514,0.178,0.52,0.56,0.52,0.307,0.178,0.318,Houston Rockets,82,57,25,0.695,48.4,37.0,83.5,0.443,6.3,18.9,0.335,15.9,21.8,0.729,12.5,28.4,41.0,22.4,14.3,8.9,4.5,4.2,21.2,19.6,96.1,-4.5,1,4,4,4,13,21,27,11,20,27,2,3,4,5,12,15,15,19,27,26,8,24,6,28,13,7,1996-97,0.6951219512195121,1997,1990s
1610612754,Indiana Pacers,82,39,43,0.476,48.6,34.8,76.3,0.456,5.2,13.8,0.381,20.6,28.5,0.722,12.5,29.1,41.7,21.3,16.3,7.1,4.8,5.1,24.1,0.3,95.4,1.0,1,17,17,17,1,21,24,14,22,24,4,5,3,21,14,10,10,16,21,28,14,16,27,2,19,14,104.2,102.9,1.3,90.44,0.504,0.614,1.31,16.8,0.338,0.668,0.506,0.178,0.49,0.537,0.49,0.374,0.178,0.338,Indiana Pacers,82,39,43,0.476,48.6,34.1,77.5,0.44,6.1,17.6,0.347,20.0,26.6,0.753,12.2,27.6,39.8,21.2,15.7,8.5,5.1,4.8,23.8,24.1,94.4,-1.0,1,17,17,17,1,8,8,7,18,22,5,22,19,28,8,10,7,10,14,19,16,14,27,3,9,14,1996-97,0.4756097560975609,1997,1990s
1610612746,Los Angeles Clippers,82,36,46,0.439,48.6,36.5,81.7,0.446,5.8,16.3,0.354,18.5,25.3,0.731,13.3,27.3,40.7,20.3,16.0,8.9,5.4,5.1,24.0,0.1,97.2,-2.4,1,18,18,18,1,14,6,19,17,17,17,14,13,17,8,24,16,24,18,5,7,17,26,20,15,19,103.5,106.2,-2.8,92.65,0.475,0.556,1.27,15.6,0.339,0.654,0.492,0.17,0.482,0.524,0.482,0.31,0.17,0.339,Los Angeles Clippers,82,36,46,0.439,48.6,36.3,78.6,0.462,5.9,16.4,0.357,21.1,28.2,0.749,12.8,29.9,42.7,20.2,16.7,9.0,5.1,5.4,22.7,24.0,99.5,2.4,1,18,18,18,1,16,12,18,10,10,13,27,25,23,17,24,22,6,3,27,17,7,21,4,22,19,1996-97,0.4390243902439024,1997,1990s
1610612747,Los Angeles Lakers,82,56,26,0.683,48.6,36.8,81.0,0.454,6.7,18.3,0.367,19.7,28.4,0.692,13.3,29.4,42.8,22.5,14.9,9.0,7.0,4.7,22.2,0.1,100.0,4.3,1,7,7,7,1,7,9,15,10,8,10,9,4,29,8,7,5,11,6,4,1,11,16,21,8,8,106.4,102.3,4.2,92.61,0.53,0.611,1.51,17.0,0.343,0.658,0.501,0.159,0.496,0.535,0.496,0.351,0.159,0.343,Los Angeles Lakers,82,56,26,0.683,48.6,35.6,80.7,0.441,5.8,16.8,0.347,18.6,25.9,0.718,13.5,28.9,42.4,22.9,16.4,7.6,4.7,7.0,23.6,22.2,95.7,-4.3,1,7,7,7,1,11,19,10,9,15,7,14,16,1,27,20,20,21,5,5,11,1,26,13,12,8,1996-97,0.6829268292682927,1997,1990s
1610612748,Miami Heat,82,61,21,0.744,48.3,34.4,76.0,0.453,8.3,22.7,0.364,17.7,24.7,0.719,11.7,29.3,41.0,21.2,15.9,7.9,5.4,4.8,23.4,0.3,94.8,5.5,1,3,3,3,18,25,25,18,1,1,12,22,16,23,21,9,14,17,17,18,8,12,23,3,22,4,105.2,99.2,6.0,89.54,0.536,0.615,1.33,16.9,0.324,0.678,0.504,0.177,0.507,0.546,0.507,0.324,0.177,0.324,Miami Heat,82,61,21,0.744,48.3,32.8,75.9,0.432,5.0,13.8,0.362,18.8,25.7,0.731,12.2,28.3,40.5,18.4,16.2,7.9,4.8,5.4,22.3,23.4,89.3,-5.5,1,3,3,3,18,3,3,2,2,2,16,15,15,8,7,14,11,1,10,9,12,8,19,6,3,4,1996-97,0.7439024390243902,1997,1990s
1610612749,Milwaukee Bucks,82,33,49,0.402,48.1,36.2,76.9,0.471,4.0,11.2,0.352,19.0,25.7,0.741,11.6,27.6,39.2,19.6,15.7,7.7,4.2,4.8,23.1,0.1,95.3,-1.9,1,20,20,20,27,16,23,5,29,28,21,12,12,15,23,20,25,27,13,21,23,12,21,19,21,18,104.7,106.7,-2.0,90.85,0.477,0.543,1.25,15.8,0.329,0.669,0.501,0.172,0.496,0.541,0.496,0.334,0.172,0.329,Milwaukee Bucks,82,33,49,0.402,48.1,36.6,77.5,0.472,4.5,13.2,0.342,19.6,26.8,0.731,11.9,27.5,39.4,22.2,14.6,8.4,4.8,4.2,21.7,23.1,97.2,1.9,1,20,20,20,27,17,7,27,1,1,3,19,22,7,6,9,6,18,24,18,12,23,11,9,16,18,1996-97,0.4024390243902439,1997,1990s
1610612750,Minnesota Timberwolves,82,40,42,0.488,48.2,35.8,78.5,0.456,4.5,13.3,0.339,20.0,26.6,0.751,11.7,28.1,39.7,22.9,15.2,7.5,6.8,5.4,22.2,0.2,96.1,-1.5,1,15,15,15,22,17,18,12,26,25,25,7,8,9,21,16,23,9,9,24,2,23,16,17,17,17,103.9,105.5,-1.7,92.04,0.501,0.638,1.51,17.7,0.323,0.649,0.488,0.164,0.485,0.533,0.485,0.339,0.164,0.323,Minnesota Timberwolves,82,40,42,0.488,48.2,35.9,79.7,0.45,5.7,15.7,0.362,20.1,26.6,0.754,13.0,28.8,41.9,21.8,15.7,8.0,5.4,6.8,22.3,22.2,97.6,1.5,1,15,15,15,22,12,17,13,7,7,15,23,20,29,20,19,19,14,16,10,23,2,18,13,17,17,1996-97,0.4878048780487805,1997,1990s
1610612751,New Jersey Nets,82,26,56,0.317,48.2,36.5,86.5,0.422,5.9,16.7,0.353,18.3,24.8,0.74,17.2,29.0,46.2,21.0,15.7,8.3,5.9,6.3,22.7,0.2,97.2,-4.6,1,23,23,23,22,12,1,29,14,14,19,17,15,16,1,11,1,18,14,13,5,28,18,14,14,22,102.4,107.2,-4.8,94.47,0.457,0.576,1.34,15.5,0.376,0.669,0.513,0.166,0.456,0.499,0.456,0.286,0.166,0.376,New Jersey Nets,82,26,56,0.317,48.2,37.8,81.5,0.464,6.3,17.0,0.372,19.9,26.6,0.745,13.0,30.0,43.0,23.5,15.3,8.3,6.3,5.9,21.7,22.7,101.8,4.6,1,23,23,23,22,24,23,20,21,16,23,21,21,21,19,28,25,22,20,16,28,5,12,12,24,22,1996-97,0.3170731707317073,1997,1990s
1610612752,New York Knicks,82,57,25,0.695,48.4,35.1,75.9,0.463,5.7,15.8,0.363,19.3,25.8,0.748,11.9,30.7,42.5,22.1,17.8,7.7,4.6,3.6,24.8,0.2,95.4,3.1,1,4,4,4,7,20,26,11,18,20,13,11,11,11,20,2,7,13,29,23,17,3,29,14,19,10,102.9,99.5,3.4,91.84,0.537,0.628,1.24,17.2,0.323,0.7,0.519,0.192,0.501,0.546,0.501,0.34,0.192,0.323,New York Knicks,82,57,25,0.695,48.4,32.5,76.5,0.425,5.9,16.8,0.35,21.4,29.1,0.733,11.1,27.1,38.2,19.4,16.3,8.9,3.6,4.6,23.0,24.8,92.2,-3.1,1,4,4,4,7,2,6,1,11,14,9,28,28,10,2,5,3,2,7,25,3,17,22,1,5,10,1996-97,0.6951219512195121,1997,1990s
1610612753,Orlando Magic,82,45,37,0.549,48.4,34.6,79.2,0.437,6.9,20.3,0.341,18.0,24.1,0.746,13.1,27.1,40.1,20.6,15.2,8.5,4.4,5.1,20.0,0.1,94.1,-0.4,1,12,12,12,7,22,13,25,8,5,24,21,23,13,11,25,19,23,11,10,18,15,4,21,25,16,103.8,104.2,-0.5,89.88,0.486,0.595,1.35,16.3,0.336,0.651,0.49,0.168,0.481,0.524,0.481,0.304,0.168,0.336,Orlando Magic,82,45,37,0.549,48.4,36.2,78.7,0.46,5.5,16.2,0.343,16.6,22.7,0.732,13.2,29.2,42.4,21.9,16.0,8.6,5.1,4.4,21.6,20.0,94.5,0.4,1,12,12,12,7,14,13,17,4,8,4,6,6,9,22,21,20,17,11,20,15,18,9,26,10,16,1996-97,0.5487804878048781,1997,1990s
1610612755,Philadelphia 76ers,82,22,60,0.268,48.2,36.6,83.5,0.438,5.3,16.5,0.319,21.7,29.9,0.725,15.5,28.7,44.2,20.7,17.5,8.3,4.8,6.0,21.1,0.1,100.2,-6.5,1,25,25,25,25,8,4,24,21,16,29,2,1,18,2,13,3,22,28,12,14,27,8,25,7,26,102.6,109.5,-6.9,97.05,0.453,0.564,1.18,15.2,0.359,0.654,0.504,0.179,0.47,0.518,0.47,0.358,0.179,0.359,Philadelphia 76ers,82,22,60,0.268,48.2,40.4,85.9,0.47,6.8,18.6,0.365,19.1,26.0,0.733,14.5,29.9,44.4,25.2,15.6,10.0,6.0,4.8,24.5,21.1,106.7,6.5,1,25,25,25,25,28,28,24,27,26,18,16,17,11,28,25,29,27,18,28,27,14,28,22,28,26,1996-97,0.2682926829268293,1997,1990s
1610612756,Phoenix Suns,82,40,42,0.488,48.4,38.3,81.8,0.469,6.4,17.4,0.369,19.7,25.9,0.761,11.2,29.0,40.1,25.2,14.4,8.1,3.9,4.5,21.1,0.1,102.8,0.7,1,15,15,15,7,3,5,6,11,10,9,8,10,5,25,11,19,3,3,14,26,9,7,21,3,15,108.0,107.1,0.9,94.46,0.509,0.658,1.75,18.9,0.297,0.663,0.482,0.151,0.508,0.552,0.508,0.317,0.151,0.297,Phoenix Suns,82,40,42,0.488,48.4,38.8,83.1,0.467,6.6,18.0,0.368,17.9,24.2,0.739,12.8,30.0,42.8,24.3,15.8,8.1,4.5,3.9,22.4,21.1,102.2,-0.7,1,15,15,15,7,25,26,23,25,24,20,8,9,18,15,27,23,26,12,12,9,26,20,23,25,15,1996-97,0.4878048780487805,1997,1990s
1610612757,Portland Trail Blazers,82,49,33,0.598,48.4,36.6,78.8,0.464,6.1,17.1,0.358,19.7,27.6,0.713,12.9,30.4,43.3,20.8,16.5,7.8,5.3,5.2,23.5,0.2,99.0,4.2,1,11,11,11,7,9,15,9,13,12,16,9,6,26,12,3,4,21,24,20,9,19,25,9,11,9,106.3,102.1,4.2,92.17,0.527,0.57,1.26,16.1,0.358,0.691,0.527,0.178,0.503,0.544,0.503,0.35,0.178,0.358,Portland Trail Blazers,82,49,33,0.598,48.4,34.1,78.3,0.436,5.6,15.6,0.357,21.0,28.4,0.739,11.6,26.8,38.4,20.8,15.1,8.0,5.2,5.3,23.0,23.5,94.8,-4.2,1,11,11,11,7,7,11,5,5,6,14,25,26,17,3,3,4,9,23,11,20,9,24,5,11,9,1996-97,0.5975609756097561,1997,1990s
1610612758,Sacramento Kings,82,34,48,0.415,48.3,36.6,80.6,0.454,5.0,12.9,0.391,18.2,25.2,0.723,13.4,28.1,41.5,21.9,16.2,7.2,4.4,5.2,23.5,0.4,96.4,-3.9,1,19,19,19,17,9,11,16,24,26,2,18,14,20,6,15,11,14,20,27,18,20,24,1,16,21,102.7,107.0,-4.3,92.68,0.47,0.598,1.34,16.8,0.348,0.661,0.502,0.174,0.485,0.526,0.485,0.313,0.174,0.348,Sacramento Kings,82,34,48,0.415,48.3,36.7,79.5,0.462,5.4,15.3,0.353,21.0,28.5,0.737,13.0,28.5,41.5,21.7,15.3,8.7,5.2,4.4,21.8,23.4,99.8,3.9,1,19,19,19,17,19,16,19,3,5,11,26,27,14,18,17,18,12,21,21,19,19,15,7,23,21,1996-97,0.4146341463414634,1997,1990s
1610612759,San Antonio Spurs,82,20,62,0.244,48.1,34.5,77.9,0.442,4.6,14.4,0.32,16.9,23.5,0.719,13.4,26.0,39.4,20.3,15.2,7.9,5.3,5.5,21.5,0.2,90.5,-7.9,1,27,27,27,27,23,20,21,25,23,28,25,25,24,5,29,24,26,9,19,10,24,10,17,27,28,102.1,110.8,-8.8,88.45,0.44,0.588,1.34,16.3,0.344,0.643,0.49,0.171,0.472,0.512,0.472,0.302,0.171,0.344,San Antonio Spurs,82,20,62,0.244,48.1,36.6,77.8,0.471,6.7,17.4,0.387,18.4,24.9,0.738,12.8,28.1,40.9,23.8,14.4,8.1,5.5,5.3,20.1,21.5,98.3,7.9,1,27,27,27,27,18,9,25,26,19,28,12,12,16,15,13,13,23,26,13,24,10,2,20,19,28,1996-97,0.2439024390243902,1997,1990s
1610612760,Seattle SuperSonics,82,57,25,0.695,48.2,36.5,78.2,0.467,6.8,19.3,0.353,21.0,28.0,0.752,12.3,27.7,40.0,23.5,15.0,11.0,4.7,5.2,22.0,0.2,100.9,7.7,1,4,4,4,26,12,19,8,9,7,18,3,5,8,18,19,22,6,8,1,16,18,14,14,4,3,109.6,101.0,8.5,91.68,0.562,0.644,1.57,18.1,0.341,0.657,0.5,0.163,0.51,0.557,0.51,0.358,0.163,0.341,Seattle SuperSonics,82,57,25,0.695,48.2,33.6,76.3,0.441,7.5,20.0,0.372,18.5,24.9,0.741,12.4,27.5,39.9,21.3,18.7,7.7,5.2,4.7,23.5,22.0,93.2,-7.7,1,4,4,4,26,5,5,8,29,29,24,13,12,19,10,7,9,11,1,7,18,16,25,16,7,3,1996-97,0.6951219512195121,1997,1990s
1610612761,Toronto Raptors,82,30,52,0.366,48.4,35.3,80.9,0.437,7.2,19.8,0.363,17.6,24.5,0.72,13.8,27.5,41.3,20.9,16.4,8.8,6.3,5.4,23.0,0.1,95.5,-3.1,1,21,21,21,14,19,10,27,6,6,14,23,17,22,4,23,12,19,23,6,3,22,20,26,18,20,102.9,106.4,-3.5,92.03,0.467,0.592,1.27,16.1,0.35,0.657,0.498,0.177,0.481,0.521,0.481,0.303,0.177,0.35,Toronto Raptors,82,30,52,0.366,48.4,36.2,77.9,0.465,6.1,17.4,0.348,20.1,27.7,0.724,12.6,28.7,41.3,24.0,16.3,8.2,5.4,6.3,21.9,23.0,98.6,3.1,1,21,21,21,14,15,10,21,17,20,8,23,24,3,13,18,17,24,6,15,22,3,16,10,20,20,1996-97,0.3658536585365853,1997,1990s
1610612762,Utah Jazz,82,64,18,0.78,48.4,38.2,75.8,0.504,4.1,11.0,0.37,22.7,29.5,0.769,10.8,29.4,40.2,26.8,15.4,9.1,5.1,4.5,24.1,0.2,103.1,8.8,1,2,2,2,14,4,27,1,27,29,8,1,2,3,28,8,18,1,12,3,12,10,28,6,2,2,112.4,102.6,9.8,91.1,0.59,0.702,1.75,20.4,0.328,0.687,0.518,0.167,0.531,0.581,0.531,0.389,0.167,0.328,Utah Jazz,82,64,18,0.78,48.4,33.0,75.5,0.438,6.4,18.0,0.352,21.9,29.2,0.75,11.7,25.6,37.3,19.4,16.2,7.8,4.5,5.1,24.9,24.1,94.3,-8.8,1,2,2,2,14,4,2,6,22,25,10,29,29,25,4,1,2,3,9,8,10,12,29,2,8,2,1996-97,0.7804878048780488,1997,1990s
1610612763,Vancouver Grizzlies,82,14,68,0.171,48.2,34.4,78.7,0.437,5.4,15.5,0.349,15.0,21.1,0.709,12.5,26.3,38.8,22.7,15.9,8.0,5.7,5.6,21.4,0.1,89.2,-10.2,1,29,29,29,22,26,16,26,20,22,23,29,29,27,15,28,27,10,16,15,6,26,9,27,28,29,99.1,110.1,-11.0,89.7,0.433,0.661,1.43,17.9,0.325,0.618,0.469,0.176,0.471,0.507,0.471,0.269,0.176,0.325,Vancouver Grizzlies,82,14,68,0.171,48.2,37.7,80.0,0.472,6.1,16.7,0.365,17.9,24.6,0.727,14.7,29.6,44.3,24.1,15.3,8.8,5.6,5.7,19.4,21.4,99.4,10.2,1,29,29,29,22,23,18,26,19,13,19,9,11,4,29,22,27,25,22,23,26,6,1,21,21,29,1996-97,0.1707317073170731,1997,1990s
1610612764,Washington Bullets,82,44,38,0.537,48.4,39.1,81.4,0.48,4.0,12.2,0.331,17.1,24.1,0.707,12.3,29.5,41.8,23.4,15.7,8.7,4.9,4.1,22.1,0.2,99.4,1.6,1,13,13,13,7,2,8,2,28,27,26,24,22,28,17,6,9,7,14,8,13,5,15,8,10,13,105.2,103.7,1.5,93.52,0.525,0.599,1.49,17.7,0.326,0.676,0.503,0.167,0.505,0.54,0.505,0.296,0.167,0.326,Washington Bullets,82,44,38,0.537,48.4,36.7,80.9,0.454,6.0,16.2,0.371,18.3,24.4,0.749,12.5,28.5,40.9,20.4,16.5,8.1,4.1,4.9,21.6,22.1,97.7,-1.6,1,13,13,13,7,20,20,14,15,8,22,11,10,22,11,16,14,8,4,14,5,13,9,15,18,13,1996-97,0.5365853658536586,1997,1990s
1610612737,Atlanta Hawks,82,50,32,0.61,48.5,35.2,77.5,0.455,4.1,12.4,0.332,21.3,28.2,0.756,13.5,29.5,43.0,19.1,14.8,7.9,6.0,4.5,20.4,0.2,95.9,3.5,1,10,10,10,8,19,23,11,13,13,21,4,5,7,9,10,6,26,9,18,4,7,4,17,15,9,106.5,102.5,4.0,89.1,0.532,0.543,1.29,15.3,0.356,0.669,0.518,0.165,0.481,0.533,0.481,0.364,0.165,0.356,Atlanta Hawks,82,50,32,0.61,48.5,36.1,81.7,0.442,4.2,12.4,0.342,15.9,21.6,0.735,13.2,26.2,39.4,21.4,13.6,7.5,4.5,6.0,23.1,20.4,92.3,-3.5,1,10,10,10,8,16,20,11,13,11,12,1,2,14,16,2,6,10,28,3,7,4,22,26,8,9,1997-98,0.6097560975609756,1998,1990s
1610612738,Boston Celtics,82,36,46,0.439,48.1,36.7,84.6,0.434,5.1,15.2,0.332,17.4,24.0,0.726,14.6,24.9,39.5,22.1,16.2,12.0,4.5,5.0,26.9,0.2,95.9,-2.6,1,20,20,20,27,8,1,25,8,6,20,26,25,21,4,29,26,14,22,1,21,16,29,13,14,22,100.8,103.5,-2.7,94.9,0.457,0.603,1.37,16.5,0.352,0.642,0.484,0.171,0.464,0.504,0.464,0.283,0.171,0.352,Boston Celtics,82,36,46,0.439,48.1,34.9,72.9,0.479,3.6,11.5,0.318,25.0,33.6,0.745,12.4,29.8,42.2,22.3,20.6,8.5,5.0,4.5,21.0,26.9,98.5,2.6,1,20,20,20,27,10,1,28,2,5,3,29,29,22,8,23,19,19,1,17,16,21,4,1,22,22,1997-98,0.4390243902439024,1998,1990s
1610612766,Charlotte Hornets,82,51,31,0.622,48.2,36.2,77.4,0.468,4.2,11.0,0.383,20.0,26.7,0.751,12.0,28.5,40.6,23.7,15.2,8.4,3.8,4.5,21.4,0.3,96.6,2.0,1,9,9,9,21,11,24,6,12,19,3,11,10,10,23,14,21,8,12,11,27,7,7,1,10,12,105.5,103.3,2.2,91.13,0.526,0.654,1.56,18.3,0.326,0.691,0.51,0.166,0.495,0.542,0.495,0.345,0.166,0.326,Charlotte Hornets,82,51,31,0.622,48.2,36.3,78.3,0.464,4.5,13.0,0.347,17.5,24.0,0.731,11.8,27.5,39.3,22.0,15.1,7.1,4.5,3.8,23.2,21.4,94.6,-2.0,1,9,9,9,21,18,10,22,17,17,17,6,7,9,3,9,5,16,16,1,7,27,23,23,14,12,1997-98,0.6219512195121951,1998,1990s
1610612741,Chicago Bulls,82,62,20,0.756,48.4,37.4,82.9,0.451,3.8,11.7,0.323,18.2,24.5,0.743,15.2,29.7,44.9,23.8,14.4,8.5,4.3,4.3,20.6,0.2,96.7,7.1,1,1,1,1,9,5,7,16,17,14,23,19,24,14,3,6,2,7,5,10,23,3,5,17,9,3,106.2,98.4,7.8,90.3,0.56,0.637,1.66,18.0,0.381,0.676,0.527,0.158,0.473,0.516,0.473,0.295,0.158,0.381,Chicago Bulls,82,62,20,0.756,48.4,34.1,79.1,0.431,4.0,12.5,0.322,17.4,23.9,0.729,12.4,27.3,39.7,19.5,15.5,8.0,4.3,4.3,21.6,20.6,89.6,-7.1,1,1,1,1,9,6,14,5,6,12,4,5,5,6,9,7,8,4,11,11,3,23,9,25,3,3,1997-98,0.7560975609756098,1998,1990s
1610612739,Cleveland Cavaliers,82,47,35,0.573,48.4,34.4,75.7,0.454,3.6,9.8,0.372,20.2,26.7,0.756,11.6,28.4,40.1,23.1,17.3,9.9,5.1,5.5,23.6,0.1,92.5,2.7,1,11,11,11,10,27,27,12,21,26,4,10,9,8,27,17,24,10,29,2,15,22,25,22,24,10,100.3,97.5,2.8,91.43,0.528,0.672,1.33,17.8,0.33,0.678,0.508,0.188,0.478,0.529,0.478,0.352,0.188,0.33,Cleveland Cavaliers,82,47,35,0.573,48.4,32.8,75.8,0.433,4.2,12.1,0.344,20.0,26.5,0.755,11.6,27.2,38.7,21.8,17.6,8.6,5.5,5.1,23.2,23.6,89.8,-2.7,1,11,11,11,10,2,3,7,11,10,14,18,14,28,2,4,2,14,3,18,22,15,24,5,4,10,1997-98,0.573170731707317,1998,1990s
1610612742,Dallas Mavericks,82,20,62,0.244,48.5,35.1,82.4,0.427,5.1,14.4,0.357,16.0,21.2,0.753,12.3,27.8,40.1,18.7,14.4,7.9,5.7,4.6,20.0,0.2,91.4,-6.1,1,24,24,24,6,21,8,27,7,8,8,29,29,9,20,21,23,28,7,20,6,10,2,17,26,24,98.9,105.2,-6.3,91.47,0.446,0.533,1.3,14.9,0.306,0.632,0.466,0.156,0.458,0.498,0.458,0.257,0.156,0.306,Dallas Mavericks,82,20,62,0.244,48.5,38.3,83.2,0.46,4.7,13.8,0.342,16.3,22.8,0.714,14.9,32.2,47.1,23.0,15.1,8.0,4.6,5.7,19.6,20.0,97.5,6.1,1,24,24,24,6,25,26,20,21,27,11,3,3,2,28,29,29,22,16,13,10,6,1,28,19,24,1997-98,0.2439024390243902,1998,1990s
1610612743,Denver Nuggets,82,11,71,0.134,48.1,32.6,78.2,0.418,3.5,10.9,0.323,20.2,26.2,0.772,12.7,26.3,39.0,18.9,16.0,8.1,4.8,6.5,23.6,0.2,89.0,-11.8,1,29,29,29,29,29,18,28,24,21,25,9,14,2,16,26,28,27,19,16,17,28,24,8,28,29,97.4,110.6,-13.2,91.06,0.407,0.578,1.18,15.0,0.337,0.639,0.482,0.175,0.44,0.496,0.44,0.335,0.175,0.337,Denver Nuggets,82,11,71,0.134,48.1,36.8,77.7,0.473,5.1,13.5,0.379,22.2,29.4,0.754,13.3,29.3,42.6,24.2,15.2,8.1,6.5,4.8,21.7,23.6,100.8,11.8,1,29,29,29,29,21,6,25,27,22,27,28,28,27,18,21,21,26,15,15,28,17,11,6,26,29,1997-98,0.1341463414634146,1998,1990s
1610612765,Detroit Pistons,82,37,45,0.451,48.7,34.9,77.7,0.449,3.6,11.4,0.312,20.8,27.9,0.745,12.7,28.5,41.2,19.5,14.6,8.3,4.2,4.7,22.0,0.2,94.2,1.6,1,19,19,19,2,23,22,18,22,16,26,6,6,12,15,16,16,25,8,14,25,12,9,17,20,13,103.4,101.8,1.6,89.75,0.505,0.558,1.33,15.5,0.332,0.668,0.5,0.16,0.472,0.523,0.472,0.359,0.16,0.332,Detroit Pistons,82,37,45,0.451,48.7,34.6,77.8,0.445,4.4,13.4,0.33,18.9,25.3,0.746,12.1,28.5,40.5,21.4,15.4,7.9,4.7,4.2,22.9,22.0,92.6,-1.6,1,19,19,19,2,9,7,13,16,21,9,11,10,23,5,15,11,10,12,10,12,25,21,21,9,13,1997-98,0.4512195121951219,1998,1990s
1610612744,Golden State Warriors,82,19,63,0.232,48.4,34.7,83.9,0.413,2.3,8.5,0.272,16.6,23.3,0.71,15.7,30.2,45.9,20.8,16.7,7.6,5.5,5.8,22.7,0.1,88.3,-9.1,1,25,25,25,10,25,3,29,29,28,29,28,27,25,2,3,1,21,24,25,9,24,17,27,29,27,93.9,103.5,-9.6,93.31,0.423,0.6,1.25,15.7,0.356,0.664,0.505,0.178,0.427,0.468,0.427,0.278,0.178,0.356,Golden State Warriors,82,19,63,0.232,48.4,36.5,82.2,0.444,4.1,11.7,0.347,20.3,27.9,0.729,13.8,30.9,44.7,24.5,14.1,9.2,5.8,5.5,20.0,22.7,97.4,9.1,1,25,25,25,10,20,21,12,8,6,18,23,24,7,23,28,26,27,27,25,24,9,2,11,18,27,1997-98,0.2317073170731707,1998,1990s
1610612745,Houston Rockets,82,41,41,0.5,48.4,35.9,79.4,0.452,7.0,20.4,0.343,19.9,25.9,0.771,12.0,28.7,40.7,21.9,15.8,8.4,3.6,4.5,20.2,0.2,98.8,-0.8,1,17,17,17,10,14,14,13,2,1,16,13,18,4,22,12,19,15,18,13,28,4,3,14,7,18,105.9,106.8,-0.9,92.52,0.49,0.611,1.39,16.9,0.324,0.672,0.499,0.17,0.496,0.544,0.496,0.326,0.17,0.324,Houston Rockets,82,41,41,0.5,48.4,38.7,82.5,0.469,5.0,13.7,0.365,17.1,23.1,0.744,12.7,28.4,41.1,23.3,14.3,8.9,4.5,3.6,21.3,20.2,99.5,0.8,1,17,17,17,10,26,22,23,25,25,26,4,4,21,12,14,13,24,22,22,4,28,5,27,24,18,1997-98,0.5,1998,1990s
1610612754,Indiana Pacers,82,58,24,0.707,48.4,35.6,75.9,0.469,4.9,12.5,0.39,19.9,26.0,0.764,10.7,28.6,39.3,23.0,14.2,7.9,4.5,4.5,22.7,0.1,96.0,6.1,1,5,5,5,10,16,26,4,9,12,2,14,17,6,29,13,27,11,4,21,20,5,16,23,12,5,106.3,99.5,6.8,89.69,0.553,0.647,1.62,18.3,0.305,0.657,0.49,0.158,0.502,0.55,0.502,0.343,0.158,0.305,Indiana Pacers,82,58,24,0.707,48.4,34.0,78.7,0.432,3.3,10.6,0.316,18.6,25.6,0.728,13.6,27.5,41.1,19.4,15.1,7.9,4.5,4.5,22.5,22.7,89.9,-6.1,1,5,5,5,10,5,12,6,1,1,1,10,11,5,19,8,14,3,18,8,5,20,17,14,5,5,1997-98,0.7073170731707317,1998,1990s
1610612746,Los Angeles Clippers,82,17,65,0.207,48.2,35.7,81.6,0.438,6.4,17.9,0.358,18.0,25.0,0.723,12.7,27.8,40.4,18.7,16.1,7.6,5.6,5.0,22.3,0.1,95.9,-7.4,1,27,27,27,23,15,10,23,4,4,7,22,23,22,16,22,22,29,21,24,8,17,13,24,13,26,101.8,109.6,-7.7,93.74,0.437,0.523,1.16,14.6,0.33,0.638,0.481,0.171,0.477,0.518,0.477,0.306,0.171,0.33,Los Angeles Clippers,82,17,65,0.207,48.2,39.5,83.3,0.474,4.1,11.3,0.362,20.3,27.6,0.734,14.3,30.1,44.4,22.3,14.1,8.9,5.0,5.6,21.3,22.3,103.3,7.4,1,27,27,27,23,28,28,26,8,3,25,22,21,13,27,25,25,19,25,20,17,8,5,17,27,26,1997-98,0.2073170731707317,1998,1990s
1610612747,Los Angeles Lakers,82,61,21,0.744,48.4,38.4,79.7,0.481,6.1,17.3,0.351,22.7,33.5,0.679,13.2,30.1,43.3,24.5,15.3,9.0,6.8,5.2,22.7,0.1,105.5,7.7,1,3,3,3,18,2,13,2,5,5,12,2,1,29,13,4,5,4,14,7,3,19,17,24,1,1,110.4,102.3,8.1,94.85,0.558,0.639,1.6,18.1,0.339,0.656,0.503,0.16,0.519,0.559,0.519,0.42,0.16,0.339,Los Angeles Lakers,82,61,21,0.744,48.4,36.4,82.9,0.439,4.6,13.1,0.354,20.4,27.8,0.732,13.7,28.5,42.2,22.5,15.6,8.0,5.2,6.8,26.2,22.7,97.8,-7.7,1,3,3,3,18,19,25,8,19,18,19,24,22,10,22,16,20,21,10,14,19,3,29,11,20,1,1997-98,0.7439024390243902,1998,1990s
1610612748,Miami Heat,82,55,27,0.671,48.2,34.8,77.2,0.45,6.7,18.8,0.355,18.8,25.4,0.739,12.5,29.5,42.0,21.4,15.0,8.1,5.2,4.5,24.2,0.2,95.0,4.9,1,8,8,8,24,24,25,17,3,3,10,17,21,17,19,9,10,18,10,15,11,6,28,14,16,7,105.7,100.5,5.2,89.35,0.535,0.617,1.43,17.0,0.339,0.669,0.508,0.166,0.494,0.538,0.494,0.329,0.166,0.339,Miami Heat,82,55,27,0.671,48.2,33.2,77.5,0.428,3.7,11.2,0.331,19.9,26.8,0.744,12.9,27.2,40.1,19.9,14.8,7.8,4.5,5.2,22.6,24.2,90.0,-4.9,1,8,8,8,24,3,5,3,4,2,10,16,15,20,14,5,10,5,21,6,6,11,18,2,6,7,1997-98,0.6707317073170732,1998,1990s
1610612749,Milwaukee Bucks,82,36,46,0.439,48.6,35.6,78.0,0.456,3.0,8.6,0.354,20.3,26.4,0.767,12.6,27.3,39.9,20.1,16.9,8.9,4.4,4.9,23.4,0.2,94.5,-1.9,1,20,20,20,5,17,20,10,26,27,11,8,11,5,18,23,25,24,26,8,22,14,22,8,18,20,101.5,103.7,-2.2,91.9,0.483,0.565,1.19,15.7,0.34,0.664,0.501,0.181,0.475,0.527,0.475,0.339,0.181,0.34,Milwaukee Bucks,82,36,46,0.439,48.6,35.5,77.1,0.461,3.7,11.3,0.327,21.7,29.2,0.743,12.2,27.5,39.8,21.3,16.4,9.3,4.9,4.4,22.0,23.4,96.4,1.9,1,20,20,20,5,13,4,21,3,4,7,27,27,19,6,9,9,9,7,26,14,22,12,8,16,20,1997-98,0.4390243902439024,1998,1990s
1610612750,Minnesota Timberwolves,82,45,37,0.549,48.6,38.5,83.5,0.461,3.7,10.6,0.347,20.4,27.5,0.743,13.0,29.6,42.6,25.2,13.9,7.8,5.2,5.0,23.0,0.3,101.1,0.7,1,13,13,13,4,1,4,8,19,22,15,7,7,15,14,8,7,3,1,22,13,17,21,3,2,16,106.4,105.5,0.8,93.89,0.515,0.655,1.82,18.6,0.333,0.657,0.497,0.146,0.483,0.529,0.483,0.329,0.146,0.333,Minnesota Timberwolves,82,45,37,0.549,48.6,37.5,83.7,0.448,5.3,14.7,0.358,20.1,27.1,0.742,13.6,29.4,43.0,23.3,15.0,7.4,5.0,5.2,22.7,23.0,100.4,-0.7,1,13,13,13,4,23,29,15,29,28,23,19,17,18,21,22,24,23,20,2,17,13,19,9,25,16,1997-98,0.5487804878048781,1998,1990s
1610612751,New Jersey Nets,82,43,39,0.524,48.5,37.3,84.5,0.441,3.8,11.4,0.331,21.3,28.7,0.744,16.4,26.1,42.5,20.5,14.4,9.5,3.8,6.3,23.4,0.3,99.6,1.6,1,14,14,14,7,6,2,22,18,17,22,3,4,13,1,28,8,23,6,4,26,27,23,3,5,13,105.8,104.3,1.5,93.16,0.497,0.552,1.43,15.3,0.383,0.65,0.508,0.153,0.463,0.513,0.463,0.339,0.153,0.383,New Jersey Nets,82,43,39,0.524,48.5,36.8,78.1,0.471,4.3,12.6,0.346,20.2,27.0,0.748,13.2,28.2,41.4,21.6,18.1,7.5,6.3,3.8,24.7,23.4,98.1,-1.6,1,14,14,14,7,22,9,24,15,14,16,21,16,25,15,13,16,13,2,3,27,26,27,7,21,13,1997-98,0.524390243902439,1998,1990s
1610612752,New York Knicks,82,43,39,0.524,48.4,34.9,78.2,0.447,4.7,13.9,0.335,17.1,22.1,0.772,11.9,29.7,41.6,21.8,15.2,7.7,3.4,3.8,23.7,0.3,91.6,2.5,1,14,14,14,10,22,17,19,10,9,19,27,28,3,25,7,13,16,12,23,29,1,26,3,25,11,101.5,98.8,2.7,89.53,0.517,0.624,1.43,17.3,0.319,0.703,0.512,0.169,0.476,0.521,0.476,0.283,0.169,0.319,New York Knicks,82,43,39,0.524,48.4,32.0,74.8,0.428,4.0,12.7,0.317,21.1,28.1,0.75,10.4,28.5,39.0,19.3,15.0,8.0,3.8,3.4,20.8,23.7,89.1,-2.5,1,14,14,14,10,1,2,2,7,16,2,25,26,26,1,17,3,2,19,12,1,29,3,4,2,11,1997-98,0.524390243902439,1998,1990s
1610612753,Orlando Magic,82,41,41,0.5,48.4,33.8,78.7,0.429,3.6,11.1,0.323,18.9,26.1,0.726,14.4,26.9,41.2,20.7,15.3,7.9,5.4,4.7,19.7,0.2,90.1,-1.1,1,17,17,17,10,28,16,26,22,18,24,16,16,20,6,25,17,22,15,17,10,13,1,6,27,19,101.0,102.2,-1.2,88.51,0.489,0.611,1.35,16.3,0.37,0.646,0.505,0.172,0.452,0.499,0.452,0.331,0.172,0.37,Orlando Magic,82,41,41,0.5,48.4,35.7,78.8,0.454,3.8,11.8,0.324,15.9,21.6,0.736,13.3,27.7,40.9,21.2,15.4,9.1,4.7,5.4,22.8,19.7,91.2,1.1,1,17,17,17,10,15,13,17,5,7,5,1,1,15,17,11,12,8,13,24,13,10,20,29,7,19,1997-98,0.5,1998,1990s
1610612755,Philadelphia 76ers,82,31,51,0.378,48.2,34.6,78.2,0.443,3.0,9.9,0.3,21.1,28.7,0.737,13.7,28.0,41.7,21.1,16.5,8.9,6.0,6.2,22.9,0.1,93.3,-2.4,1,22,22,22,26,26,19,20,28,24,28,5,3,18,7,20,12,20,23,9,5,25,20,27,21,21,101.1,103.3,-2.3,92.11,0.478,0.609,1.28,16.3,0.341,0.66,0.499,0.179,0.462,0.514,0.462,0.367,0.179,0.341,Philadelphia 76ers,82,31,51,0.378,48.2,35.4,78.5,0.451,4.7,13.6,0.344,20.1,27.6,0.73,13.6,28.5,42.1,23.5,16.1,9.3,6.2,6.0,23.2,22.9,95.7,2.4,1,22,22,22,26,12,11,16,20,24,15,20,20,8,20,17,18,25,9,27,25,5,24,10,15,21,1997-98,0.3780487804878049,1998,1990s
1610612756,Phoenix Suns,82,56,26,0.683,48.7,38.3,81.8,0.468,5.3,14.8,0.356,17.8,23.8,0.749,12.1,29.9,42.0,25.9,15.1,9.2,5.2,3.9,21.5,0.2,99.6,5.2,1,6,6,6,1,3,9,7,6,7,9,24,26,11,21,5,11,1,11,6,11,2,8,8,6,6,106.3,100.6,5.6,92.47,0.547,0.677,1.72,19.3,0.321,0.664,0.497,0.161,0.5,0.54,0.5,0.29,0.161,0.321,Phoenix Suns,82,56,26,0.683,48.7,35.6,80.7,0.442,4.8,13.3,0.361,18.3,25.0,0.732,12.8,28.6,41.4,22.0,16.6,8.8,3.9,5.2,21.6,21.5,94.4,-5.2,1,6,6,6,1,14,18,10,22,20,24,9,9,12,13,19,15,15,6,19,2,11,8,22,12,6,1997-98,0.6829268292682927,1998,1990s
1610612757,Portland Trail Blazers,82,46,36,0.561,48.4,35.2,78.0,0.451,4.0,12.8,0.309,20.0,27.1,0.737,13.2,30.8,44.0,21.5,16.9,7.1,5.7,5.4,22.7,0.2,94.3,1.4,1,12,12,12,10,20,21,15,15,11,27,12,8,19,11,2,4,17,26,28,7,21,17,14,19,15,102.4,100.8,1.6,91.46,0.512,0.612,1.28,16.6,0.355,0.685,0.525,0.183,0.476,0.524,0.476,0.348,0.183,0.355,Portland Trail Blazers,82,46,36,0.561,48.4,34.3,79.5,0.431,4.5,13.3,0.343,19.8,27.5,0.722,12.3,26.8,39.2,21.5,14.1,9.4,5.4,5.7,22.2,22.7,92.9,-1.4,1,12,12,12,10,8,16,4,18,19,13,15,19,3,7,3,4,12,24,28,21,7,13,11,10,15,1997-98,0.5609756097560976,1998,1990s
1610612758,Sacramento Kings,82,27,55,0.329,48.1,36.1,81.5,0.442,3.5,9.8,0.351,17.6,25.6,0.687,13.3,28.1,41.4,22.4,15.5,7.3,5.1,5.7,22.1,0.0,93.1,-5.6,1,23,23,23,27,13,11,21,25,25,13,25,20,28,10,19,14,13,17,27,14,23,11,29,22,23,99.1,105.0,-5.9,93.78,0.458,0.621,1.44,17.0,0.328,0.643,0.483,0.165,0.464,0.502,0.464,0.314,0.165,0.328,Sacramento Kings,82,27,55,0.329,48.1,37.7,82.6,0.457,4.2,11.8,0.356,19.0,25.6,0.742,14.1,30.9,45.0,22.2,15.3,8.5,5.7,5.1,21.6,22.1,98.7,5.6,1,23,23,23,27,24,23,19,12,8,21,12,12,17,26,27,27,17,14,16,23,14,10,19,23,23,1997-98,0.3292682926829268,1998,1990s
1610612759,San Antonio Spurs,82,56,26,0.683,48.4,35.3,75.5,0.468,3.7,10.5,0.35,18.2,26.4,0.688,12.0,32.2,44.2,22.4,16.1,6.3,6.9,4.6,21.1,0.2,92.5,4.0,1,6,6,6,19,18,28,5,20,23,14,20,12,27,24,1,3,12,20,29,2,11,6,17,23,8,102.4,98.0,4.4,89.65,0.551,0.635,1.4,17.7,0.326,0.696,0.524,0.178,0.493,0.531,0.493,0.35,0.178,0.326,San Antonio Spurs,82,56,26,0.683,48.4,33.4,81.2,0.411,4.1,12.5,0.328,17.7,23.9,0.74,12.4,27.3,39.7,19.0,12.7,8.9,4.6,6.9,22.5,21.1,88.5,-4.0,1,6,6,6,19,4,19,1,10,13,8,7,5,16,10,6,7,1,29,21,11,2,16,24,1,8,1997-98,0.6829268292682927,1998,1990s
1610612760,Seattle SuperSonics,82,61,21,0.744,48.2,37.2,78.8,0.473,7.6,19.2,0.395,18.5,25.7,0.721,11.4,27.1,38.5,24.2,14.0,9.8,4.6,4.9,22.1,0.2,100.6,7.2,1,3,3,3,24,7,15,3,1,2,1,18,19,23,28,24,29,5,2,3,19,15,12,6,4,2,110.1,102.3,7.9,90.96,0.544,0.651,1.73,18.7,0.321,0.635,0.481,0.153,0.521,0.558,0.521,0.327,0.153,0.321,Seattle SuperSonics,82,61,21,0.744,48.2,35.3,79.2,0.446,5.1,15.7,0.324,17.7,24.4,0.724,13.9,28.2,42.1,22.3,17.0,7.8,4.9,4.6,22.2,22.1,93.4,-7.2,1,3,3,3,24,11,15,14,26,29,6,8,8,4,24,12,17,18,4,7,15,19,14,18,11,2,1997-98,0.7439024390243902,1998,1990s
1610612761,Toronto Raptors,82,16,66,0.195,48.6,36.2,83.1,0.435,4.5,13.2,0.343,18.0,25.1,0.718,14.5,26.2,40.7,21.3,16.7,9.4,8.1,6.3,22.6,0.1,94.9,-9.3,1,28,28,28,3,12,5,24,11,10,17,23,22,24,5,27,20,19,25,5,1,26,15,24,17,28,99.4,108.9,-9.5,94.36,0.431,0.589,1.27,16.0,0.339,0.602,0.466,0.175,0.462,0.504,0.462,0.302,0.175,0.339,Toronto Raptors,82,16,66,0.195,48.6,39.9,83.2,0.479,4.8,12.6,0.383,19.5,27.9,0.7,15.5,30.6,46.0,27.1,16.7,9.0,6.3,8.1,21.3,22.6,104.2,9.3,1,28,28,28,3,29,27,29,23,15,28,13,25,1,29,26,28,29,5,23,26,1,7,15,29,28,1997-98,0.1951219512195122,1998,1990s
1610612762,Utah Jazz,82,62,20,0.756,48.2,36.5,74.5,0.49,3.0,8.2,0.372,24.9,32.2,0.773,11.7,29.3,41.1,25.2,15.4,7.9,5.0,5.2,23.9,0.3,101.0,6.5,1,1,1,1,22,10,29,1,26,29,5,1,2,1,26,11,18,2,16,18,16,19,27,2,3,4,110.9,103.8,7.2,90.55,0.571,0.692,1.64,19.4,0.352,0.684,0.529,0.169,0.51,0.569,0.51,0.433,0.169,0.352,Utah Jazz,82,62,20,0.756,48.2,34.2,77.9,0.439,4.9,13.7,0.357,21.1,27.9,0.757,12.0,24.5,36.5,20.6,14.1,7.9,5.2,5.0,26.0,23.9,94.4,-6.5,1,1,1,1,22,7,8,9,24,26,22,26,23,29,4,1,1,6,26,9,19,16,28,3,13,4,1997-98,0.7560975609756098,1998,1990s
1610612763,Vancouver Grizzlies,82,19,63,0.232,48.4,36.7,80.1,0.458,4.0,11.0,0.362,19.3,26.2,0.739,13.2,28.2,41.4,23.9,17.1,7.5,4.3,6.6,22.1,0.2,96.6,-7.3,1,25,25,25,10,9,12,9,14,20,6,15,15,16,12,18,15,6,28,26,24,29,10,8,10,25,102.4,110.2,-7.8,93.6,0.452,0.652,1.4,17.9,0.34,0.652,0.496,0.182,0.482,0.527,0.482,0.327,0.182,0.34,Vancouver Grizzlies,82,19,63,0.232,48.4,39.4,82.9,0.475,5.2,13.5,0.385,19.9,27.2,0.732,14.0,28.7,42.7,25.6,14.2,10.2,6.6,4.3,22.3,22.1,103.9,7.3,1,25,25,25,10,27,24,27,28,23,29,17,18,11,25,20,23,28,23,29,29,24,15,20,28,25,1997-98,0.2317073170731707,1998,1990s
1610612764,Washington Wizards,82,42,40,0.512,48.3,37.6,83.1,0.452,3.9,11.5,0.339,18.2,26.3,0.691,13.7,28.5,42.2,23.2,14.1,8.4,4.6,4.5,22.4,0.2,97.2,0.6,1,16,16,16,20,4,6,14,16,15,18,20,13,26,8,14,9,9,3,12,18,7,14,8,8,17,103.9,103.2,0.7,92.98,0.507,0.617,1.64,17.5,0.339,0.673,0.501,0.151,0.476,0.513,0.476,0.317,0.151,0.339,Washington Wizards,82,42,40,0.512,48.3,36.3,79.8,0.455,4.2,11.9,0.356,19.8,26.5,0.747,12.5,30.1,42.6,21.0,16.2,7.7,4.5,4.6,23.5,22.4,96.6,-0.6,1,16,16,16,20,17,17,18,13,9,20,14,13,24,11,24,22,7,8,5,7,18,26,16,17,17,1997-98,0.5121951219512195,1998,1990s
1610612737,Atlanta Hawks,50,31,19,0.62,48.3,30.8,75.2,0.409,3.9,12.9,0.306,20.8,28.4,0.731,13.5,30.0,43.5,15.6,14.9,6.9,5.2,4.9,19.7,0.2,86.3,2.9,1,7,7,7,17,28,23,27,20,17,25,3,4,15,10,9,5,29,8,27,13,13,3,5,28,8,98.4,95.3,3.1,87.1,0.525,0.507,1.05,13.0,0.353,0.701,0.527,0.17,0.436,0.492,0.436,0.378,0.17,0.353,Atlanta Hawks,50,31,19,0.62,48.3,32.0,77.4,0.413,3.8,12.7,0.3,15.7,21.5,0.729,11.6,27.4,39.0,17.9,13.5,7.6,4.9,5.2,24.0,19.7,83.4,-2.9,1,7,7,7,17,6,15,4,3,8,1,3,3,15,3,3,3,2,27,4,13,13,27,27,1,8,1998-99,0.62,1999,1990s
1610612738,Boston Celtics,50,19,31,0.38,48.6,36.3,83.3,0.436,5.5,15.2,0.36,14.9,21.5,0.692,13.6,29.2,42.8,21.5,16.1,9.1,5.1,5.1,23.9,0.1,93.0,-1.9,1,22,22,22,5,4,4,16,7,7,9,29,29,25,8,13,10,10,23,4,15,18,25,12,10,21,98.7,100.8,-2.1,93.02,0.473,0.591,1.33,16.3,0.33,0.666,0.493,0.171,0.469,0.501,0.469,0.259,0.171,0.33,Boston Celtics,50,19,31,0.38,48.6,34.5,77.9,0.443,3.5,11.2,0.312,22.4,30.1,0.742,12.8,30.9,43.7,20.4,16.8,9.2,5.1,5.1,20.0,23.9,94.9,1.9,1,22,22,22,5,18,16,18,2,2,3,29,28,24,20,25,27,10,3,26,18,15,1,5,22,21,1998-99,0.38,1999,1990s
1610612766,Charlotte Hornets,50,26,24,0.52,48.6,33.4,74.4,0.449,5.4,14.7,0.365,20.7,27.7,0.747,9.6,29.9,39.5,22.2,15.9,8.9,4.9,4.6,22.0,0.1,92.9,-0.1,1,16,16,16,5,20,24,7,8,8,6,4,7,8,28,10,25,5,19,9,16,10,11,12,12,16,100.4,100.4,0.0,91.43,0.511,0.664,1.39,17.6,0.266,0.678,0.482,0.172,0.485,0.537,0.485,0.372,0.172,0.266,Charlotte Hornets,50,26,24,0.52,48.6,34.8,80.1,0.434,4.2,12.7,0.333,19.2,26.1,0.734,13.1,29.8,42.9,21.8,15.2,8.9,4.6,4.9,23.0,22.0,93.0,0.1,1,16,16,16,5,19,23,12,8,10,10,17,16,21,22,18,22,21,18,23,10,16,22,19,18,16,1998-99,0.52,1999,1990s
1610612741,Chicago Bulls,50,13,37,0.26,48.3,30.8,76.7,0.401,3.5,12.2,0.29,16.8,23.7,0.709,11.5,27.9,39.3,20.3,15.5,8.7,3.4,5.7,22.2,0.1,81.9,-9.5,1,27,27,27,18,28,19,29,23,19,27,27,25,21,22,23,26,19,16,12,29,25,12,12,29,29,91.4,101.7,-10.4,89.19,0.42,0.661,1.31,16.4,0.299,0.684,0.482,0.173,0.424,0.47,0.424,0.309,0.173,0.299,Chicago Bulls,50,13,37,0.26,48.3,34.5,75.7,0.455,4.2,12.2,0.34,18.3,24.9,0.733,11.0,31.4,42.4,22.0,15.6,8.9,5.7,3.4,21.5,22.2,91.4,9.5,1,27,27,27,18,17,5,25,6,5,15,10,11,18,2,27,17,23,13,24,25,29,10,18,14,29,1998-99,0.26,1999,1990s
1610612739,Cleveland Cavaliers,50,22,28,0.44,48.2,31.2,71.2,0.439,3.6,10.7,0.341,20.3,27.1,0.749,9.4,26.3,35.8,21.9,15.7,9.0,4.1,5.6,24.2,0.1,86.4,-1.7,1,20,20,20,19,27,29,15,21,24,15,6,8,7,29,28,29,8,17,5,23,24,26,12,26,20,98.2,100.1,-1.9,87.66,0.493,0.7,1.39,17.9,0.295,0.656,0.478,0.178,0.464,0.52,0.464,0.381,0.178,0.295,Cleveland Cavaliers,50,22,28,0.44,48.2,31.9,73.3,0.436,4.7,13.5,0.35,19.6,26.3,0.743,11.8,28.1,39.9,21.1,16.4,7.8,5.6,4.1,24.0,24.2,88.2,1.7,1,20,20,20,19,5,2,14,22,21,21,18,17,25,4,11,5,16,6,6,24,23,26,4,9,20,1998-99,0.44,1999,1990s
1610612742,Dallas Mavericks,50,19,31,0.38,48.3,35.0,80.7,0.434,4.0,11.9,0.339,17.6,24.2,0.728,12.9,29.6,42.5,18.4,13.8,7.0,5.8,4.9,21.3,0.1,91.6,-2.4,1,22,22,22,16,10,6,18,19,20,16,21,22,17,15,12,12,27,4,26,4,15,9,12,15,23,100.2,103.0,-2.7,90.8,0.474,0.527,1.33,14.7,0.321,0.673,0.495,0.151,0.459,0.502,0.459,0.3,0.151,0.321,Dallas Mavericks,50,19,31,0.38,48.3,36.3,80.7,0.45,4.3,13.7,0.315,17.1,23.9,0.717,13.2,30.4,43.6,21.5,14.0,7.2,4.9,5.8,20.8,21.3,94.0,2.4,1,22,22,22,16,25,26,22,11,23,4,7,8,7,25,24,26,19,25,2,15,4,7,21,21,23,1998-99,0.38,1999,1990s
1610612743,Denver Nuggets,50,14,36,0.28,48.1,33.6,79.8,0.421,6.0,18.4,0.328,20.2,26.5,0.762,12.9,27.8,40.8,19.4,14.8,7.5,5.5,5.5,22.9,0.1,93.5,-6.6,1,26,26,26,27,19,9,24,3,2,20,8,12,4,13,24,18,22,7,25,8,23,21,12,8,26,101.4,108.6,-7.3,91.99,0.442,0.576,1.31,15.3,0.319,0.66,0.483,0.16,0.459,0.511,0.459,0.332,0.16,0.319,Denver Nuggets,50,14,36,0.28,48.1,37.7,80.3,0.469,4.7,12.8,0.37,19.9,26.8,0.745,12.4,30.0,42.4,23.5,14.0,7.9,5.5,5.5,22.1,22.9,100.1,6.6,1,26,26,26,27,28,24,28,24,11,28,21,20,26,14,19,19,28,24,8,23,8,16,9,28,26,1998-99,0.28,1999,1990s
1610612765,Detroit Pistons,50,29,21,0.58,48.2,33.2,74.3,0.447,5.0,13.6,0.365,19.0,25.7,0.74,12.1,28.2,40.3,20.2,15.8,8.9,4.2,4.5,22.8,0.1,90.4,3.4,1,10,10,10,26,21,25,10,10,11,5,14,14,11,18,21,20,20,18,6,22,9,17,12,20,6,102.4,98.4,4.0,87.93,0.515,0.608,1.28,16.4,0.331,0.697,0.514,0.179,0.48,0.528,0.48,0.345,0.179,0.331,Detroit Pistons,50,29,21,0.58,48.2,31.7,72.8,0.436,4.7,13.6,0.346,18.8,26.3,0.715,11.0,27.5,38.5,20.9,15.4,8.5,4.5,4.2,22.3,22.8,86.9,-3.4,1,10,10,10,26,3,1,13,22,22,19,14,18,6,1,4,1,15,16,17,9,22,18,12,7,6,1998-99,0.58,1999,1990s
1610612744,Golden State Warriors,50,21,29,0.42,48.5,34.6,83.5,0.415,3.2,11.3,0.287,15.9,23.5,0.676,16.3,31.2,47.5,20.7,15.4,8.3,4.4,6.1,25.4,0.1,88.3,-2.5,1,21,21,21,8,14,3,26,25,23,28,28,26,29,1,4,1,15,14,17,20,27,29,12,25,24,96.0,98.9,-2.9,90.96,0.466,0.599,1.35,15.8,0.367,0.69,0.523,0.167,0.434,0.471,0.434,0.282,0.167,0.367,Golden State Warriors,50,21,29,0.42,48.5,32.3,77.0,0.42,3.9,11.5,0.336,22.3,30.6,0.728,13.1,30.1,43.2,20.5,14.7,8.0,6.1,4.4,20.5,25.4,90.8,2.5,1,21,21,21,8,9,10,7,4,3,12,28,29,13,23,20,25,12,21,11,27,20,4,1,12,24,1998-99,0.42,1999,1990s
1610612745,Houston Rockets,50,31,19,0.62,48.3,35.1,76.0,0.462,6.7,18.3,0.368,17.3,23.7,0.729,10.7,30.8,41.5,21.2,16.2,7.7,5.2,4.9,19.2,0.1,94.2,2.3,1,7,7,7,13,8,22,3,1,3,4,23,24,16,26,5,15,14,24,24,13,17,2,29,7,10,103.5,101.0,2.5,90.45,0.523,0.603,1.3,16.9,0.312,0.678,0.506,0.178,0.506,0.545,0.506,0.313,0.178,0.312,Houston Rockets,50,31,19,0.62,48.3,35.9,82.7,0.434,4.6,12.9,0.357,15.6,21.2,0.734,13.3,27.8,41.1,20.7,13.1,8.8,4.9,5.2,20.6,19.2,91.9,-2.3,1,7,7,7,13,22,28,10,19,12,26,2,2,20,26,6,13,13,28,22,17,13,5,28,15,10,1998-99,0.62,1999,1990s
1610612754,Indiana Pacers,50,33,17,0.66,48.4,34.6,77.3,0.448,5.9,16.0,0.368,19.5,24.6,0.796,11.5,29.0,40.5,20.1,13.0,6.3,4.5,4.8,21.6,0.2,94.7,3.7,1,4,4,4,10,13,17,9,4,6,3,12,18,1,21,14,19,21,2,29,19,11,10,2,6,5,106.6,102.2,4.3,88.16,0.526,0.581,1.55,16.4,0.31,0.671,0.495,0.146,0.486,0.537,0.486,0.318,0.146,0.31,Indiana Pacers,50,33,17,0.66,48.4,34.1,78.7,0.434,4.1,12.7,0.325,18.6,24.5,0.756,12.5,28.5,41.0,19.1,13.0,7.1,4.8,4.5,22.5,21.6,90.9,-3.7,1,4,4,4,10,15,18,11,5,9,7,12,10,29,16,14,12,6,29,1,11,19,19,20,13,5,1998-99,0.66,1999,1990s
1610612746,Los Angeles Clippers,50,9,41,0.18,48.5,34.2,80.1,0.427,4.3,13.4,0.32,17.7,24.5,0.721,13.3,25.9,39.2,16.4,15.9,8.5,4.7,5.8,24.5,0.1,90.4,-8.8,1,28,28,28,8,15,7,21,17,15,22,19,19,19,11,29,27,28,19,14,17,26,27,23,19,28,98.3,107.8,-9.6,91.04,0.402,0.479,1.03,13.2,0.332,0.646,0.48,0.173,0.454,0.497,0.454,0.306,0.173,0.332,Los Angeles Clippers,50,9,41,0.18,48.5,36.6,77.2,0.474,4.4,12.5,0.354,21.6,28.9,0.746,12.8,30.1,42.9,22.0,15.6,8.4,5.8,4.7,20.8,24.5,99.2,8.8,1,28,28,28,8,26,13,29,16,7,25,27,25,27,19,21,22,24,12,16,26,17,7,3,27,28,1998-99,0.18,1999,1990s
1610612747,Los Angeles Lakers,50,31,19,0.62,48.2,36.8,78.7,0.468,4.8,13.7,0.352,20.5,30.1,0.683,12.3,29.6,42.0,21.9,15.1,7.8,5.7,3.9,24.6,0.1,99.0,3.0,1,7,7,7,19,2,15,1,12,10,12,5,2,26,16,11,13,7,11,23,6,3,28,28,2,7,106.1,102.8,3.3,92.95,0.527,0.595,1.45,16.9,0.323,0.671,0.5,0.162,0.498,0.538,0.498,0.382,0.162,0.323,Los Angeles Lakers,50,31,19,0.62,48.2,35.2,79.8,0.441,4.3,13.1,0.332,21.3,30.0,0.709,12.6,28.1,40.6,21.2,14.3,8.2,3.9,5.7,25.4,24.6,96.0,-3.0,1,7,7,7,19,20,22,17,12,14,9,26,27,4,17,10,10,17,23,13,3,6,28,2,25,7,1998-99,0.62,1999,1990s
1610612748,Miami Heat,50,33,17,0.66,48.1,32.3,71.3,0.453,5.8,16.1,0.359,18.6,25.2,0.735,10.1,30.2,40.3,20.4,14.9,6.5,6.1,3.8,20.7,0.1,89.0,5.0,1,4,4,4,27,25,28,6,6,5,10,15,15,12,27,6,22,18,8,28,3,1,7,23,23,4,102.9,97.1,5.8,86.35,0.56,0.631,1.37,17.1,0.299,0.683,0.503,0.172,0.494,0.54,0.494,0.354,0.172,0.299,Miami Heat,50,33,17,0.66,48.1,31.3,76.1,0.411,4.2,12.1,0.348,17.2,23.3,0.737,12.4,26.8,39.2,17.1,13.5,7.7,3.8,6.1,22.0,20.7,84.0,-5.0,1,4,4,4,27,2,7,3,7,4,20,9,6,23,12,2,4,1,26,5,1,3,14,23,2,4,1998-99,0.66,1999,1990s
1610612749,Milwaukee Bucks,50,28,22,0.56,48.2,35.1,76.4,0.459,4.6,12.4,0.373,16.9,23.1,0.733,11.4,27.4,38.8,20.6,14.4,8.8,4.0,3.9,22.8,0.2,91.7,1.7,1,11,11,11,19,9,20,4,13,18,1,25,27,13,23,26,28,17,5,10,24,2,20,3,14,13,102.9,101.2,1.8,88.64,0.512,0.588,1.43,16.8,0.312,0.648,0.484,0.161,0.489,0.53,0.489,0.303,0.161,0.312,Milwaukee Bucks,50,28,22,0.56,48.2,32.0,74.9,0.427,5.4,16.3,0.334,20.6,27.4,0.752,13.1,28.0,41.1,20.4,16.6,8.0,3.9,4.0,20.4,22.8,90.0,-1.7,1,11,11,11,19,8,3,9,28,29,11,23,22,28,24,8,13,10,5,9,2,24,3,10,11,13,1998-99,0.56,1999,1990s
1610612750,Minnesota Timberwolves,50,25,25,0.5,48.1,36.8,86.5,0.425,2.4,8.2,0.298,17.0,22.9,0.743,15.1,27.8,42.9,24.4,12.8,8.5,5.4,5.2,23.7,0.1,92.9,0.4,1,17,17,17,27,3,1,23,28,27,26,24,28,9,2,24,9,2,1,13,10,20,24,23,11,15,99.9,99.4,0.5,92.86,0.493,0.663,1.9,18.1,0.348,0.673,0.501,0.138,0.439,0.481,0.439,0.264,0.138,0.348,Minnesota Timberwolves,50,25,25,0.5,48.1,33.6,76.5,0.439,4.3,13.1,0.326,21.1,29.4,0.718,11.8,31.3,43.1,22.3,16.7,7.3,5.2,5.4,20.3,23.7,92.6,-0.4,1,17,17,17,27,12,8,16,9,16,8,25,26,8,4,26,24,26,4,3,20,10,2,6,16,15,1998-99,0.5,1999,1990s
1610612751,New Jersey Nets,50,16,34,0.32,48.2,33.8,83.2,0.406,4.5,13.6,0.331,19.2,25.0,0.769,14.3,28.7,43.0,18.5,15.0,9.8,5.5,6.5,22.7,0.2,91.4,-3.8,1,25,25,25,19,16,5,28,15,11,17,13,17,2,4,17,8,26,10,3,9,28,16,5,16,25,97.0,101.2,-4.2,93.73,0.466,0.546,1.23,14.3,0.328,0.682,0.496,0.159,0.434,0.485,0.434,0.301,0.159,0.328,New Jersey Nets,50,16,34,0.32,48.2,35.9,79.4,0.453,4.5,13.1,0.341,18.9,26.0,0.727,12.5,31.6,44.1,19.4,16.3,7.9,6.5,5.5,21.7,22.7,95.2,3.8,1,25,25,25,19,23,21,24,17,16,16,16,14,12,15,28,28,8,7,7,28,9,11,14,23,25,1998-99,0.32,1999,1990s
1610612752,New York Knicks,50,27,23,0.54,48.4,32.2,74.1,0.435,4.2,11.8,0.353,17.8,24.4,0.732,11.0,30.2,41.2,19.3,16.1,7.9,5.2,4.3,22.8,0.2,86.4,1.0,1,13,13,13,10,26,26,17,18,21,11,18,20,14,25,7,17,23,22,20,12,6,19,5,27,14,97.2,95.9,1.2,88.22,0.515,0.598,1.2,15.9,0.303,0.671,0.494,0.181,0.463,0.509,0.463,0.329,0.181,0.303,New York Knicks,50,27,23,0.54,48.4,30.6,75.8,0.403,4.7,13.2,0.353,19.6,26.7,0.733,12.3,28.5,40.8,18.5,15.3,8.5,4.3,5.2,20.7,22.8,85.4,-1.0,1,13,13,13,10,1,6,2,21,18,24,19,19,19,9,14,11,4,17,18,6,12,6,11,4,14,1998-99,0.54,1999,1990s
1610612753,Orlando Magic,50,33,17,0.66,48.2,33.7,78.9,0.428,4.5,13.5,0.33,17.5,25.0,0.7,13.8,28.9,42.7,21.3,16.4,9.9,4.3,4.8,18.7,0.1,89.5,2.6,1,4,4,4,19,17,13,20,16,13,18,22,16,23,7,16,11,12,26,2,21,12,1,23,22,9,98.9,96.3,2.6,89.93,0.519,0.632,1.3,16.6,0.36,0.685,0.518,0.181,0.456,0.498,0.456,0.318,0.181,0.36,Orlando Magic,50,33,17,0.66,48.2,34.2,77.1,0.443,4.6,13.3,0.345,13.9,19.7,0.707,11.9,28.5,40.4,20.8,17.3,9.4,4.8,4.3,22.2,18.7,86.9,-2.6,1,4,4,4,19,16,12,19,19,20,17,1,1,3,6,13,8,14,2,27,12,21,17,29,6,9,1998-99,0.66,1999,1990s
1610612755,Philadelphia 76ers,50,28,22,0.56,48.6,33.1,77.7,0.426,2.0,7.4,0.264,21.5,29.7,0.722,14.6,28.6,43.1,18.7,16.4,10.8,5.4,5.3,23.0,0.1,89.7,2.1,1,11,11,11,5,23,16,22,29,29,29,2,3,18,3,18,7,25,27,1,11,21,23,12,21,12,97.8,95.5,2.4,90.56,0.518,0.564,1.14,14.7,0.356,0.679,0.515,0.179,0.439,0.494,0.439,0.383,0.179,0.356,Philadelphia 76ers,50,28,22,0.56,48.6,32.0,75.7,0.423,4.8,14.3,0.337,18.8,25.8,0.731,12.4,28.0,40.4,20.0,17.9,8.7,5.3,5.4,23.7,23.0,87.6,-2.1,1,11,11,11,5,7,4,8,25,26,14,14,13,17,13,9,9,9,1,20,21,11,25,7,8,12,1998-99,0.56,1999,1990s
1610612756,Phoenix Suns,50,27,23,0.54,48.2,35.9,80.1,0.449,5.2,14.0,0.372,18.5,24.3,0.76,12.0,28.4,40.3,25.0,13.6,8.9,4.0,4.1,20.4,0.1,95.6,2.3,1,13,13,13,19,5,8,8,9,9,2,16,21,5,19,20,21,1,3,6,26,4,6,12,3,11,103.9,101.6,2.2,91.54,0.529,0.695,1.83,19.1,0.306,0.671,0.489,0.148,0.481,0.526,0.481,0.303,0.148,0.306,Phoenix Suns,50,27,23,0.54,48.2,35.4,78.7,0.45,5.4,15.1,0.36,17.0,24.5,0.694,12.3,30.1,42.4,21.3,16.2,8.2,4.1,4.0,21.3,20.4,93.3,-2.3,1,13,13,13,19,21,19,23,28,27,27,6,9,1,7,21,18,18,8,14,4,26,9,24,19,11,1998-99,0.54,1999,1990s
1610612757,Portland Trail Blazers,50,35,15,0.7,48.7,34.9,79.1,0.442,4.9,13.5,0.364,20.0,27.0,0.743,12.9,31.4,44.3,21.5,15.4,8.2,5.8,4.9,22.5,0.2,94.8,6.4,1,3,3,3,4,11,12,14,11,13,7,10,10,10,14,3,3,10,15,18,5,15,14,5,5,3,102.8,96.2,6.6,90.81,0.556,0.614,1.39,16.6,0.345,0.687,0.519,0.167,0.473,0.521,0.473,0.341,0.167,0.345,Portland Trail Blazers,50,35,15,0.7,48.7,32.9,78.8,0.417,4.4,13.8,0.318,18.3,25.3,0.725,12.3,27.8,40.1,19.2,15.7,8.2,4.9,5.8,22.8,22.5,88.5,-6.4,1,3,3,3,4,11,20,6,15,25,5,11,12,11,9,5,6,7,11,15,15,5,20,16,10,3,1998-99,0.7,1999,1990s
1610612758,Sacramento Kings,50,27,23,0.54,48.8,38.4,86.1,0.445,5.8,18.9,0.308,17.7,25.9,0.683,14.1,31.5,45.6,22.6,16.8,8.9,4.6,4.4,20.3,0.2,100.2,-0.4,1,13,13,13,1,1,2,12,5,1,24,19,13,27,6,2,2,4,28,6,18,7,5,5,1,17,101.2,101.6,-0.4,97.36,0.494,0.589,1.34,16.4,0.328,0.654,0.493,0.17,0.479,0.514,0.479,0.3,0.17,0.328,Sacramento Kings,50,27,23,0.54,48.8,40.2,90.0,0.446,4.4,13.0,0.336,15.9,22.3,0.712,15.0,32.0,47.0,23.3,15.8,9.8,4.4,4.6,22.0,20.3,100.6,0.4,1,13,13,13,1,29,29,21,14,13,13,4,4,5,29,29,29,27,10,28,7,18,14,25,29,17,1998-99,0.54,1999,1990s
1610612759,San Antonio Spurs,50,37,13,0.74,48.3,34.8,76.2,0.456,3.4,10.4,0.33,19.8,28.3,0.698,12.3,31.7,44.0,22.0,15.2,8.4,7.0,4.9,20.2,0.1,92.8,8.1,1,1,1,1,13,12,21,5,24,25,19,11,5,24,17,1,4,6,12,15,1,13,4,12,13,1,102.7,93.6,9.1,89.88,0.582,0.633,1.45,17.4,0.329,0.674,0.512,0.168,0.479,0.523,0.479,0.371,0.168,0.329,San Antonio Spurs,50,37,13,0.74,48.3,32.6,81.2,0.402,3.4,11.2,0.304,16.1,23.0,0.701,13.9,28.1,42.1,18.8,14.6,8.7,4.9,7.0,23.0,20.2,84.7,-8.1,1,1,1,1,13,10,27,1,1,1,2,5,5,2,28,12,16,5,22,21,13,1,21,26,3,1,1998-99,0.74,1999,1990s
1610612760,Seattle SuperSonics,50,25,25,0.5,48.4,35.1,79.5,0.442,6.2,18.0,0.344,18.4,27.1,0.681,13.5,28.4,42.0,21.7,15.3,7.9,4.0,4.5,20.9,0.2,94.9,-1.1,1,17,17,17,10,7,10,13,2,4,13,17,9,28,9,19,14,9,13,21,25,8,8,3,4,18,103.2,104.2,-0.9,91.22,0.49,0.619,1.42,16.7,0.344,0.673,0.506,0.167,0.481,0.519,0.481,0.341,0.167,0.344,Seattle SuperSonics,50,25,25,0.5,48.4,36.8,80.5,0.457,5.3,15.3,0.345,17.1,23.7,0.722,13.0,28.9,42.0,22.2,14.9,8.0,4.5,4.0,23.3,20.9,95.9,1.1,1,17,17,17,10,27,25,26,27,28,18,8,7,10,21,16,15,25,19,9,8,25,23,22,24,18,1998-99,0.5,1999,1990s
1610612761,Toronto Raptors,50,23,27,0.46,48.3,33.2,78.8,0.421,4.5,13.2,0.341,20.2,26.6,0.76,14.2,28.9,43.2,20.7,16.0,8.8,6.4,5.2,22.8,0.2,91.1,-1.6,1,19,19,19,13,21,14,25,14,16,14,7,11,6,5,15,6,16,21,11,2,19,17,1,18,19,99.8,101.8,-1.9,90.67,0.489,0.624,1.3,16.1,0.359,0.675,0.515,0.175,0.45,0.504,0.45,0.338,0.175,0.359,Toronto Raptors,50,23,27,0.46,48.3,33.9,77.1,0.439,5.1,13.7,0.372,19.9,27.4,0.728,12.3,27.9,40.1,21.9,15.5,8.9,5.2,6.4,21.8,22.8,92.8,1.6,1,19,19,19,13,13,11,15,26,23,29,20,21,14,7,7,7,22,15,25,19,2,13,12,17,19,1998-99,0.46,1999,1990s
1610612762,Utah Jazz,50,37,13,0.74,48.7,33.7,72.4,0.465,2.8,7.8,0.361,23.2,30.2,0.767,11.1,30.2,41.3,24.1,16.3,8.0,5.5,5.3,22.7,0.1,93.3,6.5,1,1,1,1,2,18,27,2,27,28,8,1,1,3,24,8,16,3,25,19,7,22,15,11,9,2,104.2,96.7,7.4,88.37,0.591,0.715,1.48,19.0,0.329,0.677,0.516,0.182,0.485,0.545,0.485,0.417,0.182,0.329,Utah Jazz,50,37,13,0.74,48.7,31.9,77.3,0.413,4.3,13.3,0.321,18.7,26.0,0.721,12.7,25.9,38.6,18.1,14.9,8.6,5.3,5.5,26.2,22.7,86.8,-6.5,1,1,1,1,2,4,14,5,10,19,6,13,15,9,18,1,2,3,20,19,22,7,29,15,5,2,1998-99,0.74,1999,1990s
1610612763,Vancouver Grizzlies,50,8,42,0.16,48.7,32.9,76.8,0.428,3.0,9.1,0.327,20.2,28.2,0.717,13.0,27.2,40.2,19.3,17.0,8.4,4.0,6.6,22.5,0.2,88.9,-8.7,1,29,29,29,2,24,18,19,26,26,21,9,6,20,12,27,23,23,29,16,27,29,13,5,24,27,97.1,106.3,-9.3,90.29,0.427,0.586,1.14,15.3,0.342,0.645,0.49,0.185,0.447,0.498,0.447,0.367,0.185,0.342,Vancouver Grizzlies,50,8,42,0.16,48.7,36.3,78.3,0.463,4.6,13.1,0.351,20.4,28.0,0.729,13.4,29.1,42.5,23.8,15.6,9.8,6.6,4.0,23.3,22.5,97.5,8.7,1,29,29,29,2,24,17,27,18,14,22,22,23,16,27,17,20,29,14,28,29,27,23,17,26,27,1998-99,0.16,1999,1990s
1610612764,Washington Wizards,50,18,32,0.36,48.2,35.4,79.4,0.445,3.6,11.6,0.309,16.9,24.0,0.705,11.9,28.1,40.0,21.3,14.7,7.9,3.9,4.2,23.0,0.1,91.2,-2.2,1,24,24,24,19,6,11,11,22,22,23,26,23,22,20,22,24,13,6,21,28,5,22,23,17,22,99.8,102.1,-2.3,91.11,0.476,0.602,1.45,16.8,0.308,0.673,0.488,0.161,0.468,0.507,0.468,0.302,0.161,0.308,Washington Wizards,50,18,32,0.36,48.2,34.1,76.5,0.446,4.4,12.4,0.352,20.9,28.4,0.736,12.3,30.3,42.7,21.6,15.8,8.0,4.2,3.9,21.7,23.0,93.4,2.2,1,24,24,24,19,14,9,20,13,6,23,24,24,22,11,23,21,20,9,12,5,28,12,8,20,22,1998-99,0.36,1999,1990s
1610612737,Atlanta Hawks,82,28,54,0.341,48.4,36.6,83.0,0.441,3.1,9.9,0.317,18.0,24.2,0.743,14.0,31.3,45.3,18.9,15.4,6.1,5.6,4.9,21.0,1.6,94.3,-5.4,1,25,25,25,7,16,13,24,27,27,29,22,21,19,3,9,3,28,16,29,9,10,4,29,25,25,100.1,105.8,-5.7,93.55,0.462,0.516,1.22,14.6,0.334,0.698,0.516,0.164,0.46,0.503,0.46,0.292,0.164,0.334,Atlanta Hawks,82,28,54,0.341,48.4,39.2,86.1,0.455,4.5,12.4,0.367,16.8,21.9,0.769,12.8,30.2,43.0,23.0,12.2,8.0,4.9,5.6,22.3,21.0,99.7,5.4,1,25,25,25,7,25,27,18,10,5,24,5,3,27,21,14,16,16,29,20,10,9,7,26,18,25,1999-00,0.3414634146341463,2000,1990s
1610612738,Boston Celtics,82,35,47,0.427,48.1,37.2,83.9,0.444,5.1,15.4,0.331,19.8,26.5,0.745,13.5,29.5,43.0,21.2,15.4,9.7,3.5,5.8,27.1,2.3,99.3,-0.8,1,19,19,19,26,10,10,20,13,9,23,8,7,18,6,24,13,21,15,1,28,23,29,17,9,19,102.9,103.9,-1.1,96.19,0.476,0.57,1.38,15.9,0.327,0.705,0.506,0.159,0.474,0.52,0.474,0.316,0.159,0.327,Boston Celtics,82,35,47,0.427,48.1,36.1,76.9,0.47,4.4,12.1,0.361,23.5,31.3,0.753,10.5,30.9,41.4,21.9,17.0,7.8,5.8,3.5,23.5,27.1,100.1,0.8,1,19,19,19,26,11,2,27,6,2,20,29,29,21,1,18,8,12,6,16,23,28,18,1,20,19,1999-00,0.4268292682926829,2000,1990s
1610612766,Charlotte Hornets,82,49,33,0.598,48.2,35.8,79.7,0.449,4.1,12.2,0.339,22.7,30.0,0.758,10.8,32.1,42.9,24.7,14.7,8.9,5.9,5.1,20.4,2.2,98.4,2.7,1,10,10,10,19,25,22,17,21,19,19,2,2,13,27,3,16,4,9,6,7,14,2,21,14,9,102.5,99.7,2.8,95.58,0.541,0.689,1.68,18.4,0.283,0.712,0.501,0.153,0.475,0.53,0.475,0.376,0.153,0.283,Charlotte Hornets,82,49,33,0.598,48.2,37.2,83.1,0.448,5.0,13.2,0.378,16.4,22.0,0.745,11.8,31.1,42.9,23.2,15.8,7.4,5.1,5.9,25.3,20.4,95.8,-2.7,1,10,10,10,19,16,19,13,20,13,27,3,4,10,7,20,15,20,12,7,14,7,27,28,10,9,1999-00,0.5975609756097561,2000,1990s
1610612741,Chicago Bulls,82,17,65,0.207,48.3,31.3,75.4,0.415,4.1,12.6,0.329,18.1,25.5,0.709,12.6,28.3,40.9,20.0,19.0,7.9,4.7,5.6,23.3,2.6,84.8,-9.4,1,28,28,28,17,29,29,29,20,18,24,21,14,25,13,28,25,26,29,14,19,20,13,9,29,28,92.8,102.8,-10.0,90.93,0.417,0.638,1.05,15.8,0.331,0.676,0.499,0.208,0.443,0.49,0.443,0.338,0.208,0.331,Chicago Bulls,82,17,65,0.207,48.3,35.6,78.0,0.456,4.4,12.8,0.341,18.7,25.2,0.741,12.2,29.5,41.7,23.2,15.2,10.4,5.6,4.7,24.0,23.3,94.2,9.4,1,28,28,28,17,9,3,19,5,8,9,16,16,5,13,7,11,19,16,29,20,19,21,17,9,28,1999-00,0.2073170731707317,2000,1990s
1610612739,Cleveland Cavaliers,82,32,50,0.39,48.4,36.3,82.1,0.442,4.2,11.2,0.373,20.2,26.9,0.75,12.3,30.5,42.8,23.7,17.4,8.7,4.4,6.1,27.1,3.0,97.0,-3.5,1,22,22,22,6,21,17,22,19,21,7,4,6,15,17,14,17,7,27,9,23,26,28,3,18,24,98.7,102.2,-3.5,97.36,0.475,0.652,1.36,17.3,0.308,0.685,0.496,0.177,0.468,0.516,0.468,0.327,0.177,0.308,Cleveland Cavaliers,82,32,50,0.39,48.4,36.4,82.1,0.443,5.1,15.0,0.341,22.6,29.1,0.776,12.4,31.5,43.9,23.7,16.9,8.0,6.1,4.4,25.1,27.1,100.5,3.5,1,22,22,22,6,12,15,8,23,24,10,28,27,28,15,22,22,23,7,21,26,23,26,2,22,24,1999-00,0.3902439024390244,2000,1990s
1610612742,Dallas Mavericks,82,40,42,0.488,48.1,39.0,85.9,0.453,6.3,16.2,0.391,17.2,21.4,0.804,11.4,29.8,41.2,22.1,13.7,7.2,5.1,5.1,21.6,3.8,101.4,-0.6,1,18,18,18,28,3,3,12,5,7,2,25,29,2,23,20,22,18,2,23,15,13,6,1,3,18,104.7,105.2,-0.5,96.64,0.493,0.567,1.61,16.7,0.281,0.647,0.466,0.142,0.49,0.532,0.49,0.248,0.142,0.281,Dallas Mavericks,82,40,42,0.488,48.1,39.3,86.0,0.457,5.2,15.2,0.345,18.1,24.5,0.74,15.3,33.2,48.4,23.2,16.1,7.4,5.1,5.1,22.1,21.6,102.0,0.6,1,18,18,18,28,26,26,22,25,26,12,9,11,4,29,28,29,18,10,7,13,15,6,24,25,18,1999-00,0.4878048780487805,2000,1990s
1610612743,Denver Nuggets,82,35,47,0.427,48.4,37.3,84.3,0.442,5.7,17.0,0.336,18.7,25.8,0.724,13.1,31.6,44.7,23.3,15.6,6.8,7.5,5.6,23.9,2.5,99.0,-2.1,1,19,19,19,5,9,6,21,7,5,22,18,12,24,8,7,6,11,17,27,1,21,18,12,11,22,102.2,104.5,-2.3,95.95,0.483,0.625,1.49,17.2,0.321,0.688,0.504,0.161,0.476,0.517,0.476,0.306,0.161,0.321,Denver Nuggets,82,35,47,0.427,48.4,38.2,84.8,0.45,4.9,13.7,0.354,19.9,26.5,0.751,12.5,31.8,44.3,24.4,14.4,7.5,5.6,7.5,23.6,23.9,101.1,2.1,1,19,19,19,5,21,24,14,16,16,17,22,21,17,16,23,23,28,23,10,21,1,19,12,24,22,1999-00,0.4268292682926829,2000,1990s
1610612765,Detroit Pistons,82,42,40,0.512,48.4,37.1,80.9,0.459,5.4,14.9,0.359,23.9,30.6,0.781,11.2,30.0,41.2,20.8,15.7,8.1,3.3,4.8,24.5,3.5,103.5,1.4,1,15,15,15,7,12,21,9,10,11,14,1,1,6,26,18,22,23,19,12,29,9,23,2,2,12,105.2,103.8,1.4,97.56,0.506,0.561,1.33,15.7,0.295,0.694,0.495,0.16,0.492,0.548,0.492,0.378,0.16,0.295,Detroit Pistons,82,42,40,0.512,48.4,38.0,81.8,0.465,5.6,15.0,0.371,20.4,27.3,0.746,11.9,30.5,42.4,23.1,17.1,8.0,4.8,3.3,27.1,24.5,102.0,-1.4,1,15,15,15,7,19,14,25,28,25,26,24,24,11,9,16,12,17,5,18,9,29,29,7,26,12,1999-00,0.5121951219512195,2000,1990s
1610612744,Golden State Warriors,82,19,63,0.232,48.2,36.5,87.1,0.42,4.2,13.0,0.323,18.3,26.2,0.697,15.9,29.7,45.6,22.6,15.9,8.9,4.3,6.0,24.9,2.0,95.5,-8.3,1,27,27,27,22,17,2,28,17,15,27,20,9,27,1,21,2,15,20,7,24,25,26,26,22,27,98.0,106.5,-8.4,97.11,0.431,0.618,1.42,16.3,0.346,0.673,0.499,0.163,0.444,0.484,0.444,0.301,0.163,0.346,Golden State Warriors,82,19,63,0.232,48.2,38.6,82.6,0.467,5.2,14.2,0.367,21.4,28.4,0.754,13.3,32.8,46.1,24.8,16.3,8.4,6.0,4.3,23.0,24.9,103.8,8.3,1,27,27,27,22,24,17,26,24,20,23,26,26,22,25,26,26,29,9,23,25,24,14,4,29,27,1999-00,0.2317073170731707,2000,1990s
1610612745,Houston Rockets,82,34,48,0.415,48.4,36.6,81.3,0.45,7.1,19.8,0.358,19.2,26.2,0.733,12.3,31.5,43.8,21.6,17.4,7.5,5.3,5.3,20.3,1.8,99.5,-0.9,1,21,21,21,7,15,19,15,2,2,15,14,10,23,18,8,8,19,26,19,12,17,1,27,8,20,103.3,104.2,-0.8,95.54,0.49,0.591,1.24,16.3,0.321,0.691,0.508,0.181,0.494,0.536,0.494,0.322,0.181,0.321,Houston Rockets,82,34,48,0.415,48.4,39.3,86.3,0.456,4.3,12.1,0.354,17.4,22.3,0.779,12.5,29.9,42.4,22.7,13.7,9.0,5.3,5.3,22.4,20.3,100.3,0.9,1,21,21,21,7,27,28,20,3,1,15,7,6,29,16,11,13,15,27,27,17,12,8,29,21,20,1999-00,0.4146341463414634,2000,1990s
1610612754,Indiana Pacers,82,56,26,0.683,48.1,37.2,81.0,0.459,7.1,18.1,0.392,19.9,24.5,0.811,10.3,31.9,42.1,22.6,14.1,6.8,5.1,3.9,21.8,2.3,101.3,4.6,1,3,3,3,27,11,20,8,1,4,1,7,20,1,28,6,20,13,7,26,14,1,8,16,4,5,106.8,101.7,5.1,94.7,0.534,0.609,1.6,17.5,0.276,0.691,0.492,0.149,0.503,0.552,0.503,0.302,0.149,0.276,Indiana Pacers,82,56,26,0.683,48.1,38.0,85.1,0.446,4.0,12.3,0.327,16.8,22.2,0.755,12.7,31.0,43.7,21.2,13.7,7.4,3.9,5.1,23.3,21.8,96.7,-4.6,1,3,3,3,27,18,25,12,1,3,2,4,5,23,20,19,21,8,27,9,1,14,16,22,12,5,1999-00,0.6829268292682927,2000,1990s
1610612746,Los Angeles Clippers,82,15,67,0.183,48.1,35.1,82.4,0.426,5.2,15.5,0.339,16.6,22.3,0.746,11.6,29.0,40.6,18.0,16.2,7.0,6.0,4.6,22.2,2.0,92.0,-11.5,1,29,29,29,29,28,16,27,11,8,20,27,26,16,21,25,27,29,22,25,6,8,9,23,28,29,96.1,108.0,-11.9,95.69,0.411,0.514,1.12,14.2,0.286,0.674,0.474,0.169,0.458,0.499,0.458,0.27,0.169,0.286,Los Angeles Clippers,82,15,67,0.183,48.1,40.0,83.9,0.477,5.1,13.1,0.387,18.4,24.9,0.741,12.7,32.9,45.6,24.1,14.3,7.6,4.6,6.0,21.1,22.2,103.5,11.5,1,29,29,29,29,29,21,29,21,11,28,12,14,6,19,27,25,25,24,11,8,6,2,21,28,29,1999-00,0.1829268292682926,2000,1990s
1610612747,Los Angeles Lakers,82,67,15,0.817,48.3,38.3,83.4,0.459,4.2,12.8,0.329,20.1,28.9,0.696,13.6,33.4,47.0,23.4,13.9,7.5,6.5,4.2,22.5,2.5,100.8,8.5,1,1,1,1,14,6,11,7,18,17,25,6,3,28,5,1,1,10,5,19,4,4,10,11,6,1,105.4,96.4,9.0,95.04,0.573,0.612,1.68,17.4,0.324,0.705,0.518,0.146,0.484,0.525,0.484,0.347,0.146,0.324,Los Angeles Lakers,82,67,15,0.817,48.3,34.6,83.2,0.416,4.5,13.9,0.326,18.5,24.9,0.742,12.3,30.9,43.1,19.5,14.6,7.6,4.2,6.5,25.6,22.5,92.3,-8.5,1,1,1,1,14,6,20,1,9,18,1,14,15,7,14,17,18,2,20,13,4,4,28,20,6,1,1999-00,0.8170731707317073,2000,1990s
1610612748,Miami Heat,82,52,30,0.634,48.4,36.3,78.8,0.46,5.4,14.7,0.371,16.4,22.3,0.736,11.2,31.9,43.2,23.5,15.0,7.1,6.4,4.4,23.7,2.1,94.4,3.1,1,7,7,7,7,22,23,6,9,12,8,29,25,21,25,5,12,8,12,24,5,7,17,22,24,7,102.5,99.4,3.1,91.22,0.543,0.649,1.57,18.3,0.304,0.696,0.508,0.163,0.495,0.533,0.495,0.283,0.163,0.304,Miami Heat,82,52,30,0.634,48.4,33.9,80.4,0.422,5.0,13.8,0.361,18.4,24.7,0.748,11.9,28.5,40.4,19.3,14.0,7.6,4.4,6.4,21.9,23.7,91.3,-3.1,1,7,7,7,7,3,8,2,19,17,21,12,13,15,10,4,4,1,26,11,7,5,4,13,4,7,1999-00,0.6341463414634146,2000,1990s
1610612749,Milwaukee Bucks,82,42,40,0.512,48.4,38.7,83.3,0.465,4.8,13.0,0.369,19.0,24.2,0.786,12.4,28.9,41.3,22.6,15.0,8.2,4.6,4.1,24.6,2.2,101.2,0.2,1,15,15,15,2,4,12,3,15,15,9,16,22,3,15,26,21,14,11,10,21,2,25,19,5,16,106.5,106.2,0.3,94.27,0.498,0.583,1.51,17.1,0.327,0.667,0.497,0.158,0.494,0.539,0.494,0.29,0.158,0.327,Milwaukee Bucks,82,42,40,0.512,48.4,37.0,81.0,0.457,6.5,16.5,0.391,20.5,27.3,0.752,12.6,28.9,41.5,24.2,15.9,7.8,4.1,4.6,22.8,24.6,101.0,-0.2,1,15,15,15,2,15,12,21,29,29,29,25,25,19,18,5,10,26,11,15,2,21,11,5,23,16,1999-00,0.5121951219512195,2000,1990s
1610612750,Minnesota Timberwolves,82,50,32,0.61,48.5,39.3,84.3,0.467,3.0,8.7,0.346,16.8,21.6,0.78,12.4,30.1,42.5,26.9,13.9,7.6,5.4,4.2,23.3,2.3,98.5,2.5,1,8,8,8,1,2,7,2,28,28,17,26,28,7,15,16,19,1,4,17,11,3,14,18,13,10,104.2,101.7,2.5,93.37,0.531,0.684,1.94,19.8,0.318,0.696,0.507,0.147,0.485,0.525,0.485,0.256,0.147,0.318,Minnesota Timberwolves,82,50,32,0.61,48.5,35.7,80.2,0.445,4.6,13.0,0.356,20.0,26.6,0.752,11.2,29.8,40.9,21.2,15.0,7.2,4.2,5.4,20.5,23.3,96.0,-2.5,1,8,8,8,1,10,7,10,11,10,19,23,22,20,3,9,5,9,18,5,3,11,1,15,11,10,1999-00,0.6097560975609756,2000,1990s
1610612751,New Jersey Nets,82,31,51,0.378,48.4,36.3,83.9,0.433,5.8,16.8,0.347,19.5,24.9,0.784,12.7,28.2,40.9,20.6,13.6,8.8,4.8,5.7,23.3,2.4,98.0,-1.0,1,23,23,23,7,20,9,26,6,6,16,9,17,4,12,29,25,25,1,8,17,22,14,14,15,21,102.8,103.9,-1.1,94.63,0.479,0.567,1.51,15.8,0.298,0.657,0.472,0.143,0.468,0.517,0.468,0.297,0.143,0.298,New Jersey Nets,82,31,51,0.378,48.4,38.1,82.2,0.464,4.5,12.4,0.363,18.3,24.5,0.747,13.8,32.4,46.2,22.6,16.7,6.9,5.7,4.8,22.8,23.3,99.0,1.0,1,23,23,23,7,20,16,24,8,4,22,10,12,14,27,25,27,14,8,2,22,17,10,15,15,21,1999-00,0.3780487804878049,2000,1990s
1610612752,New York Knicks,82,50,32,0.61,48.4,35.3,77.7,0.455,4.3,11.4,0.375,17.2,22.0,0.781,9.8,30.7,40.5,19.4,14.6,6.3,4.3,4.3,24.2,2.8,92.1,1.5,1,8,8,8,7,26,28,11,16,20,5,24,27,5,29,13,29,27,8,28,25,6,21,6,27,11,100.9,99.5,1.5,90.54,0.507,0.548,1.32,15.8,0.277,0.699,0.496,0.16,0.482,0.527,0.482,0.283,0.16,0.277,New York Knicks,82,50,32,0.61,48.4,33.1,78.0,0.424,4.9,14.6,0.338,19.6,26.3,0.747,11.3,29.8,41.1,19.6,14.2,7.4,4.3,4.3,21.9,24.2,90.7,-1.5,1,8,8,8,7,1,4,3,18,23,6,19,20,13,4,10,6,3,25,6,6,25,5,9,2,11,1999-00,0.6097560975609756,2000,1990s
1610612753,Orlando Magic,82,41,41,0.5,48.2,38.6,85.5,0.452,3.6,10.6,0.338,19.2,26.1,0.735,14.0,31.0,44.9,20.8,17.6,9.1,5.7,5.8,24.0,2.8,100.1,0.7,1,17,17,17,22,5,4,13,26,25,21,13,11,22,4,12,5,22,28,5,8,24,19,5,7,15,101.1,100.3,0.8,98.68,0.497,0.539,1.18,15.3,0.344,0.669,0.506,0.178,0.473,0.516,0.473,0.305,0.178,0.344,Orlando Magic,82,41,41,0.5,48.2,37.5,84.4,0.445,5.3,15.6,0.338,19.1,25.7,0.745,13.3,30.2,43.5,24.3,18.1,8.8,5.8,5.7,24.5,24.0,99.4,-0.7,1,17,17,17,22,17,22,9,26,27,5,17,17,9,26,13,20,27,1,24,24,8,24,11,16,15,1999-00,0.5,2000,1990s
1610612755,Philadelphia 76ers,82,49,33,0.598,48.4,36.5,82.6,0.442,2.5,7.8,0.323,19.2,27.1,0.708,14.0,30.1,44.1,22.2,15.7,9.6,4.7,6.5,23.6,2.5,94.8,1.3,1,10,10,10,7,18,14,23,29,29,26,12,4,26,2,17,7,17,18,2,18,29,16,12,23,13,99.9,98.3,1.5,94.25,0.508,0.607,1.42,16.6,0.335,0.68,0.504,0.165,0.457,0.501,0.457,0.329,0.165,0.335,Philadelphia 76ers,82,49,33,0.598,48.4,35.0,80.4,0.435,5.1,14.3,0.356,18.4,24.4,0.755,13.0,30.5,43.5,22.3,17.6,7.7,6.5,4.7,24.1,23.6,93.4,-1.3,1,10,10,10,7,7,8,7,21,21,18,11,10,24,22,15,19,13,2,14,29,18,23,14,7,13,1999-00,0.5975609756097561,2000,1990s
1610612756,Phoenix Suns,82,53,29,0.646,48.3,37.7,82.6,0.457,5.6,15.2,0.368,17.9,23.6,0.759,12.5,31.2,43.7,25.6,16.7,9.1,5.3,5.2,24.1,2.7,98.9,5.2,1,5,5,5,14,8,15,10,8,10,10,23,24,12,14,11,10,2,24,4,13,15,20,7,12,4,102.7,97.3,5.4,95.67,0.542,0.678,1.53,18.8,0.316,0.676,0.5,0.173,0.491,0.532,0.491,0.286,0.173,0.316,Phoenix Suns,82,53,29,0.646,48.3,34.5,81.3,0.424,4.9,14.0,0.352,19.9,26.9,0.739,13.1,30.1,43.1,20.7,17.3,8.9,5.2,5.3,21.9,24.1,93.7,-5.2,1,5,5,5,14,4,13,4,17,19,13,20,23,2,23,12,17,6,4,26,15,13,3,10,8,4,1999-00,0.6463414634146342,2000,1990s
1610612757,Portland Trail Blazers,82,59,23,0.72,48.2,36.8,78.4,0.47,5.0,13.8,0.361,18.8,24.7,0.76,11.8,31.2,43.0,23.5,15.2,7.7,4.8,4.3,22.7,1.7,97.5,6.4,1,2,2,2,19,13,25,1,14,14,12,17,18,11,20,10,14,9,14,15,16,5,11,28,16,2,106.5,99.5,6.9,91.03,0.559,0.637,1.55,18.2,0.335,0.693,0.523,0.166,0.501,0.546,0.501,0.316,0.166,0.335,Portland Trail Blazers,82,59,23,0.72,48.2,34.5,80.0,0.431,4.8,14.6,0.33,17.3,24.2,0.716,11.9,27.1,39.0,20.8,14.5,8.0,4.3,4.8,22.8,22.7,91.0,-6.4,1,2,2,2,19,4,6,6,14,22,3,6,8,1,11,1,2,7,21,18,5,16,12,19,3,2,1999-00,0.7195121951219512,2000,1990s
1610612758,Sacramento Kings,82,44,38,0.537,48.3,40.0,88.9,0.45,6.5,20.2,0.322,18.5,24.6,0.754,12.9,32.1,45.0,23.8,16.2,9.6,4.6,4.9,21.1,2.6,105.0,2.9,1,14,14,14,18,1,1,16,4,1,28,19,19,14,10,3,4,5,22,3,21,10,5,9,1,8,103.6,100.7,2.9,100.66,0.513,0.596,1.47,17.0,0.308,0.679,0.493,0.16,0.486,0.526,0.486,0.277,0.16,0.308,Sacramento Kings,82,44,38,0.537,48.3,39.9,88.3,0.452,4.8,13.7,0.353,17.5,23.3,0.751,13.9,33.7,47.6,23.8,17.5,9.2,4.9,4.6,23.7,21.1,102.0,-2.9,1,14,14,14,18,28,29,16,15,15,14,8,7,18,28,29,28,24,3,28,10,21,20,25,27,8,1999-00,0.5365853658536586,2000,1990s
1610612759,San Antonio Spurs,82,53,29,0.646,48.4,36.0,78.0,0.462,4.0,10.8,0.374,20.1,27.0,0.746,11.3,32.5,43.8,22.2,15.0,7.5,6.7,5.2,20.9,2.0,96.2,5.9,1,5,5,5,2,24,26,5,23,24,6,5,5,17,24,2,9,16,13,18,2,16,3,24,21,3,103.5,97.1,6.4,92.11,0.556,0.616,1.48,17.3,0.301,0.703,0.512,0.162,0.488,0.535,0.488,0.346,0.162,0.301,San Antonio Spurs,82,53,29,0.646,48.4,35.2,82.7,0.425,4.3,12.6,0.343,15.6,21.0,0.739,12.0,29.4,41.4,20.3,14.4,7.9,5.2,6.7,23.1,20.9,90.2,-5.9,1,5,5,5,2,8,18,5,4,7,11,1,1,3,12,6,9,5,22,17,16,2,15,27,1,3,1999-00,0.6463414634146342,2000,1990s
1610612760,Seattle SuperSonics,82,45,37,0.549,48.2,37.9,84.7,0.447,6.7,19.6,0.339,16.6,23.9,0.695,12.7,30.3,43.0,22.9,14.0,8.0,4.2,5.3,21.7,2.2,99.1,1.0,1,12,12,12,21,7,5,19,3,3,18,27,23,29,11,15,15,12,6,13,27,17,7,20,10,14,104.0,103.1,1.0,94.74,0.496,0.604,1.63,17.2,0.312,0.673,0.491,0.148,0.487,0.52,0.487,0.282,0.148,0.312,Seattle SuperSonics,82,45,37,0.549,48.2,38.2,84.6,0.451,5.4,15.8,0.34,16.4,21.9,0.748,13.2,31.8,45.1,23.6,15.3,7.2,5.3,4.2,22.4,21.7,98.1,-1.0,1,12,12,12,21,22,23,15,27,28,8,2,2,16,24,24,24,22,14,4,17,27,9,23,14,14,1999-00,0.5487804878048781,2000,1990s
1610612761,Toronto Raptors,82,45,37,0.549,48.2,36.3,83.9,0.433,5.2,14.3,0.363,19.3,25.2,0.765,13.4,29.9,43.3,23.7,13.9,8.1,6.6,5.3,24.3,2.0,97.2,-0.2,1,12,12,12,22,19,8,25,12,13,11,11,15,10,7,19,11,6,3,11,3,19,22,24,17,17,102.7,102.8,-0.1,94.3,0.5,0.653,1.71,17.7,0.324,0.686,0.499,0.147,0.464,0.511,0.464,0.3,0.147,0.324,Toronto Raptors,82,45,37,0.549,48.2,36.6,80.7,0.454,4.2,12.5,0.339,19.9,26.0,0.764,11.7,31.1,42.8,21.8,15.2,6.8,5.3,6.6,22.9,24.3,97.3,0.2,1,12,12,12,22,13,11,17,2,6,7,21,18,25,5,21,14,10,15,1,19,3,13,8,13,17,1999-00,0.5487804878048781,2000,1990s
1610612762,Utah Jazz,82,55,27,0.671,48.2,36.1,77.8,0.464,4.0,10.4,0.385,20.3,26.2,0.773,11.4,29.6,41.0,24.9,14.9,7.7,5.4,5.0,24.5,2.8,96.5,4.5,1,4,4,4,22,23,27,4,24,26,3,3,8,9,22,23,24,3,10,16,10,12,24,4,20,6,105.7,101.1,4.6,90.84,0.551,0.689,1.67,19.1,0.329,0.698,0.516,0.163,0.49,0.54,0.49,0.337,0.163,0.329,Utah Jazz,82,55,27,0.671,48.2,33.9,76.1,0.446,4.7,13.4,0.354,19.5,26.1,0.746,10.8,27.3,38.1,19.8,15.5,7.2,5.0,5.4,24.7,24.5,92.0,-4.5,1,4,4,4,22,2,1,11,12,14,16,18,19,12,2,2,1,4,13,3,12,10,25,6,5,6,1999-00,0.6707317073170732,2000,1990s
1610612763,Vancouver Grizzlies,82,22,60,0.268,48.4,35.3,78.5,0.449,4.0,11.0,0.361,19.4,25.1,0.774,12.3,28.3,40.6,20.7,16.8,7.4,4.2,6.3,22.9,2.4,93.9,-5.6,1,26,26,26,2,27,24,18,25,22,13,10,16,8,19,27,28,24,25,21,26,28,12,15,26,26,100.7,106.7,-6.0,92.46,0.457,0.588,1.23,16.2,0.326,0.679,0.501,0.181,0.474,0.524,0.474,0.32,0.181,0.326,Vancouver Grizzlies,82,22,60,0.268,48.4,38.2,80.6,0.474,4.4,13.2,0.333,18.7,24.3,0.769,11.8,28.5,40.3,23.6,15.0,8.8,6.3,4.2,23.3,22.9,99.5,5.6,1,26,26,26,2,23,10,28,7,12,4,15,9,26,8,3,3,21,17,25,28,26,17,18,17,26,1999-00,0.2682926829268293,2000,1990s
1610612764,Washington Wizards,82,29,53,0.354,48.3,36.7,81.5,0.451,4.1,10.9,0.376,19.1,25.7,0.743,13.0,29.7,42.7,21.6,16.1,7.2,4.7,6.1,26.2,2.7,96.6,-3.3,1,24,24,24,14,14,18,14,22,23,4,15,13,20,9,21,18,20,21,22,19,27,27,8,19,23,101.8,105.2,-3.4,94.33,0.471,0.588,1.34,16.4,0.329,0.686,0.506,0.17,0.476,0.521,0.476,0.315,0.17,0.329,Washington Wizards,82,29,53,0.354,48.3,36.6,79.8,0.459,4.8,12.8,0.371,21.8,29.3,0.744,11.7,29.5,41.2,21.9,14.9,8.4,6.1,4.7,24.0,26.2,99.9,3.3,1,24,24,24,14,14,5,23,13,9,25,27,28,8,6,8,7,11,19,22,27,19,22,3,19,23,1999-00,0.3536585365853658,2000,1990s
1610612737,Atlanta Hawks,82,25,57,0.305,48.1,35.1,81.3,0.431,4.1,11.4,0.357,16.8,22.1,0.759,12.5,30.4,42.9,19.0,16.7,7.7,4.7,6.3,22.7,0.1,91.0,-5.2,1,25,25,25,27,20,12,22,20,24,11,27,27,13,9,16,12,28,28,16,21,27,14,8,26,25,96.9,102.4,-5.5,93.63,0.452,0.542,1.14,14.9,0.313,0.691,0.501,0.178,0.456,0.5,0.456,0.272,0.178,0.313,Atlanta Hawks,82,25,57,0.305,48.1,35.6,80.6,0.442,4.8,13.2,0.367,20.1,26.3,0.765,12.5,30.9,43.5,21.2,14.8,8.5,6.3,4.7,20.7,22.7,96.2,5.2,1,25,25,25,27,12,14,17,14,10,25,25,20,26,21,18,21,10,21,26,27,21,2,15,15,25,2000-01,0.3048780487804878,2001,2000s
1610612738,Boston Celtics,82,36,46,0.439,48.4,33.8,79.1,0.428,7.2,19.9,0.363,19.8,26.7,0.74,10.9,28.9,39.8,20.8,15.7,9.4,4.1,5.4,23.8,0.0,94.6,-2.1,1,20,20,20,13,26,20,25,1,1,8,6,7,20,25,27,26,19,19,3,28,17,25,22,16,20,100.1,102.3,-2.2,93.81,0.468,0.616,1.33,16.2,0.28,0.69,0.478,0.166,0.473,0.521,0.473,0.338,0.166,0.28,Boston Celtics,82,36,46,0.439,48.4,35.8,78.0,0.459,5.2,14.3,0.368,19.9,26.6,0.75,10.8,32.3,43.1,23.0,17.1,7.9,5.4,4.1,23.2,23.8,96.8,2.1,1,20,20,20,13,14,5,25,24,22,26,24,23,18,3,27,20,23,3,18,17,28,22,5,20,20,2000-01,0.4390243902439024,2001,2000s
1610612766,Charlotte Hornets,82,46,36,0.561,48.5,34.1,79.3,0.431,4.1,12.0,0.346,19.5,26.2,0.745,12.6,31.8,44.4,23.2,14.4,8.1,5.5,4.6,21.4,0.1,91.9,2.1,1,14,14,14,8,24,17,23,19,20,18,9,8,19,8,4,7,7,8,11,11,6,11,18,24,14,99.7,97.6,2.1,91.24,0.527,0.679,1.61,17.8,0.315,0.71,0.513,0.156,0.457,0.506,0.457,0.33,0.156,0.315,Charlotte Hornets,82,46,36,0.561,48.5,33.7,79.3,0.426,4.7,13.2,0.36,17.6,23.3,0.756,10.9,29.7,40.6,21.3,14.7,7.5,4.6,5.5,21.6,21.4,89.8,-2.1,1,14,14,14,8,4,10,4,12,11,20,10,9,22,4,11,4,12,22,10,6,11,9,19,4,14,2000-01,0.5609756097560976,2001,2000s
1610612741,Chicago Bulls,82,15,67,0.183,48.4,33.2,78.2,0.424,4.0,11.6,0.346,17.2,23.3,0.739,11.3,27.6,38.9,22.1,15.8,8.2,4.6,5.2,23.2,0.0,87.6,-9.1,1,29,29,29,10,28,25,27,22,22,17,26,22,21,20,29,29,12,21,7,24,14,19,22,29,29,95.9,105.9,-10.0,90.47,0.432,0.665,1.4,17.4,0.302,0.673,0.48,0.173,0.45,0.495,0.45,0.298,0.173,0.302,Chicago Bulls,82,15,67,0.183,48.4,36.4,77.2,0.472,4.2,11.9,0.356,19.6,26.9,0.73,11.7,31.1,42.8,23.6,14.8,7.7,5.2,4.6,21.4,23.2,96.7,9.1,1,29,29,29,10,20,4,29,3,2,18,20,25,2,10,20,18,25,17,14,14,24,4,11,19,29,2000-01,0.1829268292682926,2001,2000s
1610612739,Cleveland Cavaliers,82,30,52,0.366,48.4,35.2,79.7,0.442,2.7,8.0,0.334,19.0,24.9,0.765,12.4,29.8,42.1,20.8,16.5,7.8,5.3,6.6,23.2,0.1,92.2,-4.2,1,23,23,23,17,18,16,14,29,29,24,12,14,8,11,20,17,19,27,15,13,29,20,6,22,23,99.3,103.5,-4.2,92.32,0.469,0.591,1.27,16.2,0.331,0.678,0.505,0.177,0.459,0.509,0.459,0.312,0.177,0.331,Cleveland Cavaliers,82,30,52,0.366,48.4,35.7,80.3,0.445,5.1,14.1,0.365,19.9,25.9,0.768,12.1,29.3,41.3,22.9,15.0,8.5,6.6,5.3,22.1,23.2,96.5,4.2,1,23,23,23,17,13,11,18,20,18,24,23,18,29,16,4,8,21,15,24,29,13,16,10,17,23,2000-01,0.3658536585365853,2001,2000s
1610612742,Dallas Mavericks,82,53,29,0.646,48.3,37.6,81.9,0.459,6.3,16.5,0.381,18.9,23.8,0.794,10.1,31.4,41.5,21.2,13.9,7.5,6.0,4.6,23.3,0.1,100.5,4.3,1,5,5,5,20,5,10,5,3,6,4,13,21,2,27,9,21,18,6,19,5,7,21,2,4,4,105.6,101.2,4.4,94.52,0.523,0.564,1.52,16.5,0.272,0.678,0.481,0.146,0.498,0.544,0.498,0.291,0.146,0.272,Dallas Mavericks,82,53,29,0.646,48.3,35.8,81.6,0.439,4.6,13.9,0.334,19.9,27.2,0.731,13.0,32.0,45.0,21.7,15.5,7.6,4.6,6.0,22.5,23.3,96.2,-4.3,1,5,5,5,20,16,17,14,11,17,4,22,26,3,28,24,27,14,10,13,7,5,20,9,16,4,2000-01,0.6463414634146342,2001,2000s
1610612743,Denver Nuggets,82,40,42,0.488,48.2,36.3,83.9,0.433,6.2,17.6,0.355,17.7,24.0,0.737,12.7,31.5,44.2,24.0,13.9,6.7,6.6,6.1,22.2,0.0,96.6,-2.5,1,19,19,19,21,10,5,21,4,3,12,21,20,22,7,7,8,4,4,27,2,24,13,22,11,21,102.2,104.9,-2.8,93.98,0.48,0.661,1.73,18.0,0.306,0.69,0.497,0.147,0.47,0.511,0.47,0.286,0.147,0.306,Denver Nuggets,82,40,42,0.488,48.2,37.6,84.3,0.446,5.1,14.2,0.356,18.8,25.0,0.753,12.3,32.2,44.6,24.9,13.1,7.2,6.1,6.6,21.4,22.2,99.0,2.5,1,19,19,19,21,25,28,19,19,20,19,14,14,19,18,25,24,28,27,3,24,2,6,17,27,21,2000-01,0.4878048780487805,2001,2000s
1610612765,Detroit Pistons,82,32,50,0.39,48.4,35.6,83.9,0.424,4.7,13.6,0.35,19.6,27.2,0.721,13.5,32.0,45.5,19.9,15.9,7.5,5.5,4.8,23.8,0.1,95.6,-1.7,1,21,21,21,10,15,4,28,15,14,15,7,6,24,3,3,1,24,26,20,12,9,26,8,13,19,98.5,100.3,-1.8,96.15,0.48,0.558,1.25,14.9,0.325,0.691,0.505,0.164,0.453,0.498,0.453,0.325,0.164,0.325,Detroit Pistons,82,32,50,0.39,48.4,36.3,83.5,0.434,5.2,15.0,0.348,19.5,26.5,0.736,12.3,32.6,44.9,22.7,15.5,8.2,4.8,5.5,25.1,23.8,97.3,1.7,1,21,21,21,10,17,27,8,22,25,9,19,22,7,18,28,26,20,9,20,9,12,29,4,24,19,2000-01,0.3902439024390244,2001,2000s
1610612744,Golden State Warriors,82,17,65,0.207,48.2,35.8,87.5,0.409,3.4,11.8,0.293,17.4,24.7,0.706,16.4,29.1,45.5,21.8,15.9,9.0,5.0,6.0,21.1,0.1,92.5,-9.0,1,28,28,28,21,14,1,29,26,21,29,24,15,27,1,24,2,15,25,4,17,23,6,12,20,28,96.3,105.5,-9.2,95.7,0.427,0.609,1.37,15.9,0.357,0.68,0.504,0.165,0.429,0.47,0.429,0.282,0.165,0.357,Golden State Warriors,82,17,65,0.207,48.2,38.8,82.2,0.472,5.4,14.1,0.379,18.6,24.5,0.76,12.7,32.8,45.5,24.9,16.4,8.8,6.0,5.0,21.5,21.1,101.5,9.0,1,28,28,28,21,29,21,28,26,19,28,13,12,24,22,29,28,29,4,29,23,17,7,24,29,28,2000-01,0.2073170731707317,2001,2000s
1610612745,Houston Rockets,82,45,37,0.549,48.4,35.9,79.2,0.453,6.1,17.2,0.357,19.3,25.4,0.758,11.2,30.8,42.0,19.7,14.7,7.2,4.4,4.9,20.2,0.0,97.2,2.3,1,15,15,15,13,13,18,9,5,4,10,11,10,14,22,13,18,25,11,22,26,10,3,22,9,10,105.2,102.8,2.4,91.66,0.509,0.548,1.34,15.7,0.305,0.691,0.502,0.159,0.492,0.538,0.492,0.321,0.159,0.305,Houston Rockets,82,45,37,0.549,48.4,36.8,82.1,0.449,4.4,12.4,0.354,16.9,22.7,0.744,12.0,29.5,41.6,21.2,13.3,7.4,4.9,4.4,21.6,20.2,94.9,-2.3,1,15,15,15,13,23,20,21,6,4,16,7,7,12,15,8,10,9,26,9,10,26,11,27,10,10,2000-01,0.5487804878048781,2001,2000s
1610612754,Indiana Pacers,82,41,41,0.5,48.7,34.5,78.4,0.44,4.8,14.1,0.342,18.8,24.5,0.766,11.2,31.6,42.9,21.5,15.2,6.9,5.9,4.7,23.5,0.1,92.6,-0.2,1,18,18,18,3,23,23,15,13,12,22,14,16,7,21,6,13,17,14,26,7,8,23,6,19,18,100.3,100.5,-0.2,90.89,0.51,0.623,1.42,16.9,0.297,0.685,0.497,0.164,0.471,0.519,0.471,0.312,0.164,0.297,Indiana Pacers,82,41,41,0.5,48.7,34.5,81.5,0.423,4.6,13.7,0.336,19.2,25.3,0.758,12.7,30.4,43.1,20.7,13.6,7.2,4.7,5.9,23.0,23.5,92.8,0.2,1,18,18,18,3,7,16,3,9,15,5,17,15,23,24,14,19,7,24,4,8,7,21,7,9,18,2000-01,0.5,2001,2000s
1610612746,Los Angeles Clippers,82,31,51,0.378,48.9,35.3,78.9,0.448,4.4,13.0,0.339,17.4,25.1,0.693,11.7,31.2,42.9,19.3,15.8,6.0,6.3,5.0,21.6,0.0,92.5,-2.9,1,22,22,22,2,17,21,11,18,17,23,23,13,28,17,10,10,27,23,29,4,11,12,27,21,22,100.3,103.2,-2.9,90.67,0.476,0.547,1.23,15.3,0.322,0.682,0.506,0.171,0.476,0.514,0.476,0.319,0.171,0.322,Los Angeles Clippers,82,31,51,0.378,48.9,36.5,82.9,0.44,4.3,13.1,0.329,18.0,24.2,0.743,12.7,29.7,42.4,21.8,12.7,7.8,5.0,6.3,21.9,21.6,95.3,2.9,1,22,22,22,2,21,25,16,5,8,2,11,11,11,23,12,15,15,29,15,11,4,14,18,11,22,2000-01,0.3780487804878049,2001,2000s
1610612747,Los Angeles Lakers,82,56,26,0.683,48.5,37.9,81.5,0.465,5.4,15.5,0.344,19.4,28.5,0.683,13.2,31.5,44.7,23.0,14.4,6.9,6.0,4.0,22.8,0.1,100.6,3.4,1,2,2,2,6,4,11,3,11,9,20,10,2,29,4,7,5,9,9,25,6,1,17,8,3,8,107.0,103.6,3.5,92.9,0.532,0.607,1.59,17.4,0.338,0.691,0.517,0.154,0.498,0.535,0.498,0.349,0.154,0.338,Los Angeles Lakers,82,56,26,0.683,48.5,36.4,83.1,0.438,5.0,14.2,0.354,19.5,25.8,0.754,12.0,29.4,41.3,20.2,13.1,7.5,4.0,6.0,24.4,22.8,97.2,-3.4,1,2,2,2,6,19,26,11,18,20,15,18,17,21,13,5,7,6,28,11,1,6,27,13,23,8,2000-01,0.6829268292682927,2001,2000s
1610612748,Miami Heat,82,50,32,0.61,48.5,32.9,76.3,0.43,5.8,16.9,0.345,17.4,22.9,0.759,9.9,29.7,39.6,19.9,13.7,7.7,3.7,5.2,21.0,0.1,88.9,2.3,1,9,9,9,8,29,28,24,8,5,19,25,25,10,28,21,27,23,2,17,29,13,5,18,27,10,99.4,97.1,2.3,88.39,0.523,0.605,1.45,16.4,0.28,0.7,0.49,0.153,0.469,0.515,0.469,0.299,0.153,0.28,Miami Heat,82,50,32,0.61,48.5,32.9,76.4,0.431,4.4,13.3,0.331,16.3,22.2,0.737,11.1,30.8,42.0,17.3,15.5,7.3,5.2,3.7,22.2,21.0,86.6,-2.3,1,9,9,9,8,3,3,6,7,12,3,5,5,8,6,17,12,1,8,7,13,29,19,25,2,10,2000-01,0.6097560975609756,2001,2000s
1610612749,Milwaukee Bucks,82,52,30,0.634,48.2,38.0,82.9,0.458,6.9,18.1,0.379,18.0,22.9,0.787,11.9,30.5,42.4,22.5,13.7,8.2,4.7,4.3,23.5,0.1,100.7,3.9,1,7,7,7,21,3,8,7,2,2,5,18,25,3,15,15,15,11,3,9,22,4,24,2,2,7,106.8,102.6,4.2,93.89,0.519,0.593,1.64,17.2,0.301,0.683,0.494,0.145,0.499,0.542,0.499,0.276,0.145,0.301,Milwaukee Bucks,82,52,30,0.634,48.2,35.5,80.8,0.439,5.4,15.2,0.352,20.5,26.7,0.768,12.4,30.4,42.7,23.0,15.5,7.2,4.3,4.7,21.7,23.5,96.9,-3.9,1,7,7,7,21,11,15,15,26,26,14,27,24,28,20,13,17,22,10,5,4,22,12,6,21,7,2000-01,0.6341463414634146,2001,2000s
1610612750,Minnesota Timberwolves,82,47,35,0.573,48.4,38.4,83.8,0.458,3.9,11.0,0.357,16.6,21.2,0.785,12.2,30.1,42.3,25.4,13.9,8.3,5.6,4.4,23.2,0.1,97.3,1.4,1,12,12,12,13,1,7,6,25,25,9,29,28,4,12,18,16,2,4,6,10,5,18,12,7,15,103.9,102.4,1.6,92.99,0.518,0.662,1.83,19.0,0.315,0.682,0.498,0.148,0.482,0.523,0.482,0.253,0.148,0.315,Minnesota Timberwolves,82,47,35,0.573,48.4,36.3,80.3,0.452,4.3,12.1,0.351,19.1,26.4,0.724,11.8,30.5,42.3,22.4,15.2,7.1,4.4,5.6,20.2,23.2,96.0,-1.4,1,12,12,12,13,18,12,22,4,3,12,16,21,1,11,15,13,18,13,2,5,10,1,12,14,15,2000-01,0.573170731707317,2001,2000s
1610612751,New Jersey Nets,82,26,56,0.317,48.1,33.9,79.9,0.425,4.4,13.2,0.333,19.9,26.2,0.759,11.1,28.5,39.6,19.5,14.7,7.9,5.0,6.4,24.2,0.0,92.1,-5.0,1,24,24,24,28,25,14,26,17,16,25,5,8,11,23,28,28,26,12,14,20,28,27,21,23,24,98.4,103.8,-5.4,93.35,0.446,0.576,1.33,15.4,0.292,0.673,0.477,0.157,0.452,0.504,0.452,0.328,0.157,0.292,New Jersey Nets,82,26,56,0.317,48.1,35.8,78.7,0.455,5.2,14.5,0.36,20.3,27.2,0.746,12.2,32.0,44.2,22.4,15.9,7.5,6.4,5.0,22.0,24.2,97.1,5.0,1,24,24,24,28,15,8,24,22,23,21,26,26,14,17,23,23,19,7,11,28,20,15,3,22,24,2000-01,0.3170731707317073,2001,2000s
1610612752,New York Knicks,82,48,34,0.585,48.5,33.6,75.6,0.444,4.8,13.6,0.351,16.8,21.1,0.796,9.4,30.8,40.2,18.5,14.5,6.6,4.2,4.1,22.7,0.1,88.7,2.6,1,11,11,11,7,27,29,13,14,13,14,27,29,1,29,13,25,29,10,28,27,3,14,8,28,9,100.0,97.0,3.0,87.74,0.52,0.552,1.28,15.6,0.276,0.707,0.498,0.163,0.476,0.523,0.476,0.279,0.163,0.276,New York Knicks,82,48,34,0.585,48.5,31.3,75.1,0.417,5.4,15.4,0.352,18.0,24.6,0.733,10.6,29.5,40.1,19.2,14.8,7.3,4.1,4.2,21.4,22.7,86.1,-2.6,1,11,11,11,7,1,2,1,28,28,13,12,13,5,1,7,3,3,19,6,3,27,4,15,1,9,2000-01,0.5853658536585366,2001,2000s
1610612753,Orlando Magic,82,43,39,0.524,48.7,36.7,83.8,0.438,6.0,16.4,0.364,18.0,25.2,0.714,13.0,29.9,42.9,22.0,15.2,8.2,5.9,5.4,25.3,0.1,97.5,1.0,1,17,17,17,4,8,6,18,6,8,7,17,12,26,6,19,11,13,15,8,8,17,28,2,6,16,102.1,101.1,1.0,94.14,0.495,0.598,1.45,16.6,0.321,0.662,0.489,0.159,0.474,0.513,0.474,0.301,0.159,0.321,Orlando Magic,82,43,39,0.524,48.7,34.5,79.3,0.435,4.5,12.9,0.346,23.0,31.3,0.735,12.9,31.8,44.8,21.9,17.2,8.5,5.4,5.9,23.7,25.3,96.5,-1.0,1,17,17,17,4,8,9,10,8,7,8,29,29,6,27,22,25,16,2,25,17,8,24,2,18,16,2000-01,0.524390243902439,2001,2000s
1610612755,Philadelphia 76ers,82,56,26,0.683,48.4,35.4,79.1,0.447,3.2,9.8,0.326,20.7,27.8,0.745,13.1,31.7,44.8,20.6,15.8,8.4,5.0,5.6,20.4,0.0,94.7,4.3,1,2,2,2,12,16,19,12,28,28,26,3,4,18,5,5,4,21,21,5,19,20,4,27,15,4,101.9,97.3,4.6,92.09,0.536,0.583,1.31,16.0,0.334,0.704,0.523,0.17,0.468,0.518,0.468,0.351,0.17,0.334,Philadelphia 76ers,82,56,26,0.683,48.4,35.0,81.7,0.429,5.2,15.2,0.342,15.2,20.2,0.749,12.0,28.9,40.9,21.6,15.4,8.2,5.6,5.0,23.6,20.4,90.4,-4.3,1,2,2,2,12,10,18,5,21,27,6,2,1,16,14,3,6,13,12,21,20,19,23,26,5,4,2000-01,0.6829268292682927,2001,2000s
1610612756,Phoenix Suns,82,51,31,0.622,48.3,35.9,82.4,0.436,4.0,12.9,0.315,18.2,24.1,0.755,11.8,30.8,42.7,23.2,15.3,9.5,5.2,5.1,22.7,0.1,94.0,2.2,1,8,8,8,18,12,9,20,21,19,28,15,19,15,16,11,14,6,16,2,15,12,16,12,17,13,98.9,96.7,2.3,94.41,0.521,0.647,1.52,17.5,0.305,0.702,0.5,0.161,0.46,0.506,0.46,0.292,0.161,0.305,Phoenix Suns,82,51,31,0.622,48.3,34.0,78.3,0.435,4.0,11.4,0.349,19.7,25.9,0.761,11.0,31.6,42.6,20.2,17.5,8.3,5.1,5.2,22.2,22.7,91.8,-2.2,1,8,8,8,18,5,6,9,1,1,11,21,19,25,5,21,16,5,1,22,12,15,18,14,7,13,2000-01,0.6219512195121951,2001,2000s
1610612757,Portland Trail Blazers,82,50,32,0.61,48.2,36.6,78.3,0.468,4.5,12.9,0.349,17.6,23.2,0.762,11.7,30.3,42.0,23.9,15.3,8.2,5.1,4.0,21.3,0.1,95.4,4.2,1,9,9,9,26,9,24,2,16,18,16,22,23,9,18,17,19,5,18,9,16,1,9,1,14,6,104.7,100.5,4.2,90.53,0.544,0.653,1.56,18.6,0.333,0.7,0.522,0.168,0.497,0.539,0.497,0.296,0.168,0.333,Portland Trail Blazers,82,50,32,0.61,48.2,34.4,78.5,0.438,5.0,13.5,0.368,17.5,23.5,0.744,11.5,27.3,38.8,21.3,14.8,7.9,4.0,5.1,21.2,21.3,91.2,-4.2,1,9,9,9,26,6,7,12,16,14,27,9,10,13,9,2,2,11,19,16,1,16,3,20,6,6,2000-01,0.6097560975609756,2001,2000s
1610612758,Sacramento Kings,82,55,27,0.671,49.0,38.2,85.0,0.449,5.8,16.5,0.354,19.5,25.3,0.771,12.0,33.0,45.0,22.6,14.9,9.7,5.3,5.8,19.5,0.0,101.7,5.8,1,4,4,4,1,2,3,10,7,7,13,8,11,5,14,2,3,10,13,1,14,21,2,27,1,2,104.2,98.5,5.7,95.61,0.54,0.591,1.52,16.8,0.307,0.679,0.497,0.152,0.484,0.529,0.484,0.298,0.152,0.307,Sacramento Kings,82,55,27,0.671,49.0,37.6,87.1,0.432,4.9,13.8,0.355,15.7,21.0,0.749,13.7,32.2,45.9,22.1,16.3,8.1,5.8,5.3,21.5,19.5,95.9,-5.8,1,4,4,4,1,26,29,7,15,16,17,3,3,17,29,26,29,17,5,19,21,14,8,28,13,2,2000-01,0.6707317073170732,2001,2000s
1610612759,San Antonio Spurs,82,58,24,0.707,48.4,35.2,76.4,0.461,5.4,13.3,0.407,20.4,28.5,0.715,11.0,33.1,44.1,21.7,14.0,6.9,7.0,5.2,18.9,0.0,96.2,7.8,1,1,1,1,13,19,27,4,10,15,1,4,1,25,24,1,9,16,7,24,1,14,1,22,12,1,105.0,96.6,8.3,90.87,0.573,0.617,1.55,17.2,0.297,0.703,0.511,0.152,0.496,0.541,0.496,0.374,0.152,0.297,San Antonio Spurs,82,58,24,0.707,48.4,34.6,82.6,0.419,4.2,12.7,0.329,15.0,20.3,0.741,11.8,29.7,41.5,19.7,13.5,7.3,5.2,7.0,23.7,18.9,88.4,-7.8,1,1,1,1,13,9,22,2,2,5,1,1,2,9,11,10,9,4,25,8,14,1,24,29,3,1,2000-01,0.7073170731707317,2001,2000s
1610612760,Seattle SuperSonics,82,44,38,0.537,48.3,36.9,81.1,0.456,5.7,14.3,0.399,17.7,24.2,0.732,12.2,29.5,41.7,21.9,15.3,8.0,5.0,6.2,21.1,0.1,97.3,0.0,1,16,16,16,18,7,13,8,9,10,2,20,17,23,13,23,20,14,17,13,18,25,7,12,8,17,104.4,104.2,0.2,92.69,0.494,0.592,1.43,16.9,0.321,0.668,0.496,0.164,0.491,0.53,0.491,0.299,0.164,0.321,Seattle SuperSonics,82,44,38,0.537,48.3,37.5,82.7,0.453,5.7,16.5,0.349,16.5,22.2,0.742,12.8,29.6,42.4,23.9,15.0,7.9,6.2,5.0,22.1,21.1,97.3,0.0,1,16,16,16,18,24,23,23,29,29,10,6,6,10,25,9,14,27,16,17,25,18,17,22,24,17,2000-01,0.5365853658536586,2001,2000s
1610612761,Toronto Raptors,82,47,35,0.573,48.7,37.2,85.0,0.437,5.2,14.2,0.369,18.1,24.2,0.747,13.6,30.8,44.5,24.4,13.2,7.3,6.3,5.4,21.3,0.1,97.6,2.3,1,12,12,12,4,6,2,19,12,11,6,16,18,17,2,11,6,3,1,21,3,16,9,12,5,12,104.4,102.0,2.3,92.22,0.522,0.657,1.86,18.2,0.339,0.7,0.515,0.141,0.468,0.51,0.468,0.285,0.141,0.339,Toronto Raptors,82,47,35,0.573,48.7,36.7,82.0,0.447,4.6,12.7,0.363,17.4,23.0,0.754,11.3,30.6,41.9,20.7,14.1,6.8,5.4,6.3,21.9,21.3,95.4,-2.3,1,12,12,12,4,22,19,20,10,6,23,8,8,20,7,16,11,8,23,1,16,3,13,20,12,12,2000-01,0.573170731707317,2001,2000s
1610612762,Utah Jazz,82,53,29,0.646,48.2,36.1,76.7,0.471,4.0,10.4,0.381,20.9,27.8,0.752,11.5,29.1,40.6,25.7,15.8,8.1,5.6,5.5,25.7,0.1,97.1,4.7,1,5,5,5,21,11,26,1,23,26,3,1,3,16,19,25,23,1,24,12,9,19,29,12,10,3,106.1,100.9,5.2,91.08,0.548,0.713,1.63,19.6,0.332,0.701,0.519,0.173,0.497,0.546,0.497,0.363,0.173,0.332,Utah Jazz,82,53,29,0.646,48.2,32.5,74.1,0.439,5.0,14.6,0.343,22.3,29.2,0.765,10.7,26.6,37.3,19.1,16.1,8.5,5.5,5.6,24.5,25.7,92.4,-4.7,1,5,5,5,21,2,1,13,17,24,7,28,28,27,2,1,1,2,6,27,19,9,28,1,8,3,2000-01,0.6463414634146342,2001,2000s
1610612763,Vancouver Grizzlies,82,23,59,0.28,48.2,35.0,79.7,0.439,4.0,11.5,0.343,17.8,23.1,0.77,10.9,29.6,40.5,23.2,15.7,7.1,4.4,5.8,21.1,0.1,91.7,-5.7,1,26,26,26,21,21,15,17,23,23,21,19,24,6,26,22,24,8,20,23,25,21,7,18,25,26,98.2,104.2,-6.0,93.03,0.465,0.662,1.47,17.9,0.293,0.675,0.484,0.168,0.464,0.51,0.464,0.289,0.168,0.293,Vancouver Grizzlies,82,23,59,0.28,48.2,38.3,82.8,0.463,4.7,13.1,0.362,16.1,21.9,0.732,12.8,30.9,43.7,23.6,14.8,8.7,5.8,4.4,21.6,21.1,97.5,5.7,1,26,26,26,21,28,24,26,12,8,22,4,4,4,26,18,22,26,17,28,21,25,9,22,26,26,2000-01,0.2804878048780488,2001,2000s
1610612764,Washington Wizards,82,19,63,0.232,48.0,34.5,78.7,0.439,3.4,10.3,0.324,20.8,27.4,0.759,12.4,28.9,41.3,20.1,17.0,7.7,4.7,6.2,23.3,0.1,93.2,-6.7,1,27,27,27,29,22,22,16,27,27,27,2,5,12,10,26,22,22,29,18,23,26,22,2,18,27,99.4,106.2,-6.8,93.97,0.453,0.581,1.18,15.6,0.328,0.684,0.502,0.181,0.46,0.514,0.46,0.348,0.181,0.328,Washington Wizards,82,19,63,0.232,48.0,37.8,80.4,0.47,5.3,13.3,0.396,19.0,25.5,0.747,11.4,29.4,40.7,23.2,15.0,8.4,6.2,4.7,24.1,23.3,99.9,6.7,1,27,27,27,29,27,13,27,25,13,29,15,16,15,8,6,5,24,14,23,26,23,26,8,28,27,2000-01,0.2317073170731707,2001,2000s
1610612737,Atlanta Hawks,82,33,49,0.402,48.2,35.4,80.6,0.439,5.2,14.6,0.354,18.1,23.7,0.765,11.6,29.8,41.5,20.2,15.5,8.1,4.3,6.2,20.8,0.1,94.0,-4.2,1,22,22,22,20,19,17,20,13,14,14,13,15,9,19,17,22,26,26,10,27,26,10,10,19,24,100.4,104.8,-4.4,93.21,0.465,0.57,1.3,15.8,0.297,0.689,0.491,0.166,0.471,0.517,0.471,0.294,0.166,0.297,Atlanta Hawks,82,33,49,0.402,48.2,37.4,81.4,0.459,5.8,16.2,0.355,17.8,23.9,0.744,12.2,30.8,43.0,22.6,15.1,8.6,6.2,4.3,20.1,20.8,98.3,4.2,1,22,22,22,20,22,17,25,24,26,16,13,13,7,16,20,20,19,10,26,26,27,7,20,25,24,2001-02,0.4024390243902439,2002,2000s
1610612738,Boston Celtics,82,49,33,0.598,48.4,34.8,82.1,0.424,8.5,23.7,0.359,18.3,23.9,0.764,10.9,31.3,42.2,21.0,13.6,9.7,3.6,5.8,21.7,0.0,96.4,2.2,1,8,8,8,8,22,10,29,1,1,11,10,12,10,26,3,14,20,5,1,28,25,18,29,12,9,102.1,99.9,2.2,93.6,0.5,0.604,1.55,16.4,0.272,0.695,0.481,0.144,0.476,0.52,0.476,0.291,0.144,0.272,Boston Celtics,82,49,33,0.598,48.4,34.1,80.2,0.425,6.3,18.4,0.34,19.7,25.5,0.771,11.6,34.2,45.9,22.0,16.3,7.6,5.8,3.6,21.1,21.7,94.1,-2.2,1,8,8,8,8,4,11,3,29,29,5,26,24,28,7,29,29,12,2,13,25,28,17,12,9,9,2001-02,0.5975609756097561,2002,2000s
1610612766,Charlotte Hornets,82,44,38,0.537,48.2,35.3,80.2,0.44,4.2,12.1,0.348,19.1,25.7,0.745,12.9,30.5,43.5,21.5,14.0,8.0,5.6,5.1,21.3,0.2,93.9,1.0,1,11,11,11,24,20,19,18,22,23,18,8,7,18,9,12,6,19,9,13,12,16,14,2,20,13,102.9,101.8,1.2,90.93,0.513,0.608,1.53,16.7,0.333,0.689,0.511,0.154,0.466,0.513,0.466,0.32,0.154,0.333,Charlotte Hornets,82,44,38,0.537,48.2,34.8,80.4,0.432,5.3,14.1,0.375,18.1,23.6,0.768,11.7,29.3,41.0,20.0,13.9,7.6,5.1,5.6,20.8,21.3,92.9,-1.0,1,11,11,11,24,6,12,7,17,9,27,15,12,26,10,9,7,7,21,14,16,12,13,16,7,13,2001-02,0.5365853658536586,2002,2000s
1610612741,Chicago Bulls,82,21,61,0.256,48.3,34.3,79.2,0.433,3.7,10.6,0.346,17.2,23.9,0.722,11.3,28.8,40.0,22.2,15.3,7.7,4.4,4.9,22.4,0.2,89.5,-8.5,1,28,28,28,15,27,24,24,27,26,20,18,13,27,22,25,28,12,24,17,25,10,23,6,28,29,97.2,106.2,-9.1,91.56,0.436,0.646,1.45,17.3,0.298,0.685,0.487,0.166,0.456,0.499,0.456,0.302,0.166,0.298,Chicago Bulls,82,21,61,0.256,48.3,36.9,79.4,0.465,5.1,14.4,0.358,19.0,25.5,0.746,11.5,31.1,42.6,25.2,14.4,8.3,4.9,4.4,21.0,22.4,98.0,8.5,1,28,28,28,15,20,6,29,14,14,18,22,23,9,6,24,14,29,15,23,10,25,16,7,23,29,2001-02,0.2560975609756097,2002,2000s
1610612739,Cleveland Cavaliers,82,29,53,0.354,48.4,36.0,80.3,0.448,4.7,12.5,0.377,18.6,24.1,0.772,11.8,30.3,42.1,23.1,14.6,7.0,5.7,5.6,21.4,0.1,95.3,-3.3,1,24,24,24,6,13,18,12,19,22,5,9,11,5,17,14,16,7,18,23,9,22,15,9,16,22,103.4,107.0,-3.6,91.31,0.482,0.641,1.58,17.8,0.319,0.69,0.505,0.158,0.477,0.524,0.477,0.301,0.158,0.319,Cleveland Cavaliers,82,29,53,0.354,48.4,37.2,81.4,0.457,5.8,14.6,0.394,18.4,24.6,0.748,11.3,29.0,40.4,24.3,13.0,7.3,5.6,5.7,20.0,21.4,98.6,3.3,1,24,24,24,6,21,18,24,26,16,29,17,19,11,5,8,4,27,26,8,22,9,4,15,26,22,2001-02,0.3536585365853658,2002,2000s
1610612742,Dallas Mavericks,82,57,25,0.695,48.5,39.0,84.5,0.462,7.6,20.1,0.378,19.6,24.3,0.806,11.2,31.3,42.5,22.1,12.1,7.1,4.8,4.6,22.5,0.1,105.2,4.3,1,4,4,4,5,2,4,4,2,3,4,7,10,1,23,4,12,14,1,22,18,5,24,17,1,4,110.3,106.0,4.3,94.36,0.517,0.566,1.83,16.9,0.285,0.683,0.487,0.127,0.507,0.553,0.507,0.288,0.127,0.285,Dallas Mavericks,82,57,25,0.695,48.5,37.7,83.5,0.452,5.5,15.8,0.35,20.0,26.6,0.751,13.0,31.7,44.7,22.7,14.1,7.2,4.6,4.8,21.8,22.5,101.0,-4.3,1,4,4,4,5,24,25,19,21,23,12,28,28,15,24,26,25,21,19,6,5,18,21,6,28,4,2001-02,0.6951219512195121,2002,2000s
1610612743,Denver Nuggets,82,27,55,0.329,48.3,35.5,83.8,0.424,5.2,15.7,0.329,15.9,21.4,0.744,13.6,28.2,41.8,22.2,14.7,7.5,5.6,6.8,22.8,0.1,92.2,-5.8,1,26,26,26,15,17,7,28,13,11,25,25,24,19,2,29,21,12,19,20,10,29,26,10,23,27,100.3,106.6,-6.3,91.35,0.442,0.623,1.51,17.0,0.341,0.668,0.497,0.16,0.455,0.495,0.455,0.256,0.16,0.341,Denver Nuggets,82,27,55,0.329,48.3,36.6,79.8,0.459,5.2,14.3,0.361,19.5,26.1,0.747,12.1,30.8,43.0,24.0,14.3,8.2,6.8,5.6,20.1,22.8,98.0,5.8,1,26,26,26,15,18,8,27,16,12,23,25,27,10,13,22,19,26,17,22,29,10,6,4,24,27,2001-02,0.3292682926829268,2002,2000s
1610612765,Detroit Pistons,82,50,32,0.61,48.0,34.7,76.8,0.452,6.9,18.4,0.376,18.0,23.8,0.756,9.9,28.9,38.7,21.5,14.5,7.9,6.9,4.1,20.7,0.1,94.3,2.1,1,6,6,6,29,24,29,8,5,5,6,14,14,13,29,24,29,18,17,15,1,1,8,25,18,10,103.2,100.9,2.3,91.38,0.523,0.62,1.48,17.3,0.277,0.676,0.481,0.159,0.497,0.54,0.497,0.31,0.159,0.277,Detroit Pistons,82,50,32,0.61,48.0,35.7,79.8,0.447,4.4,12.1,0.362,16.5,21.8,0.755,12.1,30.6,42.7,20.0,15.5,7.9,4.1,6.9,22.9,20.7,92.2,-2.1,1,6,6,6,29,11,9,16,1,1,24,7,6,20,12,17,16,6,5,18,1,1,25,22,6,10,2001-02,0.6097560975609756,2002,2000s
1610612744,Golden State Warriors,82,21,61,0.256,48.2,36.6,85.2,0.429,3.9,12.1,0.322,20.6,28.6,0.722,16.3,30.4,46.7,20.8,16.8,7.9,6.4,6.3,23.0,0.2,97.7,-5.4,1,28,28,28,20,11,2,26,24,23,27,2,2,26,1,13,1,24,29,14,4,27,28,1,7,26,101.5,107.1,-5.6,95.75,0.456,0.569,1.24,15.3,0.373,0.669,0.516,0.175,0.452,0.499,0.452,0.335,0.175,0.373,Golden State Warriors,82,21,61,0.256,48.2,39.2,85.3,0.459,4.9,14.2,0.348,19.8,25.9,0.763,13.4,29.9,43.3,24.4,14.3,8.6,6.3,6.4,23.8,23.0,103.1,5.4,1,28,28,28,20,29,28,26,9,11,9,27,25,25,28,13,22,28,16,27,27,4,28,2,29,26,2001-02,0.2560975609756097,2002,2000s
1610612745,Houston Rockets,82,28,54,0.341,48.7,34.6,80.8,0.428,6.0,18.0,0.335,17.1,23.1,0.741,12.5,29.4,41.9,18.1,14.1,6.5,5.4,5.1,18.0,0.1,92.3,-4.9,1,25,25,25,1,25,16,27,7,6,23,20,19,21,13,22,20,29,10,27,14,15,1,8,22,25,101.6,106.9,-5.4,89.56,0.458,0.522,1.28,14.6,0.327,0.675,0.497,0.155,0.465,0.507,0.465,0.286,0.155,0.327,Houston Rockets,82,28,54,0.341,48.7,38.9,83.8,0.464,4.5,12.5,0.36,14.9,19.8,0.752,12.7,30.6,43.3,22.4,12.0,7.0,5.1,5.4,20.1,18.0,97.2,4.9,1,25,25,25,1,28,27,28,2,2,22,1,1,16,20,16,23,16,29,4,15,14,7,29,20,25,2001-02,0.3414634146341463,2002,2000s
1610612754,Indiana Pacers,82,42,40,0.512,48.5,35.8,80.2,0.446,4.9,14.6,0.339,20.3,26.3,0.772,11.3,31.3,42.7,23.0,15.2,8.0,5.3,5.7,22.9,0.2,96.8,0.3,1,15,15,15,3,15,19,15,16,13,21,4,4,6,21,4,11,8,23,12,15,23,27,3,9,15,102.8,102.4,0.4,93.13,0.51,0.642,1.51,17.6,0.302,0.686,0.499,0.162,0.477,0.527,0.477,0.328,0.162,0.302,Indiana Pacers,82,42,40,0.512,48.5,36.3,82.9,0.438,5.1,14.6,0.348,18.8,25.1,0.749,12.8,30.7,43.4,21.6,14.3,7.5,5.7,5.3,22.6,22.9,96.5,-0.3,1,15,15,15,3,17,21,8,13,16,11,20,21,12,21,18,24,11,17,11,23,15,24,3,18,15,2001-02,0.5121951219512195,2002,2000s
1610612746,Los Angeles Clippers,82,39,43,0.476,48.3,36.2,81.3,0.445,5.0,14.0,0.356,18.3,24.7,0.739,13.2,30.2,43.4,20.9,14.8,6.2,6.6,5.4,19.8,0.1,95.7,-0.5,1,18,18,18,15,12,14,16,15,17,12,10,9,22,7,15,7,23,21,29,2,18,6,25,15,18,104.3,104.7,-0.4,91.21,0.495,0.577,1.41,16.3,0.349,0.673,0.512,0.161,0.476,0.519,0.476,0.304,0.161,0.349,Los Angeles Clippers,82,39,43,0.476,48.3,37.5,83.7,0.448,5.0,14.0,0.355,16.2,21.7,0.745,13.0,29.0,42.0,22.7,12.9,7.5,5.4,6.6,21.6,19.8,96.1,0.5,1,18,18,18,15,23,26,17,10,7,17,5,5,8,23,7,12,20,27,9,18,2,19,24,17,18,2001-02,0.4756097560975609,2002,2000s
1610612747,Los Angeles Lakers,82,58,24,0.707,48.2,38.4,83.4,0.461,6.2,17.5,0.354,18.2,26.1,0.699,12.5,31.8,44.3,23.0,12.7,7.6,5.8,4.3,22.2,0.1,101.3,7.1,1,2,2,2,20,4,8,6,6,7,13,12,6,29,14,2,3,9,2,18,8,3,22,17,3,2,108.0,100.4,7.6,93.32,0.549,0.597,1.81,17.5,0.311,0.686,0.501,0.135,0.498,0.534,0.498,0.313,0.135,0.311,Los Angeles Lakers,82,58,24,0.707,48.2,35.0,82.6,0.424,4.9,15.4,0.317,19.2,25.3,0.761,12.4,30.8,43.2,20.0,14.0,7.2,4.3,5.8,23.0,22.2,94.1,-7.1,1,2,2,2,20,8,20,1,8,21,1,24,22,24,18,21,21,8,20,5,3,8,26,8,9,2,2001-02,0.7073170731707317,2002,2000s
1610612763,Memphis Grizzlies,82,23,59,0.28,48.2,34.8,79.7,0.436,4.1,13.4,0.307,16.3,23.0,0.708,12.0,29.4,41.4,21.8,16.4,7.9,6.0,5.6,19.2,0.1,89.9,-7.4,1,27,27,27,20,23,22,21,23,19,28,23,20,28,16,21,24,16,27,16,7,20,3,17,27,28,96.6,104.7,-8.0,92.55,0.456,0.626,1.33,16.9,0.305,0.663,0.483,0.176,0.462,0.501,0.462,0.288,0.176,0.305,Memphis Grizzlies,82,23,59,0.28,48.2,38.0,83.3,0.457,4.9,13.6,0.358,16.4,21.8,0.753,13.8,31.2,45.1,23.9,14.7,9.5,5.6,6.0,21.8,19.2,97.3,7.4,1,27,27,27,20,26,22,23,7,6,19,6,7,18,29,25,27,25,13,29,20,7,20,27,21,28,2001-02,0.2804878048780488,2002,2000s
1610612748,Miami Heat,82,36,46,0.439,48.6,34.2,77.8,0.439,3.8,11.0,0.347,15.1,20.8,0.724,11.0,31.0,42.0,20.3,14.8,6.7,5.5,4.3,22.5,0.2,87.2,-1.5,1,20,20,20,2,29,26,19,25,25,19,29,27,25,25,9,19,25,22,26,13,2,25,3,29,21,97.3,99.0,-1.7,88.47,0.501,0.594,1.37,16.5,0.297,0.71,0.505,0.166,0.463,0.501,0.463,0.268,0.166,0.297,Miami Heat,82,36,46,0.439,48.6,32.5,76.6,0.425,4.6,13.5,0.342,19.1,25.9,0.736,10.9,30.3,41.2,17.8,13.8,7.6,4.3,5.5,20.8,22.5,88.7,1.5,1,20,20,20,2,1,2,2,5,5,6,23,26,1,2,14,8,1,22,12,2,13,14,5,1,21,2001-02,0.4390243902439024,2002,2000s
1610612749,Milwaukee Bucks,82,41,41,0.5,48.5,37.1,80.2,0.462,7.2,19.3,0.375,16.1,21.5,0.748,10.3,31.2,41.4,22.5,14.1,7.3,4.7,4.4,21.8,0.1,97.5,-0.2,1,17,17,17,3,9,21,3,4,4,7,24,23,17,28,8,23,10,11,21,19,4,20,10,8,16,105.3,105.6,-0.3,91.51,0.502,0.607,1.6,17.7,0.287,0.679,0.491,0.152,0.507,0.544,0.507,0.269,0.152,0.287,Milwaukee Bucks,82,41,41,0.5,48.5,36.8,83.5,0.441,6.0,16.8,0.358,18.2,24.0,0.757,12.8,29.7,42.5,23.0,12.9,7.3,4.4,4.7,20.0,21.8,97.7,0.2,1,17,17,17,3,19,24,10,28,28,20,16,15,22,22,12,13,22,28,7,4,19,5,10,22,16,2001-02,0.5,2002,2000s
1610612750,Minnesota Timberwolves,82,50,32,0.61,48.3,38.7,84.0,0.461,4.8,12.8,0.378,17.1,21.4,0.798,12.9,31.2,44.2,24.3,13.4,6.4,5.2,5.0,21.2,0.1,99.3,3.4,1,6,6,6,15,3,6,5,18,21,3,22,25,2,9,7,5,2,4,28,16,12,13,22,5,6,107.5,104.1,3.4,91.72,0.529,0.628,1.82,18.4,0.343,0.703,0.524,0.145,0.49,0.532,0.49,0.255,0.145,0.343,Minnesota Timberwolves,82,50,32,0.61,48.3,36.1,81.1,0.445,6.0,16.1,0.372,17.7,23.9,0.742,11.1,28.4,39.5,22.6,13.4,6.6,5.0,5.2,20.4,21.2,96.0,-3.4,1,6,6,6,15,15,14,14,27,24,26,12,14,5,3,2,3,18,24,1,12,16,12,17,16,6,2001-02,0.6097560975609756,2002,2000s
1610612751,New Jersey Nets,82,52,30,0.634,48.4,37.1,83.1,0.446,4.9,14.6,0.338,17.1,23.3,0.735,12.7,30.7,43.3,24.3,14.5,8.7,6.0,5.4,21.1,0.1,96.2,4.2,1,5,5,5,8,8,9,14,17,14,22,20,17,24,12,11,8,3,15,4,6,18,12,10,13,5,102.4,98.1,4.3,93.2,0.537,0.654,1.67,18.2,0.322,0.683,0.503,0.154,0.476,0.515,0.476,0.28,0.154,0.322,New Jersey Nets,82,52,30,0.634,48.4,34.9,81.3,0.429,5.0,14.3,0.348,17.4,23.0,0.753,12.2,30.7,42.9,19.1,16.1,8.2,5.4,6.0,20.3,21.1,92.0,-4.2,1,5,5,5,8,7,16,6,11,13,10,11,11,19,15,19,17,3,3,21,18,6,10,18,5,5,2001-02,0.6341463414634146,2002,2000s
1610612752,New York Knicks,82,30,52,0.366,48.3,34.4,79.5,0.432,5.8,16.4,0.353,17.1,21.8,0.787,10.7,30.0,40.7,21.0,14.5,6.8,3.5,4.7,22.0,0.2,91.6,-4.0,1,23,23,23,15,26,23,25,9,8,16,19,22,3,27,16,26,21,16,25,29,7,21,3,24,23,100.4,104.6,-4.2,90.78,0.466,0.611,1.44,16.7,0.292,0.684,0.489,0.159,0.468,0.514,0.468,0.274,0.159,0.292,New York Knicks,82,30,52,0.366,48.3,35.7,80.1,0.445,5.4,15.3,0.353,18.9,25.0,0.757,11.7,31.0,42.7,21.5,13.5,8.4,4.7,3.5,20.4,22.0,95.6,4.0,1,23,23,23,15,10,10,13,20,20,14,21,20,23,8,23,15,9,23,25,7,29,11,9,14,23,2001-02,0.3658536585365853,2002,2000s
1610612753,Orlando Magic,82,44,38,0.537,48.4,37.6,84.0,0.448,7.6,20.2,0.373,17.6,23.4,0.754,11.5,29.7,41.2,22.0,13.6,8.1,4.7,4.7,20.7,0.1,100.5,1.6,1,11,11,11,8,7,5,11,3,2,8,16,16,15,20,19,25,15,6,11,20,6,9,28,4,12,105.6,104.1,1.5,94.4,0.497,0.584,1.61,16.8,0.292,0.665,0.477,0.143,0.493,0.533,0.493,0.278,0.143,0.292,Orlando Magic,82,44,38,0.537,48.4,38.0,83.3,0.456,5.0,14.2,0.352,17.9,24.3,0.737,13.3,32.1,45.4,23.5,15.7,8.0,4.7,4.7,21.2,20.7,98.9,-1.6,1,11,11,11,8,25,22,22,11,10,13,14,16,2,26,28,28,23,4,20,6,20,18,21,27,12,2001-02,0.5365853658536586,2002,2000s
1610612755,Philadelphia 76ers,82,43,39,0.524,48.1,34.2,78.5,0.436,2.6,8.7,0.299,20.0,25.7,0.779,13.3,30.9,44.2,20.0,15.3,8.6,4.4,5.6,20.1,0.2,91.0,1.6,1,14,14,14,27,28,25,22,29,29,29,5,8,4,5,10,4,28,25,5,24,21,7,6,26,11,100.5,98.7,1.8,90.32,0.52,0.584,1.3,15.8,0.341,0.702,0.523,0.169,0.452,0.507,0.452,0.327,0.169,0.341,Philadelphia 76ers,82,43,39,0.524,48.1,33.8,79.3,0.426,5.3,16.1,0.331,16.5,21.9,0.751,12.0,28.6,40.6,21.6,14.7,8.0,5.6,4.4,22.3,20.1,89.4,-1.6,1,14,14,14,27,2,4,5,19,25,2,8,8,14,11,5,5,10,11,19,21,24,22,23,2,11,2001-02,0.524390243902439,2002,2000s
1610612756,Phoenix Suns,82,36,46,0.439,48.4,37.8,84.6,0.447,4.4,13.4,0.327,15.2,19.9,0.767,13.1,29.6,42.7,22.4,14.7,8.1,4.9,5.8,21.8,0.1,95.1,-0.7,1,20,20,20,8,6,3,13,21,19,26,28,29,7,8,20,10,11,19,9,17,24,19,10,17,19,101.8,102.6,-0.7,92.74,0.486,0.593,1.53,17.1,0.327,0.672,0.498,0.157,0.472,0.51,0.472,0.235,0.157,0.327,Phoenix Suns,82,36,46,0.439,48.4,36.1,81.3,0.444,5.3,14.7,0.358,18.4,24.5,0.751,12.6,30.4,43.0,22.2,15.4,8.4,5.8,4.9,18.5,21.8,95.8,0.7,1,20,20,20,8,14,15,12,17,18,21,18,18,13,19,15,18,14,6,24,24,17,1,11,15,19,2001-02,0.4390243902439024,2002,2000s
1610612757,Portland Trail Blazers,82,49,33,0.598,48.4,36.6,81.4,0.45,5.7,16.1,0.354,17.7,23.2,0.763,13.2,29.8,43.0,23.5,14.3,8.6,4.5,5.0,19.7,0.1,96.6,3.0,1,8,8,8,8,10,13,9,10,9,15,15,18,11,6,18,9,5,12,6,22,13,5,22,11,8,105.9,102.6,3.3,90.55,0.518,0.641,1.64,18.0,0.345,0.703,0.522,0.157,0.485,0.528,0.485,0.285,0.157,0.345,Portland Trail Blazers,82,49,33,0.598,48.4,36.0,79.4,0.453,5.7,15.7,0.363,16.0,21.6,0.741,10.9,28.4,39.2,23.7,14.7,7.5,5.0,4.5,20.1,19.7,93.7,-3.0,1,8,8,8,8,12,5,21,23,22,25,3,4,4,1,4,2,24,11,9,13,22,9,25,8,8,2001-02,0.5975609756097561,2002,2000s
1610612758,Sacramento Kings,82,61,21,0.744,48.2,39.8,85.4,0.467,5.2,14.1,0.367,19.7,26.3,0.751,12.4,33.0,45.3,23.9,13.8,9.0,4.6,4.7,19.0,0.1,104.6,7.6,1,1,1,1,24,1,1,2,12,16,9,6,5,16,15,1,2,4,8,3,21,8,2,10,2,1,107.9,99.7,8.1,96.74,0.552,0.6,1.74,17.7,0.306,0.69,0.502,0.142,0.497,0.539,0.497,0.308,0.142,0.306,Sacramento Kings,82,61,21,0.744,48.2,38.1,86.7,0.44,4.7,14.0,0.337,16.0,21.5,0.744,13.0,31.9,44.9,22.4,15.2,7.7,4.7,4.6,22.3,19.0,97.0,-7.6,1,1,1,1,24,27,29,9,6,7,3,3,3,6,24,27,26,17,9,16,8,21,22,28,19,1,2001-02,0.7439024390243902,2002,2000s
1610612759,San Antonio Spurs,82,58,24,0.707,48.4,35.5,77.6,0.458,5.3,14.8,0.362,20.3,27.4,0.742,11.1,31.3,42.4,20.0,14.4,7.6,6.5,5.2,19.2,0.1,96.7,6.2,1,2,2,2,6,18,28,7,11,12,10,3,3,20,24,6,13,27,14,18,3,17,4,17,10,3,105.4,98.5,6.9,91.06,0.554,0.564,1.39,16.0,0.301,0.685,0.501,0.157,0.492,0.539,0.492,0.353,0.157,0.301,San Antonio Spurs,82,58,24,0.707,48.4,35.2,82.6,0.426,4.6,13.5,0.338,15.6,20.1,0.777,12.2,29.6,41.9,18.8,14.5,7.7,5.2,6.5,23.1,19.2,90.5,-6.2,1,2,2,2,6,9,19,4,3,4,4,2,2,29,16,10,11,2,14,17,17,3,27,26,3,3,2001-02,0.7073170731707317,2002,2000s
1610612760,Seattle SuperSonics,82,45,37,0.549,48.4,38.2,81.5,0.469,6.0,15.8,0.378,15.4,20.4,0.755,11.8,28.5,40.3,23.5,13.7,8.5,4.4,4.9,21.1,0.1,97.7,3.0,1,10,10,10,8,5,12,1,8,10,2,27,28,14,17,28,27,5,7,7,23,11,11,25,6,7,107.3,104.1,3.3,90.35,0.522,0.615,1.71,18.3,0.32,0.656,0.49,0.151,0.505,0.54,0.505,0.25,0.151,0.32,Seattle SuperSonics,82,45,37,0.549,48.4,36.2,80.5,0.449,5.8,16.8,0.344,16.6,22.5,0.739,13.3,28.4,41.7,22.3,15.3,6.9,4.9,4.4,19.8,21.1,94.7,-3.0,1,10,10,10,8,16,13,18,24,27,7,9,9,3,27,2,9,15,7,2,11,23,3,19,12,7,2001-02,0.5487804878048781,2002,2000s
1610612761,Toronto Raptors,82,42,40,0.512,48.2,35.6,82.0,0.434,4.7,13.5,0.349,15.5,20.9,0.739,13.6,28.5,42.1,21.7,14.3,8.4,5.6,4.8,21.6,0.1,91.4,-0.4,1,15,15,15,24,16,11,23,19,18,17,26,26,23,3,27,17,17,13,8,11,9,17,10,25,17,101.1,101.7,-0.6,90.02,0.496,0.609,1.52,16.9,0.343,0.671,0.503,0.158,0.463,0.501,0.463,0.255,0.158,0.343,Toronto Raptors,82,42,40,0.512,48.2,34.4,77.9,0.441,4.6,13.3,0.346,18.5,24.5,0.752,12.1,29.7,41.8,19.9,15.2,7.7,4.8,5.6,19.7,21.6,91.8,0.4,1,15,15,15,24,5,3,11,4,3,8,19,17,17,13,11,10,5,8,15,9,11,2,13,4,17,2001-02,0.5121951219512195,2002,2000s
1610612762,Utah Jazz,82,44,38,0.537,48.4,35.0,77.7,0.45,3.4,10.3,0.333,22.6,29.6,0.763,13.5,28.6,42.2,24.4,16.5,9.1,6.4,6.7,24.0,0.1,96.0,0.9,1,11,11,11,14,21,27,10,28,27,24,1,1,12,4,26,15,1,28,2,4,28,29,17,14,14,103.8,102.9,0.9,91.75,0.53,0.697,1.48,18.4,0.362,0.683,0.521,0.178,0.472,0.529,0.472,0.381,0.178,0.362,Utah Jazz,82,44,38,0.537,48.4,33.9,75.8,0.447,5.7,14.8,0.383,21.7,28.1,0.771,11.3,26.9,38.2,19.3,16.7,9.1,6.7,6.4,25.2,24.0,95.1,-0.9,1,11,11,11,14,3,1,15,22,19,28,29,29,27,4,1,1,4,1,28,28,4,29,1,13,14,2001-02,0.5365853658536586,2002,2000s
1610612764,Washington Wizards,82,37,45,0.451,48.1,35.8,81.3,0.441,3.7,9.6,0.388,17.4,22.8,0.765,12.9,29.2,42.0,20.9,13.0,7.0,4.3,5.0,21.5,0.1,92.8,-1.4,1,19,19,19,27,14,15,17,26,28,1,17,21,8,11,23,18,22,3,24,26,14,16,22,21,20,102.9,104.5,-1.6,89.93,0.486,0.584,1.61,16.6,0.328,0.685,0.504,0.144,0.464,0.508,0.464,0.28,0.144,0.328,Washington Wizards,82,37,45,0.451,48.1,36.0,79.7,0.452,5.1,14.5,0.354,17.0,22.5,0.755,11.7,29.0,40.7,22.2,13.4,7.0,5.0,4.3,20.9,21.5,94.2,1.4,1,19,19,19,27,13,7,20,15,15,15,10,10,21,9,6,6,13,25,3,14,26,15,14,11,20,2001-02,0.4512195121951219,2002,2000s
1610612737,Atlanta Hawks,82,35,47,0.427,48.5,34.9,78.5,0.444,4.9,13.9,0.352,19.4,24.5,0.793,11.4,31.2,42.6,20.5,16.7,7.5,5.8,5.0,21.7,0.1,94.1,-3.6,1,22,22,22,5,20,25,12,16,18,13,9,15,3,22,5,11,20,25,20,6,13,15,6,18,23,100.4,104.2,-3.8,92.63,0.483,0.587,1.23,16.0,0.3,0.681,0.499,0.178,0.476,0.527,0.476,0.313,0.178,0.3,Atlanta Hawks,82,35,47,0.427,48.5,36.8,84.2,0.436,5.4,15.2,0.359,18.7,24.5,0.76,13.1,29.5,42.6,21.6,13.0,9.0,5.0,5.8,20.3,21.7,97.6,3.6,1,22,22,22,5,23,26,8,20,18,21,17,16,16,25,8,17,15,29,26,13,6,3,15,21,23,2002-03,0.4268292682926829,2003,2000s
1610612738,Boston Celtics,82,44,38,0.537,48.4,32.9,79.4,0.415,8.8,26.3,0.334,18.0,24.3,0.742,10.4,30.1,40.5,19.2,14.0,8.8,3.7,4.5,21.4,0.0,92.7,-0.4,1,13,13,13,14,26,21,27,1,1,21,17,16,22,28,14,26,27,7,4,25,8,11,22,22,18,100.0,100.5,-0.6,91.95,0.48,0.583,1.37,15.5,0.266,0.691,0.474,0.151,0.47,0.514,0.47,0.306,0.151,0.266,Boston Celtics,82,44,38,0.537,48.4,34.2,78.7,0.435,5.6,17.1,0.331,19.0,25.4,0.749,11.4,33.5,45.0,22.2,16.0,7.5,4.5,3.7,21.9,21.4,93.1,0.4,1,13,13,13,14,6,7,7,24,28,4,19,19,6,10,29,26,19,6,8,8,25,18,19,12,18,2002-03,0.5365853658536586,2003,2000s
1610612741,Chicago Bulls,82,30,52,0.366,48.6,36.5,81.9,0.445,4.3,12.2,0.35,17.7,24.6,0.722,12.0,31.0,43.0,21.7,16.9,7.4,5.6,5.0,24.7,0.1,95.0,-5.1,1,23,23,23,4,9,11,11,21,23,14,19,13,27,15,11,9,13,27,22,10,16,28,6,16,26,99.1,104.2,-5.1,94.76,0.457,0.596,1.28,16.5,0.307,0.672,0.492,0.177,0.471,0.512,0.471,0.3,0.177,0.307,Chicago Bulls,82,30,52,0.366,48.6,36.5,83.1,0.439,5.3,16.3,0.323,21.9,29.2,0.749,13.6,31.4,45.0,23.8,14.7,9.4,5.0,5.6,21.9,24.7,100.1,5.1,1,23,23,23,4,19,24,15,14,24,3,29,29,8,26,22,27,27,15,28,16,10,17,2,26,26,2002-03,0.3658536585365853,2003,2000s
1610612739,Cleveland Cavaliers,82,17,65,0.207,48.4,34.8,82.3,0.422,3.6,10.9,0.327,18.3,24.5,0.747,13.6,31.0,44.6,20.9,18.3,7.8,6.4,6.0,22.7,0.1,91.4,-9.6,1,28,28,28,14,21,8,26,25,24,25,14,14,17,2,10,2,18,28,16,2,26,24,16,25,29,95.2,105.1,-9.9,95.32,0.431,0.601,1.14,15.7,0.338,0.697,0.513,0.191,0.444,0.491,0.444,0.298,0.191,0.338,Cleveland Cavaliers,82,17,65,0.207,48.4,37.5,82.8,0.453,5.2,14.6,0.358,20.9,27.1,0.772,11.4,30.4,41.7,24.0,14.2,9.8,6.0,6.4,20.8,22.7,101.0,9.6,1,28,28,28,14,27,22,24,13,13,19,27,27,27,7,17,13,28,22,29,26,2,10,6,28,29,2002-03,0.2073170731707317,2003,2000s
1610612742,Dallas Mavericks,82,60,22,0.732,48.2,38.5,85.1,0.453,7.8,20.3,0.381,18.1,21.9,0.829,11.1,31.0,42.1,22.4,11.6,8.1,5.5,3.9,21.1,0.1,103.0,7.8,1,1,1,1,24,3,2,7,2,2,3,15,26,1,24,9,17,9,1,11,13,3,9,6,1,1,109.3,101.0,8.3,93.75,0.546,0.581,1.94,17.3,0.277,0.677,0.478,0.123,0.498,0.543,0.498,0.257,0.123,0.277,Dallas Mavericks,82,60,22,0.732,48.2,35.7,81.5,0.438,5.8,17.1,0.34,18.0,24.8,0.727,12.7,32.7,45.5,21.7,16.1,6.7,3.9,5.5,21.3,21.1,95.2,-7.8,1,1,1,1,24,15,18,12,28,29,10,12,17,1,23,28,28,17,5,3,3,13,11,21,16,1,2002-03,0.7317073170731707,2003,2000s
1610612743,Denver Nuggets,82,17,65,0.207,48.1,32.8,79.8,0.411,2.8,10.0,0.278,15.8,22.6,0.699,13.6,28.8,42.4,21.2,18.5,8.7,5.1,6.6,25.1,0.1,84.2,-8.3,1,28,28,28,29,28,19,29,28,25,29,28,23,29,3,28,14,16,29,6,16,29,29,2,29,28,91.2,100.1,-8.9,92.11,0.425,0.646,1.15,16.3,0.345,0.697,0.511,0.2,0.428,0.469,0.428,0.283,0.2,0.345,Denver Nuggets,82,17,65,0.207,48.1,32.9,74.2,0.443,5.1,13.8,0.37,21.6,28.5,0.757,10.5,29.8,40.3,21.5,17.1,9.0,6.6,5.1,21.8,25.1,92.4,8.3,1,28,28,28,29,1,1,18,11,7,25,28,28,12,2,9,4,14,1,27,29,16,15,1,9,28,2002-03,0.2073170731707317,2003,2000s
1610612765,Detroit Pistons,82,50,32,0.61,48.5,32.9,76.5,0.43,6.5,18.1,0.358,19.0,24.6,0.771,10.8,29.8,40.6,19.8,13.5,6.8,5.7,4.3,21.3,0.2,91.4,3.7,1,5,5,5,5,26,28,24,6,6,8,13,12,9,26,18,25,23,5,28,8,5,10,1,26,5,102.4,98.2,4.2,88.26,0.525,0.6,1.47,16.2,0.294,0.707,0.499,0.151,0.473,0.523,0.473,0.322,0.151,0.294,Detroit Pistons,82,50,32,0.61,48.5,33.5,76.5,0.438,3.5,10.2,0.344,17.2,23.1,0.746,10.5,30.8,41.3,18.3,14.0,6.9,4.3,5.7,23.2,21.3,87.7,-3.7,1,5,5,5,5,3,3,13,1,1,13,8,8,5,1,19,8,2,24,4,5,8,24,20,1,5,2002-03,0.6097560975609756,2003,2000s
1610612744,Golden State Warriors,82,38,44,0.463,48.2,37.3,84.6,0.441,5.2,15.1,0.344,22.6,29.0,0.778,15.7,31.0,46.7,20.9,15.8,7.2,6.2,6.0,21.8,0.0,102.4,-1.1,1,19,19,19,26,5,3,16,13,13,17,1,1,5,1,8,1,18,23,23,3,25,17,28,2,20,106.4,107.7,-1.3,95.88,0.492,0.559,1.32,15.4,0.371,0.663,0.518,0.164,0.472,0.526,0.472,0.343,0.164,0.371,Golden State Warriors,82,38,44,0.463,48.2,39.5,87.5,0.452,5.3,14.4,0.372,19.2,25.4,0.756,14.7,29.1,43.8,23.6,13.7,8.7,6.0,6.2,23.6,21.8,103.6,1.1,1,19,19,19,26,29,29,22,18,10,26,21,19,11,29,6,24,26,26,23,25,3,28,13,29,20,2002-03,0.4634146341463415,2003,2000s
1610612745,Houston Rockets,82,43,39,0.524,48.6,34.6,78.8,0.44,5.4,15.5,0.346,19.1,24.9,0.768,12.5,31.3,43.8,18.4,15.6,7.2,6.0,4.6,19.5,0.1,93.8,1.5,1,15,15,15,1,23,24,19,12,12,16,11,11,12,8,4,6,28,21,23,5,9,1,16,21,13,102.4,100.9,1.5,90.36,0.511,0.53,1.18,14.7,0.331,0.698,0.518,0.17,0.474,0.522,0.474,0.316,0.17,0.331,Houston Rockets,82,43,39,0.524,48.6,35.3,81.5,0.433,4.7,13.6,0.347,17.1,22.0,0.775,11.9,28.7,40.6,20.5,13.2,8.1,4.6,6.0,21.9,19.5,92.3,-1.5,1,15,15,15,1,13,17,5,7,6,15,7,4,29,17,4,6,7,28,18,9,5,16,29,8,13,2002-03,0.524390243902439,2003,2000s
1610612754,Indiana Pacers,82,48,34,0.585,48.5,35.5,80.6,0.441,4.6,13.6,0.339,21.2,27.7,0.766,12.2,32.0,44.2,23.3,14.8,8.5,5.4,6.3,22.1,0.1,96.8,3.5,1,9,9,9,5,15,16,17,19,19,20,4,3,13,12,2,5,4,15,8,14,27,20,5,10,6,103.2,99.6,3.5,92.71,0.538,0.656,1.58,17.7,0.318,0.694,0.509,0.157,0.469,0.522,0.469,0.344,0.157,0.318,Indiana Pacers,82,48,34,0.585,48.5,34.9,81.6,0.428,5.0,14.6,0.34,18.6,24.3,0.767,12.3,30.0,42.2,20.7,15.3,7.6,6.3,5.4,23.5,22.1,93.3,-3.5,1,9,9,9,5,8,19,4,10,13,9,16,15,23,18,12,16,8,11,9,27,14,27,10,13,6,2002-03,0.5853658536585366,2003,2000s
1610612746,Los Angeles Clippers,82,27,55,0.329,48.2,34.6,79.1,0.437,4.8,14.4,0.331,19.9,26.5,0.75,12.3,30.0,42.3,19.6,15.7,7.0,5.6,5.1,21.8,0.0,93.8,-4.1,1,25,25,25,26,24,23,21,18,15,23,6,7,16,11,17,15,25,22,27,10,17,16,26,20,24,101.1,105.1,-4.0,92.68,0.47,0.566,1.24,15.4,0.316,0.673,0.496,0.17,0.467,0.516,0.467,0.335,0.17,0.316,Los Angeles Clippers,82,27,55,0.329,48.2,37.0,82.8,0.447,5.5,15.2,0.365,18.4,23.7,0.774,12.8,30.0,42.8,22.4,14.0,8.0,5.1,5.6,22.5,21.8,97.9,4.1,1,25,25,25,26,24,23,20,23,19,24,15,12,28,24,13,18,22,23,17,17,10,21,14,22,24,2002-03,0.3292682926829268,2003,2000s
1610612747,Los Angeles Lakers,82,50,32,0.61,48.6,37.7,83.6,0.451,5.9,16.7,0.356,19.0,26.0,0.734,13.1,31.1,44.3,23.3,14.5,7.8,5.7,3.8,22.9,0.1,100.4,2.3,1,5,5,5,1,4,4,9,8,7,10,12,8,25,5,7,4,5,12,15,7,2,25,12,4,9,105.6,103.4,2.2,93.78,0.52,0.618,1.6,17.4,0.328,0.693,0.509,0.153,0.486,0.528,0.486,0.311,0.153,0.328,Los Angeles Lakers,82,50,32,0.61,48.6,36.3,82.0,0.443,5.7,14.9,0.38,19.8,26.0,0.76,11.7,30.4,42.1,21.4,14.5,7.9,3.8,5.7,23.4,22.9,98.0,-2.3,1,5,5,5,1,18,21,17,25,16,29,23,23,18,13,18,14,12,17,15,2,7,26,5,23,9,2002-03,0.6097560975609756,2003,2000s
1610612763,Memphis Grizzlies,82,28,54,0.341,48.6,37.2,82.2,0.452,5.7,15.6,0.365,17.4,23.6,0.739,11.5,30.1,41.6,23.1,15.4,7.9,6.1,5.2,20.5,0.0,97.5,-3.2,1,24,24,24,1,6,9,8,9,10,7,21,18,24,20,15,19,6,20,14,4,22,6,27,8,22,102.3,105.9,-3.5,94.03,0.482,0.621,1.5,17.5,0.301,0.659,0.482,0.162,0.487,0.526,0.487,0.287,0.162,0.301,Memphis Grizzlies,82,28,54,0.341,48.6,39.3,85.5,0.46,5.3,14.5,0.363,16.8,22.2,0.759,13.7,31.2,44.9,24.3,14.8,8.7,5.2,6.1,21.7,20.5,100.7,3.2,1,24,24,24,1,28,27,28,14,12,23,4,5,14,27,21,25,29,13,24,22,4,14,24,27,22,2002-03,0.3414634146341463,2003,2000s
1610612748,Miami Heat,82,25,57,0.305,48.4,32.8,79.5,0.412,4.2,13.4,0.316,15.8,20.6,0.765,11.6,30.0,41.6,18.3,14.2,7.2,4.0,5.3,22.6,0.1,85.6,-5.0,1,26,26,26,14,29,20,28,22,20,26,29,28,14,19,16,18,29,9,25,23,23,23,16,28,25,95.4,101.2,-5.8,88.93,0.456,0.558,1.29,15.0,0.306,0.709,0.501,0.159,0.439,0.483,0.439,0.259,0.159,0.306,Miami Heat,82,25,57,0.305,48.4,33.1,75.7,0.437,5.0,14.0,0.353,19.5,26.0,0.751,10.6,31.5,42.2,18.1,14.3,7.6,5.3,4.0,20.4,22.6,90.6,5.0,1,26,26,26,14,2,2,9,9,8,17,22,22,9,3,23,15,1,20,10,23,23,5,7,4,25,2002-03,0.3048780487804878,2003,2000s
1610612749,Milwaukee Bucks,82,42,40,0.512,48.5,37.1,81.3,0.457,7.1,18.6,0.383,18.1,23.3,0.776,10.7,28.9,39.5,22.2,12.7,7.6,4.2,4.1,22.2,0.1,99.5,0.2,1,16,16,16,5,7,13,6,4,5,1,16,20,7,27,27,28,10,2,18,22,4,21,12,5,15,107.2,106.9,0.3,91.76,0.495,0.599,1.75,17.4,0.287,0.666,0.477,0.137,0.5,0.543,0.5,0.287,0.137,0.287,Milwaukee Bucks,82,42,40,0.512,48.5,37.1,81.0,0.458,5.8,15.6,0.375,19.2,25.8,0.745,12.5,31.0,43.4,23.1,14.4,6.6,4.1,4.2,20.5,22.2,99.3,-0.2,1,16,16,16,5,26,15,27,29,21,27,20,21,4,20,20,21,25,18,2,4,22,7,9,25,15,2002-03,0.5121951219512195,2003,2000s
1610612750,Minnesota Timberwolves,82,51,31,0.622,48.3,38.7,83.0,0.466,3.6,9.8,0.368,17.1,22.3,0.77,11.7,31.9,43.6,25.2,13.7,6.7,5.3,4.9,20.8,0.0,98.1,2.1,1,4,4,4,20,2,5,2,24,27,6,23,25,10,17,3,7,2,6,29,15,11,7,22,7,12,104.8,102.5,2.2,93.08,0.529,0.653,1.84,19.0,0.31,0.695,0.508,0.146,0.488,0.528,0.488,0.268,0.146,0.31,Minnesota Timberwolves,82,51,31,0.622,48.3,36.6,83.8,0.437,5.8,16.6,0.347,17.0,22.6,0.752,11.9,29.8,41.7,22.8,13.6,7.0,4.9,5.3,20.6,20.8,96.0,-2.1,1,4,4,4,20,21,25,10,26,26,14,6,7,10,15,10,12,24,27,5,11,15,8,23,18,12,2002-03,0.6219512195121951,2003,2000s
1610612751,New Jersey Nets,82,49,33,0.598,48.2,35.4,80.3,0.441,4.2,12.7,0.332,20.3,26.8,0.757,12.1,30.8,42.9,23.0,14.8,8.7,4.6,5.2,21.6,0.1,95.4,5.2,1,8,8,8,26,17,18,14,23,22,22,5,5,15,14,12,10,7,16,5,21,19,14,16,14,4,102.1,96.6,5.4,93.0,0.544,0.649,1.56,17.6,0.317,0.702,0.51,0.158,0.468,0.518,0.468,0.333,0.158,0.317,New Jersey Nets,82,49,33,0.598,48.2,33.6,78.8,0.427,5.2,14.5,0.359,17.7,23.7,0.749,11.4,30.0,41.4,19.6,16.6,8.5,5.2,4.6,22.9,21.6,90.1,-5.2,1,8,8,8,26,5,8,2,12,11,20,9,11,7,7,14,9,5,3,22,19,21,22,16,2,4,2002-03,0.5975609756097561,2003,2000s
1610612740,New Orleans Hornets,82,47,35,0.573,48.5,35.5,81.6,0.435,4.9,13.1,0.376,17.9,23.3,0.768,13.4,30.2,43.6,22.0,14.8,8.0,4.8,5.2,21.6,0.1,93.9,2.1,1,11,11,11,5,14,12,23,15,21,5,18,21,11,4,13,8,11,16,13,18,20,13,3,19,11,102.4,100.0,2.4,90.72,0.517,0.62,1.49,17.0,0.345,0.697,0.518,0.161,0.465,0.511,0.465,0.285,0.161,0.345,New Orleans Hornets,82,47,35,0.573,48.5,34.8,79.5,0.438,4.1,12.2,0.338,18.0,23.5,0.766,11.1,28.9,40.0,19.9,14.6,7.9,5.2,4.8,21.4,21.6,91.8,-2.1,1,11,11,11,5,7,11,14,2,3,6,11,9,21,5,5,3,6,16,16,20,18,12,17,5,11,2002-03,0.573170731707317,2003,2000s
1610612752,New York Knicks,82,37,45,0.451,48.4,36.2,82.0,0.441,7.4,19.3,0.383,16.1,19.8,0.815,10.3,29.0,39.2,22.0,14.0,7.1,3.1,3.8,23.0,0.1,95.9,-1.4,1,20,20,20,10,12,10,15,3,4,2,27,29,2,29,26,29,12,8,26,29,1,26,3,11,21,103.3,104.6,-1.3,92.06,0.474,0.607,1.57,17.2,0.28,0.689,0.48,0.151,0.486,0.528,0.486,0.241,0.151,0.28,New York Knicks,82,37,45,0.451,48.4,36.1,79.0,0.457,4.4,12.8,0.34,20.6,26.7,0.771,11.4,31.9,43.3,21.1,14.4,7.6,3.8,3.1,19.9,23.0,97.2,1.4,1,20,20,20,10,17,9,26,4,5,8,26,26,25,9,26,20,11,19,11,1,29,1,3,20,21,2002-03,0.4512195121951219,2003,2000s
1610612753,Orlando Magic,82,42,40,0.512,48.3,35.9,82.5,0.436,6.9,19.4,0.357,19.7,25.4,0.777,11.7,29.2,40.9,20.4,14.4,8.5,3.7,5.0,23.0,0.1,98.5,0.1,1,16,16,16,20,13,7,22,5,3,9,8,9,6,18,22,23,21,10,8,26,15,26,12,6,16,103.7,103.7,0.0,94.33,0.482,0.569,1.42,15.8,0.3,0.68,0.485,0.151,0.478,0.526,0.478,0.307,0.151,0.3,Orlando Magic,82,42,40,0.512,48.3,36.7,80.5,0.455,4.9,14.8,0.334,20.1,26.2,0.767,11.8,31.7,43.5,22.4,16.4,7.8,5.0,3.7,22.2,23.0,98.4,-0.1,1,16,16,16,20,22,14,25,8,15,5,25,25,22,14,24,22,21,4,14,15,26,20,3,24,16,2002-03,0.5121951219512195,2003,2000s
1610612755,Philadelphia 76ers,82,48,34,0.585,48.4,36.3,81.0,0.448,3.0,9.6,0.311,21.3,27.5,0.775,12.7,29.5,42.2,21.6,14.8,10.3,3.5,6.4,22.0,0.1,96.8,2.3,1,9,9,9,10,11,15,10,27,28,28,3,4,8,7,20,16,15,16,1,28,28,19,6,9,10,103.2,100.6,2.6,93.07,0.516,0.595,1.46,16.5,0.324,0.704,0.509,0.158,0.466,0.52,0.466,0.339,0.158,0.324,Philadelphia 76ers,82,48,34,0.585,48.4,35.1,77.6,0.452,5.5,15.6,0.354,18.9,24.8,0.76,11.1,29.3,40.3,22.1,17.1,7.8,6.4,3.5,23.0,22.0,94.5,-2.3,1,9,9,9,10,11,5,23,22,21,18,18,18,17,4,7,5,18,1,12,28,28,23,11,15,10,2002-03,0.5853658536585366,2003,2000s
1610612756,Phoenix Suns,82,44,38,0.537,48.3,36.6,82.6,0.443,4.8,14.0,0.343,17.4,23.5,0.742,12.8,29.8,42.5,21.0,14.7,8.1,4.9,5.5,22.0,0.1,95.5,1.1,1,13,13,13,20,8,6,13,17,17,18,21,19,23,6,19,13,17,14,12,17,24,18,10,13,14,102.6,101.3,1.3,92.59,0.498,0.572,1.42,16.2,0.323,0.672,0.496,0.158,0.473,0.514,0.473,0.285,0.158,0.323,Phoenix Suns,82,44,38,0.537,48.3,35.5,81.2,0.438,5.3,16.6,0.32,18.0,23.6,0.766,12.6,30.3,42.9,22.2,16.0,7.8,5.5,4.9,21.5,22.0,94.4,-1.1,1,13,13,13,20,14,16,11,16,25,2,13,10,20,22,16,19,19,7,12,24,17,13,12,14,14,2002-03,0.5365853658536586,2003,2000s
1610612757,Portland Trail Blazers,82,50,32,0.61,48.4,36.4,79.2,0.46,4.6,14.0,0.33,17.7,23.7,0.745,12.1,29.0,41.1,22.7,15.2,8.8,3.9,4.8,19.9,0.1,95.2,2.6,1,5,5,5,13,10,22,5,19,16,24,20,17,20,13,25,22,8,19,3,24,10,2,16,15,7,104.2,101.5,2.7,90.44,0.515,0.623,1.49,17.7,0.338,0.689,0.515,0.167,0.489,0.531,0.489,0.3,0.167,0.338,Portland Trail Blazers,82,50,32,0.61,48.4,35.9,79.8,0.45,5.3,15.7,0.341,15.5,20.2,0.764,11.1,28.0,39.1,22.7,15.5,8.3,4.8,3.9,20.4,19.9,92.5,-2.6,1,5,5,5,13,16,12,21,18,23,11,1,1,19,6,2,2,23,9,20,10,24,4,28,11,7,2002-03,0.6097560975609756,2003,2000s
1610612758,Sacramento Kings,82,59,23,0.72,48.4,39.5,85.2,0.464,6.0,15.7,0.381,16.7,22.3,0.746,11.0,33.5,44.5,24.8,14.5,9.0,5.6,4.3,20.3,0.0,101.7,6.5,1,3,3,3,14,1,1,3,7,9,4,24,24,18,25,1,3,3,12,2,12,6,4,28,3,2,104.4,97.8,6.6,96.63,0.551,0.627,1.71,18.3,0.289,0.678,0.493,0.149,0.499,0.535,0.499,0.262,0.149,0.289,Sacramento Kings,82,59,23,0.72,48.4,36.5,86.9,0.42,4.5,14.2,0.32,17.7,23.9,0.741,14.0,31.9,45.8,21.5,15.4,8.3,4.3,5.6,19.9,20.3,95.2,-6.5,1,3,3,3,14,19,28,1,6,9,1,10,13,2,28,27,29,13,10,21,6,12,2,26,17,2,2002-03,0.7195121951219512,2003,2000s
1610612759,San Antonio Spurs,82,60,22,0.732,48.4,35.5,76.8,0.462,5.5,15.5,0.354,19.4,26.8,0.725,11.5,31.2,42.6,20.0,15.8,7.7,6.5,5.1,20.4,0.0,95.8,5.4,1,1,1,1,14,16,27,4,11,11,11,10,6,26,21,6,11,22,23,17,1,18,5,22,12,3,103.9,98.1,5.8,91.46,0.549,0.563,1.26,15.9,0.311,0.687,0.508,0.171,0.497,0.541,0.497,0.348,0.171,0.311,San Antonio Spurs,82,60,22,0.732,48.4,34.9,81.7,0.427,4.3,12.7,0.339,16.3,21.2,0.768,12.5,28.3,40.9,19.0,15.0,8.1,5.1,6.5,23.4,20.4,90.4,-5.4,1,1,1,1,14,9,20,3,3,4,7,2,2,24,21,3,7,3,12,19,18,1,25,25,3,3,2002-03,0.7317073170731707,2003,2000s
1610612760,Seattle SuperSonics,82,40,42,0.488,48.4,35.2,80.5,0.437,5.6,15.7,0.353,16.2,21.7,0.744,11.7,29.1,40.8,21.6,13.2,8.3,3.6,5.0,20.9,0.1,92.1,-0.1,1,18,18,18,10,19,17,20,10,8,12,26,27,21,16,23,24,14,3,10,27,13,8,12,23,17,102.4,102.6,-0.2,89.17,0.502,0.615,1.64,17.2,0.314,0.688,0.497,0.147,0.472,0.512,0.472,0.27,0.147,0.314,Seattle SuperSonics,82,40,42,0.488,48.4,35.0,78.3,0.447,5.8,16.7,0.344,16.5,22.2,0.742,11.4,30.0,41.5,20.8,14.7,6.1,5.0,3.6,20.4,20.9,92.3,0.1,1,18,18,18,10,10,6,19,26,27,12,3,6,3,11,15,11,9,14,1,13,27,5,22,6,17,2002-03,0.4878048780487805,2003,2000s
1610612761,Toronto Raptors,82,24,58,0.293,48.3,34.7,81.3,0.427,5.0,14.5,0.343,16.5,22.9,0.718,12.5,28.7,41.2,19.3,14.4,7.4,4.8,5.0,21.5,0.1,90.9,-5.9,1,27,27,27,20,22,14,25,14,14,19,25,22,28,9,29,21,26,11,21,19,12,12,16,27,27,99.3,105.6,-6.3,91.01,0.447,0.556,1.34,15.3,0.318,0.678,0.491,0.157,0.458,0.497,0.458,0.282,0.157,0.318,Toronto Raptors,82,24,58,0.293,48.3,37.0,80.4,0.461,4.5,12.0,0.375,18.2,24.0,0.759,11.9,31.7,43.6,21.1,13.7,7.4,5.0,4.8,20.8,21.5,96.8,5.9,1,27,27,27,20,25,13,29,5,2,28,14,14,13,16,25,23,10,25,6,12,19,9,18,19,27,2002-03,0.2926829268292683,2003,2000s
1610612762,Utah Jazz,82,47,35,0.573,48.2,35.3,75.5,0.468,2.7,7.8,0.349,21.3,28.6,0.745,12.5,29.0,41.5,25.6,16.8,8.6,5.7,5.2,22.4,0.1,94.7,2.4,1,11,11,11,24,18,29,1,29,29,15,2,2,19,10,24,20,1,26,7,9,20,22,10,17,8,103.7,101.1,2.6,90.78,0.551,0.727,1.53,19.5,0.353,0.673,0.519,0.184,0.486,0.537,0.486,0.38,0.184,0.353,Utah Jazz,82,47,35,0.573,48.2,33.5,77.4,0.434,5.3,15.3,0.349,19.8,26.1,0.759,12.3,25.9,38.2,19.5,15.9,8.8,5.2,5.7,23.8,22.4,92.3,-2.4,1,11,11,11,24,4,4,6,17,20,16,24,24,15,19,1,1,4,8,25,20,9,29,8,7,8,2002-03,0.573170731707317,2003,2000s
1610612764,Washington Wizards,82,37,45,0.451,48.4,34.3,78.0,0.44,3.1,9.9,0.312,19.7,25.3,0.779,11.2,29.2,40.4,19.7,13.4,7.6,4.8,4.4,20.0,0.0,91.5,-1.0,1,20,20,20,14,25,26,18,26,26,27,7,10,4,23,21,27,24,4,19,20,7,3,25,24,19,101.5,102.6,-1.1,89.46,0.498,0.572,1.47,15.9,0.305,0.686,0.496,0.148,0.46,0.513,0.46,0.325,0.148,0.305,Washington Wizards,82,37,45,0.451,48.4,35.1,79.4,0.442,5.5,15.1,0.362,16.9,21.9,0.771,11.6,29.8,41.4,21.7,14.3,7.5,4.4,4.8,22.0,20.0,92.5,1.0,1,20,20,20,14,12,10,16,21,17,22,5,3,26,12,11,10,16,21,7,7,20,19,27,10,19,2002-03,0.4512195121951219,2003,2000s
1610612737,Atlanta Hawks,82,28,54,0.341,48.5,34.5,79.6,0.433,5.1,15.2,0.335,18.7,24.1,0.776,12.1,30.6,42.7,20.1,16.5,7.6,5.0,5.1,22.3,0.0,92.8,-4.6,1,25,25,25,4,17,16,20,15,14,23,12,17,6,16,10,12,22,26,17,12,15,23,15,15,26,99.1,103.9,-4.8,92.68,0.466,0.583,1.22,15.7,0.308,0.686,0.5,0.176,0.465,0.514,0.465,0.303,0.176,0.308,Atlanta Hawks,82,28,54,0.341,48.5,36.2,82.2,0.44,5.9,16.4,0.358,19.2,25.3,0.76,12.8,30.3,43.1,22.0,14.0,8.9,5.1,5.0,20.7,22.3,97.5,4.6,1,25,25,25,4,20,24,17,25,25,22,22,21,21,22,16,20,20,21,28,15,12,12,7,23,26,2003-04,0.3414634146341463,2004,2000s
1610612738,Boston Celtics,82,36,46,0.439,48.1,34.7,78.2,0.443,6.7,19.5,0.346,19.2,25.5,0.75,10.4,29.8,40.1,20.5,16.2,9.4,4.0,5.0,22.4,0.0,95.3,-1.5,1,20,20,20,28,15,22,10,3,3,12,8,8,18,27,17,27,17,24,2,25,12,24,24,8,19,100.7,102.2,-1.5,94.47,0.49,0.592,1.26,16.1,0.279,0.658,0.473,0.172,0.486,0.532,0.486,0.327,0.172,0.279,Boston Celtics,82,36,46,0.439,48.1,35.3,80.8,0.437,6.8,18.7,0.362,19.4,26.3,0.736,13.0,30.8,43.8,23.0,17.1,8.8,5.0,4.0,22.2,22.4,96.7,1.5,1,20,20,20,28,15,17,14,29,29,24,23,26,2,26,22,24,23,1,27,12,25,21,6,20,19,2003-04,0.4390243902439024,2004,2000s
1610612741,Chicago Bulls,82,23,59,0.28,48.4,34.1,82.4,0.414,5.2,15.3,0.342,16.2,22.4,0.725,12.8,30.7,43.5,21.9,16.1,8.0,4.8,5.4,23.3,0.0,89.7,-6.4,1,28,28,28,11,20,4,29,12,13,19,27,23,25,8,9,4,10,23,13,15,22,28,15,26,28,95.6,102.1,-6.5,93.23,0.446,0.641,1.36,16.7,0.311,0.679,0.491,0.172,0.446,0.486,0.446,0.272,0.172,0.311,Chicago Bulls,82,23,59,0.28,48.4,35.1,80.6,0.436,5.4,15.1,0.355,20.4,27.3,0.748,12.3,32.7,45.0,23.0,15.2,8.5,5.4,4.8,20.5,23.3,96.0,6.4,1,28,28,28,11,14,14,12,18,16,20,27,28,13,17,29,28,24,13,25,22,15,8,2,18,28,2003-04,0.2804878048780488,2004,2000s
1610612739,Cleveland Cavaliers,82,35,47,0.427,48.4,35.6,82.4,0.433,3.0,9.6,0.314,18.6,24.8,0.753,13.6,31.9,45.6,22.0,14.8,7.1,6.5,5.3,21.3,0.0,92.9,-2.6,1,21,21,21,7,10,4,21,29,28,29,13,12,14,3,4,1,8,15,23,3,19,15,24,14,22,100.6,103.1,-2.6,91.71,0.491,0.619,1.49,16.9,0.34,0.688,0.514,0.16,0.451,0.498,0.451,0.301,0.16,0.34,Cleveland Cavaliers,82,35,47,0.427,48.4,36.0,82.4,0.437,5.3,14.2,0.371,18.2,24.3,0.749,11.8,30.2,42.0,21.7,13.1,7.7,5.3,6.5,20.2,21.3,95.5,2.6,1,21,21,21,7,19,26,15,16,7,26,17,16,15,9,14,13,18,29,11,19,3,5,15,17,22,2003-04,0.4268292682926829,2004,2000s
1610612742,Dallas Mavericks,82,52,30,0.634,48.3,40.5,88.2,0.459,6.2,17.8,0.348,18.0,22.6,0.796,14.3,31.0,45.3,23.9,12.2,8.0,5.3,4.7,19.6,0.0,105.2,4.4,1,7,7,7,15,1,1,3,6,5,11,15,22,1,1,6,2,3,1,15,10,7,3,15,1,6,110.4,105.9,4.5,94.62,0.527,0.591,1.96,17.7,0.335,0.686,0.507,0.128,0.495,0.536,0.495,0.256,0.128,0.335,Dallas Mavericks,82,52,30,0.634,48.3,38.2,83.2,0.459,6.5,17.9,0.363,17.8,23.9,0.746,12.3,31.2,43.5,23.6,15.2,7.1,4.7,5.3,20.6,19.6,100.8,-4.4,1,7,7,7,15,27,28,27,28,28,25,13,12,10,16,26,22,27,15,3,7,10,9,27,28,6,2003-04,0.6341463414634146,2004,2000s
1610612743,Denver Nuggets,82,43,39,0.524,48.1,36.5,82.5,0.443,4.0,12.0,0.336,20.2,26.3,0.767,13.2,29.1,42.3,21.9,15.6,9.1,6.3,5.8,22.0,0.1,97.2,1.1,1,11,11,11,26,5,3,11,25,25,21,3,6,9,7,24,15,9,20,3,5,27,20,2,5,11,102.4,101.4,1.0,94.64,0.505,0.599,1.4,16.5,0.337,0.664,0.498,0.164,0.467,0.517,0.467,0.319,0.164,0.337,Denver Nuggets,82,43,39,0.524,48.1,36.8,81.2,0.453,4.6,12.9,0.356,17.9,24.6,0.728,12.9,30.1,42.9,23.5,17.1,8.1,5.8,6.3,23.1,22.0,96.1,-1.1,1,11,11,11,26,23,20,24,6,4,21,14,17,1,24,12,19,26,2,18,27,5,27,10,19,11,2003-04,0.524390243902439,2004,2000s
1610612765,Detroit Pistons,82,54,28,0.659,48.2,33.5,77.0,0.435,4.1,11.8,0.344,19.0,25.3,0.753,12.4,30.4,42.8,20.8,15.1,8.0,7.0,5.0,20.3,0.0,90.1,5.8,1,6,6,6,19,24,26,19,24,26,15,9,9,15,12,12,11,15,18,13,1,13,4,9,24,2,100.3,93.9,6.5,89.34,0.558,0.62,1.37,16.6,0.332,0.686,0.512,0.168,0.461,0.511,0.461,0.328,0.168,0.332,Detroit Pistons,82,54,28,0.659,48.2,32.1,77.8,0.413,4.3,14.4,0.302,15.7,21.1,0.744,12.0,28.7,40.6,19.0,16.0,7.9,5.0,7.0,22.9,20.3,84.3,-5.8,1,6,6,6,19,3,7,3,4,8,1,2,2,8,11,4,5,5,6,13,13,1,24,26,1,2,2003-04,0.6585365853658537,2004,2000s
1610612744,Golden State Warriors,82,37,45,0.451,48.4,35.1,79.4,0.442,5.2,15.6,0.334,17.9,24.7,0.725,12.2,30.9,43.1,20.5,14.8,7.0,4.7,5.1,20.6,0.0,93.3,-0.7,1,18,18,18,7,14,18,15,12,10,24,17,13,26,14,8,7,18,13,25,17,16,7,24,13,16,101.5,102.6,-1.1,90.95,0.491,0.585,1.39,16.2,0.312,0.694,0.503,0.161,0.475,0.517,0.475,0.311,0.161,0.312,Golden State Warriors,82,37,45,0.451,48.4,36.0,80.9,0.445,5.0,13.5,0.374,17.1,22.9,0.746,12.0,30.9,42.8,21.5,14.0,8.1,5.1,4.7,22.0,20.6,94.0,0.7,1,18,18,18,7,17,18,19,9,6,28,7,8,11,12,23,18,17,22,19,16,17,19,23,14,16,2003-04,0.4512195121951219,2004,2000s
1610612745,Houston Rockets,82,45,37,0.549,48.6,33.4,75.5,0.442,6.3,17.1,0.366,16.7,21.6,0.773,10.3,32.3,42.6,19.3,16.7,6.8,5.4,4.4,21.5,0.0,89.8,1.7,1,10,10,10,3,25,28,13,5,6,3,24,25,8,28,2,13,26,28,27,8,4,18,15,25,10,99.7,97.8,1.9,88.92,0.513,0.577,1.15,15.8,0.305,0.708,0.516,0.186,0.484,0.528,0.484,0.286,0.186,0.305,Houston Rockets,82,45,37,0.549,48.6,32.1,78.1,0.412,5.6,15.0,0.372,18.2,24.7,0.737,11.1,28.7,39.7,20.6,13.5,8.7,4.4,5.4,20.7,21.5,88.0,-1.7,1,10,10,10,3,4,9,2,23,14,27,17,18,3,5,3,2,10,28,26,4,8,11,12,5,10,2003-04,0.5487804878048781,2004,2000s
1610612754,Indiana Pacers,82,61,21,0.744,48.3,33.6,77.1,0.435,5.5,15.6,0.351,18.8,24.6,0.764,11.8,29.9,41.7,21.6,14.4,8.9,5.0,6.2,20.8,0.1,91.4,5.8,1,1,1,1,15,23,25,18,9,11,9,11,14,11,17,16,18,12,9,6,11,28,9,4,20,3,102.5,96.2,6.3,88.54,0.539,0.644,1.5,17.3,0.32,0.706,0.511,0.162,0.471,0.52,0.471,0.319,0.162,0.32,Indiana Pacers,82,61,21,0.744,48.3,32.6,75.4,0.432,4.0,12.4,0.324,16.5,22.0,0.75,10.6,29.5,40.1,20.1,15.9,7.1,6.2,5.0,21.9,20.8,85.6,-5.8,1,1,1,1,15,6,2,10,3,3,3,4,4,18,1,8,3,7,8,3,28,11,18,21,3,3,2003-04,0.7439024390243902,2004,2000s
1610612746,Los Angeles Clippers,82,28,54,0.341,48.3,34.4,80.2,0.428,4.0,12.5,0.321,22.0,28.1,0.785,14.0,29.5,43.5,20.2,16.4,7.2,4.6,5.3,22.1,0.0,94.8,-4.6,1,25,25,25,15,18,13,24,26,23,26,1,2,4,2,20,5,21,25,21,22,20,22,15,9,25,101.9,106.6,-4.7,92.49,0.464,0.587,1.23,15.5,0.362,0.677,0.517,0.176,0.453,0.512,0.453,0.35,0.176,0.362,Los Angeles Clippers,82,28,54,0.341,48.3,37.5,81.5,0.46,5.5,15.3,0.36,18.8,25.4,0.741,12.6,28.8,41.4,22.9,13.7,8.5,5.3,4.6,22.7,22.1,99.4,4.6,1,25,25,25,15,26,22,28,21,19,23,20,22,5,19,5,9,22,24,24,20,22,23,8,27,25,2003-04,0.3414634146341463,2004,2000s
1610612747,Los Angeles Lakers,82,56,26,0.683,48.4,36.9,81.4,0.454,4.5,13.6,0.327,19.9,28.7,0.693,12.2,30.9,43.1,23.8,13.8,8.3,4.6,3.8,21.1,0.1,98.2,3.9,1,4,4,4,7,4,7,4,22,20,25,5,1,28,15,7,6,4,5,10,21,2,14,4,3,7,104.2,100.1,4.1,93.39,0.538,0.643,1.72,17.9,0.313,0.701,0.506,0.146,0.481,0.522,0.481,0.352,0.146,0.313,Los Angeles Lakers,82,56,26,0.683,48.4,35.6,81.0,0.44,5.1,15.2,0.337,18.0,24.0,0.749,11.2,31.2,42.4,20.8,15.3,7.5,3.8,4.6,24.7,21.1,94.3,-3.9,1,4,4,4,7,16,19,16,14,18,7,15,13,16,7,25,15,12,11,8,2,21,29,16,16,7,2003-04,0.6829268292682927,2004,2000s
1610612763,Memphis Grizzlies,82,50,32,0.61,48.5,36.1,81.2,0.445,5.5,16.0,0.34,19.0,26.1,0.727,12.8,29.0,41.8,23.4,15.0,9.7,6.9,5.6,23.2,0.0,96.7,2.4,1,8,8,8,5,7,9,8,10,8,20,10,7,24,9,25,17,5,16,1,2,25,27,9,7,9,103.4,100.8,2.6,92.6,0.522,0.646,1.56,17.7,0.325,0.655,0.489,0.16,0.479,0.522,0.479,0.322,0.16,0.325,Memphis Grizzlies,82,50,32,0.61,48.5,34.9,79.9,0.436,4.5,13.3,0.338,20.0,26.2,0.764,13.4,30.6,44.0,20.4,17.0,8.2,5.6,6.9,23.1,23.2,94.3,-2.4,1,8,8,8,5,13,12,13,5,5,9,26,25,24,29,18,26,8,3,21,25,2,26,3,15,9,2003-04,0.6097560975609756,2004,2000s
1610612748,Miami Heat,82,42,40,0.512,48.2,33.3,78.3,0.425,5.9,16.5,0.357,17.8,23.4,0.762,11.5,30.0,41.5,19.1,13.9,7.2,3.8,5.4,22.1,0.0,90.3,0.5,1,12,12,12,23,26,21,25,7,7,7,18,19,12,21,15,20,28,6,22,28,21,21,9,22,13,100.6,100.3,0.3,89.3,0.496,0.573,1.38,15.6,0.307,0.707,0.504,0.154,0.463,0.51,0.463,0.298,0.154,0.307,Miami Heat,82,42,40,0.512,48.2,32.4,75.7,0.428,5.3,15.3,0.343,19.7,25.6,0.768,10.9,30.3,41.2,18.6,14.7,7.0,5.4,3.8,21.1,22.1,89.7,-0.5,1,12,12,12,23,5,3,7,16,19,14,25,24,26,4,17,8,3,18,2,21,28,13,9,8,13,2003-04,0.5121951219512195,2004,2000s
1610612749,Milwaukee Bucks,82,41,41,0.5,48.2,36.2,81.1,0.447,4.9,14.0,0.35,20.7,26.7,0.775,11.7,30.5,42.2,22.8,13.5,6.8,4.7,5.0,20.3,0.0,98.0,1.1,1,14,14,14,19,6,10,6,19,17,10,2,5,7,18,11,16,7,3,28,19,11,6,15,4,12,104.6,103.5,1.1,93.2,0.51,0.63,1.69,17.5,0.308,0.69,0.499,0.144,0.477,0.528,0.477,0.33,0.144,0.308,Milwaukee Bucks,82,41,41,0.5,48.2,37.0,81.9,0.452,5.6,15.8,0.352,17.4,23.6,0.739,12.0,30.7,42.7,22.8,14.2,7.5,5.0,4.7,22.9,20.3,97.0,-1.1,1,14,14,14,19,24,23,23,22,21,19,10,11,4,13,20,17,21,20,7,11,19,25,24,21,12,2003-04,0.5,2004,2000s
1610612750,Minnesota Timberwolves,82,58,24,0.707,48.2,37.0,80.1,0.462,4.0,10.9,0.363,16.6,21.3,0.781,10.7,32.3,42.9,23.0,12.7,6.8,5.6,3.6,21.1,0.1,94.5,5.5,1,2,2,2,23,3,14,2,27,27,5,26,26,5,25,3,8,6,2,26,7,1,13,2,10,4,104.2,98.5,5.7,90.24,0.554,0.623,1.81,18.2,0.303,0.691,0.507,0.14,0.486,0.528,0.486,0.265,0.14,0.303,Minnesota Timberwolves,82,58,24,0.707,48.2,33.4,80.8,0.414,4.8,14.4,0.334,17.4,23.1,0.753,12.2,29.3,41.5,20.7,13.5,6.7,3.6,5.6,20.2,21.1,89.1,-5.5,1,2,2,2,23,9,16,4,7,9,6,9,10,19,15,7,12,11,27,1,1,7,5,17,7,4,2003-04,0.7073170731707317,2004,2000s
1610612751,New Jersey Nets,82,47,35,0.573,48.1,34.3,77.7,0.441,4.6,13.7,0.336,17.0,22.6,0.753,10.5,30.2,40.7,24.5,14.7,8.6,3.9,4.6,21.0,0.1,90.3,2.5,1,9,9,9,28,19,23,16,21,19,22,21,21,13,26,14,25,2,12,8,27,5,12,4,23,8,99.0,96.4,2.6,90.97,0.533,0.714,1.66,19.1,0.289,0.711,0.501,0.162,0.471,0.515,0.471,0.291,0.162,0.289,New Jersey Nets,82,47,35,0.573,48.1,32.8,76.9,0.427,5.1,14.5,0.35,17.0,22.3,0.761,10.6,30.1,40.8,19.8,16.1,8.0,4.6,3.9,21.2,21.0,87.8,-2.5,1,9,9,9,28,7,4,5,13,10,18,6,5,22,3,13,6,6,4,16,5,27,15,18,4,8,2003-04,0.573170731707317,2004,2000s
1610612740,New Orleans Hornets,82,41,41,0.5,48.4,33.8,80.5,0.42,6.5,20.3,0.319,17.7,23.6,0.751,13.3,29.5,42.8,20.9,15.0,8.6,4.2,5.2,20.9,0.1,91.8,-0.1,1,14,14,14,11,21,11,27,4,2,28,19,18,17,6,19,9,14,17,9,24,17,11,1,18,14,100.7,100.6,0.1,90.59,0.491,0.619,1.4,16.4,0.332,0.681,0.502,0.164,0.46,0.505,0.46,0.293,0.164,0.332,New Orleans Hornets,82,41,41,0.5,48.4,34.7,78.6,0.441,5.4,15.9,0.342,17.2,22.9,0.75,11.9,30.2,42.1,21.8,15.6,7.5,5.2,4.2,21.1,20.9,92.0,0.1,1,14,14,14,11,12,10,18,20,23,12,8,9,17,10,15,14,19,9,6,17,24,14,19,11,14,2003-04,0.5,2004,2000s
1610612752,New York Knicks,82,39,43,0.476,48.5,35.1,79.4,0.442,5.0,13.6,0.364,16.8,21.1,0.793,11.6,31.0,42.6,20.7,15.7,7.4,4.8,4.7,23.1,0.0,92.0,-1.5,1,17,17,17,5,13,17,12,18,20,4,23,27,3,19,5,14,16,21,19,16,8,26,15,16,20,99.7,101.3,-1.6,91.29,0.488,0.588,1.31,16.4,0.307,0.701,0.508,0.17,0.474,0.518,0.474,0.266,0.17,0.307,New York Knicks,82,39,43,0.476,48.5,34.0,79.2,0.429,5.1,15.0,0.338,20.5,26.8,0.763,11.6,29.8,41.4,20.4,13.8,8.2,4.7,4.8,19.5,23.1,93.5,1.5,1,17,17,17,5,11,11,8,10,15,8,28,27,23,8,10,10,9,23,22,8,16,3,4,13,20,2003-04,0.4756097560975609,2004,2000s
1610612753,Orlando Magic,82,21,61,0.256,48.4,35.4,82.5,0.429,5.2,15.2,0.344,18.0,24.4,0.737,12.2,28.7,40.9,19.3,13.7,6.7,3.8,5.5,21.3,0.0,94.0,-7.0,1,29,29,29,11,11,2,22,12,15,16,16,16,22,13,27,23,25,4,29,29,24,16,9,12,29,101.4,108.8,-7.4,92.14,0.434,0.545,1.41,15.2,0.315,0.657,0.481,0.148,0.461,0.504,0.461,0.296,0.148,0.315,Orlando Magic,82,21,61,0.256,48.4,38.6,83.0,0.466,6.0,15.9,0.377,17.8,24.0,0.742,13.1,31.3,44.4,24.4,13.5,7.6,5.5,3.8,20.6,21.3,101.1,7.0,1,29,29,29,11,29,27,29,27,22,29,12,13,6,27,27,27,29,26,9,24,29,10,14,29,29,2003-04,0.2560975609756097,2004,2000s
1610612755,Philadelphia 76ers,82,33,49,0.402,48.4,32.7,76.3,0.428,4.1,12.1,0.342,18.4,24.5,0.753,11.5,29.4,40.8,20.0,15.9,8.0,4.4,5.6,20.7,0.0,88.0,-2.5,1,22,22,22,7,28,27,23,23,24,17,14,15,16,20,21,24,23,22,16,23,26,8,29,28,21,97.8,100.4,-2.6,89.26,0.484,0.611,1.25,16.1,0.313,0.681,0.498,0.177,0.456,0.505,0.456,0.321,0.177,0.313,Philadelphia 76ers,82,33,49,0.402,48.4,33.5,77.7,0.432,5.4,16.2,0.333,18.0,24.2,0.744,12.1,29.2,41.4,21.3,15.2,8.3,5.6,4.4,21.4,20.7,90.5,2.5,1,22,22,22,7,10,6,9,19,24,5,16,15,7,14,6,10,15,14,23,26,23,16,22,10,21,2003-04,0.4024390243902439,2004,2000s
1610612756,Phoenix Suns,82,29,53,0.354,48.1,36.1,81.4,0.443,5.1,14.7,0.345,17.0,22.7,0.746,11.3,29.3,40.6,19.3,15.2,9.0,4.7,5.3,22.7,0.0,94.2,-3.7,1,24,24,24,26,8,8,9,16,16,14,22,20,20,22,22,26,24,19,4,19,18,25,15,11,24,100.3,104.2,-3.8,93.72,0.466,0.536,1.27,15.3,0.297,0.661,0.479,0.162,0.475,0.515,0.475,0.28,0.162,0.297,Phoenix Suns,82,29,53,0.354,48.1,36.3,81.4,0.446,5.8,16.8,0.349,19.5,25.5,0.765,12.7,31.1,43.8,21.5,15.9,7.9,5.3,4.7,19.4,22.7,97.9,3.7,1,24,24,24,26,21,21,20,24,26,16,24,23,25,21,24,23,16,7,14,18,19,2,5,26,24,2003-04,0.3536585365853658,2004,2000s
1610612757,Portland Trail Blazers,82,41,41,0.5,48.7,35.3,78.9,0.448,4.6,13.4,0.346,15.4,21.1,0.731,12.7,29.0,41.7,21.6,14.8,7.5,5.4,4.8,19.0,0.0,90.7,-1.3,1,14,14,14,1,12,19,5,20,22,13,28,28,23,10,26,19,13,14,18,8,10,1,9,21,18,102.1,103.5,-1.5,87.54,0.488,0.61,1.46,17.2,0.344,0.67,0.507,0.166,0.478,0.515,0.478,0.267,0.166,0.344,Portland Trail Blazers,82,41,41,0.5,48.7,36.0,80.1,0.45,5.1,14.9,0.341,14.9,19.7,0.753,12.4,28.0,40.3,23.3,13.7,8.0,4.8,5.4,18.7,19.0,92.0,1.3,1,14,14,14,1,18,13,21,12,13,11,1,1,20,18,2,4,25,25,17,10,8,1,29,12,18,2003-04,0.5,2004,2000s
1610612758,Sacramento Kings,82,55,27,0.671,48.2,37.8,81.8,0.462,7.3,18.3,0.401,19.8,24.9,0.795,10.8,30.4,41.2,26.2,13.9,8.7,4.0,5.0,19.3,0.0,102.8,5.0,1,5,5,5,19,2,6,1,2,4,1,6,11,2,24,12,21,1,6,7,26,14,2,9,2,5,108.6,103.2,5.4,94.25,0.544,0.694,1.89,19.6,0.292,0.676,0.488,0.146,0.507,0.554,0.507,0.305,0.146,0.292,Sacramento Kings,82,55,27,0.671,48.2,38.3,84.4,0.454,5.0,14.7,0.339,16.3,21.7,0.749,13.2,30.7,43.9,21.3,14.9,7.9,5.0,4.0,22.2,19.3,97.8,-5.0,1,5,5,5,19,28,29,25,8,11,10,3,3,14,28,20,25,14,16,15,14,26,20,28,25,5,2003-04,0.6707317073170732,2004,2000s
1610612759,San Antonio Spurs,82,57,25,0.695,48.2,34.7,78.5,0.442,5.0,13.9,0.358,17.2,25.2,0.681,12.5,32.5,45.1,20.4,14.7,8.1,6.5,4.6,20.3,0.0,91.5,7.2,1,3,3,3,25,16,20,14,17,18,6,20,10,29,11,1,3,19,11,11,3,6,5,24,19,1,101.0,93.1,7.9,90.23,0.566,0.59,1.39,16.3,0.319,0.71,0.516,0.162,0.473,0.511,0.473,0.322,0.162,0.319,San Antonio Spurs,82,57,25,0.695,48.2,31.9,77.9,0.409,3.8,11.6,0.327,16.7,22.5,0.744,11.1,30.0,41.1,17.3,15.3,7.7,4.6,6.5,22.4,20.3,84.3,-7.2,1,3,3,3,25,2,8,1,2,2,4,5,6,9,6,11,7,1,11,11,6,3,22,25,1,1,2003-04,0.6951219512195121,2004,2000s
1610612760,Seattle SuperSonics,82,37,45,0.451,48.3,35.8,80.4,0.446,8.8,23.6,0.373,16.6,21.7,0.765,11.1,28.3,39.3,21.7,14.5,8.1,4.7,4.7,21.8,0.1,97.1,-0.6,1,18,18,18,15,9,12,7,1,1,2,25,24,10,23,28,29,11,10,11,18,9,19,4,6,15,105.6,106.4,-0.8,91.34,0.491,0.606,1.5,17.1,0.302,0.655,0.479,0.158,0.501,0.54,0.501,0.27,0.158,0.302,Seattle SuperSonics,82,37,45,0.451,48.3,36.3,80.8,0.45,5.9,17.0,0.349,19.1,24.7,0.774,13.0,29.6,42.7,21.1,14.8,7.7,4.7,4.7,20.2,21.8,97.8,0.6,1,18,18,18,15,22,15,22,26,27,17,21,19,29,25,9,16,13,17,10,9,18,7,11,24,15,2003-04,0.4512195121951219,2004,2000s
1610612761,Toronto Raptors,82,33,49,0.402,48.7,32.4,77.4,0.418,5.6,15.8,0.356,15.1,20.1,0.75,10.1,29.5,39.6,19.2,14.2,7.4,4.9,4.1,21.3,0.0,85.4,-3.0,1,22,22,22,1,29,24,28,8,9,8,29,29,19,29,18,28,27,8,20,14,3,17,24,29,23,95.3,98.8,-3.4,88.24,0.476,0.593,1.35,15.9,0.27,0.673,0.471,0.159,0.454,0.495,0.454,0.26,0.159,0.27,Toronto Raptors,82,33,49,0.402,48.7,33.2,77.6,0.428,3.3,10.8,0.307,18.7,25.1,0.747,12.6,32.5,45.1,18.5,14.6,7.2,4.1,4.9,19.7,21.3,88.5,3.0,1,22,22,22,1,8,5,6,1,1,2,19,20,12,20,28,29,2,19,5,3,14,4,13,6,23,2003-04,0.4024390243902439,2004,2000s
1610612762,Utah Jazz,82,42,40,0.512,48.2,32.8,75.3,0.436,3.1,9.6,0.321,20.0,26.8,0.746,13.5,27.7,41.2,20.4,16.6,7.1,6.0,6.5,25.6,0.1,88.7,-1.2,1,12,12,12,19,27,29,17,28,28,27,4,4,21,5,29,22,20,27,24,6,29,29,4,27,17,100.0,101.3,-1.3,88.26,0.493,0.621,1.22,16.3,0.373,0.691,0.529,0.188,0.456,0.509,0.456,0.356,0.188,0.373,Utah Jazz,82,42,40,0.512,48.2,31.0,71.7,0.432,5.1,14.7,0.343,22.9,29.6,0.771,10.6,26.0,36.6,18.6,15.4,8.1,6.5,6.0,24.4,25.6,89.9,1.2,1,12,12,12,19,1,1,11,10,12,15,29,29,28,2,1,1,4,10,19,29,6,28,1,9,17,2003-04,0.5121951219512195,2004,2000s
1610612764,Washington Wizards,82,25,57,0.305,48.4,33.6,80.0,0.421,5.3,15.5,0.342,19.3,27.0,0.714,13.6,29.2,42.8,18.7,17.5,8.9,5.0,5.5,20.9,0.0,91.8,-5.6,1,27,27,27,11,22,15,26,11,12,18,7,3,27,4,23,10,29,29,5,13,23,10,15,17,27,97.2,102.9,-5.7,93.9,0.441,0.557,1.07,14.5,0.333,0.667,0.496,0.186,0.454,0.5,0.454,0.337,0.186,0.333,Washington Wizards,82,25,57,0.305,48.4,37.3,82.2,0.454,5.2,15.1,0.342,17.6,22.9,0.771,12.8,30.7,43.5,24.0,16.1,9.6,5.5,5.0,21.7,20.9,97.4,5.6,1,27,27,27,11,25,24,26,15,17,13,11,7,27,22,19,21,28,4,29,23,13,17,20,22,27,2003-04,0.3048780487804878,2004,2000s
1610612737,Atlanta Hawks,82,13,69,0.159,48.4,35.9,81.4,0.441,3.7,11.9,0.312,17.3,24.3,0.711,13.4,28.5,41.9,19.7,16.1,7.7,4.2,5.9,24.5,0.0,92.7,-9.7,1,30,30,30,11,17,10,21,27,23,30,27,25,28,3,25,17,25,28,13,21,30,28,23,28,30,98.8,109.0,-10.2,93.09,0.422,0.549,1.22,15.3,0.326,0.696,0.502,0.171,0.464,0.504,0.464,0.299,0.171,0.326,Atlanta Hawks,82,13,69,0.159,48.4,37.1,77.9,0.476,5.7,15.0,0.379,22.5,29.2,0.77,11.0,30.3,41.3,22.0,14.8,8.7,5.9,4.2,21.7,24.5,102.5,9.7,1,30,30,30,11,21,8,30,18,8,30,29,28,26,5,20,12,22,13,30,30,21,9,3,29,30,2004-05,0.1585365853658536,2005,2000s
1610612738,Boston Celtics,82,45,37,0.549,48.5,37.1,79.4,0.468,5.3,15.3,0.349,21.6,28.3,0.764,11.1,29.7,40.8,22.1,15.8,8.1,5.2,4.9,24.4,0.0,101.3,0.9,1,11,11,11,10,5,19,3,17,17,19,3,4,14,23,16,24,9,26,8,13,16,27,13,5,13,105.9,105.1,0.8,94.61,0.505,0.594,1.4,16.9,0.305,0.671,0.494,0.165,0.501,0.551,0.501,0.357,0.165,0.305,Boston Celtics,82,45,37,0.549,48.5,36.1,81.3,0.444,6.0,16.7,0.356,22.3,29.5,0.753,12.7,29.6,42.3,22.7,15.6,8.7,4.9,5.2,23.6,24.4,100.4,-0.9,1,11,11,11,10,17,18,13,25,26,13,28,29,14,25,13,20,25,8,29,16,13,24,4,22,13,2004-05,0.5487804878048781,2005,2000s
1610612766,Charlotte Bobcats,82,18,64,0.22,48.5,36.1,83.6,0.432,3.9,10.7,0.363,18.1,25.6,0.709,13.2,28.5,41.7,21.9,14.5,8.5,5.4,5.4,23.1,0.0,94.3,-6.0,1,28,28,28,8,14,4,27,24,28,9,25,18,29,4,25,19,10,18,6,12,25,21,8,22,28,99.8,106.0,-6.2,93.54,0.46,0.606,1.51,16.5,0.327,0.676,0.492,0.154,0.455,0.497,0.455,0.306,0.154,0.327,Charlotte Bobcats,82,18,64,0.22,48.5,36.8,79.4,0.463,5.4,14.9,0.361,21.3,27.8,0.767,11.7,31.5,43.2,21.6,15.8,7.6,5.4,5.4,22.7,23.1,100.2,6.0,1,28,28,28,8,20,13,26,10,7,17,26,23,23,13,27,25,19,5,18,25,12,15,10,21,28,2004-05,0.2195121951219512,2005,2000s
1610612741,Chicago Bulls,82,47,35,0.573,48.4,34.7,80.4,0.432,6.2,17.5,0.357,18.7,25.0,0.75,12.2,31.6,43.8,21.3,16.7,7.0,4.5,5.3,24.7,0.1,94.5,1.1,1,10,10,10,16,24,16,26,11,11,13,22,21,21,13,4,2,15,30,20,18,24,29,4,21,12,100.5,99.1,1.4,93.41,0.498,0.612,1.27,16.4,0.317,0.691,0.506,0.178,0.471,0.517,0.471,0.311,0.178,0.317,Chicago Bulls,82,47,35,0.573,48.4,33.7,79.9,0.422,5.1,15.2,0.334,20.9,28.1,0.744,11.9,30.8,42.7,20.9,15.5,8.4,5.3,4.5,23.3,24.7,93.4,-1.1,1,10,10,10,16,6,14,1,4,10,2,24,26,7,17,24,22,12,9,26,24,18,20,2,7,12,2004-05,0.573170731707317,2005,2000s
1610612739,Cleveland Cavaliers,82,42,40,0.512,48.4,36.5,81.5,0.447,3.7,11.0,0.332,19.9,26.5,0.752,13.6,28.7,42.3,22.6,13.9,8.0,5.6,5.1,22.6,0.0,96.5,0.8,1,17,17,17,11,10,8,15,28,27,27,14,12,20,2,24,14,6,13,9,7,21,15,8,17,14,105.3,104.7,0.6,90.72,0.51,0.619,1.62,17.3,0.354,0.674,0.51,0.152,0.47,0.518,0.47,0.325,0.152,0.354,Cleveland Cavaliers,82,42,40,0.512,48.4,35.5,78.6,0.452,5.1,13.7,0.376,19.5,26.0,0.75,11.4,28.3,39.8,21.2,14.8,6.7,5.1,5.6,21.6,22.6,95.7,-0.8,1,17,17,17,11,11,10,19,5,3,29,14,17,11,10,6,5,14,12,4,21,7,7,16,11,14,2004-05,0.5121951219512195,2005,2000s
1610612742,Dallas Mavericks,82,58,24,0.707,48.1,37.3,81.6,0.457,5.6,15.5,0.364,22.3,28.2,0.789,12.1,30.9,42.9,19.6,13.4,8.6,5.6,4.9,22.3,0.0,102.5,5.7,1,4,4,4,27,4,7,8,15,15,6,1,5,4,14,8,8,26,4,4,7,15,13,13,3,4,108.5,102.6,5.9,94.18,0.537,0.526,1.46,15.3,0.319,0.674,0.5,0.142,0.492,0.545,0.492,0.346,0.142,0.319,Dallas Mavericks,82,58,24,0.707,48.1,35.9,81.9,0.438,5.5,16.7,0.33,19.5,25.9,0.754,13.1,30.1,43.2,20.9,15.6,7.1,4.9,5.6,23.2,22.3,96.8,-5.7,1,4,4,4,27,15,22,8,13,25,1,14,14,16,27,19,24,11,7,7,15,7,19,18,14,4,2004-05,0.7073170731707317,2005,2000s
1610612743,Denver Nuggets,82,49,33,0.598,48.2,37.0,80.7,0.459,3.9,11.5,0.34,21.5,28.2,0.763,11.8,30.2,42.0,23.9,14.9,9.1,6.0,5.6,22.9,0.1,99.5,2.0,1,9,9,9,24,7,14,5,24,24,26,6,6,15,19,12,16,2,22,2,4,27,17,2,8,10,104.7,102.6,2.2,94.68,0.531,0.645,1.6,18.0,0.313,0.678,0.497,0.157,0.483,0.535,0.483,0.35,0.157,0.313,Denver Nuggets,82,49,33,0.598,48.2,36.0,80.6,0.447,5.6,16.4,0.345,19.9,26.7,0.746,11.9,29.8,41.7,21.7,16.4,7.8,5.6,6.0,23.9,22.9,97.5,-2.0,1,9,9,9,24,16,15,15,15,21,9,18,20,9,16,15,15,20,2,22,27,4,27,13,17,10,2004-05,0.5975609756097561,2005,2000s
1610612765,Detroit Pistons,82,54,28,0.659,48.7,34.8,78.3,0.444,4.4,12.8,0.345,19.4,26.2,0.739,12.9,30.6,43.4,21.8,13.8,7.0,6.1,4.5,20.0,0.0,93.3,3.9,1,5,5,5,3,23,23,17,22,22,23,16,13,23,6,10,4,12,11,20,3,8,2,13,24,6,103.9,99.6,4.3,88.59,0.542,0.627,1.58,17.2,0.34,0.693,0.518,0.154,0.472,0.519,0.472,0.335,0.154,0.34,Detroit Pistons,82,54,28,0.659,48.7,34.0,79.2,0.43,5.0,14.8,0.338,16.4,21.8,0.751,11.3,28.3,39.6,19.7,13.8,7.4,4.5,6.1,22.6,20.0,89.5,-3.9,1,5,5,5,3,8,12,5,3,4,4,2,2,12,7,5,4,4,21,13,8,3,13,29,2,6,2004-05,0.6585365853658537,2005,2000s
1610612744,Golden State Warriors,82,34,48,0.415,48.5,36.9,85.8,0.43,7.6,21.6,0.352,17.2,23.8,0.722,13.0,29.7,42.7,22.1,13.6,7.8,5.1,5.1,22.4,0.0,98.7,-2.2,1,21,21,21,5,9,1,28,5,4,16,28,27,27,5,17,10,8,5,11,15,20,14,19,13,21,103.4,105.5,-2.2,94.45,0.473,0.598,1.63,16.6,0.303,0.666,0.477,0.142,0.475,0.512,0.475,0.278,0.142,0.303,Golden State Warriors,82,34,48,0.415,48.5,38.2,83.4,0.458,5.5,15.1,0.363,19.0,25.5,0.745,12.9,33.8,46.7,22.7,15.3,7.0,5.1,5.1,21.7,22.4,100.9,2.2,1,21,21,21,5,26,26,22,12,9,20,9,11,8,26,30,30,24,10,6,20,15,10,17,24,21,2004-05,0.4146341463414634,2005,2000s
1610612745,Houston Rockets,82,51,31,0.622,48.4,34.7,78.3,0.443,6.7,18.5,0.364,18.9,24.2,0.781,10.7,31.7,42.4,21.1,13.8,6.9,4.6,4.1,22.0,0.0,95.1,4.0,1,7,7,7,11,25,24,20,6,7,7,21,26,7,27,3,13,16,12,23,16,3,9,29,20,5,104.4,100.1,4.3,90.18,0.527,0.609,1.53,16.9,0.301,0.713,0.512,0.152,0.486,0.534,0.486,0.309,0.152,0.301,Houston Rockets,82,51,31,0.622,48.4,33.2,78.3,0.423,5.5,16.4,0.338,19.2,25.8,0.742,10.9,29.8,40.7,20.7,13.3,7.4,4.1,4.6,21.6,22.0,91.0,-4.0,1,7,7,7,11,4,9,2,14,22,5,12,12,2,3,16,8,8,25,12,3,16,8,21,3,5,2004-05,0.6219512195121951,2005,2000s
1610612754,Indiana Pacers,82,44,38,0.537,48.5,32.5,75.2,0.432,6.6,19.2,0.344,21.3,26.9,0.792,10.6,29.5,40.1,18.2,14.3,7.5,4.4,4.9,23.0,0.1,93.0,0.8,1,14,14,14,7,30,30,25,7,6,24,7,10,2,28,18,28,29,16,16,19,14,20,2,25,15,103.7,102.7,1.0,88.71,0.504,0.558,1.27,15.1,0.296,0.687,0.494,0.16,0.476,0.534,0.476,0.358,0.16,0.296,Indiana Pacers,82,44,38,0.537,48.5,33.8,76.6,0.44,4.8,13.1,0.365,20.0,26.9,0.743,11.9,29.5,41.3,18.8,13.9,6.7,4.9,4.4,23.0,23.0,92.2,-0.8,1,14,14,14,7,7,4,10,2,2,23,19,21,3,15,12,13,2,20,4,14,19,17,11,5,15,2004-05,0.5365853658536586,2005,2000s
1610612746,Los Angeles Clippers,82,37,45,0.451,48.9,35.7,77.7,0.459,2.8,8.2,0.345,21.6,27.7,0.778,12.0,29.9,41.9,23.2,15.7,7.3,5.1,4.8,22.2,0.0,95.7,-0.8,1,19,19,19,1,18,26,6,30,30,21,5,7,8,17,13,17,5,24,18,14,13,12,19,19,18,103.8,104.5,-0.8,90.66,0.518,0.65,1.47,17.9,0.338,0.687,0.518,0.171,0.477,0.533,0.477,0.357,0.171,0.338,Los Angeles Clippers,82,37,45,0.451,48.9,35.8,80.7,0.444,5.9,16.1,0.368,19.0,24.9,0.762,12.0,27.5,39.5,21.1,13.7,7.8,4.8,5.1,23.6,22.2,96.5,0.8,1,19,19,19,1,14,16,12,22,17,27,9,10,21,18,3,3,13,23,23,13,14,23,19,12,18,2004-05,0.4512195121951219,2005,2000s
1610612747,Los Angeles Lakers,82,34,48,0.415,48.2,35.3,80.8,0.437,7.9,22.1,0.355,20.3,26.1,0.777,12.5,30.6,43.2,20.4,14.3,6.2,4.2,5.1,21.9,0.0,98.7,-3.0,1,21,21,21,19,21,12,23,4,3,15,12,14,9,10,9,5,22,17,29,21,22,7,23,12,24,106.4,109.6,-3.2,92.34,0.468,0.578,1.42,15.9,0.324,0.68,0.503,0.155,0.485,0.535,0.485,0.322,0.155,0.324,Los Angeles Lakers,82,34,48,0.415,48.2,38.3,84.5,0.453,6.7,18.6,0.361,18.4,23.5,0.78,12.5,29.9,42.4,24.4,11.8,7.6,5.1,4.2,22.1,21.9,101.7,3.0,1,21,21,21,19,28,28,20,29,29,16,7,5,30,22,18,21,30,29,19,22,21,12,24,27,24,2004-05,0.4146341463414634,2005,2000s
1610612763,Memphis Grizzlies,82,45,37,0.549,48.1,34.2,76.5,0.447,6.5,18.1,0.357,18.6,24.7,0.754,10.8,28.1,39.0,20.9,14.6,8.5,5.8,5.8,23.3,0.0,93.4,2.3,1,11,11,11,29,27,29,16,8,9,12,24,23,19,25,28,30,20,19,5,5,29,22,13,23,7,104.2,101.5,2.7,89.65,0.515,0.612,1.43,16.9,0.308,0.663,0.487,0.163,0.489,0.535,0.489,0.323,0.163,0.308,Memphis Grizzlies,82,45,37,0.549,48.1,32.7,75.8,0.432,5.2,14.8,0.351,20.5,26.6,0.771,12.1,29.1,41.2,19.9,15.9,7.5,5.8,5.8,22.6,23.3,91.1,-2.3,1,11,11,11,29,1,3,6,6,5,11,21,19,27,20,8,11,6,4,16,29,5,14,9,4,7,2004-05,0.5487804878048781,2005,2000s
1610612748,Miami Heat,82,59,23,0.72,48.7,37.8,77.7,0.486,5.8,15.4,0.377,20.2,30.1,0.672,10.8,32.2,43.0,21.8,13.7,6.4,5.8,3.2,22.1,0.0,101.5,6.5,1,2,2,2,2,3,26,1,14,16,3,13,2,30,25,2,7,11,9,28,6,1,11,29,4,3,108.9,102.2,6.7,91.73,0.556,0.578,1.59,17.1,0.297,0.698,0.508,0.147,0.524,0.559,0.524,0.387,0.147,0.297,Miami Heat,82,59,23,0.72,48.7,34.9,81.8,0.427,5.4,15.5,0.348,19.8,26.0,0.76,11.2,29.2,40.5,19.8,13.2,7.5,3.2,5.8,24.6,22.1,95.0,-6.5,1,2,2,2,2,10,20,4,9,11,10,17,16,19,6,9,7,5,26,14,1,6,29,20,8,3,2004-05,0.7195121951219512,2005,2000s
1610612749,Milwaukee Bucks,82,30,52,0.366,48.2,36.1,80.2,0.45,4.0,11.3,0.351,21.0,27.2,0.772,12.0,29.3,41.3,21.0,13.8,6.5,3.5,4.5,21.9,0.1,97.2,-3.0,1,25,25,25,19,13,17,13,23,25,17,9,9,11,16,19,20,19,10,27,29,9,8,4,15,25,105.1,108.1,-3.0,92.14,0.478,0.58,1.52,16.4,0.322,0.687,0.503,0.149,0.475,0.527,0.475,0.339,0.149,0.322,Milwaukee Bucks,82,30,52,0.366,48.2,37.8,81.4,0.464,5.6,16.5,0.343,19.0,24.7,0.771,11.4,29.4,40.8,23.8,13.0,7.5,4.5,3.5,23.8,21.9,100.2,3.0,1,25,25,25,19,24,19,27,15,24,8,11,8,28,9,11,9,29,28,14,9,29,26,23,20,25,2004-05,0.3658536585365853,2005,2000s
1610612750,Minnesota Timberwolves,82,44,38,0.537,48.2,37.1,80.8,0.459,4.8,14.0,0.345,17.7,22.2,0.796,11.5,31.5,43.0,23.4,13.2,5.6,5.5,3.9,21.6,0.0,96.8,1.5,1,14,14,14,24,6,12,4,21,21,22,26,30,1,22,5,6,4,2,30,10,2,6,13,16,11,106.6,105.0,1.6,90.39,0.518,0.63,1.78,18.3,0.321,0.682,0.508,0.145,0.489,0.534,0.489,0.275,0.145,0.321,Minnesota Timberwolves,82,44,38,0.537,48.2,36.2,82.6,0.438,5.7,15.7,0.363,17.2,22.9,0.752,12.6,28.8,41.4,21.7,11.7,6.6,3.9,5.5,19.9,21.6,95.3,-1.5,1,14,14,14,24,18,24,7,19,14,19,4,4,13,24,7,14,21,30,3,2,10,1,25,9,11,2004-05,0.5365853658536586,2005,2000s
1610612751,New Jersey Nets,82,42,40,0.512,48.5,33.6,78.3,0.429,5.3,14.7,0.362,19.0,24.9,0.763,10.4,29.1,39.5,21.6,14.2,7.9,3.8,4.9,24.2,0.0,91.4,-1.5,1,17,17,17,5,28,24,29,18,19,11,20,22,16,29,22,29,13,14,10,28,16,26,23,29,19,99.9,101.6,-1.7,90.41,0.49,0.644,1.52,17.1,0.298,0.701,0.495,0.155,0.463,0.512,0.463,0.318,0.155,0.298,New Jersey Nets,82,42,40,0.512,48.5,33.0,75.2,0.439,5.9,16.1,0.368,20.9,28.1,0.744,10.7,30.5,41.2,20.3,15.6,7.3,4.9,3.8,22.9,24.2,92.9,1.5,1,17,17,17,5,2,2,9,22,20,26,23,25,6,2,22,10,7,6,10,16,28,16,5,6,19,2004-05,0.5121951219512195,2005,2000s
1610612740,New Orleans Hornets,82,18,64,0.22,48.6,33.1,80.0,0.415,5.1,16.0,0.315,17.1,22.3,0.766,12.4,27.8,40.2,21.0,14.8,6.7,3.8,5.5,23.0,0.0,88.4,-7.1,1,28,28,28,4,29,18,30,20,14,29,30,29,13,12,29,25,17,21,25,27,26,19,8,30,29,98.2,105.9,-7.7,88.97,0.437,0.634,1.42,16.6,0.329,0.675,0.494,0.165,0.446,0.493,0.446,0.279,0.165,0.329,New Orleans Hornets,82,18,64,0.22,48.6,34.7,76.8,0.452,6.0,16.4,0.367,20.0,25.9,0.775,11.5,30.3,41.9,21.2,14.2,7.7,5.5,3.8,21.1,23.0,95.5,7.1,1,28,28,28,4,9,5,18,26,23,25,20,13,29,11,21,17,16,19,21,26,27,3,12,10,29,2004-05,0.2195121951219512,2005,2000s
1610612752,New York Knicks,82,33,49,0.402,48.5,36.3,80.5,0.451,5.4,15.1,0.356,19.3,25.1,0.767,11.8,29.2,41.0,20.3,14.7,7.7,3.2,4.7,23.7,0.1,97.3,-2.4,1,23,23,23,8,11,15,11,16,18,14,17,20,12,21,21,22,24,20,13,30,11,24,4,14,23,104.5,107.2,-2.7,92.12,0.475,0.559,1.38,15.9,0.316,0.686,0.498,0.158,0.485,0.531,0.485,0.312,0.158,0.316,New York Knicks,82,33,49,0.402,48.5,36.6,78.7,0.465,5.7,15.6,0.364,20.9,27.6,0.756,11.8,29.9,41.7,20.7,14.6,7.3,4.7,3.2,21.2,23.7,99.7,2.4,1,23,23,23,8,19,11,28,17,12,21,22,22,18,14,17,16,9,15,11,11,30,4,7,18,23,2004-05,0.4024390243902439,2005,2000s
1610612753,Orlando Magic,82,36,46,0.439,48.1,37.0,81.5,0.454,3.9,11.2,0.349,21.6,28.5,0.759,12.7,31.0,43.7,19.3,16.1,7.7,5.4,4.3,23.6,0.0,99.5,-2.2,1,20,20,20,29,8,9,9,24,26,18,4,3,17,9,6,3,27,29,12,11,5,23,19,9,22,103.4,105.7,-2.3,96.15,0.489,0.522,1.2,14.8,0.328,0.682,0.507,0.168,0.478,0.529,0.478,0.35,0.168,0.328,Orlando Magic,82,36,46,0.439,48.1,37.6,83.2,0.451,5.4,15.7,0.343,21.2,28.1,0.754,12.5,29.6,42.1,21.3,14.5,8.5,4.3,5.4,23.4,23.6,101.8,2.2,1,20,20,20,29,23,25,17,11,14,7,25,27,15,23,14,18,17,16,27,5,11,21,8,28,22,2004-05,0.4390243902439024,2005,2000s
1610612755,Philadelphia 76ers,82,43,39,0.524,48.4,35.9,82.1,0.437,6.2,17.7,0.348,21.1,26.8,0.789,11.1,30.9,42.0,20.9,15.5,9.2,3.9,4.7,22.9,0.0,99.1,-0.7,1,16,16,16,11,16,6,22,13,10,20,8,11,5,23,7,15,21,23,1,24,10,17,8,10,17,101.8,102.5,-0.7,96.56,0.493,0.58,1.34,15.9,0.281,0.703,0.491,0.16,0.475,0.528,0.475,0.326,0.16,0.281,Philadelphia 76ers,82,43,39,0.524,48.4,35.7,80.7,0.443,6.9,19.0,0.362,21.5,28.0,0.767,11.6,32.5,44.1,22.9,17.0,8.3,4.7,3.9,23.5,22.9,99.9,0.7,1,16,16,16,11,12,16,11,30,30,18,27,24,24,12,28,26,26,1,25,10,24,22,13,19,17,2004-05,0.524390243902439,2005,2000s
1610612756,Phoenix Suns,82,62,20,0.756,48.2,40.9,85.6,0.477,9.7,24.7,0.393,19.0,25.4,0.748,11.8,32.3,44.1,23.5,13.7,7.0,5.5,4.2,19.1,0.0,110.4,7.1,1,1,1,1,19,1,2,2,1,1,1,19,19,22,19,1,1,3,7,22,9,4,1,23,1,2,112.7,105.7,7.0,97.35,0.546,0.575,1.71,17.4,0.304,0.656,0.49,0.14,0.534,0.571,0.534,0.296,0.14,0.304,Phoenix Suns,82,62,20,0.756,48.2,40.6,91.3,0.445,6.0,18.0,0.335,16.1,21.6,0.744,15.0,31.1,46.1,21.2,13.8,7.6,4.2,5.5,21.3,19.1,103.3,-7.1,1,1,1,1,19,30,30,14,26,28,3,1,1,5,30,26,29,15,22,19,4,9,5,30,30,2,2004-05,0.7560975609756098,2005,2000s
1610612757,Portland Trail Blazers,82,27,55,0.329,48.1,35.3,78.3,0.451,5.1,14.2,0.362,17.2,23.7,0.725,11.8,29.3,41.1,21.0,16.0,7.1,6.6,5.0,20.8,0.1,92.9,-4.0,1,26,26,26,27,20,22,12,19,20,10,29,28,25,18,20,21,18,27,19,1,19,4,4,27,26,101.9,106.1,-4.3,91.05,0.475,0.595,1.32,16.6,0.331,0.65,0.496,0.175,0.484,0.524,0.484,0.303,0.175,0.331,Portland Trail Blazers,82,27,55,0.329,48.1,37.3,83.4,0.447,5.4,15.6,0.343,17.0,22.6,0.755,14.0,28.2,42.2,23.5,13.4,8.5,5.0,6.6,20.4,20.8,96.9,4.0,1,26,26,26,27,22,27,16,8,13,6,3,3,17,29,4,19,28,24,28,19,1,2,27,15,26,2004-05,0.3292682926829268,2005,2000s
1610612758,Sacramento Kings,82,50,32,0.61,48.4,39.1,85.1,0.459,6.4,17.0,0.374,19.2,24.4,0.787,12.5,29.9,42.4,24.5,13.1,8.2,3.9,4.5,20.5,0.0,103.7,2.2,1,8,8,8,11,2,3,7,9,12,4,18,24,6,11,13,11,1,1,7,26,7,3,13,2,9,108.8,106.5,2.3,94.52,0.522,0.626,1.87,18.2,0.315,0.667,0.491,0.137,0.496,0.541,0.496,0.287,0.137,0.315,Sacramento Kings,82,50,32,0.61,48.4,38.9,84.6,0.459,5.7,16.1,0.357,18.1,24.5,0.738,13.4,30.9,44.3,21.5,14.7,7.6,4.5,3.9,21.5,20.5,101.6,-2.2,1,8,8,8,11,29,29,23,21,19,15,5,7,1,28,25,27,18,14,17,7,26,6,28,26,9,2004-05,0.6097560975609756,2005,2000s
1610612759,San Antonio Spurs,82,59,23,0.72,48.3,35.6,78.7,0.453,6.2,17.0,0.363,18.7,25.9,0.724,12.0,30.4,42.4,21.6,13.7,7.5,6.6,5.1,20.9,0.0,96.2,7.8,1,2,2,2,17,19,21,10,12,13,8,23,16,26,15,11,12,14,8,17,2,23,5,8,18,1,106.1,97.8,8.3,89.96,0.565,0.606,1.57,17.1,0.321,0.697,0.51,0.151,0.492,0.534,0.492,0.329,0.151,0.321,San Antonio Spurs,82,59,23,0.72,48.3,33.1,77.5,0.426,3.9,10.7,0.367,18.3,23.8,0.768,10.9,29.3,40.2,16.9,15.1,7.2,5.1,6.6,23.1,20.9,88.4,-7.8,1,2,2,2,17,3,6,3,1,1,24,6,6,25,4,10,6,1,11,9,23,2,18,26,1,1,2004-05,0.7195121951219512,2005,2000s
1610612760,Seattle SuperSonics,82,52,30,0.634,48.2,35.1,79.2,0.444,8.1,22.2,0.365,20.5,26.0,0.79,12.7,28.2,40.9,18.1,13.6,6.7,4.1,4.8,23.7,0.1,98.9,2.3,1,6,6,6,24,22,20,18,2,2,5,11,15,3,8,27,23,30,6,24,23,12,25,1,11,7,110.3,108.0,2.3,89.24,0.504,0.516,1.34,14.7,0.357,0.681,0.517,0.151,0.495,0.546,0.495,0.328,0.151,0.357,Seattle SuperSonics,82,52,30,0.634,48.2,35.8,77.8,0.459,5.7,16.1,0.357,19.4,25.9,0.749,11.3,26.5,37.9,20.7,13.2,6.2,4.8,4.1,23.8,23.7,96.6,-2.3,1,6,6,6,24,13,7,25,20,17,14,13,15,10,8,1,2,10,26,2,12,23,25,6,13,7,2004-05,0.6341463414634146,2005,2000s
1610612761,Toronto Raptors,82,33,49,0.402,48.3,36.0,81.2,0.444,7.9,20.5,0.385,19.8,25.6,0.774,10.3,29.8,40.1,20.4,13.3,7.6,3.9,4.4,22.9,0.0,99.7,-1.6,1,23,23,23,17,15,11,19,3,5,2,15,17,10,30,15,27,23,3,15,25,6,16,19,7,20,105.4,107.2,-1.8,94.01,0.479,0.566,1.54,16.0,0.269,0.682,0.473,0.14,0.492,0.539,0.492,0.316,0.14,0.269,Toronto Raptors,82,33,49,0.402,48.3,38.2,81.8,0.467,5.3,14.9,0.356,19.6,26.4,0.744,12.1,33.2,45.3,22.1,14.4,6.2,4.4,3.9,21.9,22.9,101.4,1.6,1,23,23,23,17,26,21,29,7,6,12,16,18,4,19,29,28,23,17,1,6,25,11,15,25,20,2004-05,0.4024390243902439,2005,2000s
1610612762,Utah Jazz,82,26,56,0.317,48.2,34.5,76.8,0.449,3.0,9.3,0.328,21.0,27.7,0.757,12.8,27.4,40.1,22.3,15.8,6.6,4.6,5.8,26.7,0.0,93.0,-4.3,1,27,27,27,19,26,28,14,29,29,28,10,8,18,7,30,26,7,25,26,17,28,30,23,26,27,102.9,107.3,-4.4,90.02,0.475,0.646,1.41,17.4,0.351,0.695,0.518,0.174,0.469,0.522,0.469,0.361,0.174,0.351,Utah Jazz,82,26,56,0.317,48.2,33.3,72.7,0.458,5.9,15.8,0.375,24.7,32.4,0.764,10.5,27.2,37.7,19.4,14.4,7.9,5.8,4.6,25.1,26.7,97.3,4.3,1,27,27,27,19,5,1,21,24,16,28,30,30,22,1,2,1,3,17,24,28,17,30,1,16,27,2004-05,0.3170731707317073,2005,2000s
1610612764,Washington Wizards,82,45,37,0.549,48.2,36.2,82.9,0.437,6.3,18.3,0.343,21.9,30.2,0.725,13.8,29.0,42.8,19.1,14.3,8.7,4.2,5.0,22.0,0.0,100.5,-0.3,1,11,11,11,19,12,5,24,10,8,25,2,1,24,1,23,9,28,15,3,20,18,9,23,6,16,105.4,105.9,-0.4,94.8,0.485,0.527,1.33,14.6,0.338,0.667,0.497,0.15,0.474,0.523,0.474,0.364,0.15,0.338,Washington Wizards,82,45,37,0.549,48.2,37.8,82.3,0.459,6.4,17.5,0.364,18.9,24.8,0.762,12.4,30.6,43.0,23.0,15.9,7.1,5.0,4.2,24.3,22.0,100.8,0.3,1,11,11,11,19,25,23,24,28,27,22,8,9,20,21,23,23,27,3,8,18,20,28,21,23,16,2004-05,0.5487804878048781,2005,2000s
1610612737,Atlanta Hawks,82,26,56,0.317,48.5,35.9,79.2,0.454,5.2,14.1,0.367,20.2,26.9,0.75,13.0,27.2,40.3,19.8,15.7,7.2,4.8,5.1,25.0,22.6,97.2,-4.8,1,27,27,27,9,18,14,17,20,20,11,13,10,14,2,29,20,20,27,15,15,24,29,18,16,28,104.8,110.1,-5.3,91.75,0.462,0.552,1.27,15.5,0.334,0.667,0.496,0.169,0.486,0.534,0.486,0.34,0.169,0.334,Atlanta Hawks,82,26,56,0.317,48.5,37.5,78.5,0.478,5.4,14.7,0.368,21.6,28.9,0.745,12.0,28.5,40.4,20.6,15.0,7.3,5.1,4.8,22.6,25.0,102.0,4.8,1,27,27,27,9,26,12,27,6,5,24,26,26,17,26,6,12,16,7,18,24,15,13,2,26,28,2005-06,0.3170731707317073,2006,2000s
1610612738,Boston Celtics,82,33,49,0.402,48.5,36.0,77.1,0.467,5.7,15.7,0.362,20.3,26.9,0.755,9.9,29.7,39.6,20.9,16.6,7.0,5.1,4.9,24.8,22.4,98.0,-1.5,1,24,24,24,9,16,22,5,18,18,13,10,11,13,28,15,26,12,29,17,11,20,27,20,12,19,104.0,105.6,-1.5,93.27,0.485,0.581,1.26,16.4,0.289,0.694,0.497,0.176,0.504,0.551,0.504,0.349,0.176,0.289,Boston Celtics,82,33,49,0.402,48.5,35.9,78.8,0.456,5.4,15.4,0.353,22.3,30.0,0.743,11.1,28.9,40.0,21.5,14.8,8.4,4.9,5.1,22.4,24.8,99.5,1.5,1,24,24,24,9,15,15,19,7,8,11,27,27,15,14,8,7,21,10,30,20,11,11,4,20,19,2005-06,0.4024390243902439,2006,2000s
1610612766,Charlotte Bobcats,82,26,56,0.317,48.5,36.1,83.5,0.433,5.2,15.4,0.339,19.4,26.7,0.729,12.1,27.7,39.8,20.9,14.2,10.0,4.3,5.4,23.9,23.5,96.9,-4.0,1,27,27,27,5,14,2,30,19,19,23,19,14,21,7,27,24,10,14,1,19,28,24,7,18,27,101.2,105.6,-4.4,94.57,0.463,0.58,1.47,15.9,0.305,0.678,0.479,0.149,0.464,0.509,0.464,0.319,0.149,0.305,Charlotte Bobcats,82,26,56,0.317,48.5,37.4,78.2,0.478,5.6,15.7,0.356,20.5,27.9,0.737,11.5,32.5,44.0,22.9,17.9,7.0,5.4,4.3,23.5,23.9,100.9,4.0,1,27,27,27,5,24,10,28,9,9,15,23,24,9,18,29,28,26,1,12,28,19,24,7,24,27,2005-06,0.3170731707317073,2006,2000s
1610612741,Chicago Bulls,82,41,41,0.5,48.5,36.6,82.2,0.446,6.8,18.0,0.379,17.7,24.0,0.738,11.0,31.7,42.8,22.0,14.9,6.2,4.2,5.1,24.9,23.0,97.8,0.6,1,14,14,14,5,6,4,22,6,8,5,25,25,17,14,4,3,6,24,30,21,23,28,15,13,14,103.3,102.7,0.7,93.59,0.501,0.601,1.47,16.9,0.303,0.703,0.503,0.158,0.487,0.527,0.487,0.292,0.158,0.303,Chicago Bulls,82,41,41,0.5,48.5,33.8,79.5,0.426,6.1,17.4,0.351,23.4,30.1,0.777,10.7,31.0,41.7,20.1,15.0,7.5,5.1,4.2,23.0,24.9,97.2,-0.6,1,14,14,14,5,5,21,1,22,25,8,30,29,30,10,26,22,14,6,23,23,21,15,3,16,14,2005-06,0.5,2006,2000s
1610612739,Cleveland Cavaliers,82,50,32,0.61,48.4,35.5,78.2,0.454,6.1,17.9,0.339,20.6,28.3,0.729,11.7,30.6,42.3,19.0,13.9,6.9,4.8,4.4,21.1,22.5,97.6,2.2,1,6,6,6,17,21,17,16,12,9,24,9,6,22,11,9,4,24,9,18,16,9,6,19,15,8,106.6,104.4,2.1,90.77,0.51,0.536,1.37,15.3,0.313,0.717,0.514,0.151,0.492,0.538,0.492,0.362,0.151,0.313,Cleveland Cavaliers,82,50,32,0.61,48.4,36.0,79.0,0.455,5.6,15.7,0.356,17.8,24.0,0.742,9.8,29.5,39.4,20.3,13.2,6.6,4.4,4.8,22.5,21.1,95.4,-2.2,1,6,6,6,17,17,19,18,10,11,14,5,6,13,2,15,6,15,27,8,9,16,12,25,10,8,2005-06,0.6097560975609756,2006,2000s
1610612742,Dallas Mavericks,82,60,22,0.732,48.5,36.0,77.7,0.462,5.1,13.6,0.374,22.2,28.3,0.783,12.6,29.6,42.2,18.0,13.6,7.2,6.0,4.9,22.4,23.6,99.1,6.1,1,3,3,3,9,17,18,7,21,21,9,3,5,6,5,16,6,29,5,13,4,17,11,4,9,3,109.9,103.2,6.7,89.3,0.551,0.5,1.32,14.6,0.347,0.69,0.522,0.15,0.495,0.55,0.495,0.364,0.15,0.347,Dallas Mavericks,82,60,22,0.732,48.5,34.2,77.1,0.443,4.9,13.7,0.361,19.8,26.4,0.752,11.4,26.9,38.3,17.5,14.0,6.5,4.9,6.0,23.9,22.4,93.1,-6.1,1,3,3,3,9,7,6,10,4,4,19,17,15,23,17,1,2,2,20,4,17,4,27,20,7,3,2005-06,0.7317073170731707,2006,2000s
1610612743,Denver Nuggets,82,44,38,0.537,48.6,37.5,81.4,0.461,4.3,13.1,0.325,21.0,28.2,0.744,11.0,30.3,41.3,23.4,14.8,8.5,5.6,5.3,22.7,23.3,100.3,0.2,1,11,11,11,3,2,6,8,24,22,30,6,7,16,15,11,14,3,23,2,7,26,13,10,5,15,104.4,104.1,0.3,94.9,0.512,0.624,1.58,17.6,0.3,0.682,0.494,0.154,0.488,0.535,0.488,0.347,0.154,0.3,Denver Nuggets,82,44,38,0.537,48.6,37.4,82.5,0.454,6.5,18.0,0.358,18.8,25.5,0.736,11.8,30.1,41.9,23.9,16.1,7.1,5.3,5.6,23.3,22.7,100.1,-0.2,1,11,11,11,3,25,29,15,26,28,17,11,11,6,22,18,23,29,3,14,26,7,21,17,23,15,2005-06,0.5365853658536586,2006,2000s
1610612765,Detroit Pistons,82,64,18,0.78,48.4,36.4,80.0,0.455,6.8,17.7,0.384,17.3,23.8,0.727,11.9,28.6,40.5,24.0,11.4,7.1,6.0,3.5,18.5,20.9,96.8,6.7,1,1,1,1,17,11,11,12,7,10,3,27,26,23,9,24,19,2,1,16,3,2,1,27,19,2,109.3,101.7,7.6,87.98,0.557,0.661,2.12,18.9,0.317,0.68,0.497,0.128,0.497,0.535,0.497,0.297,0.128,0.317,Detroit Pistons,82,64,18,0.78,48.4,35.5,78.7,0.452,4.0,12.3,0.325,15.1,20.5,0.736,11.6,29.3,40.9,18.8,14.0,5.9,3.5,6.0,21.0,18.5,90.2,-6.7,1,1,1,1,17,14,14,13,2,2,1,1,1,8,19,9,15,5,21,1,2,3,5,30,3,2,2005-06,0.7804878048780488,2006,2000s
1610612744,Golden State Warriors,82,34,48,0.415,48.4,35.8,82.7,0.433,7.6,22.3,0.341,19.2,26.7,0.718,12.0,30.3,42.3,20.7,14.1,7.4,4.3,5.0,23.7,23.4,98.5,-1.4,1,22,22,22,17,19,3,28,2,2,22,21,12,26,8,12,5,16,12,9,18,21,23,9,11,18,103.5,104.9,-1.4,94.43,0.475,0.576,1.47,15.9,0.296,0.686,0.485,0.148,0.479,0.521,0.479,0.323,0.148,0.296,Golden State Warriors,82,34,48,0.415,48.4,37.2,81.4,0.457,5.7,16.3,0.351,19.8,26.7,0.743,12.0,32.5,44.5,22.3,15.3,7.0,5.0,4.3,23.4,23.7,99.8,1.4,1,22,22,22,17,22,26,20,14,15,10,16,17,14,27,28,29,24,5,11,21,18,22,8,22,18,2005-06,0.4146341463414634,2006,2000s
1610612745,Houston Rockets,82,34,48,0.415,48.4,33.0,76.2,0.433,5.7,17.2,0.332,18.3,24.1,0.759,10.4,31.3,41.6,19.3,14.5,7.2,3.9,4.5,22.7,20.9,90.1,-1.6,1,22,22,22,17,30,26,29,17,13,27,23,24,8,24,5,11,23,18,14,23,11,13,26,29,20,100.4,102.1,-1.7,89.07,0.49,0.583,1.32,15.8,0.291,0.705,0.501,0.162,0.471,0.519,0.471,0.317,0.162,0.291,Houston Rockets,82,34,48,0.415,48.4,33.0,77.0,0.429,6.6,17.9,0.369,19.0,26.0,0.731,10.7,30.2,40.9,20.1,13.3,7.1,4.5,3.9,20.9,22.7,91.7,1.6,1,22,22,22,17,2,5,2,27,27,25,12,14,2,9,20,16,13,26,13,11,23,4,17,4,20,2005-06,0.4146341463414634,2006,2000s
1610612754,Indiana Pacers,82,41,41,0.5,48.1,34.0,76.5,0.444,6.5,18.7,0.349,19.4,26.3,0.737,11.0,31.2,42.2,19.9,15.3,7.3,5.0,4.9,22.2,22.0,93.9,1.9,1,14,14,14,29,26,24,24,9,7,18,20,18,19,16,6,8,19,26,11,13,15,9,23,23,9,103.1,101.0,2.0,90.85,0.514,0.585,1.3,16.0,0.304,0.699,0.506,0.168,0.487,0.533,0.487,0.344,0.168,0.304,Indiana Pacers,82,41,41,0.5,48.1,34.5,79.3,0.435,4.5,13.2,0.343,18.4,25.1,0.733,11.8,29.5,41.3,18.5,13.6,8.1,4.9,5.0,22.0,22.2,92.0,-1.9,1,14,14,14,29,8,20,5,3,3,4,8,9,5,23,13,19,4,24,27,15,13,8,22,5,9,2005-06,0.5,2006,2000s
1610612746,Los Angeles Clippers,82,47,35,0.573,48.3,36.5,78.6,0.465,3.5,10.3,0.344,20.7,26.1,0.791,10.1,33.0,43.1,20.8,14.5,6.5,6.1,4.3,22.8,21.7,97.2,1.6,1,9,9,9,24,8,15,6,30,29,21,8,19,3,26,1,2,14,15,24,1,8,16,24,17,11,103.8,102.2,1.6,92.99,0.523,0.571,1.44,16.5,0.286,0.719,0.513,0.154,0.487,0.54,0.487,0.332,0.154,0.286,Los Angeles Clippers,82,47,35,0.573,48.3,35.2,81.0,0.435,5.8,16.7,0.347,19.4,26.5,0.732,10.5,29.7,40.1,21.5,12.8,7.0,4.3,6.1,21.7,22.8,95.6,-1.6,1,9,9,9,24,13,25,4,15,20,5,14,16,4,6,16,8,22,30,10,8,1,7,15,11,11,2005-06,0.573170731707317,2006,2000s
1610612747,Los Angeles Lakers,82,45,37,0.549,48.4,36.5,80.6,0.453,6.7,19.3,0.349,19.7,26.5,0.745,11.8,30.3,42.2,21.1,13.9,7.7,4.3,4.3,23.1,23.5,99.4,2.5,1,10,10,10,13,10,9,19,8,5,19,17,17,15,10,10,7,9,10,5,20,7,18,8,7,7,106.8,104.2,2.6,92.22,0.518,0.58,1.52,16.5,0.316,0.701,0.507,0.15,0.495,0.539,0.495,0.329,0.15,0.316,Los Angeles Lakers,82,45,37,0.549,48.4,35.9,79.8,0.45,5.8,16.4,0.353,19.3,25.9,0.747,10.9,29.3,40.1,21.1,14.1,6.5,4.3,4.3,23.5,23.1,96.9,-2.5,1,10,10,10,13,16,23,12,15,17,12,13,13,19,13,9,9,17,18,4,7,20,23,13,15,7,2005-06,0.5487804878048781,2006,2000s
1610612763,Memphis Grizzlies,82,49,33,0.598,48.4,33.5,74.7,0.448,7.2,19.2,0.374,18.0,25.3,0.711,10.2,29.0,39.2,19.3,13.8,7.3,5.4,5.6,21.4,22.8,92.2,3.7,1,7,7,7,13,28,30,20,5,6,8,24,23,27,25,21,28,22,8,10,8,29,7,17,27,6,104.5,100.4,4.1,87.39,0.516,0.578,1.4,16.1,0.298,0.69,0.496,0.157,0.496,0.537,0.496,0.339,0.157,0.298,Memphis Grizzlies,82,49,33,0.598,48.4,32.8,75.3,0.436,5.0,14.9,0.334,17.9,23.7,0.754,11.3,29.3,40.6,19.6,14.8,7.3,5.6,5.4,22.8,21.4,88.5,-3.7,1,7,7,7,13,1,2,6,5,6,2,6,4,25,16,11,14,10,9,18,29,8,14,24,1,6,2005-06,0.5975609756097561,2006,2000s
1610612748,Miami Heat,82,52,30,0.634,48.2,37.1,77.5,0.478,6.1,17.6,0.345,19.7,28.2,0.7,10.5,32.6,43.1,20.6,14.5,6.4,5.4,3.6,22.8,23.6,99.9,3.9,1,5,5,5,28,4,19,2,12,12,20,18,8,29,21,2,1,17,16,29,8,3,15,4,6,5,107.5,103.4,4.1,92.56,0.538,0.557,1.43,16.4,0.297,0.726,0.519,0.156,0.517,0.556,0.517,0.363,0.156,0.297,Miami Heat,82,52,30,0.634,48.2,35.0,79.6,0.44,6.0,16.6,0.361,20.0,27.1,0.739,10.1,28.8,38.8,19.5,13.0,6.8,3.6,5.4,23.6,22.8,96.0,-3.9,1,5,5,5,28,11,22,8,17,18,18,18,19,10,3,7,5,9,28,9,3,8,26,16,14,5,2005-06,0.6341463414634146,2006,2000s
1610612749,Milwaukee Bucks,82,40,42,0.488,48.4,36.3,80.1,0.453,6.2,16.3,0.38,19.0,25.8,0.738,11.3,29.9,41.2,21.6,14.6,7.3,3.3,5.0,23.2,23.6,97.8,-1.0,1,17,17,17,13,12,10,18,11,17,4,22,20,18,12,14,16,8,19,12,30,22,19,6,13,16,104.9,105.9,-1.0,92.45,0.486,0.594,1.48,16.8,0.309,0.713,0.507,0.157,0.492,0.535,0.492,0.322,0.157,0.309,Milwaukee Bucks,82,40,42,0.488,48.4,36.2,77.8,0.466,6.0,16.9,0.354,20.4,27.3,0.747,10.1,30.2,40.3,22.5,14.4,7.4,5.0,3.3,23.6,23.2,98.8,1.0,1,17,17,17,13,19,9,24,17,22,13,21,21,21,4,19,11,25,14,22,22,30,25,12,19,16,2005-06,0.4878048780487805,2006,2000s
1610612750,Minnesota Timberwolves,82,33,49,0.402,48.4,35.2,77.3,0.456,3.8,11.5,0.329,17.5,23.1,0.758,9.9,29.5,39.4,20.9,14.5,6.8,5.7,4.6,23.0,21.2,91.7,-1.9,1,24,24,24,13,22,21,11,27,25,29,26,28,11,29,18,27,12,17,19,5,12,17,25,28,21,101.5,103.5,-2.0,89.58,0.503,0.594,1.44,16.9,0.296,0.673,0.49,0.16,0.48,0.524,0.48,0.299,0.16,0.296,Minnesota Timberwolves,82,33,49,0.402,48.4,34.8,79.0,0.441,5.5,15.0,0.364,18.6,25.3,0.736,11.9,29.4,41.3,19.0,13.9,6.6,4.6,5.7,21.2,23.0,93.6,1.9,1,24,24,24,13,9,17,9,8,7,22,9,10,7,24,12,20,7,22,7,12,5,6,14,8,21,2005-06,0.4024390243902439,2006,2000s
1610612751,New Jersey Nets,82,49,33,0.598,48.2,33.9,77.0,0.44,5.8,17.6,0.33,20.2,26.7,0.758,10.0,31.0,41.0,23.0,13.6,6.8,3.4,4.0,23.2,23.0,93.8,1.4,1,7,7,7,27,27,23,27,16,11,28,12,13,9,27,8,17,4,6,20,27,4,20,14,24,13,102.4,100.9,1.5,91.17,0.513,0.678,1.68,18.2,0.274,0.73,0.501,0.149,0.478,0.528,0.478,0.346,0.149,0.274,New Jersey Nets,82,49,33,0.598,48.2,33.3,75.9,0.439,5.7,16.3,0.348,20.2,27.2,0.741,9.6,31.7,41.3,20.0,14.4,7.2,4.0,3.4,23.0,23.2,92.4,-1.4,1,7,7,7,27,3,3,7,13,16,6,19,20,12,1,27,21,11,15,15,4,27,17,11,6,13,2005-06,0.5975609756097561,2006,2000s
1610612740,New Orleans/Oklahoma City Hornets,82,38,44,0.463,48.3,34.5,78.4,0.44,3.7,10.8,0.339,20.1,26.5,0.758,11.2,29.0,40.2,18.5,13.4,7.5,3.8,5.3,21.8,23.3,92.8,-2.8,1,18,18,18,24,23,16,26,28,27,25,16,15,10,13,21,22,26,4,7,24,25,8,11,25,24,102.3,105.1,-2.8,90.32,0.484,0.537,1.39,15.1,0.297,0.709,0.497,0.147,0.464,0.515,0.464,0.339,0.147,0.297,New Orleans/Oklahoma City Hornets,82,38,44,0.463,48.3,35.2,76.7,0.459,6.7,18.1,0.367,18.7,24.6,0.76,10.5,30.5,41.0,19.3,14.6,6.4,5.3,3.8,23.3,21.8,95.6,2.8,1,18,18,18,24,12,4,21,29,29,23,10,8,27,7,22,17,8,12,3,25,24,20,23,12,24,2005-06,0.4634146341463415,2006,2000s
1610612752,New York Knicks,82,23,59,0.28,48.6,34.4,75.7,0.455,3.9,10.8,0.362,22.9,31.5,0.726,12.6,28.8,41.4,17.9,17.7,6.8,3.3,5.3,26.3,25.0,95.6,-6.4,1,29,29,29,3,24,28,13,25,28,14,2,1,24,4,23,13,30,30,21,29,26,30,3,20,29,102.7,109.3,-6.6,92.03,0.444,0.52,1.01,14.2,0.342,0.697,0.518,0.19,0.481,0.534,0.481,0.417,0.19,0.342,New York Knicks,82,23,59,0.28,48.6,36.2,77.5,0.467,6.9,18.2,0.378,22.8,30.2,0.753,10.8,27.8,38.6,21.3,14.1,8.2,5.3,3.3,25.4,26.3,102.0,6.4,1,29,29,29,3,18,8,25,30,30,29,29,30,24,11,4,4,20,19,29,26,29,29,1,27,29,2005-06,0.2804878048780488,2006,2000s
1610612753,Orlando Magic,82,36,46,0.439,48.5,35.5,75.2,0.472,3.6,9.7,0.376,20.3,27.8,0.73,10.9,29.3,40.2,18.2,15.1,6.5,4.4,4.7,23.3,23.2,94.9,-1.1,1,20,20,20,5,20,29,3,29,30,6,11,9,20,17,19,23,27,25,25,17,13,21,12,22,17,105.3,106.6,-1.3,89.12,0.495,0.514,1.21,15.0,0.33,0.691,0.516,0.168,0.496,0.543,0.496,0.369,0.168,0.33,Orlando Magic,82,36,46,0.439,48.5,35.0,77.2,0.454,5.6,15.7,0.357,20.4,27.9,0.732,11.1,27.3,38.4,20.0,13.4,7.5,4.7,4.4,23.2,23.3,96.0,1.1,1,20,20,20,5,10,7,14,11,10,16,22,25,3,15,3,3,12,25,24,13,17,19,10,13,17,2005-06,0.4390243902439024,2006,2000s
1610612755,Philadelphia 76ers,82,38,44,0.463,48.5,36.6,79.8,0.458,4.6,12.6,0.364,21.6,28.4,0.76,10.6,29.6,40.2,20.2,14.1,7.9,4.9,4.7,20.9,23.1,99.4,-2.0,1,18,18,18,5,7,12,10,22,24,12,5,4,7,19,17,21,18,13,4,14,13,4,13,8,22,104.7,106.5,-1.8,93.91,0.492,0.551,1.43,15.8,0.285,0.676,0.481,0.149,0.487,0.538,0.487,0.356,0.149,0.285,Philadelphia 76ers,82,38,44,0.463,48.5,37.8,81.7,0.463,6.1,17.3,0.351,19.6,25.7,0.762,11.9,30.9,42.8,23.0,15.5,7.7,4.7,4.9,23.1,20.9,101.3,2.0,1,18,18,18,5,27,27,22,20,23,7,15,12,29,24,24,27,27,4,25,13,14,18,27,25,22,2005-06,0.4634146341463415,2006,2000s
1610612756,Phoenix Suns,82,54,28,0.659,48.7,41.8,87.4,0.479,10.2,25.6,0.399,14.5,18.0,0.806,9.5,32.3,41.8,26.6,13.3,6.7,5.0,3.4,20.5,19.8,108.4,5.5,1,4,4,4,1,1,1,1,1,1,1,30,30,1,30,3,10,1,3,22,12,1,3,30,1,4,110.2,104.7,5.4,96.92,0.547,0.635,2.0,19.5,0.256,0.69,0.48,0.135,0.537,0.568,0.537,0.206,0.135,0.256,Phoenix Suns,82,54,28,0.659,48.7,39.5,87.1,0.454,6.3,17.4,0.363,17.4,23.9,0.731,12.5,33.4,45.9,18.9,14.9,7.2,3.4,5.0,19.8,20.5,102.8,-5.5,1,4,4,4,1,30,30,17,25,24,20,4,5,1,29,30,30,6,8,16,1,12,1,28,28,4,2005-06,0.6585365853658537,2006,2000s
1610612757,Portland Trail Blazers,82,21,61,0.256,48.1,34.0,76.4,0.445,4.4,12.7,0.349,16.3,23.7,0.689,10.8,26.9,37.7,18.2,14.7,6.5,5.3,4.9,22.3,20.8,88.8,-9.5,1,30,30,30,29,25,25,23,23,23,17,28,27,30,18,30,30,28,21,26,10,18,10,28,30,30,99.7,110.3,-10.7,88.88,0.424,0.534,1.24,15.1,0.308,0.657,0.48,0.165,0.474,0.511,0.474,0.31,0.165,0.308,Portland Trail Blazers,82,21,61,0.256,48.1,37.0,78.9,0.468,6.1,15.9,0.381,18.3,24.0,0.76,12.5,29.8,42.4,21.2,12.9,7.2,4.9,5.3,20.8,22.3,98.3,9.5,1,30,30,30,29,21,16,26,20,13,30,7,7,28,30,17,26,19,29,17,18,10,2,21,18,30,2005-06,0.2560975609756097,2006,2000s
1610612758,Sacramento Kings,82,44,38,0.537,48.4,36.0,79.3,0.454,6.0,17.2,0.351,20.8,26.5,0.784,10.4,30.2,40.5,22.3,14.6,7.4,3.6,4.9,20.4,22.8,98.9,1.5,1,11,11,11,17,15,13,14,15,14,16,7,16,5,22,13,18,5,20,8,26,18,2,16,10,12,105.3,103.5,1.8,93.26,0.515,0.618,1.52,17.3,0.289,0.694,0.495,0.156,0.492,0.544,0.492,0.334,0.156,0.289,Sacramento Kings,82,44,38,0.537,48.4,37.2,82.0,0.454,5.6,16.0,0.351,17.2,23.1,0.747,11.6,30.5,42.1,21.1,14.6,8.0,4.9,3.6,23.0,20.4,97.3,-1.5,1,11,11,11,17,23,28,16,12,14,9,2,2,20,20,23,25,18,11,26,18,26,16,29,17,12,2005-06,0.5365853658536586,2006,2000s
1610612759,San Antonio Spurs,82,63,19,0.768,48.3,36.5,77.3,0.472,6.4,16.6,0.385,16.2,23.1,0.702,10.4,31.1,41.5,20.9,13.7,6.6,5.7,4.2,20.9,20.6,95.6,6.8,1,2,2,2,24,8,20,4,10,16,2,29,29,28,23,7,12,10,7,23,6,6,5,29,21,1,106.2,98.7,7.5,89.41,0.554,0.574,1.52,17.0,0.289,0.708,0.505,0.153,0.513,0.546,0.513,0.298,0.153,0.289,San Antonio Spurs,82,63,19,0.768,48.3,33.9,78.3,0.433,3.7,10.8,0.339,17.2,23.3,0.74,10.8,29.5,40.3,16.3,13.9,7.3,4.2,5.7,20.8,20.9,88.8,-6.8,1,2,2,2,24,6,11,3,1,1,3,3,3,11,12,14,10,1,23,21,6,6,3,26,2,1,2005-06,0.7682926829268293,2006,2000s
1610612760,Seattle SuperSonics,82,35,47,0.427,48.4,37.5,81.8,0.459,7.4,19.9,0.371,20.1,25.7,0.785,12.4,27.2,39.6,20.7,14.7,7.6,3.7,4.9,23.6,22.2,102.6,-3.0,1,21,21,21,17,3,5,9,4,3,10,15,21,4,6,28,25,15,22,6,25,15,22,22,2,26,109.4,112.7,-3.3,93.04,0.467,0.551,1.4,16.0,0.34,0.659,0.495,0.157,0.504,0.551,0.504,0.314,0.157,0.34,Seattle SuperSonics,82,35,47,0.427,48.4,39.0,80.4,0.485,6.6,17.6,0.375,20.9,27.5,0.76,12.2,28.2,40.5,24.1,14.6,7.3,4.9,3.7,22.2,23.6,105.6,3.0,1,21,21,21,17,29,24,29,28,26,27,25,22,26,28,5,13,30,13,20,15,25,9,9,30,26,2005-06,0.4268292682926829,2006,2000s
1610612761,Toronto Raptors,82,27,55,0.329,48.7,36.7,81.0,0.454,7.4,19.8,0.375,20.2,25.5,0.791,10.5,27.9,38.5,19.4,13.1,6.5,3.3,4.4,24.0,22.4,101.1,-3.0,1,26,26,26,1,5,8,15,3,4,7,14,22,2,20,26,29,21,2,26,28,10,25,21,4,25,107.9,111.2,-3.2,92.33,0.459,0.529,1.49,15.5,0.286,0.697,0.484,0.139,0.5,0.548,0.5,0.315,0.139,0.286,Toronto Raptors,82,27,55,0.329,48.7,38.6,78.6,0.491,6.2,16.6,0.373,20.7,27.6,0.748,10.2,31.0,41.1,23.6,14.2,6.3,4.4,3.3,22.4,24.0,104.0,3.0,1,26,26,26,1,28,13,30,24,19,26,24,23,22,5,25,18,28,17,2,10,28,10,6,29,25,2005-06,0.3292682926829268,2006,2000s
1610612762,Utah Jazz,82,41,41,0.5,48.5,33.5,75.7,0.442,3.8,11.3,0.336,21.6,30.1,0.719,13.1,29.0,42.1,21.6,15.7,6.4,6.0,5.6,24.8,25.7,92.4,-2.6,1,14,14,14,9,29,27,25,26,26,26,4,3,25,1,20,9,7,28,28,2,30,26,1,26,23,102.4,105.1,-2.7,89.4,0.497,0.646,1.37,16.9,0.356,0.702,0.526,0.174,0.467,0.519,0.467,0.397,0.174,0.356,Utah Jazz,82,41,41,0.5,48.5,33.3,74.1,0.449,6.0,15.8,0.378,22.4,30.1,0.746,10.6,27.3,37.9,18.4,14.2,8.1,5.6,6.0,25.7,24.8,95.0,2.6,1,14,14,14,9,3,1,11,17,12,28,28,28,18,8,2,1,3,16,28,30,2,30,5,9,23,2005-06,0.5,2006,2000s
1610612764,Washington Wizards,82,42,40,0.512,48.4,36.3,81.2,0.447,6.1,17.0,0.357,23.0,30.4,0.757,12.6,28.6,41.2,18.6,13.9,8.0,4.1,4.2,22.6,25.0,101.7,1.9,1,13,13,13,17,13,7,21,12,15,15,1,2,12,3,25,15,25,10,3,22,5,12,2,3,10,107.7,105.8,1.9,93.68,0.503,0.512,1.33,14.5,0.329,0.679,0.499,0.148,0.484,0.538,0.484,0.375,0.148,0.329,Washington Wizards,82,42,40,0.512,48.4,36.8,79.0,0.465,6.1,16.8,0.363,20.2,27.1,0.745,11.8,30.2,42.0,21.5,16.2,6.5,4.2,4.1,25.3,22.6,99.8,-1.9,1,13,13,13,17,20,18,23,22,21,21,20,18,16,21,20,24,23,2,6,5,22,28,19,21,10,2005-06,0.5121951219512195,2006,2000s
1610612737,Atlanta Hawks,82,30,52,0.366,48.5,34.5,77.7,0.444,4.2,12.7,0.329,20.5,26.9,0.761,11.9,28.2,40.1,19.2,15.9,7.4,5.4,5.1,24.0,22.6,93.7,-4.8,1,27,27,27,13,30,25,28,28,27,30,9,10,14,9,28,22,26,22,9,5,23,27,12,30,29,102.0,107.0,-5.1,90.98,0.466,0.556,1.2,15.3,0.328,0.676,0.499,0.173,0.471,0.523,0.471,0.346,0.173,0.328,Atlanta Hawks,82,30,52,0.366,48.5,36.0,77.3,0.466,5.7,15.1,0.376,20.7,28.2,0.734,11.6,28.9,40.5,21.1,15.2,7.3,5.1,5.4,22.6,24.0,98.4,4.8,1,27,27,27,13,13,5,23,10,7,27,22,24,2,19,6,9,16,13,17,23,5,19,4,15,29,2006-07,0.3658536585365853,2007,2000s
1610612738,Boston Celtics,82,24,58,0.293,48.4,34.9,78.7,0.443,5.7,15.6,0.367,20.4,26.6,0.767,11.2,29.2,40.4,19.9,16.5,7.2,4.7,5.5,24.0,21.4,95.8,-3.4,1,29,29,29,14,29,19,29,20,20,6,10,11,9,18,21,20,25,27,14,16,29,28,22,22,24,102.3,105.8,-3.5,92.91,0.459,0.57,1.21,15.6,0.309,0.705,0.502,0.176,0.479,0.53,0.479,0.337,0.176,0.309,Boston Celtics,82,24,58,0.293,48.4,36.2,77.3,0.468,5.2,14.8,0.354,21.7,29.0,0.747,10.3,30.2,40.5,22.1,15.2,7.4,5.5,4.7,21.4,24.0,99.2,3.4,1,29,29,29,14,15,6,24,5,5,12,27,27,10,7,18,10,22,12,19,29,16,9,3,18,24,2006-07,0.2926829268292683,2007,2000s
1610612766,Charlotte Bobcats,82,33,49,0.402,48.8,36.1,81.0,0.446,5.6,15.6,0.357,19.1,26.0,0.734,11.2,28.6,39.8,22.4,14.9,7.8,4.5,5.3,24.2,21.8,96.9,-3.7,1,21,21,21,2,17,10,25,21,21,12,15,13,22,15,26,23,8,13,5,19,27,29,19,18,26,102.4,106.3,-3.9,93.11,0.471,0.62,1.5,17.1,0.299,0.682,0.485,0.158,0.48,0.524,0.48,0.322,0.158,0.299,Charlotte Bobcats,82,33,49,0.402,48.8,36.6,78.7,0.465,5.5,15.2,0.363,22.0,29.3,0.75,11.3,31.2,42.6,20.9,15.8,7.4,5.3,4.5,21.8,24.2,100.6,3.7,1,21,21,21,2,16,12,22,7,8,21,28,28,13,18,27,25,14,5,18,27,19,11,2,21,26,2006-07,0.4024390243902439,2007,2000s
1610612741,Chicago Bulls,82,49,33,0.598,48.2,37.1,81.3,0.457,5.9,15.1,0.388,18.6,25.4,0.734,12.0,31.7,43.7,22.3,16.0,7.8,5.4,5.3,23.3,23.2,98.8,5.0,1,8,8,8,22,9,8,16,18,23,2,20,18,23,8,2,1,9,24,4,6,25,22,9,13,4,104.0,98.8,5.2,94.47,0.539,0.601,1.4,17.0,0.319,0.707,0.514,0.168,0.493,0.534,0.493,0.313,0.168,0.319,Chicago Bulls,82,49,33,0.598,48.2,34.1,78.2,0.435,5.9,16.9,0.349,19.7,27.1,0.73,10.9,30.0,40.9,20.4,17.4,7.5,5.3,5.4,23.2,23.3,93.8,-5.0,1,8,8,8,22,3,9,2,13,13,6,18,21,1,14,13,13,11,2,21,25,6,22,9,6,4,2006-07,0.5975609756097561,2007,2000s
1610612739,Cleveland Cavaliers,82,50,32,0.61,48.5,36.3,81.2,0.447,6.0,17.1,0.352,18.1,26.0,0.696,12.7,30.8,43.5,20.8,14.4,7.6,4.3,4.3,21.7,22.0,96.8,3.8,1,7,7,7,8,15,9,24,15,14,18,25,15,29,1,6,2,15,7,8,20,10,11,16,19,7,104.4,100.6,3.8,91.59,0.52,0.574,1.45,16.2,0.327,0.721,0.518,0.155,0.484,0.522,0.484,0.32,0.155,0.327,Cleveland Cavaliers,82,50,32,0.61,48.5,34.6,77.3,0.448,4.9,15.0,0.329,18.8,25.6,0.734,9.8,30.0,39.9,20.1,15.3,6.6,4.3,4.3,22.0,21.7,92.9,-3.8,1,7,7,7,8,7,6,8,3,6,1,11,11,3,2,14,8,9,10,5,10,20,15,20,5,7,2006-07,0.6097560975609756,2007,2000s
1610612742,Dallas Mavericks,82,67,15,0.817,48.2,36.7,78.6,0.467,6.5,17.1,0.381,20.1,24.9,0.805,11.2,30.7,41.9,19.9,13.9,6.8,5.0,3.8,22.4,22.1,100.0,7.2,1,1,1,1,27,11,21,5,8,14,4,12,19,2,15,10,8,24,5,24,12,3,17,15,9,3,109.7,102.1,7.6,90.68,0.552,0.542,1.43,16.0,0.32,0.719,0.522,0.152,0.509,0.559,0.509,0.317,0.152,0.32,Dallas Mavericks,82,67,15,0.817,48.2,34.0,76.1,0.447,4.6,13.1,0.349,20.2,27.0,0.746,10.2,27.9,38.1,17.9,14.5,6.9,3.8,5.0,22.1,22.4,92.8,-7.2,1,1,1,1,27,2,3,7,2,1,7,19,20,9,5,3,3,2,21,8,3,12,16,14,4,3,2006-07,0.8170731707317073,2007,2000s
1610612743,Denver Nuggets,82,45,37,0.549,48.2,38.6,83.0,0.465,5.9,17.6,0.336,22.3,29.9,0.746,12.2,31.2,43.4,23.4,16.5,8.3,5.3,5.2,21.4,23.7,105.4,1.6,1,10,10,10,22,3,4,7,16,13,28,5,3,19,5,5,3,5,28,2,8,24,9,4,3,9,106.7,105.1,1.7,98.2,0.514,0.607,1.42,17.1,0.322,0.678,0.502,0.167,0.501,0.548,0.501,0.36,0.167,0.322,Denver Nuggets,82,45,37,0.549,48.2,39.7,86.4,0.46,6.8,19.1,0.353,17.5,23.7,0.739,12.3,30.0,42.3,24.5,16.4,8.3,5.2,5.3,23.7,21.4,103.7,-1.6,1,10,10,10,22,29,30,15,23,27,10,3,6,4,27,14,23,27,3,28,24,8,27,22,26,9,2006-07,0.5487804878048781,2007,2000s
1610612765,Detroit Pistons,82,53,29,0.646,48.5,35.9,79.1,0.454,5.5,15.9,0.344,18.8,24.2,0.774,11.6,29.0,40.5,21.6,12.2,7.1,5.8,3.5,20.4,20.3,96.0,4.2,1,4,4,4,8,18,17,20,23,19,26,19,22,7,10,24,18,13,1,17,1,1,5,28,21,6,107.4,102.6,4.8,88.56,0.533,0.601,1.77,17.3,0.307,0.678,0.493,0.137,0.488,0.535,0.488,0.307,0.137,0.307,Detroit Pistons,82,53,29,0.646,48.5,34.4,77.3,0.445,5.0,14.7,0.339,18.1,24.5,0.74,11.9,29.3,41.2,20.1,14.7,6.4,3.5,5.8,20.3,20.4,91.8,-4.2,1,4,4,4,8,5,6,6,4,4,4,7,9,5,25,9,16,8,20,3,1,1,3,25,2,6,2006-07,0.6463414634146342,2007,2000s
1610612744,Golden State Warriors,82,42,40,0.512,48.2,39.8,86.0,0.463,8.5,24.0,0.356,18.5,25.8,0.717,11.5,29.9,41.4,23.8,16.0,9.1,5.7,4.9,23.6,22.3,106.5,-0.3,1,12,12,12,27,2,1,12,3,1,13,21,17,26,11,17,10,4,23,1,3,18,26,13,2,13,106.2,106.5,-0.3,99.97,0.489,0.598,1.49,17.3,0.285,0.662,0.472,0.159,0.512,0.548,0.512,0.3,0.159,0.285,Golden State Warriors,82,42,40,0.512,48.2,38.7,83.8,0.462,7.4,20.3,0.366,22.1,29.5,0.75,13.1,33.3,46.4,24.7,18.6,8.3,4.9,5.7,22.3,23.6,106.9,0.3,1,12,12,12,27,26,28,19,30,30,24,29,29,14,30,30,30,28,1,28,18,3,18,5,30,13,2006-07,0.5121951219512195,2007,2000s
1610612745,Houston Rockets,82,52,30,0.634,48.4,35.4,79.6,0.445,8.6,23.1,0.372,17.5,23.2,0.753,10.7,32.6,43.3,20.8,14.2,7.1,4.1,4.3,20.9,19.9,97.0,4.9,1,5,5,5,14,23,15,27,2,3,5,27,28,16,22,1,4,16,6,17,23,11,7,30,17,5,104.7,99.7,4.9,91.7,0.529,0.586,1.47,16.5,0.287,0.725,0.508,0.153,0.499,0.54,0.499,0.292,0.153,0.287,Houston Rockets,82,52,30,0.634,48.4,34.1,79.3,0.429,5.8,16.4,0.351,18.3,24.4,0.749,9.8,31.1,40.8,19.4,14.2,7.0,4.3,4.1,19.9,20.9,92.1,-4.9,1,5,5,5,14,3,15,1,12,12,8,8,8,12,1,25,12,5,25,10,11,23,1,24,3,5,2006-07,0.6341463414634146,2007,2000s
1610612754,Indiana Pacers,82,35,47,0.427,48.2,35.0,80.0,0.438,5.9,16.9,0.346,19.7,25.9,0.76,12.1,29.8,41.8,20.5,16.3,7.3,5.5,5.0,23.3,23.7,95.6,-2.4,1,19,19,19,26,28,12,30,17,16,22,14,16,15,7,18,9,19,25,11,4,22,23,5,24,20,101.9,104.4,-2.5,93.43,0.485,0.585,1.26,15.9,0.321,0.694,0.503,0.173,0.474,0.523,0.474,0.324,0.173,0.321,Indiana Pacers,82,35,47,0.427,48.2,35.7,78.2,0.457,5.3,14.3,0.372,21.2,28.2,0.753,11.2,30.5,41.6,20.0,15.7,7.9,5.0,5.5,23.7,23.3,98.0,2.4,1,19,19,19,26,12,9,13,6,3,26,24,23,16,16,21,20,7,7,25,22,4,26,8,12,20,2006-07,0.4268292682926829,2007,2000s
1610612746,Los Angeles Clippers,82,40,42,0.488,48.1,35.1,77.0,0.456,3.8,11.0,0.348,21.6,27.4,0.788,10.8,30.3,41.1,21.5,15.1,7.3,5.8,3.9,22.7,22.3,95.6,-0.5,1,16,16,16,30,25,28,19,29,29,20,6,8,5,20,13,13,14,15,12,1,7,18,14,23,14,103.8,104.2,-0.4,91.92,0.509,0.612,1.42,17.0,0.307,0.712,0.513,0.164,0.481,0.537,0.481,0.355,0.164,0.307,Los Angeles Clippers,82,40,42,0.488,48.1,35.5,78.5,0.452,5.5,16.4,0.339,19.5,26.1,0.748,10.3,29.0,39.3,21.0,13.8,7.1,3.9,5.8,22.3,22.7,96.1,0.5,1,16,16,16,30,11,11,10,8,11,3,15,17,11,6,7,7,15,27,13,7,1,17,13,9,14,2006-07,0.4878048780487805,2007,2000s
1610612747,Los Angeles Lakers,82,42,40,0.512,48.9,37.8,81.3,0.466,7.4,21.0,0.353,20.2,27.1,0.747,10.8,30.4,41.2,22.6,15.5,7.3,5.1,5.0,23.0,23.4,103.3,-0.1,1,12,12,12,1,5,7,6,5,4,16,11,9,18,21,12,11,6,19,10,9,21,20,8,5,12,107.3,107.5,-0.2,94.58,0.499,0.596,1.45,17.1,0.3,0.69,0.496,0.161,0.511,0.554,0.511,0.333,0.161,0.3,Los Angeles Lakers,82,42,40,0.512,48.9,37.8,81.9,0.461,6.4,17.8,0.358,21.5,28.3,0.76,11.6,30.6,42.2,21.9,14.7,7.9,5.0,5.1,23.4,23.0,103.4,0.1,1,12,12,12,1,22,26,18,20,19,18,25,25,24,21,23,22,20,19,26,21,9,23,11,25,12,2006-07,0.5121951219512195,2007,2000s
1610612763,Memphis Grizzlies,82,22,60,0.268,48.7,36.6,78.6,0.465,6.1,16.6,0.367,22.4,29.4,0.761,10.6,29.0,39.5,20.5,16.4,6.9,5.0,5.5,22.3,24.3,101.6,-5.1,1,30,30,30,5,13,20,8,14,18,7,3,5,13,23,23,26,19,26,23,13,30,16,2,6,30,105.7,110.9,-5.2,94.77,0.462,0.56,1.25,15.9,0.291,0.682,0.486,0.17,0.504,0.555,0.504,0.374,0.17,0.291,Memphis Grizzlies,82,22,60,0.268,48.7,40.1,82.5,0.486,7.0,18.0,0.389,19.5,25.8,0.759,11.8,30.3,42.0,25.1,15.3,8.3,5.5,5.0,24.3,22.3,106.7,5.1,1,30,30,30,5,30,27,30,28,20,30,16,13,22,23,19,21,29,11,30,30,13,29,15,29,30,2006-07,0.2682926829268293,2007,2000s
1610612748,Miami Heat,82,44,38,0.537,48.4,35.6,76.7,0.464,6.4,18.8,0.343,17.0,24.6,0.69,10.0,30.8,40.8,20.5,14.6,6.9,5.4,3.8,21.3,21.8,94.6,-0.9,1,11,11,11,14,21,29,10,11,8,27,30,20,30,26,7,15,18,11,21,7,4,8,18,28,17,103.4,104.6,-1.2,90.61,0.508,0.576,1.4,16.6,0.279,0.693,0.493,0.16,0.506,0.541,0.506,0.321,0.16,0.279,Miami Heat,82,44,38,0.537,48.4,35.3,79.5,0.444,6.5,18.2,0.355,18.5,24.9,0.742,11.2,30.1,41.3,20.2,14.5,6.9,3.8,5.4,21.8,21.3,95.5,0.9,1,11,11,11,14,9,16,5,21,23,14,10,10,8,17,16,17,10,23,7,4,7,13,23,8,17,2006-07,0.5365853658536586,2007,2000s
1610612749,Milwaukee Bucks,82,28,54,0.341,48.4,38.1,81.9,0.465,6.4,18.0,0.356,17.1,23.4,0.733,11.5,27.7,39.2,21.6,15.1,7.2,2.7,5.3,22.2,21.0,99.7,-4.4,1,28,28,28,14,4,5,9,13,10,14,29,26,24,11,30,29,12,16,15,30,25,14,26,10,28,106.0,110.3,-4.3,93.33,0.456,0.567,1.43,16.7,0.306,0.657,0.479,0.161,0.504,0.541,0.504,0.286,0.161,0.306,Milwaukee Bucks,82,28,54,0.341,48.4,39.0,81.4,0.48,6.9,18.7,0.368,19.1,25.7,0.742,13.0,30.1,43.0,25.3,15.7,7.5,5.3,2.7,21.0,22.2,104.0,4.4,1,28,28,28,14,27,23,29,26,26,25,12,12,7,29,17,28,30,8,22,25,30,5,17,27,28,2006-07,0.3414634146341463,2007,2000s
1610612750,Minnesota Timberwolves,82,32,50,0.39,48.8,36.5,79.3,0.461,4.7,13.3,0.353,18.3,23.1,0.792,10.0,30.2,40.1,22.5,15.6,6.5,4.0,4.4,21.4,20.5,96.1,-3.7,1,24,24,24,4,14,16,13,25,25,17,23,29,3,25,15,21,7,21,28,24,12,10,27,20,25,102.4,106.5,-4.0,92.19,0.487,0.617,1.45,17.5,0.292,0.698,0.5,0.166,0.49,0.537,0.49,0.291,0.166,0.292,Minnesota Timberwolves,82,32,50,0.39,48.8,37.5,81.6,0.46,6.3,18.1,0.348,18.4,24.2,0.76,11.7,29.7,41.4,21.7,14.2,7.1,4.4,4.0,20.5,21.4,99.7,3.7,1,24,24,24,4,21,24,16,17,21,5,9,7,25,22,12,19,19,25,14,12,24,4,21,19,25,2006-07,0.3902439024390244,2007,2000s
1610612751,New Jersey Nets,82,41,41,0.5,48.5,35.5,77.8,0.457,7.4,20.4,0.363,19.1,26.3,0.727,10.0,30.8,40.8,23.9,14.8,6.1,3.3,4.5,22.8,23.0,97.6,-0.8,1,14,14,14,8,22,24,18,4,5,8,16,12,25,24,8,14,3,12,30,27,13,19,10,15,16,104.2,105.1,-0.9,92.69,0.499,0.674,1.62,18.5,0.275,0.714,0.496,0.158,0.504,0.546,0.504,0.338,0.158,0.275,New Jersey Nets,82,41,41,0.5,48.5,35.5,79.0,0.45,6.3,17.7,0.357,21.0,27.6,0.762,10.6,30.8,41.4,22.0,14.5,7.1,4.5,3.3,23.0,22.8,98.3,0.8,1,14,14,14,8,10,14,9,18,18,16,23,22,26,12,24,18,21,22,15,13,27,21,12,13,16,2006-07,0.5,2007,2000s
1610612740,New Orleans/Oklahoma City Hornets,82,39,43,0.476,48.5,36.2,81.4,0.445,5.5,15.3,0.362,17.5,23.7,0.74,12.5,30.6,43.1,18.7,14.5,6.4,4.2,4.8,19.8,21.1,95.5,-1.6,1,18,18,18,8,16,6,26,22,22,10,27,25,21,4,11,6,27,8,29,21,17,2,25,25,18,103.7,105.4,-1.6,91.19,0.485,0.517,1.29,14.9,0.318,0.719,0.514,0.157,0.479,0.52,0.479,0.291,0.157,0.318,New Orleans/Oklahoma City Hornets,82,39,43,0.476,48.5,36.6,80.2,0.457,6.8,19.2,0.355,17.0,22.4,0.759,10.4,30.4,40.8,20.8,13.6,6.8,4.8,4.2,21.1,19.8,97.1,1.6,1,18,18,18,8,17,20,12,25,28,13,2,2,21,10,20,11,12,30,6,17,21,6,29,10,18,2006-07,0.4756097560975609,2007,2000s
1610612752,New York Knicks,82,33,49,0.402,48.8,35.4,77.5,0.457,5.8,16.7,0.346,20.9,29.2,0.715,12.6,30.7,43.3,18.7,17.1,6.6,3.2,5.0,23.6,22.9,97.5,-2.9,1,21,21,21,2,24,26,17,19,17,23,7,6,27,2,9,5,28,30,27,29,20,25,11,16,21,104.3,107.4,-3.1,91.89,0.471,0.528,1.09,14.7,0.337,0.714,0.527,0.183,0.494,0.539,0.494,0.377,0.183,0.337,New York Knicks,82,33,49,0.402,48.8,36.8,80.1,0.46,7.0,18.6,0.376,19.7,26.0,0.755,10.8,28.0,38.8,21.3,13.7,7.5,5.0,3.2,22.9,23.6,100.3,2.9,1,21,21,21,2,18,17,17,27,24,28,17,16,19,13,4,4,18,29,23,20,29,20,6,20,21,2006-07,0.4024390243902439,2007,2000s
1610612753,Orlando Magic,82,40,42,0.488,48.2,35.1,74.3,0.472,4.2,11.7,0.356,20.5,29.2,0.702,11.2,29.5,40.7,18.6,17.0,6.9,5.1,4.6,23.2,23.4,94.8,0.8,1,16,16,16,22,26,30,4,27,28,15,8,7,28,15,19,16,29,29,22,11,14,21,7,27,11,104.1,103.3,0.8,90.54,0.502,0.53,1.1,15.1,0.333,0.697,0.519,0.186,0.5,0.544,0.5,0.393,0.186,0.333,Orlando Magic,82,40,42,0.488,48.2,33.4,75.5,0.442,5.6,15.9,0.353,21.6,28.4,0.76,10.5,27.0,37.6,19.6,15.0,8.3,4.6,5.1,23.4,23.2,94.0,-0.8,1,16,16,16,22,1,1,3,9,10,9,26,26,23,11,1,2,6,17,27,14,11,24,10,7,11,2006-07,0.4878048780487805,2007,2000s
1610612755,Philadelphia 76ers,82,35,47,0.427,48.5,35.8,78.1,0.458,3.5,10.0,0.345,20.0,26.0,0.767,11.0,28.7,39.7,20.4,15.3,7.2,4.8,3.9,20.4,22.0,94.9,-3.0,1,19,19,19,8,20,22,15,30,30,25,13,14,10,19,25,24,21,17,13,15,6,4,17,26,23,102.4,105.6,-3.2,91.84,0.489,0.569,1.33,16.1,0.306,0.678,0.493,0.165,0.48,0.53,0.48,0.333,0.165,0.306,Philadelphia 76ers,82,35,47,0.427,48.5,37.1,80.1,0.463,6.1,17.4,0.353,17.7,23.5,0.754,11.8,29.3,41.1,22.3,15.6,7.4,3.9,4.8,22.0,20.4,98.0,3.0,1,19,19,19,8,19,19,20,14,15,11,5,5,17,24,10,15,23,9,20,6,15,14,27,11,23,2006-07,0.4268292682926829,2007,2000s
1610612756,Phoenix Suns,82,61,21,0.744,48.5,41.3,83.6,0.494,9.6,24.0,0.399,18.0,22.3,0.808,9.0,31.5,40.5,25.9,14.5,6.7,4.8,3.7,20.2,21.5,110.2,7.3,1,2,2,2,7,1,2,1,1,2,1,26,30,1,30,3,19,1,9,26,14,2,3,21,1,2,112.9,105.5,7.4,96.45,0.561,0.626,1.78,19.3,0.262,0.683,0.484,0.149,0.551,0.59,0.551,0.267,0.149,0.262,Phoenix Suns,82,61,21,0.744,48.5,39.5,86.4,0.457,6.1,16.9,0.363,17.8,23.2,0.767,12.3,30.5,42.8,18.9,15.1,6.9,3.7,4.8,21.5,20.2,102.9,-7.3,1,2,2,2,7,28,29,14,15,13,22,6,3,28,28,22,26,3,14,9,2,14,10,28,23,2,2006-07,0.7439024390243902,2007,2000s
1610612757,Portland Trail Blazers,82,32,50,0.39,48.7,35.0,78.0,0.45,5.2,15.0,0.346,18.8,24.5,0.769,11.3,28.0,39.3,18.5,15.1,6.8,4.6,4.6,23.5,21.3,94.1,-4.3,1,24,24,24,6,27,23,23,24,24,24,18,21,8,14,29,28,30,14,25,17,15,24,23,29,27,103.8,108.6,-4.8,89.36,0.459,0.526,1.22,15.0,0.326,0.697,0.507,0.166,0.483,0.53,0.483,0.314,0.166,0.326,Portland Trail Blazers,82,32,50,0.39,48.7,36.1,76.7,0.471,5.7,15.8,0.361,20.5,26.3,0.778,10.4,28.6,39.0,20.8,13.7,6.6,4.6,4.6,21.3,23.5,98.4,4.3,1,24,24,24,6,14,4,25,11,9,20,21,19,30,9,5,5,12,28,4,15,17,8,7,14,27,2006-07,0.3902439024390244,2007,2000s
1610612758,Sacramento Kings,82,33,49,0.402,48.3,35.9,79.7,0.45,6.5,18.5,0.35,23.1,30.2,0.765,9.7,29.2,38.9,20.3,14.6,8.2,3.2,4.9,21.9,24.3,101.3,-1.8,1,21,21,21,20,19,14,21,10,9,19,1,1,12,27,20,30,22,10,3,28,19,12,3,8,19,105.1,106.7,-1.6,95.83,0.485,0.566,1.39,15.8,0.267,0.692,0.477,0.151,0.491,0.545,0.491,0.379,0.151,0.267,Sacramento Kings,82,33,49,0.402,48.3,38.4,81.4,0.472,6.8,18.6,0.365,19.5,25.8,0.757,11.1,32.3,43.4,22.4,16.3,7.0,4.9,3.2,24.3,21.9,103.1,1.8,1,21,21,21,20,24,22,26,24,25,23,14,14,20,15,29,29,24,4,11,19,28,28,19,24,19,2006-07,0.4024390243902439,2007,2000s
1610612759,San Antonio Spurs,82,58,24,0.707,48.2,36.6,77.2,0.474,7.3,19.0,0.381,18.1,24.1,0.751,9.3,31.4,40.7,22.1,13.9,7.2,5.1,4.1,19.4,21.2,98.5,8.4,1,3,3,3,22,12,27,3,6,7,3,24,24,17,28,4,16,11,4,15,10,8,1,24,14,1,108.6,99.4,9.2,90.22,0.569,0.605,1.6,17.8,0.279,0.715,0.505,0.153,0.521,0.561,0.521,0.313,0.153,0.279,San Antonio Spurs,82,58,24,0.707,48.2,34.9,78.8,0.443,4.5,13.4,0.334,15.9,21.4,0.74,10.1,29.0,39.1,17.3,14.3,7.1,4.1,5.1,21.2,19.4,90.1,-8.4,1,3,3,3,22,8,13,4,1,2,2,1,1,6,4,8,6,1,24,12,8,10,7,30,1,1,2006-07,0.7073170731707317,2007,2000s
1610612760,Seattle SuperSonics,82,31,51,0.378,48.4,37.2,80.8,0.46,6.4,17.7,0.362,18.4,23.3,0.791,11.3,28.3,39.6,20.7,15.5,7.7,3.7,4.2,22.0,19.9,99.1,-2.9,1,26,26,26,18,8,11,14,12,12,11,22,27,4,13,27,25,17,18,7,26,9,13,29,12,22,105.9,108.9,-3.0,92.92,0.474,0.556,1.34,16.2,0.312,0.676,0.492,0.165,0.499,0.544,0.499,0.288,0.165,0.312,Seattle SuperSonics,82,31,51,0.378,48.4,38.1,80.1,0.476,6.3,17.5,0.361,19.5,25.9,0.751,11.6,29.4,41.0,22.8,15.0,7.2,4.2,3.7,19.9,22.0,102.0,2.9,1,26,26,26,18,23,18,28,18,17,19,13,15,15,20,11,14,25,16,16,9,26,2,18,22,22,2006-07,0.3780487804878049,2007,2000s
1610612761,Toronto Raptors,82,47,35,0.573,48.2,37.0,79.8,0.463,6.5,17.9,0.363,19.0,24.2,0.788,9.2,30.2,39.5,22.2,13.5,7.1,3.9,3.9,20.4,21.8,99.5,1.0,1,9,9,9,27,10,13,11,9,11,9,17,23,6,29,14,27,10,2,19,25,5,5,19,11,10,105.7,104.4,1.2,93.86,0.514,0.601,1.65,17.5,0.25,0.711,0.481,0.143,0.504,0.55,0.504,0.303,0.143,0.25,Toronto Raptors,82,47,35,0.573,48.2,37.2,80.4,0.463,6.5,18.2,0.357,17.6,23.3,0.754,10.3,32.2,42.5,21.2,15.1,6.0,3.9,3.9,21.8,20.4,98.5,-1.0,1,9,9,9,27,20,21,21,22,22,17,4,4,18,7,28,24,17,15,1,5,25,11,25,16,10,2006-07,0.573170731707317,2007,2000s
1610612762,Utah Jazz,82,51,31,0.622,48.3,37.4,78.9,0.474,4.3,12.9,0.335,22.3,30.0,0.743,12.6,30.0,42.5,24.7,15.6,7.0,4.1,5.3,25.2,24.5,101.5,2.9,1,6,6,6,20,7,18,2,26,26,29,4,2,20,3,16,7,2,20,20,22,28,30,1,7,8,108.6,105.6,3.0,92.81,0.531,0.659,1.58,18.5,0.352,0.721,0.534,0.167,0.502,0.551,0.502,0.38,0.167,0.352,Utah Jazz,82,51,31,0.622,48.3,34.4,75.5,0.455,6.2,17.4,0.355,23.7,30.9,0.767,9.9,27.1,37.0,18.9,15.0,7.6,5.3,4.1,24.5,25.2,98.6,-2.9,1,6,6,6,20,5,1,11,16,15,15,30,30,27,3,2,1,4,18,24,28,22,30,1,17,8,2006-07,0.6219512195121951,2007,2000s
1610612764,Washington Wizards,82,41,41,0.5,48.4,37.4,83.2,0.45,6.8,19.7,0.348,22.6,29.6,0.765,12.2,29.0,41.2,20.2,13.8,7.7,4.6,4.6,22.2,23.5,104.3,-0.5,1,14,14,14,19,6,3,22,7,6,21,2,4,11,6,22,12,23,3,6,18,15,15,6,4,15,108.7,109.1,-0.4,95.33,0.485,0.541,1.47,15.5,0.312,0.678,0.489,0.144,0.491,0.542,0.491,0.356,0.144,0.312,Washington Wizards,82,41,41,0.5,48.4,38.6,81.7,0.473,7.3,19.3,0.377,20.3,26.2,0.777,11.9,31.1,43.0,23.7,15.7,6.3,4.6,4.6,23.5,22.2,104.9,0.5,1,14,14,14,19,25,25,27,29,29,29,20,18,29,25,26,27,26,6,2,15,18,25,16,28,15,2006-07,0.5,2007,2000s
1610612737,Atlanta Hawks,82,37,45,0.451,48.4,36.3,79.9,0.454,4.7,13.1,0.356,21.0,27.2,0.772,12.3,29.9,42.2,22.0,14.9,7.3,5.5,5.1,20.4,21.9,98.2,-1.8,1,19,19,19,5,22,21,16,27,28,18,5,7,7,7,21,11,12,24,14,4,24,11,9,15,19,105.5,107.3,-1.8,92.35,0.498,0.606,1.48,17.0,0.329,0.682,0.506,0.16,0.483,0.535,0.483,0.34,0.16,0.329,Atlanta Hawks,82,37,45,0.451,48.4,38.0,82.1,0.463,6.2,17.2,0.362,17.8,23.7,0.752,11.8,29.1,40.9,22.3,13.7,7.5,5.1,5.5,21.9,20.4,100.0,1.8,1,19,19,19,5,20,22,21,10,7,16,10,10,12,24,5,11,20,16,16,24,4,22,20,15,19,2007-08,0.4512195121951219,2008,2000s
1610612738,Boston Celtics,82,66,16,0.805,48.2,36.4,76.7,0.475,7.3,19.1,0.381,20.5,26.5,0.771,10.1,31.9,42.0,22.4,15.2,8.5,4.6,4.7,22.7,22.2,100.5,10.3,1,1,1,1,22,20,30,4,8,12,5,8,9,8,23,9,12,8,27,5,18,16,26,8,11,1,108.8,98.1,10.8,91.88,0.581,0.614,1.47,17.6,0.306,0.707,0.518,0.164,0.522,0.569,0.522,0.346,0.164,0.306,Boston Celtics,82,66,16,0.805,48.2,32.4,77.3,0.419,5.9,18.7,0.316,19.6,26.3,0.743,11.0,27.9,38.9,18.8,16.0,7.2,4.7,4.6,22.2,22.7,90.3,-10.3,1,1,1,1,22,1,3,1,6,19,1,21,22,4,12,2,2,2,3,13,16,18,23,5,2,1,2007-08,0.8048780487804879,2008,2000s
1610612766,Charlotte Bobcats,82,32,50,0.39,48.5,36.1,79.9,0.452,6.5,17.6,0.367,18.4,25.8,0.714,10.9,29.8,40.6,21.3,14.7,7.5,4.9,5.8,21.7,21.0,97.1,-4.4,1,23,23,23,3,24,20,17,16,16,12,18,11,29,20,22,26,16,22,13,10,30,21,17,19,22,103.7,108.2,-4.5,92.75,0.469,0.591,1.45,16.6,0.294,0.674,0.483,0.157,0.492,0.532,0.492,0.323,0.157,0.294,Charlotte Bobcats,82,32,50,0.39,48.5,38.0,81.5,0.466,6.3,17.8,0.355,19.2,25.6,0.747,12.2,31.6,43.7,21.8,14.4,7.6,5.8,4.9,21.0,21.7,101.4,4.4,1,23,23,23,3,20,19,23,12,12,8,18,19,6,27,23,24,13,9,20,30,10,14,10,20,22,2007-08,0.3902439024390244,2008,2000s
1610612741,Chicago Bulls,82,33,49,0.402,48.3,36.4,83.7,0.435,5.8,15.9,0.363,18.7,24.7,0.756,12.8,30.2,43.0,22.1,14.6,7.7,5.2,5.7,21.8,21.3,97.3,-3.1,1,22,22,22,14,19,5,30,23,24,14,15,18,17,4,18,8,11,18,9,6,28,22,12,18,21,102.9,106.0,-3.1,94.04,0.48,0.606,1.51,16.7,0.325,0.687,0.5,0.154,0.47,0.515,0.47,0.296,0.154,0.325,Chicago Bulls,82,33,49,0.402,48.3,36.4,80.3,0.453,7.0,18.6,0.375,20.7,27.0,0.766,11.1,31.5,42.6,21.9,15.3,7.9,5.7,5.2,21.3,21.8,100.4,3.1,1,22,22,22,14,8,14,9,20,16,26,24,24,23,15,21,19,15,7,25,28,6,19,9,16,21,2007-08,0.4024390243902439,2008,2000s
1610612739,Cleveland Cavaliers,82,45,37,0.549,48.4,35.8,81.7,0.439,6.7,18.8,0.358,18.0,25.1,0.717,13.3,31.3,44.6,20.0,14.0,7.1,5.2,4.7,20.9,20.3,96.4,-0.4,1,13,13,13,5,26,15,28,14,13,16,21,15,28,1,12,3,25,10,18,7,14,16,19,24,16,104.8,105.4,-0.6,91.06,0.49,0.558,1.43,15.7,0.334,0.715,0.518,0.152,0.48,0.52,0.48,0.308,0.152,0.334,Cleveland Cavaliers,82,45,37,0.549,48.4,35.8,78.8,0.455,6.2,17.3,0.357,18.9,25.2,0.748,9.9,30.5,40.4,21.0,13.3,6.8,4.7,5.2,20.3,20.9,96.7,0.4,1,13,13,13,5,7,5,11,8,8,10,17,16,7,2,13,7,9,24,8,14,7,12,15,9,16,2007-08,0.5487804878048781,2008,2000s
1610612742,Dallas Mavericks,82,51,31,0.622,48.1,36.9,79.5,0.464,6.0,17.1,0.352,20.6,25.3,0.814,10.8,32.2,43.0,21.0,12.6,6.0,4.9,4.4,21.8,21.2,100.4,4.5,1,10,10,10,25,16,24,9,19,19,20,7,14,1,21,7,9,20,5,29,10,8,23,13,12,10,109.5,104.7,4.8,91.38,0.536,0.569,1.66,16.7,0.3,0.716,0.514,0.138,0.502,0.554,0.502,0.318,0.138,0.3,Dallas Mavericks,82,51,31,0.622,48.1,35.4,79.9,0.443,5.0,14.2,0.349,20.1,26.4,0.76,10.8,29.5,40.3,18.9,12.2,6.5,4.4,4.9,21.2,21.8,95.9,-4.5,1,10,10,10,25,6,11,4,1,1,5,23,23,21,9,6,5,3,30,6,8,10,18,8,6,10,2007-08,0.6219512195121951,2008,2000s
1610612743,Denver Nuggets,82,50,32,0.61,48.4,40.3,85.8,0.47,6.9,19.6,0.355,23.1,30.7,0.751,11.2,32.9,44.1,24.7,14.7,9.2,6.7,4.8,21.1,23.8,110.7,3.7,1,11,11,11,5,3,2,6,13,11,19,1,1,19,15,2,5,3,21,1,1,17,17,1,2,11,108.9,105.5,3.4,100.58,0.529,0.612,1.68,17.7,0.292,0.686,0.494,0.144,0.51,0.557,0.51,0.358,0.144,0.292,Denver Nuggets,82,50,32,0.61,48.4,40.7,89.1,0.457,7.6,20.9,0.363,18.1,24.7,0.73,12.7,32.7,45.4,25.7,16.4,7.9,4.8,6.7,23.8,21.1,107.0,-3.7,1,11,11,11,5,28,29,14,29,29,17,11,13,1,28,27,28,30,2,23,17,1,30,14,29,11,2007-08,0.6097560975609756,2008,2000s
1610612765,Detroit Pistons,82,59,23,0.72,48.1,36.6,79.9,0.458,5.9,16.2,0.366,18.4,24.0,0.767,11.9,29.5,41.4,22.3,11.7,7.1,5.8,3.9,20.6,19.7,97.5,7.4,1,2,2,2,25,18,22,13,22,22,13,20,22,14,10,25,21,10,1,17,3,3,13,25,17,2,109.8,101.5,8.3,88.54,0.552,0.611,1.92,17.8,0.327,0.7,0.513,0.131,0.495,0.539,0.495,0.3,0.131,0.327,Detroit Pistons,82,59,23,0.72,48.1,33.3,76.1,0.437,5.0,15.0,0.332,18.6,25.0,0.744,10.5,28.6,39.1,19.1,13.5,5.8,3.9,5.8,19.7,20.6,90.1,-7.4,1,2,2,2,25,2,1,3,2,4,2,14,14,5,6,4,3,5,18,3,3,3,6,17,1,2,2007-08,0.7195121951219512,2008,2000s
1610612744,Golden State Warriors,82,48,34,0.585,48.2,41.5,90.3,0.459,9.3,26.6,0.348,18.8,24.9,0.752,12.7,30.4,43.2,22.4,13.2,9.1,4.6,5.0,22.9,21.2,111.0,2.2,1,12,12,12,18,1,1,12,2,1,23,14,16,18,5,14,6,8,7,2,19,20,27,14,1,13,110.4,108.5,1.9,99.96,0.496,0.539,1.69,16.3,0.301,0.672,0.481,0.131,0.511,0.548,0.511,0.276,0.131,0.301,Golden State Warriors,82,48,34,0.585,48.2,39.9,85.3,0.468,7.0,19.0,0.368,22.0,29.0,0.759,12.8,34.2,47.0,23.6,16.9,6.9,5.0,4.6,21.2,22.9,108.8,-2.2,1,12,12,12,18,26,25,26,21,22,20,28,28,20,29,30,30,26,1,10,20,19,17,4,30,13,2007-08,0.5853658536585366,2008,2000s
1610612745,Houston Rockets,82,55,27,0.671,48.1,36.6,81.7,0.448,7.1,20.8,0.342,16.4,22.5,0.726,12.2,32.4,44.6,21.4,13.7,7.3,5.1,4.6,19.6,19.7,96.7,4.7,1,6,6,6,25,17,14,21,10,7,26,28,25,25,9,6,1,15,9,15,8,13,6,26,22,9,105.4,100.5,4.8,91.42,0.535,0.585,1.56,16.8,0.323,0.711,0.519,0.15,0.492,0.528,0.492,0.276,0.15,0.323,Houston Rockets,82,55,27,0.671,48.1,34.8,80.4,0.433,5.3,14.5,0.365,17.2,23.3,0.737,10.9,29.8,40.7,18.9,13.3,7.6,4.6,5.1,19.7,19.6,92.0,-4.7,1,6,6,6,25,3,15,2,4,2,19,8,9,2,10,7,8,4,23,19,13,8,5,25,4,9,2007-08,0.6707317073170732,2008,2000s
1610612754,Indiana Pacers,82,36,46,0.439,48.2,37.8,85.3,0.444,9.2,24.6,0.374,19.1,24.9,0.768,11.0,32.1,43.1,22.7,15.1,7.6,5.0,5.1,23.4,21.7,104.0,-1.4,1,20,20,20,22,9,4,24,3,3,8,11,17,12,17,8,7,7,26,11,9,21,29,10,7,18,105.1,106.3,-1.2,98.64,0.485,0.601,1.51,16.9,0.278,0.701,0.487,0.152,0.498,0.54,0.498,0.292,0.152,0.278,Indiana Pacers,82,36,46,0.439,48.2,37.7,83.1,0.454,7.4,19.2,0.386,22.6,29.8,0.757,11.3,34.1,45.5,22.2,15.8,8.1,5.1,5.0,21.7,23.4,105.4,1.4,1,20,20,20,22,18,23,10,26,23,29,30,29,19,20,29,29,19,5,28,21,9,21,2,26,18,2007-08,0.4390243902439024,2008,2000s
1610612746,Los Angeles Clippers,82,23,59,0.28,48.3,34.4,78.6,0.438,4.3,13.2,0.324,20.8,26.6,0.781,9.8,30.4,40.1,21.1,14.4,6.8,4.9,4.7,21.3,21.6,93.8,-7.3,1,25,25,25,14,29,27,29,28,27,29,6,8,6,25,17,27,19,14,20,14,14,18,11,29,28,99.9,107.4,-7.5,93.38,0.461,0.614,1.47,16.7,0.267,0.703,0.484,0.153,0.465,0.519,0.465,0.338,0.153,0.267,Los Angeles Clippers,82,23,59,0.28,48.3,38.0,81.3,0.467,5.9,17.0,0.349,19.2,25.6,0.751,11.2,32.4,43.6,22.4,13.6,7.2,4.7,4.9,21.6,21.3,101.1,7.3,1,25,25,25,14,19,18,24,7,6,4,19,18,11,16,26,23,21,17,12,14,14,20,13,18,28,2007-08,0.2804878048780488,2008,2000s
1610612747,Los Angeles Lakers,82,57,25,0.695,48.2,39.6,83.1,0.476,8.1,21.4,0.378,21.3,27.7,0.769,11.0,33.2,44.1,24.4,14.1,8.0,5.3,4.5,20.6,22.6,108.6,7.3,1,3,3,3,18,5,6,3,5,6,6,3,5,10,19,1,4,4,11,6,5,12,15,5,4,3,111.7,104.3,7.3,96.7,0.551,0.617,1.73,18.1,0.297,0.702,0.507,0.145,0.525,0.57,0.525,0.333,0.145,0.297,Los Angeles Lakers,82,57,25,0.695,48.2,38.1,85.6,0.445,6.8,18.7,0.362,18.3,24.3,0.752,12.0,30.7,42.8,21.9,14.2,7.7,4.5,5.3,22.6,20.6,101.3,-7.3,1,3,3,3,18,22,26,6,18,18,15,13,12,13,26,16,21,14,10,22,12,5,26,16,19,3,2007-08,0.6951219512195121,2008,2000s
1610612763,Memphis Grizzlies,82,22,60,0.268,48.3,37.3,82.2,0.454,7.6,21.7,0.349,18.5,25.6,0.723,10.3,31.3,41.6,19.2,15.3,6.1,4.7,4.9,19.4,22.5,100.7,-6.2,1,27,27,27,14,11,12,15,7,4,22,17,12,26,22,11,18,28,28,28,17,18,3,6,10,24,103.9,110.2,-6.3,96.33,0.451,0.514,1.26,14.9,0.277,0.706,0.489,0.157,0.5,0.539,0.5,0.311,0.157,0.277,Memphis Grizzlies,82,22,60,0.268,48.3,41.4,86.3,0.48,7.2,19.8,0.364,16.9,21.8,0.774,11.4,33.2,44.5,23.9,13.4,8.7,4.9,4.7,22.5,19.4,106.9,6.2,1,27,27,27,14,30,27,30,24,27,18,5,5,29,21,28,27,28,22,30,18,17,25,28,28,24,2007-08,0.2682926829268293,2008,2000s
1610612748,Miami Heat,82,15,67,0.183,48.4,34.2,77.3,0.443,6.0,16.7,0.358,16.9,23.2,0.727,9.1,28.6,37.6,20.0,14.7,7.2,4.3,4.2,20.4,20.1,91.4,-8.6,1,30,30,30,9,30,29,25,20,20,15,25,23,24,29,30,30,24,20,16,22,6,10,23,30,29,99.4,108.8,-9.4,91.24,0.445,0.585,1.37,16.3,0.264,0.681,0.47,0.159,0.482,0.522,0.482,0.3,0.159,0.264,Miami Heat,82,15,67,0.183,48.4,36.9,79.0,0.468,6.7,18.3,0.369,19.4,25.7,0.755,11.2,31.9,43.1,22.2,14.2,7.7,4.2,4.3,20.1,20.4,100.0,8.6,1,30,30,30,9,14,6,25,17,13,23,20,20,17,16,24,22,18,11,21,6,22,8,21,14,29,2007-08,0.1829268292682926,2008,2000s
1610612749,Milwaukee Bucks,82,26,56,0.317,48.4,36.9,82.3,0.449,5.5,16.0,0.344,17.7,24.1,0.733,12.9,28.8,41.7,21.5,14.8,6.6,4.4,4.9,21.3,21.1,97.0,-6.9,1,24,24,24,5,15,11,19,24,23,25,22,20,22,3,29,17,14,23,21,20,19,19,16,20,27,103.9,111.1,-7.2,92.61,0.452,0.582,1.45,16.5,0.332,0.694,0.506,0.158,0.482,0.522,0.482,0.294,0.158,0.332,Milwaukee Bucks,82,26,56,0.317,48.4,38.4,80.0,0.48,7.2,18.7,0.384,20.0,26.1,0.766,10.6,30.0,40.7,23.3,13.7,7.9,4.9,4.4,21.1,21.3,103.9,6.9,1,24,24,24,5,24,12,29,23,17,27,22,21,22,8,8,9,25,15,24,19,20,15,12,23,27,2007-08,0.3170731707317073,2008,2000s
1610612750,Minnesota Timberwolves,82,22,60,0.268,48.1,37.5,83.1,0.451,5.4,15.4,0.35,15.2,20.6,0.736,11.8,29.6,41.4,19.9,14.5,7.5,3.7,5.7,23.0,17.5,95.6,-6.8,1,27,27,27,25,10,7,18,25,25,21,30,29,21,12,24,22,26,17,12,29,29,28,30,26,26,102.7,110.0,-7.3,92.84,0.435,0.53,1.37,15.6,0.314,0.703,0.501,0.156,0.484,0.518,0.484,0.248,0.156,0.314,Minnesota Timberwolves,82,22,60,0.268,48.1,37.3,79.0,0.472,6.6,18.5,0.357,21.2,27.6,0.769,10.6,31.0,41.7,23.2,13.5,7.4,5.7,3.7,17.5,23.0,102.4,6.8,1,27,27,27,25,16,7,27,15,15,12,26,25,26,7,19,15,23,19,15,29,29,1,3,21,26,2007-08,0.2682926829268293,2008,2000s
1610612751,New Jersey Nets,82,34,48,0.415,48.4,34.8,78.7,0.443,6.1,17.4,0.348,20.1,27.3,0.736,11.1,30.7,41.9,23.5,15.0,6.4,4.8,4.4,22.6,22.4,95.8,-5.1,1,21,21,21,9,28,25,26,18,17,24,10,6,20,16,13,15,6,25,24,16,11,25,7,25,23,102.3,107.7,-5.4,92.96,0.475,0.674,1.57,18.0,0.3,0.706,0.502,0.16,0.481,0.528,0.481,0.347,0.16,0.3,New Jersey Nets,82,34,48,0.415,48.4,36.4,79.8,0.456,6.5,17.7,0.369,21.6,28.2,0.768,10.9,30.7,41.6,22.1,13.4,8.1,4.4,4.8,22.4,22.6,100.9,5.1,1,21,21,21,9,8,10,12,14,11,24,27,27,25,11,14,13,17,21,27,11,16,24,6,17,23,2007-08,0.4146341463414634,2008,2000s
1610612740,New Orleans Hornets,82,56,26,0.683,48.3,38.6,82.9,0.466,7.7,19.8,0.389,16.0,20.8,0.769,11.4,30.4,41.8,21.8,11.9,7.8,3.9,4.0,18.7,19.2,100.9,5.3,1,4,4,4,14,6,8,8,6,8,3,29,28,11,14,16,16,13,3,8,28,4,1,28,9,6,110.0,104.4,5.6,91.04,0.526,0.564,1.83,17.2,0.3,0.717,0.506,0.13,0.512,0.548,0.512,0.251,0.13,0.3,New Orleans Hornets,82,56,26,0.683,48.3,37.0,80.5,0.46,6.6,18.9,0.351,14.8,19.3,0.771,9.9,30.9,40.8,21.7,13.9,5.7,4.0,3.9,19.2,18.7,95.6,-5.3,1,4,4,4,14,15,16,16,16,21,6,1,1,27,3,18,10,12,14,1,4,28,3,30,5,6,2007-08,0.6829268292682927,2008,2000s
1610612752,New York Knicks,82,23,59,0.28,48.5,36.2,82.4,0.439,6.0,17.7,0.337,18.6,25.5,0.727,12.5,30.0,42.5,18.7,14.5,6.4,2.6,5.2,21.5,20.3,96.9,-6.6,1,25,25,25,3,23,10,27,21,15,27,16,13,23,6,19,10,30,16,24,30,25,20,20,21,25,103.5,110.4,-6.8,92.76,0.44,0.516,1.29,14.7,0.321,0.697,0.502,0.155,0.475,0.518,0.475,0.31,0.155,0.321,New York Knicks,82,23,59,0.28,48.5,38.8,81.8,0.474,7.2,19.4,0.369,18.7,25.3,0.739,11.3,31.4,42.6,21.6,12.8,7.6,5.2,2.6,20.3,21.5,103.5,6.6,1,25,25,25,3,25,20,28,22,25,22,16,17,3,19,20,20,11,28,18,25,30,11,11,22,25,2007-08,0.2804878048780488,2008,2000s
1610612753,Orlando Magic,82,52,30,0.634,48.2,37.3,78.6,0.474,9.8,25.3,0.386,20.1,27.9,0.721,9.4,32.6,42.0,20.8,14.3,6.3,4.1,4.2,20.6,23.1,104.5,5.5,1,9,9,9,18,12,26,5,1,2,4,9,3,27,28,5,12,22,13,27,27,7,13,2,6,5,110.4,104.9,5.6,94.02,0.529,0.558,1.45,16.4,0.274,0.709,0.501,0.151,0.537,0.575,0.537,0.355,0.151,0.274,Orlando Magic,82,52,30,0.634,48.2,37.3,83.6,0.446,6.3,17.6,0.358,18.2,24.1,0.754,11.0,30.7,41.7,21.5,13.2,7.1,4.2,4.1,23.1,20.6,99.0,-5.5,1,9,9,9,18,17,24,7,11,10,13,12,11,15,13,15,16,10,26,11,7,27,29,17,11,5,2007-08,0.6341463414634146,2008,2000s
1610612755,Philadelphia 76ers,82,40,42,0.488,48.2,37.3,81.1,0.46,3.7,11.6,0.317,18.4,26.1,0.706,13.0,28.9,41.9,20.4,14.3,8.7,4.9,5.1,19.8,20.8,96.6,0.4,1,17,17,17,22,13,17,11,30,29,30,19,10,30,2,28,14,23,12,4,12,22,7,18,23,14,105.1,104.7,0.5,91.56,0.5,0.547,1.43,15.9,0.351,0.688,0.515,0.156,0.482,0.522,0.482,0.321,0.156,0.351,Philadelphia 76ers,82,40,42,0.488,48.2,36.6,79.3,0.461,6.8,18.9,0.36,16.2,21.0,0.772,11.3,28.0,39.2,23.2,15.7,6.7,5.1,4.9,20.8,19.8,96.2,-0.4,1,17,17,17,22,11,8,20,19,20,14,3,3,28,18,3,4,24,6,7,22,12,13,24,7,14,2007-08,0.4878048780487805,2008,2000s
1610612756,Phoenix Suns,82,55,27,0.671,48.2,41.4,82.7,0.5,8.5,21.5,0.393,18.9,24.1,0.783,8.8,32.7,41.5,26.7,14.4,6.5,6.3,3.8,19.9,21.1,110.1,5.0,1,6,6,6,18,2,9,1,4,5,1,13,21,4,30,4,20,1,15,22,2,2,8,15,3,7,112.0,107.0,5.0,97.72,0.556,0.645,1.85,19.7,0.253,0.674,0.481,0.147,0.551,0.59,0.551,0.292,0.147,0.253,Phoenix Suns,82,55,27,0.671,48.2,41.1,90.0,0.456,5.7,16.2,0.353,17.2,22.9,0.749,13.4,30.5,43.9,19.6,13.4,7.3,3.8,6.3,21.1,19.9,105.0,-5.0,1,6,6,6,18,29,30,13,5,5,7,7,7,9,30,12,25,6,20,14,2,2,16,23,25,7,2007-08,0.6707317073170732,2008,2000s
1610612757,Portland Trail Blazers,82,41,41,0.5,48.5,35.8,79.8,0.448,6.6,17.4,0.377,17.2,22.5,0.767,11.0,29.7,40.7,21.1,12.9,5.5,4.4,3.7,20.0,20.2,95.4,-1.0,1,15,15,15,1,27,23,20,15,18,7,24,26,13,18,23,25,18,6,30,21,1,9,21,27,17,105.9,106.8,-0.8,89.1,0.495,0.59,1.64,17.0,0.303,0.684,0.495,0.143,0.489,0.532,0.489,0.281,0.143,0.303,Portland Trail Blazers,82,41,41,0.5,48.5,36.4,80.7,0.451,6.5,18.3,0.356,17.1,22.3,0.766,11.7,30.1,41.7,20.9,12.5,6.0,3.7,4.4,20.2,20.0,96.3,1.0,1,15,15,15,1,10,17,8,13,14,9,6,6,24,22,9,17,8,29,4,1,21,9,22,8,17,2007-08,0.5,2008,2000s
1610612758,Sacramento Kings,82,38,44,0.463,48.4,37.1,80.0,0.464,6.2,16.7,0.373,22.1,27.7,0.798,10.1,30.0,40.1,19.1,16.1,7.9,4.1,5.5,22.4,23.1,102.5,-2.3,1,18,18,18,9,14,19,10,17,21,9,2,4,3,24,20,29,29,30,7,26,27,24,3,8,20,106.2,108.6,-2.4,95.81,0.483,0.515,1.19,14.9,0.29,0.689,0.493,0.166,0.503,0.556,0.503,0.346,0.166,0.29,Sacramento Kings,82,38,44,0.463,48.4,38.3,82.1,0.466,7.3,19.5,0.373,21.0,27.9,0.753,11.8,30.1,41.9,22.9,15.2,8.1,5.5,4.1,23.1,22.4,104.8,2.3,1,18,18,18,9,23,21,22,25,26,25,25,26,14,25,9,18,22,8,26,27,26,28,7,24,20,2007-08,0.4634146341463415,2008,2000s
1610612759,San Antonio Spurs,82,56,26,0.683,48.1,35.8,78.3,0.457,7.2,19.6,0.369,16.5,21.6,0.761,9.4,31.9,41.3,21.0,12.6,6.4,4.1,4.4,18.7,19.8,95.4,4.8,1,4,4,4,25,25,28,14,9,10,11,26,27,15,27,10,23,21,4,24,24,10,2,24,27,8,106.0,100.7,5.3,89.72,0.533,0.585,1.66,17.1,0.268,0.733,0.503,0.14,0.504,0.543,0.504,0.276,0.14,0.268,San Antonio Spurs,82,56,26,0.683,48.1,34.8,78.4,0.444,5.1,15.0,0.342,15.8,20.9,0.756,9.5,30.8,40.3,18.2,12.9,6.9,4.4,4.1,19.8,18.7,90.6,-4.8,1,4,4,4,25,4,4,5,3,3,3,2,2,18,1,17,6,1,27,9,10,24,7,29,3,8,2007-08,0.6829268292682927,2008,2000s
1610612760,Seattle SuperSonics,82,20,62,0.244,48.4,38.1,85.8,0.444,3.8,11.5,0.333,17.5,22.8,0.77,11.8,32.8,44.6,21.3,16.0,6.5,4.9,5.4,20.5,19.6,97.5,-8.8,1,29,29,29,9,8,3,23,29,30,28,23,24,9,11,3,2,16,29,23,12,26,12,27,16,30,99.6,108.3,-8.6,97.32,0.45,0.559,1.33,15.9,0.305,0.7,0.502,0.163,0.467,0.509,0.467,0.265,0.163,0.305,Seattle SuperSonics,82,20,62,0.244,48.4,40.1,87.0,0.461,7.4,19.2,0.385,18.7,25.0,0.749,11.7,32.4,44.1,24.4,13.2,8.6,5.4,4.9,19.6,20.5,106.3,8.8,1,29,29,29,9,27,28,18,27,24,28,15,15,10,23,25,26,29,25,29,26,12,4,19,27,30,2007-08,0.2439024390243902,2008,2000s
1610612761,Toronto Raptors,82,41,41,0.5,48.4,38.4,82.0,0.468,7.0,17.8,0.392,16.4,20.2,0.812,9.6,30.4,40.1,23.8,11.7,7.0,4.1,4.1,19.5,18.4,100.2,2.9,1,15,15,15,9,7,13,7,12,14,2,27,30,2,26,14,28,5,2,19,25,5,4,29,13,12,108.9,105.6,3.3,91.35,0.519,0.62,2.04,18.7,0.269,0.709,0.489,0.127,0.511,0.551,0.511,0.247,0.127,0.269,Toronto Raptors,82,41,41,0.5,48.4,36.7,80.1,0.458,7.5,20.5,0.368,16.4,21.1,0.776,10.1,31.5,41.6,21.9,14.0,5.7,4.1,4.1,18.4,19.5,97.3,-2.9,1,15,15,15,9,12,13,15,28,28,21,4,4,30,4,22,13,16,12,1,5,25,2,27,10,12,2007-08,0.5,2008,2000s
1610612762,Utah Jazz,82,54,28,0.659,48.1,40.0,80.4,0.497,5.0,13.4,0.372,21.3,28.0,0.759,11.5,29.4,40.9,26.4,14.6,8.7,4.3,5.1,24.0,23.1,106.2,6.9,1,8,8,8,30,4,18,2,26,26,10,4,2,16,13,26,24,2,19,3,22,22,30,4,5,4,112.1,104.9,7.2,94.64,0.556,0.66,1.8,19.6,0.327,0.71,0.521,0.154,0.528,0.573,0.528,0.349,0.154,0.327,Utah Jazz,82,54,28,0.659,48.1,35.3,76.7,0.461,6.2,17.3,0.357,22.5,30.1,0.749,10.3,27.5,37.8,19.9,15.9,7.5,5.1,4.3,23.1,24.0,99.3,-6.9,1,8,8,8,30,5,2,17,8,8,10,29,30,8,5,1,1,7,4,17,22,22,27,1,13,4,2007-08,0.6585365853658537,2008,2000s
1610612764,Washington Wizards,82,43,39,0.524,48.5,36.4,81.6,0.446,7.0,19.7,0.356,19.0,24.3,0.782,12.3,29.3,41.6,19.6,13.2,7.7,4.8,4.4,19.6,20.2,98.8,-0.3,1,14,14,14,1,20,16,22,11,9,17,12,19,5,8,27,19,27,7,10,15,9,5,21,14,15,107.6,107.9,-0.3,90.85,0.488,0.538,1.49,15.6,0.32,0.695,0.503,0.144,0.489,0.535,0.489,0.297,0.144,0.32,Washington Wizards,82,43,39,0.524,48.5,36.8,79.7,0.461,8.3,21.6,0.386,17.3,22.9,0.754,11.0,30.2,41.2,23.9,14.0,6.5,4.4,4.8,20.2,19.6,99.2,0.3,1,14,14,14,1,13,9,19,30,30,30,9,8,16,13,11,12,27,12,5,9,15,9,26,12,15,2007-08,0.524390243902439,2008,2000s
1610612737,Atlanta Hawks,82,47,35,0.573,48.1,36.0,78.7,0.458,7.3,19.9,0.366,18.7,25.4,0.737,10.6,29.4,40.0,20.2,12.8,7.4,4.6,4.3,19.6,20.5,98.1,1.6,1,12,12,12,29,24,25,11,8,7,16,15,9,28,20,21,23,23,7,14,20,9,5,17,19,12,108.3,106.7,1.7,90.44,0.507,0.561,1.58,16.4,0.295,0.682,0.49,0.141,0.504,0.546,0.504,0.323,0.141,0.295,Atlanta Hawks,82,47,35,0.573,48.1,36.6,80.6,0.454,6.4,18.2,0.353,16.9,22.0,0.769,11.6,30.3,41.9,20.8,13.7,6.5,4.3,4.6,20.5,19.6,96.5,-1.6,1,12,12,12,29,15,16,11,11,16,7,4,6,14,23,14,23,13,19,7,9,20,14,26,10,12,2008-09,0.573170731707317,2009,2000s
1610612738,Boston Celtics,82,62,20,0.756,48.5,37.5,77.2,0.486,6.6,16.5,0.397,19.4,25.3,0.765,10.6,31.5,42.1,22.7,15.6,7.6,4.7,4.7,23.1,22.2,100.9,7.5,1,3,3,3,7,9,28,2,19,21,1,12,11,18,21,7,9,4,28,7,17,13,28,7,11,3,109.5,101.6,7.9,91.15,0.562,0.606,1.45,17.8,0.314,0.715,0.524,0.169,0.528,0.571,0.528,0.328,0.169,0.314,Boston Celtics,82,62,20,0.756,48.5,33.7,78.3,0.431,6.2,17.7,0.349,19.8,25.7,0.771,10.2,27.4,37.6,18.9,14.6,7.1,4.7,4.7,22.2,23.1,93.4,-7.5,1,3,3,3,7,1,9,1,8,13,5,20,22,17,6,2,2,3,9,12,13,17,24,3,3,3,2008-09,0.7560975609756098,2009,2000s
1610612766,Charlotte Bobcats,82,35,47,0.427,48.6,35.0,76.8,0.455,6.0,16.3,0.366,17.7,24.0,0.74,10.8,28.9,39.7,21.2,15.6,7.1,4.8,6.0,21.4,20.9,93.6,-1.3,1,19,19,19,2,29,30,18,23,22,15,26,18,27,18,25,27,10,27,19,14,30,20,13,30,20,103.7,105.0,-1.3,89.18,0.495,0.607,1.36,17.0,0.321,0.686,0.504,0.173,0.494,0.536,0.494,0.312,0.173,0.321,Charlotte Bobcats,82,35,47,0.427,48.6,35.2,77.4,0.454,6.8,18.6,0.366,17.8,23.5,0.756,10.7,28.2,38.9,19.6,14.7,7.6,6.0,4.8,20.9,21.4,94.9,1.3,1,19,19,19,2,6,4,10,16,20,14,10,11,4,12,4,3,6,8,19,30,14,18,11,9,20,2008-09,0.4268292682926829,2009,2000s
1610612741,Chicago Bulls,82,41,41,0.5,48.6,38.1,83.5,0.457,6.0,15.8,0.381,19.9,25.0,0.796,11.8,30.3,42.1,21.1,14.5,7.5,5.5,5.5,20.8,20.8,102.2,-0.3,1,15,15,15,2,8,5,15,22,23,6,7,14,7,7,15,10,13,20,9,4,28,18,14,8,16,107.2,107.5,-0.3,94.1,0.499,0.554,1.45,16.1,0.321,0.675,0.498,0.153,0.493,0.541,0.493,0.3,0.153,0.321,Chicago Bulls,82,41,41,0.5,48.6,38.3,83.7,0.458,5.9,17.1,0.347,19.9,25.3,0.786,12.4,30.4,42.8,21.0,14.4,7.6,5.5,5.5,20.8,20.8,102.5,0.3,1,15,15,15,2,21,27,14,6,7,4,21,19,27,28,15,25,14,13,18,28,4,17,13,21,16,2008-09,0.5,2009,2000s
1610612739,Cleveland Cavaliers,82,66,16,0.805,48.2,36.9,78.7,0.468,8.0,20.4,0.393,18.6,24.5,0.757,10.8,31.4,42.2,20.3,12.7,7.2,5.3,4.1,20.3,20.3,100.3,8.9,1,1,1,1,21,14,24,6,3,5,2,19,15,21,18,8,7,20,6,15,7,6,9,20,13,1,111.2,101.6,9.6,89.61,0.559,0.55,1.59,16.4,0.306,0.707,0.512,0.141,0.519,0.56,0.519,0.312,0.141,0.306,Cleveland Cavaliers,82,66,16,0.805,48.2,33.8,78.6,0.431,5.9,17.6,0.333,17.8,23.1,0.77,10.7,28.2,38.9,19.1,13.9,6.3,4.1,5.3,20.3,20.3,91.4,-8.9,1,1,1,1,21,2,10,2,5,12,1,11,9,15,13,4,4,4,18,4,6,7,11,22,1,1,2008-09,0.8048780487804879,2009,2000s
1610612742,Dallas Mavericks,82,50,32,0.61,48.3,38.1,82.6,0.462,7.0,19.9,0.35,18.5,22.6,0.819,11.1,31.6,42.7,21.7,12.7,7.2,5.2,4.1,19.5,20.1,101.7,2.0,1,9,9,9,14,7,6,9,12,8,25,21,26,2,14,5,5,8,5,17,9,4,4,22,9,10,109.0,107.0,2.0,92.68,0.522,0.569,1.71,17.0,0.297,0.707,0.504,0.136,0.504,0.55,0.504,0.274,0.136,0.297,Dallas Mavericks,82,50,32,0.61,48.3,37.5,82.3,0.455,6.3,16.8,0.375,18.6,23.3,0.798,10.8,30.6,41.4,19.6,13.0,7.2,4.1,5.2,20.1,19.5,99.8,-2.0,1,9,9,9,14,19,19,12,9,6,21,15,10,29,14,18,17,7,26,14,4,9,8,27,15,10,2008-09,0.6097560975609756,2009,2000s
1610612743,Denver Nuggets,82,54,28,0.659,48.1,37.3,79.4,0.47,6.7,18.0,0.371,23.1,30.3,0.76,11.0,30.6,41.6,22.2,15.3,8.7,6.0,5.5,22.9,23.7,104.3,3.4,1,5,5,5,27,10,22,5,16,17,13,2,1,20,15,12,15,6,25,3,2,27,26,2,6,8,109.0,105.6,3.4,95.39,0.529,0.595,1.45,16.9,0.311,0.683,0.503,0.16,0.512,0.563,0.512,0.382,0.16,0.311,Denver Nuggets,82,54,28,0.659,48.1,36.2,82.2,0.44,7.3,20.0,0.366,21.2,27.2,0.782,12.1,29.2,41.2,21.4,15.4,7.9,5.5,6.0,23.7,22.9,100.9,-3.4,1,5,5,5,27,11,18,4,27,27,15,26,24,24,26,7,16,19,5,24,27,2,29,5,18,8,2008-09,0.6585365853658537,2009,2000s
1610612765,Detroit Pistons,82,39,43,0.476,48.5,36.4,80.0,0.454,4.6,13.2,0.349,16.9,22.5,0.751,11.6,29.9,41.4,20.6,11.9,6.0,4.6,4.2,20.9,19.7,94.2,-0.5,1,17,17,17,4,22,17,20,28,28,26,28,27,24,10,17,16,16,2,29,19,7,19,27,28,17,105.8,106.4,-0.6,88.02,0.496,0.567,1.74,16.7,0.311,0.711,0.508,0.133,0.483,0.524,0.483,0.282,0.133,0.311,Detroit Pistons,82,39,43,0.476,48.5,35.1,77.8,0.451,5.3,15.0,0.354,19.3,24.9,0.775,10.5,29.9,40.4,20.1,11.8,5.6,4.2,4.6,19.7,20.9,94.7,0.5,1,17,17,17,4,5,6,8,1,2,9,18,17,20,8,12,10,12,29,1,7,19,4,12,8,17,2008-09,0.4756097560975609,2009,2000s
1610612744,Golden State Warriors,82,29,53,0.354,48.5,39.4,86.0,0.458,6.7,18.0,0.373,23.1,29.2,0.791,11.6,30.4,42.0,20.9,14.6,7.8,6.4,5.0,22.5,23.5,108.6,-3.7,1,24,24,24,10,3,3,12,15,18,11,1,2,8,9,14,11,15,21,6,1,18,25,3,2,24,108.0,111.7,-3.7,99.57,0.478,0.53,1.42,15.4,0.293,0.652,0.473,0.146,0.497,0.549,0.497,0.339,0.146,0.293,Golden State Warriors,82,29,53,0.354,48.5,41.5,88.7,0.468,7.1,18.7,0.38,22.3,28.6,0.779,14.2,32.9,47.1,24.1,15.0,7.9,5.0,6.4,23.5,22.5,112.3,3.7,1,24,24,24,10,30,30,23,22,21,25,28,27,23,30,28,30,29,7,23,18,1,28,6,30,24,2008-09,0.3536585365853658,2009,2000s
1610612745,Houston Rockets,82,53,29,0.646,48.3,36.1,79.6,0.453,7.6,20.2,0.375,18.7,23.2,0.805,10.5,32.5,43.0,20.3,14.1,6.7,4.3,5.3,18.9,20.6,98.4,4.0,1,8,8,8,14,23,21,22,7,6,10,17,21,5,22,2,4,22,16,26,24,23,2,16,17,6,107.1,102.9,4.2,91.23,0.53,0.562,1.44,16.2,0.308,0.714,0.517,0.154,0.501,0.548,0.501,0.292,0.154,0.308,Houston Rockets,82,53,29,0.646,48.3,36.5,82.1,0.444,5.7,15.8,0.357,15.8,21.1,0.749,10.6,29.3,39.9,19.8,12.3,7.2,5.3,4.3,20.6,18.9,94.4,-4.0,1,8,8,8,14,13,17,5,4,4,11,2,2,1,11,9,6,8,28,13,23,24,15,29,7,6,2008-09,0.6463414634146342,2009,2000s
1610612754,Indiana Pacers,82,36,46,0.439,48.4,39.3,86.3,0.455,8.0,21.0,0.378,18.6,23.0,0.807,11.3,32.5,43.7,21.6,14.5,7.0,5.3,5.4,23.1,20.6,105.1,-1.1,1,18,18,18,11,4,2,19,4,4,8,18,23,3,12,3,2,9,19,20,8,26,27,15,5,19,107.2,108.2,-1.0,97.34,0.489,0.551,1.49,16.3,0.291,0.707,0.498,0.148,0.501,0.545,0.501,0.267,0.148,0.291,Indiana Pacers,82,36,46,0.439,48.4,38.3,83.7,0.458,6.9,18.5,0.375,22.6,29.6,0.764,11.1,33.0,44.1,21.1,14.0,7.7,5.4,5.3,20.6,23.1,106.2,1.1,1,18,18,18,11,21,26,15,18,18,20,29,29,12,19,29,28,16,15,21,26,8,16,4,26,19,2008-09,0.4390243902439024,2009,2000s
1610612746,Los Angeles Clippers,82,19,63,0.232,48.5,36.0,81.7,0.441,6.5,18.5,0.354,16.5,22.4,0.736,10.9,29.0,39.8,21.0,14.9,7.0,5.9,5.0,20.1,19.6,95.1,-8.8,1,28,28,28,7,25,10,30,20,16,23,29,28,29,17,23,24,14,23,21,3,18,6,28,27,30,101.0,110.1,-9.2,93.3,0.441,0.583,1.41,16.4,0.287,0.679,0.479,0.158,0.481,0.52,0.481,0.275,0.158,0.287,Los Angeles Clippers,82,19,63,0.232,48.5,39.2,83.0,0.473,6.5,17.5,0.375,18.9,24.8,0.76,11.7,32.4,44.1,23.8,13.3,8.0,5.0,5.9,19.6,20.1,103.9,8.8,1,28,28,28,7,25,23,24,13,10,19,16,16,8,25,27,27,28,21,25,18,3,3,24,25,30,2008-09,0.2317073170731707,2009,2000s
1610612747,Los Angeles Lakers,82,65,17,0.793,48.2,40.3,85.1,0.474,6.7,18.5,0.361,19.6,25.5,0.77,12.4,31.5,43.9,23.3,13.5,8.8,5.1,4.8,20.7,22.1,106.9,7.7,1,2,2,2,21,2,4,4,17,15,19,11,8,14,3,6,1,2,11,2,10,14,17,8,3,2,111.4,103.5,7.9,95.49,0.547,0.577,1.73,17.3,0.326,0.698,0.514,0.14,0.513,0.555,0.513,0.299,0.14,0.326,Los Angeles Lakers,82,65,17,0.793,48.2,37.2,83.2,0.447,7.1,20.7,0.345,17.7,23.5,0.753,11.7,29.8,41.5,22.6,15.5,7.7,4.8,5.1,22.1,20.7,99.3,-7.7,1,2,2,2,21,18,24,6,24,28,3,9,13,2,24,11,19,26,4,21,14,10,23,14,13,2,2008-09,0.7926829268292683,2009,2000s
1610612763,Memphis Grizzlies,82,24,58,0.293,48.3,34.9,77.0,0.454,4.9,13.5,0.36,19.1,25.3,0.756,10.3,28.5,38.8,17.4,15.3,7.5,4.7,5.4,21.7,21.8,93.9,-5.5,1,25,25,25,14,30,29,21,25,27,21,13,10,22,24,28,30,30,24,9,18,25,21,9,29,26,102.3,108.2,-6.0,91.22,0.457,0.497,1.14,14.2,0.297,0.697,0.495,0.166,0.486,0.533,0.486,0.329,0.166,0.297,Memphis Grizzlies,82,24,58,0.293,48.3,36.8,77.8,0.473,6.5,18.4,0.355,19.2,24.9,0.77,10.3,29.6,39.9,21.2,14.6,7.7,5.4,4.7,21.8,21.7,99.3,5.5,1,25,25,25,14,16,5,25,13,17,10,17,18,16,7,10,7,17,10,20,25,18,21,10,14,26,2008-09,0.2926829268292683,2009,2000s
1610612748,Miami Heat,82,43,39,0.524,48.7,37.0,81.0,0.457,7.1,19.9,0.357,17.2,22.8,0.754,10.1,29.4,39.5,20.4,12.5,7.9,5.5,4.1,20.7,19.9,98.3,0.3,1,14,14,14,1,13,15,16,11,9,22,27,24,23,26,22,28,18,3,5,5,5,16,26,18,14,106.8,106.5,0.3,90.8,0.505,0.551,1.63,16.3,0.282,0.693,0.484,0.136,0.5,0.54,0.5,0.282,0.136,0.282,Miami Heat,82,43,39,0.524,48.7,35.6,78.2,0.455,7.2,18.5,0.389,19.6,25.4,0.771,10.9,30.9,41.9,20.1,15.2,6.4,4.1,5.5,19.9,20.7,98.0,-0.3,1,14,14,14,1,8,8,13,25,18,28,19,20,18,17,21,21,10,6,6,5,5,5,15,12,14,2008-09,0.524390243902439,2009,2000s
1610612749,Milwaukee Bucks,82,34,48,0.415,48.2,36.7,82.4,0.445,6.2,17.2,0.363,19.7,25.2,0.78,11.9,28.9,40.7,22.0,14.1,7.4,3.8,4.6,24.2,22.5,99.3,-1.1,1,20,20,20,21,16,8,27,21,20,18,9,13,11,6,24,20,7,14,12,29,11,30,5,15,18,105.2,106.3,-1.1,93.89,0.485,0.599,1.56,16.8,0.31,0.699,0.496,0.149,0.483,0.531,0.483,0.306,0.149,0.31,Milwaukee Bucks,82,34,48,0.415,48.2,34.8,76.0,0.458,6.9,18.1,0.378,23.9,30.2,0.791,10.1,30.8,41.0,21.1,16.5,7.5,4.6,3.8,22.5,24.2,100.4,1.1,1,20,20,20,21,4,1,16,17,15,23,30,30,28,5,20,14,15,1,17,11,29,26,1,16,18,2008-09,0.4146341463414634,2009,2000s
1610612750,Minnesota Timberwolves,82,24,58,0.293,48.3,36.4,82.5,0.441,6.6,18.8,0.353,18.3,23.9,0.769,11.9,29.8,41.7,20.4,14.2,6.2,3.9,5.9,21.8,20.0,97.8,-4.9,1,25,25,25,14,21,7,29,18,13,24,22,19,15,5,18,14,17,17,28,28,29,22,24,21,25,104.9,109.9,-5.0,92.76,0.453,0.561,1.44,15.9,0.321,0.717,0.511,0.152,0.481,0.526,0.481,0.289,0.152,0.321,Minnesota Timberwolves,82,24,58,0.293,48.3,37.9,80.0,0.474,6.5,17.3,0.377,20.3,26.2,0.778,9.9,31.0,40.9,21.5,12.5,7.4,5.9,3.9,20.0,21.8,102.7,4.9,1,25,25,25,14,20,13,26,13,8,22,23,23,22,3,22,13,20,27,16,29,28,7,9,22,25,2008-09,0.2926829268292683,2009,2000s
1610612751,New Jersey Nets,82,34,48,0.415,48.4,35.7,79.7,0.448,8.0,21.2,0.376,18.8,24.1,0.779,10.4,29.5,39.8,20.0,13.1,6.8,4.8,4.8,22.4,20.5,98.1,-2.4,1,20,20,20,11,27,18,24,4,3,9,14,17,12,23,20,25,26,9,24,15,15,24,18,20,21,106.8,109.5,-2.7,91.12,0.474,0.559,1.52,16.0,0.288,0.703,0.493,0.143,0.497,0.543,0.497,0.303,0.143,0.288,New Jersey Nets,82,34,48,0.415,48.4,36.0,77.9,0.462,7.3,18.7,0.391,21.2,27.8,0.762,10.6,30.8,41.4,21.9,13.5,6.9,4.8,4.8,20.5,22.4,100.5,2.4,1,20,20,20,11,10,7,19,26,22,29,25,26,10,10,19,18,23,20,10,15,15,13,7,17,21,2008-09,0.4146341463414634,2009,2000s
1610612740,New Orleans Hornets,82,49,33,0.598,48.2,35.5,77.6,0.457,6.8,18.6,0.364,18.0,22.4,0.807,9.8,29.9,39.7,19.6,12.5,7.2,4.1,3.5,20.3,20.4,95.8,1.5,1,10,10,10,26,28,27,14,13,14,17,25,29,4,28,16,26,28,4,15,26,1,11,19,26,13,107.6,105.8,1.8,88.74,0.515,0.553,1.56,16.3,0.282,0.707,0.496,0.141,0.501,0.548,0.501,0.288,0.141,0.282,New Orleans Hornets,82,49,33,0.598,48.2,34.8,77.2,0.45,7.0,19.8,0.354,17.7,22.9,0.773,10.0,30.0,40.0,20.1,13.3,5.8,3.5,4.1,20.4,20.3,94.3,-1.5,1,10,10,10,26,3,3,7,20,24,8,8,7,19,4,13,8,11,23,2,1,26,12,20,5,13,2008-09,0.5975609756097561,2009,2000s
1610612752,New York Knicks,82,32,50,0.39,48.3,38.5,86.5,0.445,10.0,27.9,0.36,18.2,23.2,0.784,11.1,31.0,42.1,21.2,14.3,7.4,2.5,5.3,20.4,19.4,105.2,-2.6,1,23,23,23,14,5,1,28,1,1,20,24,22,10,13,9,8,11,18,11,30,24,13,29,4,22,107.0,109.4,-2.5,97.82,0.467,0.551,1.48,16.0,0.277,0.696,0.48,0.146,0.503,0.544,0.503,0.268,0.146,0.277,New York Knicks,82,32,50,0.39,48.3,41.2,85.9,0.48,7.0,19.8,0.351,18.5,24.4,0.758,11.6,34.5,46.1,21.6,14.5,8.0,5.3,2.5,19.4,20.4,107.8,2.6,1,23,23,23,14,29,29,28,19,24,6,14,15,6,22,30,29,22,11,26,24,30,2,18,28,22,2008-09,0.3902439024390244,2009,2000s
1610612760,Oklahoma City Thunder,82,23,59,0.28,48.3,36.6,81.9,0.447,4.0,11.6,0.346,19.8,25.2,0.786,12.2,30.5,42.6,20.3,16.2,7.4,4.5,5.0,20.2,20.2,97.0,-6.1,1,27,27,27,14,17,9,26,30,30,28,8,12,9,4,13,6,20,30,13,22,17,8,21,24,27,101.4,107.6,-6.2,95.1,0.464,0.555,1.25,15.6,0.309,0.716,0.508,0.17,0.471,0.521,0.471,0.308,0.17,0.309,Oklahoma City Thunder,82,23,59,0.28,48.3,39.4,82.9,0.475,6.4,17.5,0.364,17.9,23.5,0.761,10.8,30.4,41.2,21.6,13.9,8.5,5.0,4.5,20.2,20.2,103.1,6.1,1,27,27,27,14,26,22,27,10,11,13,12,12,9,14,17,15,21,16,28,17,22,10,23,23,27,2008-09,0.2804878048780488,2009,2000s
1610612753,Orlando Magic,82,59,23,0.72,48.1,35.7,78.2,0.457,10.0,26.2,0.381,19.6,27.5,0.715,10.0,33.3,43.3,19.4,13.9,7.0,5.4,3.8,20.3,22.4,101.0,6.7,1,4,4,4,27,26,26,17,2,2,7,10,4,30,27,1,3,29,12,22,6,2,10,6,10,4,108.3,101.3,7.1,92.99,0.545,0.544,1.39,15.6,0.273,0.717,0.502,0.149,0.52,0.559,0.52,0.351,0.149,0.273,Orlando Magic,82,59,23,0.72,48.1,35.8,82.7,0.433,5.4,15.8,0.342,17.3,23.0,0.755,10.5,31.6,42.1,18.1,13.1,6.9,3.8,5.4,22.4,20.3,94.4,-6.7,1,4,4,4,27,9,20,3,2,3,2,6,8,3,9,25,24,2,25,9,2,6,25,21,6,4,2008-09,0.7195121951219512,2009,2000s
1610612755,Philadelphia 76ers,82,41,41,0.5,48.2,36.5,79.7,0.459,4.2,13.1,0.318,20.1,27.0,0.745,12.7,28.5,41.2,20.1,14.1,8.0,5.1,4.9,20.1,21.8,97.4,0.1,1,15,15,15,24,18,20,10,29,29,30,6,6,25,2,29,17,24,15,4,12,16,6,9,22,15,106.3,106.1,0.2,91.3,0.503,0.55,1.42,15.8,0.342,0.68,0.508,0.154,0.485,0.532,0.485,0.339,0.154,0.342,Philadelphia 76ers,82,41,41,0.5,48.2,36.5,79.1,0.462,7.1,19.5,0.367,17.1,21.9,0.782,11.4,27.9,39.3,21.9,15.6,7.0,4.9,5.1,21.8,20.1,97.3,-0.1,1,15,15,15,24,14,11,18,23,23,17,5,5,25,21,3,5,25,3,11,16,12,21,24,11,15,2008-09,0.5,2009,2000s
1610612756,Phoenix Suns,82,46,36,0.561,48.2,41.1,81.6,0.504,6.7,17.6,0.383,20.4,27.5,0.744,11.0,30.7,41.7,23.2,15.7,7.2,5.1,4.5,20.6,22.9,109.4,1.9,1,13,13,13,24,1,11,1,14,19,5,5,5,26,16,10,12,3,29,18,10,10,15,4,1,11,112.4,110.4,2.0,96.99,0.525,0.565,1.48,17.4,0.308,0.682,0.503,0.161,0.545,0.584,0.545,0.336,0.161,0.308,Phoenix Suns,82,46,36,0.561,48.2,40.0,85.7,0.467,7.6,19.9,0.383,19.9,25.7,0.775,12.1,28.7,40.8,21.2,14.2,8.6,4.5,5.1,22.9,20.6,107.5,-1.9,1,13,13,13,24,27,28,22,28,26,26,22,21,21,27,6,12,18,14,30,10,10,27,16,27,11,2008-09,0.5609756097560976,2009,2000s
1610612757,Portland Trail Blazers,82,54,28,0.659,48.4,36.8,79.2,0.465,7.3,19.0,0.383,18.5,24.2,0.765,12.9,28.8,41.7,20.3,12.9,6.7,4.9,3.9,20.4,21.1,99.4,5.3,1,5,5,5,11,15,23,8,9,12,4,20,16,17,1,27,12,19,8,25,13,3,12,12,14,5,112.1,106.1,6.0,88.02,0.531,0.552,1.58,16.4,0.355,0.708,0.528,0.145,0.511,0.553,0.511,0.306,0.145,0.355,Portland Trail Blazers,82,54,28,0.659,48.4,35.4,76.9,0.46,5.9,15.9,0.374,17.4,21.7,0.803,9.6,26.7,36.3,19.4,13.2,6.3,3.9,4.9,21.1,20.4,94.1,-5.3,1,5,5,5,11,7,2,17,7,5,18,7,4,30,2,1,1,5,24,3,3,13,19,19,4,5,2008-09,0.6585365853658537,2009,2000s
1610612758,Sacramento Kings,82,17,65,0.207,48.5,36.5,81.5,0.447,7.1,19.4,0.368,20.5,25.7,0.798,10.2,28.9,39.1,19.7,15.4,6.9,4.3,5.2,23.3,21.2,100.6,-8.8,1,30,30,30,4,20,12,25,10,11,14,4,7,6,25,25,29,27,26,23,25,20,29,11,12,29,104.4,113.4,-9.0,95.29,0.44,0.541,1.28,15.3,0.289,0.669,0.477,0.16,0.491,0.542,0.491,0.315,0.16,0.289,Sacramento Kings,82,17,65,0.207,48.5,40.0,82.8,0.483,7.1,17.4,0.406,22.2,29.4,0.756,12.4,31.6,44.0,21.9,14.4,8.6,5.2,4.3,21.2,23.3,109.3,8.8,1,30,30,30,4,28,21,30,21,9,30,27,28,5,29,26,26,24,12,29,20,25,20,2,29,29,2008-09,0.2073170731707317,2009,2000s
1610612759,San Antonio Spurs,82,54,28,0.659,48.5,37.1,79.7,0.466,7.6,19.8,0.386,15.2,20.0,0.761,8.9,32.2,41.0,21.2,11.7,5.8,4.0,4.3,18.9,18.4,97.0,3.8,1,5,5,5,4,12,19,7,6,10,3,30,30,19,30,4,18,12,1,30,27,8,1,30,23,7,107.6,103.4,4.2,89.19,0.523,0.571,1.8,17.3,0.258,0.74,0.502,0.13,0.513,0.548,0.513,0.251,0.13,0.258,San Antonio Spurs,82,54,28,0.659,48.5,36.3,80.1,0.453,5.5,14.4,0.379,15.3,19.9,0.769,9.1,31.3,40.4,18.1,11.7,6.5,4.3,4.0,18.4,18.9,93.3,-3.8,1,5,5,5,4,12,15,9,3,1,24,1,1,13,1,24,11,1,30,8,8,27,1,30,2,7,2008-09,0.6585365853658537,2009,2000s
1610612761,Toronto Raptors,82,33,49,0.402,48.3,37.2,81.4,0.458,5.8,15.7,0.372,18.7,22.7,0.824,9.8,30.6,40.4,22.4,13.4,6.4,4.8,4.7,19.4,20.1,99.0,-2.8,1,22,22,22,14,11,13,13,24,24,12,16,25,1,28,11,21,5,10,27,16,12,3,22,16,23,105.5,108.6,-3.0,93.26,0.492,0.601,1.67,17.5,0.276,0.706,0.493,0.143,0.494,0.542,0.494,0.279,0.143,0.276,Toronto Raptors,82,33,49,0.402,48.3,38.7,83.3,0.465,7.7,20.9,0.367,16.8,21.5,0.784,10.9,31.0,41.9,23.0,13.3,6.4,4.7,4.8,20.1,19.4,101.9,2.8,1,22,22,22,14,24,25,21,29,29,16,3,3,26,16,22,22,27,21,5,12,16,8,28,20,23,2008-09,0.4024390243902439,2009,2000s
1610612762,Utah Jazz,82,48,34,0.585,48.5,38.3,80.8,0.475,4.8,13.7,0.349,22.1,28.7,0.771,11.5,29.5,41.0,24.7,14.8,8.8,4.6,5.2,22.3,24.0,103.6,2.6,1,11,11,11,7,6,16,3,27,26,27,3,3,13,11,19,19,1,22,1,21,21,23,1,7,9,108.5,105.8,2.7,94.47,0.535,0.644,1.67,18.4,0.316,0.693,0.505,0.155,0.504,0.554,0.504,0.355,0.155,0.316,Utah Jazz,82,48,34,0.585,48.5,36.8,79.4,0.464,6.5,18.0,0.361,20.8,27.2,0.763,11.1,29.2,40.3,20.0,16.1,8.0,5.2,4.6,24.0,22.3,100.9,-2.6,1,11,11,11,7,17,12,20,12,14,12,24,25,11,18,8,9,9,2,27,21,21,30,8,18,9,2008-09,0.5853658536585366,2009,2000s
1610612764,Washington Wizards,82,19,63,0.232,48.1,36.5,81.2,0.45,4.8,14.6,0.33,18.2,23.8,0.767,11.7,28.4,40.1,20.0,14.0,7.5,4.5,5.3,20.5,20.0,96.1,-7.5,1,28,28,28,29,19,14,23,26,25,29,23,20,16,8,30,22,25,13,8,23,22,14,25,25,28,104.0,112.1,-8.1,92.26,0.448,0.548,1.43,15.8,0.313,0.689,0.495,0.151,0.48,0.524,0.48,0.293,0.151,0.313,Washington Wizards,82,19,63,0.232,48.1,38.6,80.1,0.482,8.2,21.2,0.387,18.1,23.9,0.759,11.4,30.4,41.8,24.6,13.9,7.2,5.3,4.5,20.0,20.5,103.5,7.5,1,28,28,28,29,23,14,29,30,30,27,13,14,7,20,15,20,30,16,15,22,23,6,17,24,28,2008-09,0.2317073170731707,2009,2000s
1610612737,Atlanta Hawks,82,53,29,0.646,48.4,38.8,82.9,0.468,6.4,17.7,0.36,17.7,23.3,0.759,11.8,29.9,41.7,21.8,12.0,7.2,5.0,4.4,19.9,19.3,101.7,4.7,1,6,6,6,10,6,12,11,14,15,9,21,23,15,6,23,17,12,1,15,14,7,8,28,13,7,111.0,106.0,4.9,90.77,0.523,0.562,1.83,17.1,0.32,0.685,0.502,0.13,0.506,0.545,0.506,0.281,0.13,0.32,Atlanta Hawks,82,53,29,0.646,48.4,37.2,80.8,0.46,5.9,17.0,0.345,16.8,22.6,0.745,11.2,30.1,41.4,21.0,13.8,6.2,4.4,5.0,19.3,19.9,97.0,-4.7,1,6,6,6,10,13,10,16,5,7,9,3,6,3,20,13,15,17,20,2,7,14,3,23,10,7,2009-10,0.6463414634146342,2010,2000s
1610612738,Boston Celtics,82,50,32,0.61,48.2,37.1,76.8,0.483,6.1,17.5,0.348,19.0,25.5,0.746,8.7,29.9,38.6,23.5,14.9,8.5,4.9,4.7,22.1,21.7,99.2,3.7,1,9,9,9,17,21,30,4,16,16,17,15,10,21,30,25,29,2,21,2,15,15,22,8,19,9,106.9,103.2,3.7,92.22,0.54,0.635,1.58,18.5,0.274,0.697,0.493,0.16,0.522,0.564,0.522,0.332,0.16,0.274,Boston Celtics,82,50,32,0.61,48.2,35.1,77.9,0.451,5.7,16.8,0.342,19.6,26.2,0.746,10.6,29.5,40.1,19.3,15.6,7.0,4.7,4.9,21.7,22.1,95.6,-3.7,1,9,9,9,17,3,4,9,4,5,4,21,25,5,9,8,9,6,2,13,15,15,23,9,5,9,2009-10,0.6097560975609756,2010,2000s
1610612766,Charlotte Bobcats,82,44,38,0.537,48.5,34.9,76.9,0.453,5.6,16.2,0.346,20.0,26.6,0.751,10.5,30.4,40.8,20.2,15.7,7.7,5.4,6.1,19.5,22.0,95.3,1.5,1,15,15,15,5,29,29,22,22,22,21,4,5,20,21,19,22,22,29,8,7,29,5,6,28,15,103.9,102.0,1.9,90.91,0.518,0.58,1.29,16.1,0.315,0.698,0.51,0.172,0.49,0.538,0.49,0.346,0.172,0.315,Charlotte Bobcats,82,44,38,0.537,48.5,35.7,79.7,0.448,7.0,20.7,0.338,15.5,20.9,0.743,10.6,29.0,39.6,20.3,15.3,7.5,6.1,5.4,22.0,19.5,93.8,-1.5,1,15,15,15,5,5,7,6,26,30,2,1,1,1,9,5,6,11,3,20,29,7,25,26,1,15,2009-10,0.5365853658536586,2010,2000s
1610612741,Chicago Bulls,82,41,41,0.5,48.5,37.6,83.2,0.451,4.3,13.0,0.33,18.0,23.9,0.754,11.4,33.1,44.5,20.8,14.3,6.5,5.8,5.3,20.1,20.0,97.5,-1.6,1,17,17,17,2,18,10,23,29,29,28,18,20,18,12,2,1,19,15,24,2,23,11,24,24,18,102.6,104.2,-1.6,94.02,0.5,0.553,1.45,16.0,0.303,0.709,0.509,0.151,0.477,0.52,0.477,0.287,0.151,0.303,Chicago Bulls,82,41,41,0.5,48.5,37.1,84.0,0.442,7.1,20.5,0.348,17.8,23.9,0.744,11.2,31.6,42.7,20.9,13.3,7.0,5.3,5.8,20.0,20.1,99.1,1.6,1,17,17,17,2,12,26,3,27,28,12,13,14,2,18,22,22,15,24,13,23,2,7,20,13,18,2009-10,0.5,2010,2000s
1610612739,Cleveland Cavaliers,82,61,21,0.744,48.2,37.8,77.9,0.485,7.3,19.3,0.381,19.1,26.6,0.72,9.6,32.8,42.5,22.4,13.9,6.9,5.2,4.0,19.4,20.8,102.1,6.5,1,1,1,1,17,15,28,3,8,8,2,12,5,30,27,3,11,6,12,21,10,2,3,15,9,2,110.6,103.8,6.8,91.77,0.552,0.592,1.61,17.7,0.293,0.725,0.519,0.15,0.532,0.57,0.532,0.341,0.15,0.293,Cleveland Cavaliers,82,61,21,0.744,48.2,35.8,80.9,0.442,6.4,18.4,0.347,17.6,23.3,0.757,9.7,28.9,38.5,20.3,12.7,6.6,4.0,5.2,20.8,19.4,95.6,-6.5,1,1,1,1,17,6,11,4,14,15,11,11,11,15,2,3,2,10,28,4,2,10,16,28,6,2,2009-10,0.7439024390243902,2010,2000s
1610612742,Dallas Mavericks,82,55,27,0.671,48.5,38.3,82.4,0.464,6.8,18.3,0.372,18.6,22.8,0.816,10.2,31.5,41.7,23.4,12.9,7.6,5.5,4.1,19.1,20.1,102.0,2.7,1,4,4,4,5,11,14,12,10,13,5,16,25,1,24,10,17,3,3,10,6,5,1,21,11,12,107.8,105.0,2.8,93.6,0.534,0.611,1.81,18.0,0.279,0.697,0.493,0.137,0.506,0.552,0.506,0.277,0.137,0.279,Dallas Mavericks,82,55,27,0.671,48.5,37.9,83.0,0.457,6.4,18.5,0.347,17.1,22.5,0.758,11.2,31.6,42.9,20.2,14.6,6.9,4.1,5.5,20.1,19.1,99.3,-2.7,1,4,4,4,5,18,19,15,16,18,10,7,5,16,20,23,25,9,10,7,5,6,10,30,15,12,2009-10,0.6707317073170732,2010,2000s
1610612743,Denver Nuggets,82,53,29,0.646,48.2,38.1,81.4,0.468,6.6,18.5,0.359,23.6,30.6,0.772,10.8,30.5,41.4,21.0,13.9,8.3,5.1,5.3,22.5,23.7,106.5,4.1,1,6,6,6,17,13,17,10,12,12,10,1,1,9,17,16,20,18,11,3,13,23,27,1,3,8,110.8,106.5,4.4,95.61,0.524,0.55,1.51,16.1,0.304,0.687,0.498,0.144,0.509,0.561,0.509,0.376,0.144,0.304,Denver Nuggets,82,53,29,0.646,48.2,37.7,82.5,0.456,6.4,18.3,0.349,20.7,26.9,0.768,11.6,30.6,42.3,21.0,15.1,7.0,5.3,5.1,23.7,22.5,102.4,-4.1,1,6,6,6,17,16,17,14,13,14,13,27,26,27,26,17,20,18,7,13,23,13,30,4,20,8,2009-10,0.6463414634146342,2010,2000s
1610612765,Detroit Pistons,82,27,55,0.329,48.2,35.9,80.5,0.445,4.6,14.5,0.314,17.7,24.4,0.728,12.8,27.3,40.2,19.4,13.4,7.3,3.8,4.9,22.2,20.8,94.0,-5.1,1,24,24,24,17,28,21,27,28,26,30,20,16,27,2,30,27,26,7,14,27,16,24,16,29,27,104.5,110.3,-5.9,89.46,0.448,0.541,1.45,15.5,0.346,0.697,0.51,0.149,0.474,0.515,0.474,0.303,0.149,0.346,Detroit Pistons,82,27,55,0.329,48.2,36.2,75.3,0.48,6.9,18.5,0.375,19.9,25.9,0.767,9.9,29.5,39.4,23.1,14.3,6.7,4.9,3.8,20.8,22.2,99.1,5.1,1,24,24,24,17,9,1,26,24,16,29,23,22,26,5,9,4,25,15,5,16,27,15,7,14,27,2009-10,0.3292682926829268,2010,2000s
1610612744,Golden State Warriors,82,26,56,0.317,48.1,40.6,86.5,0.469,7.7,20.6,0.375,19.9,25.4,0.782,9.2,29.2,38.4,22.4,14.7,9.3,4.1,5.0,23.0,21.4,108.8,-3.6,1,26,26,26,26,2,1,8,7,7,4,5,11,5,29,27,30,5,19,1,25,17,30,10,2,22,107.0,110.3,-3.3,101.52,0.47,0.552,1.53,16.5,0.254,0.659,0.453,0.144,0.514,0.557,0.514,0.294,0.144,0.254,Golden State Warriors,82,26,56,0.317,48.1,41.6,85.8,0.485,6.9,18.5,0.375,22.3,29.1,0.767,13.4,34.7,48.1,24.1,17.6,7.9,5.0,4.1,21.4,23.0,112.4,3.6,1,26,26,26,26,30,29,29,23,16,28,30,30,25,30,29,30,29,1,26,17,25,21,1,30,22,2009-10,0.3170731707317073,2010,2000s
1610612745,Houston Rockets,82,42,40,0.512,48.5,37.7,84.4,0.447,7.9,22.4,0.351,19.0,24.7,0.772,11.8,30.1,42.0,21.8,14.5,7.1,3.9,6.5,20.9,22.4,102.4,-0.4,1,16,16,16,2,16,3,26,5,4,15,14,13,10,5,21,13,11,17,18,26,30,17,2,8,16,106.8,106.8,0.0,94.91,0.489,0.579,1.51,16.5,0.309,0.699,0.498,0.151,0.494,0.537,0.494,0.292,0.151,0.309,Houston Rockets,82,42,40,0.512,48.5,39.5,83.0,0.475,6.0,16.4,0.364,17.9,23.4,0.764,10.7,32.1,42.8,20.9,14.7,7.3,6.5,3.9,22.4,20.9,102.7,0.4,1,16,16,16,2,25,20,23,8,4,24,14,13,22,12,24,23,16,9,19,30,26,28,14,22,16,2009-10,0.5121951219512195,2010,2000s
1610612754,Indiana Pacers,82,32,50,0.39,48.1,36.8,83.2,0.443,8.0,23.1,0.348,19.1,24.6,0.775,9.6,31.9,41.5,21.1,15.0,7.1,5.4,5.0,22.5,20.8,100.8,-3.0,1,21,21,21,29,22,11,28,4,3,18,13,14,8,28,6,19,15,25,17,8,18,28,14,16,21,103.0,106.0,-3.0,97.77,0.476,0.573,1.4,16.1,0.255,0.69,0.473,0.154,0.491,0.536,0.491,0.296,0.154,0.255,Indiana Pacers,82,32,50,0.39,48.1,38.0,83.8,0.453,6.2,17.1,0.363,21.6,28.6,0.756,11.8,34.8,46.6,20.7,15.0,8.0,5.0,5.4,20.8,22.5,103.8,3.0,1,21,21,21,29,19,25,13,10,9,21,29,29,14,28,30,29,13,8,28,18,8,17,3,23,21,2009-10,0.3902439024390244,2010,2000s
1610612746,Los Angeles Clippers,82,29,53,0.354,48.1,36.6,80.5,0.455,5.9,17.8,0.332,16.6,22.8,0.73,11.3,30.5,41.8,22.1,15.7,6.5,5.7,4.4,19.3,19.4,95.7,-6.4,1,22,22,22,29,25,22,20,19,14,27,28,26,26,13,17,14,9,28,23,3,9,2,27,27,28,102.3,109.1,-6.8,93.44,0.465,0.603,1.41,17.1,0.305,0.697,0.5,0.168,0.491,0.529,0.491,0.283,0.168,0.305,Los Angeles Clippers,82,29,53,0.354,48.1,38.9,82.8,0.47,6.5,17.8,0.363,17.7,23.3,0.762,10.7,30.4,41.1,23.5,12.9,8.4,4.4,5.7,19.4,19.3,102.1,6.4,1,22,22,22,29,21,18,21,18,12,22,12,12,20,13,16,13,27,26,29,9,3,4,29,19,28,2009-10,0.3536585365853658,2010,2000s
1610612747,Los Angeles Lakers,82,57,25,0.695,48.4,38.3,83.8,0.457,6.5,19.0,0.341,18.5,24.2,0.765,11.9,32.5,44.3,21.1,13.4,7.5,4.9,4.4,19.4,21.2,101.7,4.7,1,3,3,3,12,9,7,18,13,10,24,17,17,12,4,4,2,15,6,11,16,9,4,12,12,6,107.6,102.7,4.9,93.73,0.529,0.55,1.58,16.2,0.314,0.708,0.512,0.141,0.496,0.538,0.496,0.289,0.141,0.314,Los Angeles Lakers,82,57,25,0.695,48.4,37.2,83.4,0.446,6.3,19.3,0.328,16.2,21.7,0.75,11.1,31.0,42.2,21.9,14.1,7.0,4.4,4.9,21.2,19.4,97.0,-4.7,1,3,3,3,12,14,23,5,11,25,1,2,2,7,17,20,18,21,18,10,9,16,19,27,9,6,2009-10,0.6951219512195121,2010,2000s
1610612763,Memphis Grizzlies,82,40,42,0.488,48.5,39.3,83.8,0.469,4.2,12.4,0.337,19.7,26.9,0.733,13.0,30.4,43.5,18.8,15.2,7.9,4.9,6.1,20.2,22.4,102.5,-1.5,1,18,18,18,2,4,7,9,30,30,26,8,4,25,1,18,4,29,27,7,18,28,12,2,7,17,107.5,109.0,-1.5,94.29,0.486,0.479,1.24,14.4,0.355,0.698,0.523,0.16,0.494,0.536,0.494,0.32,0.16,0.355,Memphis Grizzlies,82,40,42,0.488,48.5,40.0,83.5,0.478,7.0,19.7,0.354,17.1,22.7,0.755,11.1,28.6,39.7,22.9,14.2,7.7,6.1,4.9,22.4,20.2,104.0,1.5,1,18,18,18,2,27,24,24,25,26,15,7,7,12,15,2,7,23,17,24,28,18,28,19,24,17,2009-10,0.4878048780487805,2010,2000s
1610612748,Miami Heat,82,47,35,0.573,48.5,36.4,79.5,0.458,6.0,17.4,0.346,17.7,23.5,0.752,10.7,31.1,41.8,18.9,13.2,7.4,5.6,4.3,20.9,20.0,96.5,2.3,1,13,13,13,5,26,25,17,17,17,19,21,21,19,19,13,15,28,4,12,4,6,16,25,25,13,105.7,103.4,2.4,90.3,0.522,0.519,1.43,15.4,0.294,0.701,0.5,0.144,0.496,0.537,0.496,0.296,0.144,0.294,Miami Heat,82,47,35,0.573,48.5,34.3,78.1,0.439,6.4,18.7,0.342,19.2,25.5,0.754,10.4,30.3,40.7,18.8,14.4,6.3,4.3,5.6,20.0,20.9,94.2,-2.3,1,13,13,13,5,1,5,2,14,20,5,19,20,11,8,15,11,1,12,3,6,4,6,15,2,13,2009-10,0.573170731707317,2010,2000s
1610612749,Milwaukee Bucks,82,46,36,0.561,48.7,37.2,85.3,0.436,7.9,22.1,0.356,15.4,20.4,0.755,11.8,31.2,43.0,21.2,13.2,7.1,4.7,5.1,22.2,20.3,97.7,1.7,1,14,14,14,1,20,2,29,6,5,12,30,29,17,8,11,7,14,5,19,20,21,25,20,23,14,104.0,101.9,2.1,92.6,0.495,0.57,1.6,16.4,0.298,0.726,0.501,0.141,0.482,0.518,0.482,0.239,0.141,0.298,Milwaukee Bucks,82,46,36,0.561,48.7,35.0,77.6,0.451,5.3,15.6,0.343,20.6,27.0,0.765,9.6,33.2,42.8,19.3,15.3,7.0,5.1,4.7,20.3,22.2,96.0,-1.7,1,14,14,14,1,2,3,10,2,2,7,26,27,23,1,27,24,4,4,10,21,20,11,6,7,14,2009-10,0.5609756097560976,2010,2000s
1610612750,Minnesota Timberwolves,82,15,67,0.183,48.2,37.9,84.4,0.449,4.9,14.4,0.341,17.5,23.5,0.746,11.7,31.2,42.9,19.8,16.3,7.3,3.7,5.4,20.7,20.6,98.2,-9.6,1,29,29,29,17,14,3,25,26,28,23,24,22,22,9,12,8,24,30,13,28,25,15,17,20,30,100.6,110.4,-9.8,97.12,0.432,0.524,1.22,15.0,0.308,0.705,0.501,0.167,0.478,0.518,0.478,0.278,0.167,0.308,Minnesota Timberwolves,82,15,67,0.183,48.2,40.8,84.9,0.48,7.5,20.6,0.366,18.7,24.2,0.774,11.2,32.2,43.4,25.6,14.3,8.8,5.4,3.7,20.6,20.7,107.8,9.6,1,29,29,29,17,28,28,25,30,29,25,17,15,29,19,25,26,30,16,30,25,28,14,16,29,30,2009-10,0.1829268292682926,2010,2000s
1610612751,New Jersey Nets,82,12,70,0.146,48.2,34.3,79.9,0.429,4.6,14.5,0.318,19.2,24.6,0.78,10.9,28.8,39.7,18.8,14.4,7.0,4.8,5.1,20.0,20.1,92.4,-9.1,1,30,30,30,17,30,24,30,27,27,29,11,15,6,16,29,28,30,16,20,19,21,10,23,30,29,99.3,108.9,-9.6,92.65,0.429,0.547,1.3,15.1,0.285,0.686,0.478,0.155,0.458,0.509,0.458,0.307,0.155,0.285,New Jersey Nets,82,12,70,0.146,48.2,38.7,80.4,0.481,5.7,15.6,0.366,18.4,24.6,0.748,11.3,32.7,44.0,23.9,14.0,7.8,5.1,4.8,20.1,20.0,101.5,9.1,1,30,30,30,17,20,9,27,3,3,27,15,18,6,22,26,27,28,19,25,21,19,8,21,17,29,2009-10,0.1463414634146341,2010,2000s
1610612740,New Orleans Hornets,82,37,45,0.451,48.4,38.8,83.4,0.464,7.0,19.2,0.363,15.8,20.3,0.778,10.4,29.9,40.3,22.3,13.5,7.6,3.7,4.5,19.6,19.5,100.2,-2.5,1,20,20,20,12,7,9,13,9,9,8,29,30,7,22,24,25,8,9,9,30,12,6,26,17,20,106.5,108.9,-2.4,93.53,0.484,0.575,1.66,17.3,0.282,0.696,0.486,0.143,0.506,0.543,0.506,0.243,0.143,0.282,New Orleans Hornets,82,37,45,0.451,48.4,39.6,82.1,0.483,6.6,18.5,0.355,16.9,22.5,0.751,10.6,31.5,42.1,23.5,14.4,7.0,4.5,3.7,19.5,19.6,102.7,2.5,1,20,20,20,12,26,15,28,19,19,18,5,4,8,11,21,17,26,14,12,12,30,5,25,21,20,2009-10,0.4512195121951219,2010,2000s
1610612752,New York Knicks,82,29,53,0.354,48.5,38.1,83.9,0.455,9.1,26.2,0.346,16.8,21.5,0.782,10.2,30.2,40.4,21.6,14.0,7.1,3.7,4.5,20.0,19.2,102.1,-3.8,1,22,22,22,5,12,6,21,2,2,20,26,28,4,23,20,23,13,13,16,29,13,9,29,9,23,106.4,110.3,-4.0,95.03,0.474,0.567,1.54,16.6,0.268,0.691,0.476,0.146,0.509,0.547,0.509,0.256,0.146,0.268,New York Knicks,82,29,53,0.354,48.5,40.9,84.2,0.486,6.7,19.2,0.352,17.4,23.1,0.754,11.7,33.2,44.9,21.0,14.4,7.1,4.5,3.7,19.2,20.0,105.9,3.8,1,22,22,22,5,29,27,30,21,23,14,9,9,9,27,28,28,18,13,17,13,29,2,22,28,23,2009-10,0.3536585365853658,2010,2000s
1610612760,Oklahoma City Thunder,82,50,32,0.61,48.3,37.4,80.8,0.462,5.1,15.0,0.34,21.7,27.0,0.805,11.7,31.8,43.5,20.0,15.0,8.0,5.9,4.7,21.3,21.4,101.5,3.5,1,9,9,9,15,19,20,14,25,23,25,2,3,2,10,8,3,23,24,6,1,14,20,11,14,10,107.0,103.5,3.5,94.13,0.532,0.535,1.34,15.5,0.32,0.694,0.511,0.158,0.494,0.547,0.494,0.333,0.158,0.32,Oklahoma City Thunder,82,50,32,0.61,48.3,36.7,81.9,0.448,5.9,17.2,0.34,18.8,24.6,0.764,11.4,29.2,40.7,19.7,15.1,7.5,4.7,5.9,21.4,21.3,98.0,-3.5,1,9,9,9,15,10,14,7,7,10,3,18,17,21,25,7,10,7,5,21,14,1,20,11,11,10,2009-10,0.6097560975609756,2010,2000s
1610612753,Orlando Magic,82,59,23,0.72,48.1,36.6,78.0,0.47,10.3,27.3,0.375,19.2,26.5,0.724,9.9,33.4,43.2,19.7,14.1,6.2,5.6,3.5,19.9,22.2,102.8,7.5,1,2,2,2,26,24,27,7,1,1,3,10,7,29,25,1,5,25,14,27,5,1,7,4,6,1,110.7,102.8,7.9,92.54,0.551,0.537,1.4,15.8,0.28,0.726,0.512,0.152,0.536,0.573,0.536,0.34,0.152,0.28,Orlando Magic,82,59,23,0.72,48.1,36.0,82.2,0.438,6.4,17.5,0.363,16.8,22.3,0.754,9.8,30.3,40.0,18.9,12.8,6.7,3.5,5.6,22.2,19.9,95.3,-7.5,1,2,2,2,26,8,16,1,12,11,23,3,3,10,3,14,8,2,27,6,1,5,27,24,4,1,2009-10,0.7195121951219512,2010,2000s
1610612755,Philadelphia 76ers,82,27,55,0.329,48.3,37.6,81.8,0.46,5.8,16.8,0.343,16.7,22.0,0.756,11.5,29.5,41.0,21.0,14.5,8.1,5.4,4.0,20.5,18.7,97.7,-3.9,1,24,24,24,15,17,15,16,21,21,22,27,27,16,11,26,21,17,18,5,8,3,14,30,22,24,104.8,108.9,-4.1,92.72,0.478,0.558,1.45,16.4,0.31,0.693,0.498,0.156,0.496,0.534,0.496,0.27,0.156,0.31,Philadelphia 76ers,82,27,55,0.329,48.3,37.9,80.2,0.472,7.4,18.8,0.393,18.5,24.2,0.766,10.8,30.1,41.0,22.1,14.5,7.6,4.0,5.4,18.7,20.5,101.6,3.9,1,24,24,24,15,17,8,22,28,21,30,16,16,24,14,12,12,22,11,22,3,8,1,17,18,24,2009-10,0.3292682926829268,2010,2000s
1610612756,Phoenix Suns,82,54,28,0.659,48.1,40.7,82.8,0.492,8.9,21.6,0.412,19.9,25.8,0.77,11.1,31.9,43.0,23.3,14.8,5.8,5.1,4.5,20.9,21.8,110.2,4.9,1,5,5,5,26,1,13,1,3,6,1,5,9,11,15,7,6,4,20,29,12,11,18,7,1,5,113.9,109.1,4.8,96.43,0.536,0.573,1.58,17.5,0.311,0.673,0.503,0.152,0.546,0.585,0.546,0.312,0.152,0.311,Phoenix Suns,82,54,28,0.659,48.1,39.5,87.4,0.452,6.8,19.3,0.355,19.6,25.8,0.76,13.2,29.2,42.3,20.8,13.0,7.9,4.5,5.1,21.8,20.9,105.3,-4.9,1,5,5,5,26,24,30,11,22,24,17,21,21,17,29,6,21,14,25,27,11,12,24,13,26,5,2009-10,0.6585365853658537,2010,2000s
1610612757,Portland Trail Blazers,82,50,32,0.61,48.4,36.3,78.7,0.461,6.0,16.9,0.354,19.6,24.8,0.79,11.1,29.1,40.2,20.4,12.3,6.4,4.3,4.1,20.9,21.5,98.1,3.3,1,9,9,9,10,27,26,15,18,19,13,9,12,3,14,28,26,21,2,25,24,4,19,9,21,11,109.6,106.1,3.5,88.64,0.525,0.563,1.65,16.6,0.32,0.702,0.51,0.138,0.499,0.547,0.499,0.315,0.138,0.32,Portland Trail Blazers,82,50,32,0.61,48.4,36.0,77.5,0.464,5.9,17.1,0.343,17.0,22.8,0.745,9.8,28.3,38.1,19.3,13.5,5.9,4.1,4.3,21.5,20.9,94.8,-3.3,1,9,9,9,10,7,2,18,5,8,6,6,8,4,4,1,1,5,23,1,4,24,22,12,3,11,2009-10,0.6097560975609756,2010,2000s
1610612758,Sacramento Kings,82,25,57,0.305,48.5,38.3,84.1,0.456,5.9,16.9,0.349,17.4,24.0,0.726,11.9,30.7,42.6,20.5,15.0,6.9,4.5,5.7,22.3,20.1,100.0,-4.4,1,28,28,28,5,9,5,19,20,20,16,25,18,28,3,14,10,20,23,21,23,27,26,22,18,25,104.4,109.1,-4.7,94.78,0.467,0.534,1.37,15.7,0.315,0.7,0.504,0.156,0.491,0.528,0.491,0.286,0.156,0.315,Sacramento Kings,82,25,57,0.305,48.5,39.0,83.3,0.469,6.1,17.0,0.357,20.3,26.2,0.774,11.1,31.0,42.0,20.5,13.7,7.1,5.7,4.5,20.1,22.3,104.4,4.4,1,28,28,28,5,23,22,20,9,6,19,24,24,28,16,19,16,12,21,18,27,23,9,5,25,25,2009-10,0.3048780487804878,2010,2000s
1610612759,San Antonio Spurs,82,50,32,0.61,48.2,38.4,81.2,0.473,6.8,18.9,0.358,17.8,24.0,0.74,10.8,32.0,42.8,22.3,13.6,6.3,4.6,5.1,20.4,20.4,101.4,5.1,1,9,9,9,17,8,18,6,11,11,11,19,18,24,18,5,9,7,10,26,22,20,13,19,15,4,109.3,103.9,5.4,92.26,0.532,0.581,1.64,17.4,0.303,0.72,0.515,0.147,0.515,0.552,0.515,0.296,0.147,0.303,San Antonio Spurs,82,50,32,0.61,48.2,36.9,81.6,0.452,5.0,14.6,0.343,17.5,23.1,0.756,9.9,29.6,39.5,19.2,12.6,6.9,5.1,4.6,20.4,20.4,96.3,-5.1,1,9,9,9,17,11,13,12,1,1,8,10,9,13,5,10,5,3,30,8,20,22,12,18,8,4,2009-10,0.6097560975609756,2010,2000s
1610612761,Toronto Raptors,82,40,42,0.488,48.2,39.0,80.9,0.482,6.3,17.0,0.371,19.7,25.8,0.764,9.8,30.6,40.4,22.0,13.4,5.7,4.7,4.4,22.2,21.1,104.1,-1.8,1,18,18,18,17,5,19,5,15,18,6,7,8,13,26,15,23,10,7,30,21,8,23,13,5,19,110.2,112.2,-2.0,93.94,0.489,0.564,1.64,17.1,0.288,0.692,0.495,0.142,0.521,0.564,0.521,0.319,0.142,0.288,Toronto Raptors,82,40,42,0.488,48.2,39.0,83.2,0.468,7.4,20.3,0.366,20.5,26.2,0.784,11.4,29.9,41.3,23.0,12.7,7.1,4.4,4.7,21.1,22.2,105.9,1.8,1,18,18,18,17,22,21,19,29,27,26,25,23,30,23,11,14,24,29,16,8,21,18,8,27,19,2009-10,0.4878048780487805,2010,2000s
1610612762,Utah Jazz,82,53,29,0.646,48.2,39.4,80.2,0.491,5.4,14.7,0.364,20.2,27.2,0.741,10.6,31.6,42.2,26.7,15.2,8.2,4.9,5.4,22.7,22.2,104.2,5.3,1,6,6,6,25,3,23,2,23,25,7,3,2,23,20,9,12,1,26,4,16,26,29,5,4,3,109.7,104.0,5.7,94.68,0.55,0.678,1.76,19.8,0.313,0.718,0.52,0.16,0.524,0.565,0.524,0.34,0.16,0.313,Utah Jazz,82,53,29,0.646,48.2,35.5,78.9,0.449,6.7,19.0,0.354,21.2,27.9,0.762,10.2,29.0,39.2,19.9,15.1,7.7,5.4,4.9,22.2,22.7,98.9,-5.3,1,6,6,6,25,4,6,8,20,22,16,28,28,19,7,4,3,8,5,23,26,16,26,2,12,3,2009-10,0.6463414634146342,2010,2000s
1610612764,Washington Wizards,82,26,56,0.317,48.4,36.7,81.7,0.449,5.3,14.9,0.353,17.6,23.1,0.762,11.8,30.0,41.8,19.0,14.9,6.0,5.1,5.1,21.4,20.5,96.2,-4.8,1,26,26,26,12,23,16,24,24,24,14,23,24,14,7,22,16,27,21,28,11,19,21,18,26,26,103.1,108.3,-5.3,92.6,0.462,0.518,1.28,15.0,0.317,0.691,0.501,0.159,0.481,0.524,0.481,0.283,0.159,0.317,Washington Wizards,82,26,56,0.317,48.4,37.6,81.3,0.463,6.4,17.9,0.36,19.4,25.5,0.761,11.4,30.9,42.3,21.6,13.6,6.9,5.1,5.1,20.5,21.4,101.0,4.8,1,26,26,26,12,15,12,17,17,13,20,20,19,18,24,18,19,20,22,9,19,11,13,10,16,26,2009-10,0.3170731707317073,2010,2000s
1610612737,Atlanta Hawks,66,40,26,0.606,49.0,36.8,81.0,0.454,7.5,20.2,0.37,15.5,21.0,0.74,9.9,31.3,41.2,22.4,14.0,8.1,4.6,4.7,17.8,19.1,96.6,3.4,1,8,8,8,1,14,19,11,8,10,5,23,25,23,28,11,23,8,5,10,23,10,6,20,17,6,104.2,100.4,3.8,90.88,0.526,0.61,1.61,17.6,0.279,0.703,0.493,0.151,0.5,0.535,0.5,0.259,0.151,0.279,Atlanta Hawks,66,40,26,0.606,49.0,36.1,81.3,0.444,5.9,17.2,0.344,15.1,20.1,0.753,10.8,31.5,42.3,20.5,15.1,7.5,4.7,4.6,19.1,17.8,93.2,-3.4,1,8,8,8,1,14,16,11,5,7,10,4,5,15,6,23,16,14,9,7,10,23,11,25,6,6,2011-12,0.6060606060606061,2012,2010s
1610612738,Boston Celtics,66,39,27,0.591,48.3,35.5,77.1,0.46,5.5,15.0,0.367,15.4,19.8,0.778,7.7,31.1,38.8,23.6,14.8,7.5,5.5,4.6,19.9,18.4,91.8,2.5,1,10,10,10,16,23,30,5,22,24,7,25,27,5,30,15,30,2,17,16,6,9,18,24,26,11,100.1,97.5,2.6,91.11,0.535,0.665,1.59,18.8,0.245,0.686,0.478,0.162,0.496,0.535,0.496,0.257,0.162,0.245,Boston Celtics,66,39,27,0.591,48.3,33.4,79.7,0.419,5.2,16.9,0.308,17.2,22.7,0.76,11.8,31.4,43.2,18.7,15.7,7.8,4.6,5.5,18.4,19.9,89.3,-2.5,1,10,10,10,16,1,7,1,2,4,1,18,19,22,23,21,21,1,5,15,9,6,7,13,2,11,2011-12,0.5909090909090909,2012,2010s
1610612766,Charlotte Bobcats,66,7,59,0.106,48.2,33.2,80.2,0.414,4.0,13.5,0.295,16.5,22.2,0.746,10.3,28.7,39.0,20.1,14.5,6.0,5.5,5.7,18.9,20.3,87.0,-13.9,1,30,30,30,26,30,23,30,29,27,30,16,14,20,26,28,29,19,16,29,8,25,10,9,30,30,94.4,109.4,-15.0,91.86,0.411,0.605,1.39,16.0,0.285,0.678,0.474,0.157,0.439,0.483,0.439,0.276,0.157,0.285,Charlotte Bobcats,66,7,59,0.106,48.2,38.9,82.0,0.475,6.2,17.3,0.356,16.9,22.5,0.75,11.8,33.2,45.0,23.3,13.5,7.6,5.7,5.5,20.3,18.9,100.9,13.9,1,30,30,30,26,28,18,29,9,8,22,15,15,13,21,30,29,28,25,11,25,8,22,21,27,30,2011-12,0.106060606060606,2012,2010s
1610612741,Chicago Bulls,66,50,16,0.758,48.3,37.4,82.8,0.452,6.3,16.9,0.375,15.2,21.1,0.722,13.9,32.8,46.7,23.1,14.0,6.9,5.9,5.2,17.3,17.7,96.3,8.2,1,1,1,1,16,10,8,12,17,18,4,27,23,27,1,2,1,5,6,24,3,20,2,28,18,1,106.3,97.5,8.8,89.98,0.561,0.619,1.65,17.7,0.361,0.703,0.536,0.154,0.49,0.523,0.49,0.255,0.154,0.361,Chicago Bulls,66,50,16,0.758,48.3,34.6,82.1,0.421,4.6,14.2,0.325,14.3,19.4,0.74,11.4,28.6,40.0,18.9,13.3,7.4,5.2,5.9,17.7,17.3,88.2,-8.2,1,1,1,1,16,6,19,2,1,1,3,3,3,4,17,1,3,2,26,6,20,3,3,29,1,1,2011-12,0.7575757575757576,2012,2010s
1610612739,Cleveland Cavaliers,66,21,45,0.318,48.4,34.3,81.2,0.422,6.7,19.3,0.346,17.8,24.9,0.716,12.7,29.5,42.3,19.8,15.4,7.1,4.0,6.2,20.0,20.9,93.0,-7.2,1,27,27,27,10,29,18,29,14,16,15,9,6,28,4,22,14,23,26,22,29,28,20,6,25,29,100.0,107.6,-7.6,92.34,0.439,0.579,1.29,15.4,0.323,0.683,0.496,0.166,0.463,0.505,0.463,0.307,0.166,0.323,Cleveland Cavaliers,66,21,45,0.318,48.4,38.4,82.3,0.467,6.8,18.7,0.362,16.6,22.2,0.748,11.4,31.4,42.8,23.1,13.9,7.9,6.2,4.0,20.9,20.0,100.2,7.2,1,27,27,27,10,26,21,27,25,18,24,12,13,11,18,22,20,25,22,20,28,29,25,11,26,29,2011-12,0.3181818181818182,2012,2010s
1610612742,Dallas Mavericks,66,36,30,0.545,48.7,36.3,82.0,0.443,7.5,22.2,0.339,15.6,20.2,0.771,10.1,32.7,42.8,20.9,14.0,8.6,5.1,4.0,18.6,18.4,95.8,1.0,1,13,13,13,3,19,14,19,7,4,20,22,26,9,27,3,11,15,8,4,14,1,8,27,19,14,102.1,100.9,1.1,92.61,0.51,0.575,1.49,16.5,0.268,0.714,0.493,0.149,0.489,0.527,0.489,0.246,0.149,0.268,Dallas Mavericks,66,36,30,0.545,48.7,35.6,81.7,0.435,7.2,20.7,0.346,16.5,22.1,0.75,11.0,32.9,43.9,20.5,14.7,8.5,4.0,5.1,18.4,18.6,94.8,-1.0,1,13,13,13,3,11,17,7,28,29,12,11,11,12,9,28,26,13,14,29,1,14,4,23,12,14,2011-12,0.5454545454545454,2012,2010s
1610612743,Denver Nuggets,66,38,28,0.576,48.6,39.0,81.9,0.476,6.6,19.9,0.332,19.6,26.7,0.735,11.2,31.9,43.1,24.0,15.4,8.2,5.0,6.7,19.7,22.0,104.1,2.9,1,11,11,11,6,2,15,2,16,13,24,3,1,25,17,7,8,1,25,9,16,30,17,1,1,9,108.3,105.1,3.2,95.03,0.527,0.615,1.56,17.9,0.316,0.705,0.515,0.16,0.516,0.556,0.516,0.326,0.16,0.316,Denver Nuggets,66,38,28,0.576,48.6,38.5,84.4,0.456,8.7,22.6,0.383,15.6,20.5,0.759,11.1,29.2,40.3,23.2,15.6,7.9,6.7,5.0,22.0,19.7,101.2,-2.9,1,11,11,11,6,27,26,24,30,30,30,7,7,20,14,6,5,27,6,20,30,16,30,14,29,9,2011-12,0.5757575757575758,2012,2010s
1610612765,Detroit Pistons,66,25,41,0.379,48.4,34.7,79.3,0.438,4.8,13.9,0.346,16.6,22.1,0.752,11.7,28.5,40.3,18.7,15.7,7.0,4.2,5.3,19.6,19.4,90.9,-4.8,1,22,22,22,10,25,24,25,26,26,13,14,15,18,12,29,27,28,28,23,26,21,16,16,27,25,100.0,105.0,-5.0,90.31,0.448,0.538,1.19,15.1,0.322,0.689,0.5,0.172,0.468,0.51,0.468,0.279,0.172,0.322,Detroit Pistons,66,25,41,0.379,48.4,36.0,78.0,0.462,6.0,16.9,0.355,17.6,23.0,0.765,10.7,30.1,40.7,22.5,14.5,8.5,5.3,4.2,19.4,19.6,95.7,4.8,1,22,22,22,10,13,4,25,6,3,20,20,20,26,4,9,8,24,17,30,21,26,15,15,14,25,2011-12,0.3787878787878788,2012,2010s
1610612744,Golden State Warriors,66,23,43,0.348,48.2,37.7,82.5,0.457,7.9,20.5,0.388,14.4,18.7,0.77,9.7,29.5,39.2,22.3,13.9,8.0,5.5,5.0,21.4,16.6,97.8,-3.4,1,23,23,23,23,7,10,7,3,9,2,29,29,11,29,24,28,9,4,11,6,15,27,29,12,23,103.9,107.3,-3.4,93.78,0.472,0.591,1.61,17.4,0.256,0.658,0.46,0.147,0.505,0.539,0.505,0.227,0.147,0.256,Golden State Warriors,66,23,43,0.348,48.2,37.3,82.3,0.453,7.1,19.4,0.365,19.5,26.1,0.747,13.2,32.7,45.8,23.1,14.8,7.6,5.0,5.5,16.6,21.4,101.2,3.4,1,23,23,23,23,19,21,20,27,26,28,28,28,9,30,27,30,25,12,11,15,6,2,4,28,23,2011-12,0.3484848484848485,2012,2010s
1610612745,Houston Rockets,66,34,32,0.515,48.7,37.7,84.0,0.449,7.2,20.2,0.359,15.4,19.7,0.782,11.7,30.5,42.2,21.3,14.5,7.5,4.8,5.2,20.4,18.4,98.1,0.2,1,17,17,17,3,7,3,14,9,10,9,24,28,4,14,17,15,12,14,18,20,19,22,25,9,18,104.2,104.0,0.2,92.82,0.497,0.564,1.47,16.4,0.309,0.692,0.499,0.154,0.492,0.529,0.492,0.235,0.154,0.309,Houston Rockets,66,34,32,0.515,48.7,37.5,82.2,0.456,5.6,17.2,0.325,17.3,22.6,0.766,11.0,30.7,41.8,20.0,14.7,7.5,5.2,4.8,18.4,20.4,97.9,-0.2,1,17,17,17,3,20,20,23,4,6,4,19,17,27,12,13,14,10,13,9,19,20,6,9,19,18,2011-12,0.5151515151515151,2012,2010s
1610612754,Indiana Pacers,66,42,24,0.636,48.5,35.7,81.4,0.438,5.9,16.1,0.368,20.4,26.1,0.782,12.5,31.4,43.9,18.6,14.0,7.9,5.4,6.0,21.7,21.6,97.7,3.3,1,5,5,5,8,22,16,24,19,22,6,2,3,3,6,10,4,29,7,15,9,27,28,4,13,7,105.5,102.1,3.3,91.68,0.521,0.522,1.33,14.7,0.333,0.689,0.511,0.151,0.474,0.526,0.474,0.321,0.151,0.333,Indiana Pacers,66,42,24,0.636,48.5,34.9,80.4,0.435,6.7,19.1,0.351,17.9,24.5,0.729,12.0,30.3,42.3,19.6,14.9,6.6,6.0,5.4,21.6,21.7,94.4,-3.3,1,5,5,5,8,8,12,6,21,22,16,24,25,2,24,12,17,6,10,3,27,9,27,3,10,7,2011-12,0.6363636363636364,2012,2010s
1610612746,Los Angeles Clippers,66,40,26,0.606,48.4,37.0,81.3,0.455,7.8,21.8,0.357,15.8,23.3,0.68,12.1,29.4,41.6,21.0,13.3,8.4,4.8,4.5,21.2,21.2,97.5,2.6,1,8,8,8,10,13,17,10,5,5,12,21,10,29,8,27,22,13,2,6,22,5,25,5,14,10,107.5,104.8,2.7,89.98,0.517,0.568,1.58,16.6,0.331,0.692,0.507,0.147,0.502,0.533,0.502,0.287,0.147,0.331,Los Angeles Clippers,66,40,26,0.606,48.4,34.5,77.2,0.447,7.0,19.1,0.365,19.0,25.4,0.746,10.8,29.0,39.8,20.7,14.6,6.0,4.5,4.8,21.2,21.2,95.0,-2.6,1,8,8,8,10,5,1,14,26,24,27,27,27,8,6,5,2,16,16,2,5,22,26,6,13,10,2011-12,0.6060606060606061,2012,2010s
1610612747,Los Angeles Lakers,66,41,25,0.621,48.7,36.8,80.6,0.457,5.5,16.8,0.326,18.2,24.1,0.756,12.1,34.1,46.2,22.5,15.1,5.9,5.3,4.6,16.8,20.2,97.3,1.4,1,6,6,6,3,14,22,8,23,19,26,8,9,16,9,1,2,7,20,30,11,8,1,10,15,13,104.5,103.2,1.3,91.72,0.524,0.611,1.49,17.3,0.327,0.719,0.532,0.162,0.491,0.534,0.491,0.299,0.162,0.327,Los Angeles Lakers,66,41,25,0.621,48.7,37.8,86.4,0.437,6.7,19.3,0.348,13.7,18.4,0.742,11.5,29.5,41.0,21.9,11.3,8.4,4.6,5.3,20.2,16.8,95.9,-1.4,1,6,6,6,3,22,30,9,23,25,14,1,1,6,19,7,9,23,30,28,8,11,21,30,15,13,2011-12,0.6212121212121212,2012,2010s
1610612763,Memphis Grizzlies,66,41,25,0.621,48.3,36.7,82.2,0.447,4.2,12.9,0.326,17.3,22.8,0.759,12.6,29.5,42.0,19.5,14.5,9.6,5.2,5.5,19.9,19.3,95.0,2.0,1,6,6,6,16,16,12,16,27,28,25,10,13,13,5,26,16,24,14,1,12,22,19,18,20,12,102.8,100.6,2.2,91.82,0.514,0.532,1.35,15.4,0.335,0.688,0.508,0.157,0.473,0.515,0.473,0.277,0.157,0.335,Memphis Grizzlies,66,41,25,0.621,48.3,34.5,77.8,0.444,6.3,18.3,0.345,17.6,23.1,0.764,11.0,29.6,40.7,19.3,17.1,7.8,5.5,5.2,19.3,19.9,93.0,-2.0,1,6,6,6,16,4,3,12,13,13,11,21,22,25,12,8,7,4,1,16,22,12,13,12,5,12,2011-12,0.6212121212121212,2012,2010s
1610612748,Miami Heat,66,46,20,0.697,48.6,37.1,79.0,0.469,5.6,15.6,0.359,18.8,24.2,0.775,10.4,31.2,41.6,20.0,15.2,8.9,5.4,4.2,19.4,20.5,98.5,6.0,1,4,4,4,6,12,26,4,20,23,10,6,8,7,24,12,21,21,23,3,10,3,14,8,7,4,105.6,99.2,6.4,92.07,0.553,0.538,1.31,15.9,0.299,0.693,0.504,0.163,0.505,0.549,0.505,0.307,0.163,0.299,Miami Heat,66,46,20,0.697,48.6,34.6,79.8,0.434,7.3,20.0,0.363,16.0,22.1,0.725,11.0,28.7,39.8,19.7,16.8,8.3,4.2,5.4,20.5,19.4,92.5,-6.0,1,4,4,4,6,7,8,5,29,27,26,8,12,1,10,3,1,8,3,26,3,10,23,17,4,4,2011-12,0.696969696969697,2012,2010s
1610612749,Milwaukee Bucks,66,31,35,0.47,48.1,37.9,85.6,0.443,6.6,19.2,0.345,16.6,21.4,0.774,12.4,30.0,42.5,23.5,14.1,8.3,5.1,4.5,19.3,19.4,99.0,0.3,1,19,19,19,28,4,2,20,15,17,16,15,19,8,7,20,12,3,10,7,15,6,13,17,5,17,104.5,104.1,0.4,94.68,0.503,0.62,1.67,17.6,0.314,0.675,0.49,0.148,0.481,0.521,0.481,0.25,0.148,0.314,Milwaukee Bucks,66,31,35,0.47,48.1,37.1,82.6,0.449,6.6,18.9,0.351,17.9,23.3,0.769,12.3,32.4,44.7,21.7,15.9,7.6,4.5,5.1,19.4,19.3,98.7,-0.3,1,19,19,19,28,18,23,16,19,21,17,25,23,29,27,25,27,22,4,11,6,15,14,18,22,17,2011-12,0.4696969696969697,2012,2010s
1610612750,Minnesota Timberwolves,66,26,40,0.394,48.3,35.7,82.3,0.433,7.2,21.6,0.332,19.4,25.2,0.771,12.1,31.7,43.7,19.5,15.2,6.6,4.4,5.7,18.4,21.7,97.9,-2.2,1,21,21,21,16,21,11,27,11,6,23,4,5,10,10,8,5,24,21,26,24,24,7,3,10,21,103.1,105.3,-2.2,94.44,0.483,0.548,1.29,15.1,0.311,0.693,0.502,0.16,0.477,0.524,0.477,0.306,0.16,0.311,Minnesota Timberwolves,66,26,40,0.394,48.3,39.0,85.7,0.455,6.2,18.1,0.34,16.0,21.2,0.755,11.7,31.8,43.4,21.5,13.3,8.3,5.7,4.4,21.7,18.4,100.1,2.2,1,21,21,21,16,29,29,22,9,12,7,9,8,17,20,24,23,21,27,26,24,24,28,24,25,21,2011-12,0.3939393939393939,2012,2010s
1610612751,New Jersey Nets,66,22,44,0.333,48.2,34.3,80.6,0.425,7.7,22.4,0.342,16.9,21.7,0.777,11.9,28.5,40.3,19.9,15.1,7.5,3.9,5.0,19.2,19.3,93.1,-6.0,1,25,25,25,26,28,21,28,6,3,18,13,16,6,11,30,26,22,19,19,30,16,12,19,24,28,101.8,108.1,-6.3,91.26,0.448,0.58,1.32,15.8,0.314,0.677,0.489,0.165,0.473,0.516,0.473,0.269,0.165,0.314,New Jersey Nets,66,22,44,0.333,48.2,37.9,80.2,0.472,6.5,17.4,0.374,16.8,22.6,0.74,11.8,30.8,42.6,23.3,14.3,8.0,5.0,3.9,19.3,19.2,99.1,6.0,1,25,25,25,26,23,10,28,18,9,29,14,18,5,22,14,19,29,18,22,16,30,12,19,24,28,2011-12,0.3333333333333333,2012,2010s
1610612740,New Orleans Hornets,66,21,45,0.318,48.3,34.8,77.3,0.451,3.9,11.8,0.333,16.0,21.2,0.757,11.0,30.2,41.1,20.7,15.5,7.4,4.8,5.8,20.1,18.7,89.6,-3.8,1,27,27,27,16,24,29,13,30,30,22,20,21,15,20,19,24,16,27,21,21,26,21,22,29,24,99.9,103.9,-4.0,89.27,0.482,0.595,1.34,16.8,0.31,0.696,0.506,0.173,0.476,0.517,0.476,0.274,0.173,0.31,New Orleans Hornets,66,21,45,0.318,48.3,34.9,78.6,0.444,6.4,20.3,0.317,17.1,22.5,0.759,11.1,28.9,40.0,20.9,13.9,7.9,5.8,4.8,18.7,20.1,93.4,3.8,1,27,27,27,16,8,5,13,15,28,2,17,16,21,16,4,4,17,23,19,26,21,9,10,8,24,2011-12,0.3181818181818182,2012,2010s
1610612752,New York Knicks,66,36,30,0.545,48.3,35.8,80.8,0.443,7.8,23.3,0.336,18.3,24.8,0.741,11.3,30.5,41.7,20.1,16.0,9.4,4.2,5.1,21.1,21.8,97.8,3.2,1,13,13,13,16,20,20,18,4,2,21,7,7,22,15,18,18,18,29,2,27,18,24,2,11,8,103.5,100.2,3.2,93.91,0.52,0.562,1.26,15.6,0.309,0.702,0.503,0.169,0.492,0.533,0.492,0.306,0.169,0.309,New York Knicks,66,36,30,0.545,48.3,35.1,79.4,0.442,6.7,18.8,0.359,17.7,24.1,0.736,10.9,31.0,41.8,18.9,17.0,8.1,5.1,4.2,21.8,21.1,94.7,-3.2,1,13,13,13,16,10,6,10,24,20,23,23,24,3,8,16,15,3,2,24,18,27,29,7,11,8,2011-12,0.5454545454545454,2012,2010s
1610612760,Oklahoma City Thunder,66,47,19,0.712,48.5,37.3,79.2,0.471,7.2,20.0,0.358,21.3,26.4,0.806,11.0,32.7,43.7,18.5,16.3,7.5,8.2,4.9,20.5,20.0,103.1,6.1,1,3,3,3,8,11,25,3,12,12,11,1,2,1,19,3,6,30,30,16,1,13,23,11,3,3,108.4,102.1,6.3,94.11,0.542,0.497,1.13,14.6,0.304,0.687,0.509,0.172,0.516,0.567,0.516,0.334,0.172,0.304,Oklahoma City Thunder,66,47,19,0.712,48.5,36.4,85.3,0.427,6.4,18.7,0.342,17.7,23.0,0.768,12.7,28.6,41.3,19.9,14.2,8.2,4.9,8.2,20.0,20.5,96.9,-6.1,1,3,3,3,8,16,28,4,14,17,9,22,21,28,29,1,12,9,19,25,13,1,20,8,17,3,2011-12,0.7121212121212122,2012,2010s
1610612753,Orlando Magic,66,37,29,0.561,48.4,34.5,78.2,0.441,10.2,27.0,0.375,15.1,22.8,0.66,11.2,31.2,42.5,20.0,14.9,6.8,4.2,4.1,17.7,19.8,94.2,0.8,1,12,12,12,10,26,27,22,1,1,3,28,12,30,16,12,13,20,18,25,28,2,5,13,21,15,104.0,103.4,0.6,89.75,0.493,0.581,1.34,16.1,0.306,0.72,0.51,0.165,0.506,0.533,0.506,0.292,0.165,0.306,Orlando Magic,66,37,29,0.561,48.4,35.9,80.1,0.449,6.3,18.1,0.347,15.2,19.7,0.772,10.1,31.2,41.3,20.5,13.1,7.5,4.1,4.2,19.8,17.7,93.4,-0.8,1,12,12,12,10,12,9,15,12,11,13,5,4,30,1,17,13,12,29,9,2,28,18,26,7,15,2011-12,0.5606060606060606,2012,2010s
1610612755,Philadelphia 76ers,66,35,31,0.53,48.2,37.4,83.6,0.448,5.3,14.6,0.362,13.5,18.2,0.742,10.7,32.5,43.2,22.0,11.2,8.0,5.2,4.8,17.5,16.2,93.6,4.2,1,16,16,16,23,9,5,15,24,25,8,30,30,21,22,6,7,10,1,14,13,12,4,30,22,5,102.7,98.2,4.6,90.68,0.532,0.588,1.97,17.5,0.277,0.712,0.495,0.123,0.48,0.511,0.48,0.217,0.123,0.277,Philadelphia 76ers,66,35,31,0.53,48.2,34.3,80.3,0.427,5.4,16.2,0.334,15.4,20.5,0.752,10.7,33.0,43.7,19.6,13.9,5.9,4.8,5.2,16.2,17.5,89.4,-4.2,1,16,16,16,23,3,11,3,3,2,6,6,6,14,5,29,25,7,21,1,12,13,1,27,3,5,2011-12,0.5303030303030303,2012,2010s
1610612756,Phoenix Suns,66,33,33,0.5,48.0,37.8,82.5,0.458,6.7,19.6,0.343,16.0,21.2,0.757,10.9,30.8,41.7,22.5,14.1,6.5,5.5,4.4,18.7,19.6,98.4,-0.2,1,18,18,18,30,5,9,6,13,15,17,19,21,14,21,16,19,6,9,27,5,4,9,15,8,19,105.2,105.2,-0.1,93.61,0.502,0.596,1.6,17.4,0.294,0.687,0.493,0.15,0.499,0.536,0.499,0.257,0.15,0.294,Phoenix Suns,66,33,33,0.5,48.0,38.0,83.5,0.455,6.0,17.1,0.352,16.7,21.9,0.762,12.2,31.3,43.4,21.5,14.1,8.0,4.4,5.5,19.6,18.7,98.6,0.2,1,18,18,18,30,24,24,21,7,5,18,13,10,24,25,20,22,19,20,23,4,5,16,22,21,19,2011-12,0.5,2012,2010s
1610612757,Portland Trail Blazers,66,28,38,0.424,48.4,36.4,82.1,0.443,7.2,20.9,0.346,17.2,21.6,0.796,11.1,29.5,40.7,20.4,14.2,8.0,4.9,4.8,19.0,19.8,97.2,-0.6,1,20,20,20,10,18,13,17,9,8,14,11,18,2,18,22,25,17,11,11,18,11,11,14,16,20,104.4,105.3,-0.9,92.24,0.494,0.562,1.44,16.1,0.303,0.691,0.493,0.152,0.488,0.531,0.488,0.263,0.152,0.303,Portland Trail Blazers,66,28,38,0.424,48.4,37.5,81.0,0.463,6.7,18.4,0.363,16.1,21.5,0.747,11.1,31.2,42.3,21.1,14.9,7.6,4.8,4.9,19.8,19.0,97.8,0.6,1,20,20,20,10,21,14,26,21,15,25,10,9,10,14,18,17,18,11,14,11,18,17,20,18,20,2011-12,0.4242424242424242,2012,2010s
1610612758,Sacramento Kings,66,22,44,0.333,48.2,37.7,86.5,0.436,6.2,19.7,0.316,17.1,23.2,0.736,13.4,29.5,42.9,19.3,14.4,8.5,4.9,6.4,19.5,19.9,98.8,-5.7,1,25,25,25,23,6,1,26,18,14,29,12,11,24,2,24,10,26,13,5,17,29,15,12,6,27,102.9,108.7,-5.8,95.56,0.451,0.51,1.34,14.7,0.321,0.67,0.487,0.15,0.472,0.51,0.472,0.268,0.15,0.321,Sacramento Kings,66,22,44,0.333,48.2,40.4,85.0,0.476,6.7,18.7,0.355,16.9,22.2,0.762,12.3,32.6,45.0,23.8,15.4,7.8,6.4,4.9,19.9,19.5,104.4,5.7,1,25,25,25,23,30,27,30,20,18,21,16,14,23,28,26,28,30,7,16,29,17,19,16,30,27,2011-12,0.3333333333333333,2012,2010s
1610612759,San Antonio Spurs,66,50,16,0.758,48.3,39.6,82.8,0.478,8.4,21.3,0.393,16.2,21.6,0.748,10.3,32.6,43.0,23.2,13.6,7.4,4.4,5.0,17.3,18.8,103.7,7.2,1,1,1,1,16,1,7,1,2,7,1,18,17,19,25,5,9,4,3,20,24,16,3,21,2,2,110.0,102.3,7.7,93.67,0.546,0.585,1.71,17.8,0.282,0.72,0.507,0.144,0.528,0.562,0.528,0.261,0.144,0.282,San Antonio Spurs,66,50,16,0.758,48.3,38.1,84.2,0.452,6.2,17.7,0.353,14.1,18.7,0.756,10.3,30.9,41.2,19.6,13.7,7.4,5.0,4.4,18.8,17.3,96.5,-7.2,1,1,1,1,16,25,25,17,11,10,19,2,2,18,3,15,11,5,24,5,16,24,10,28,16,2,2011-12,0.7575757575757576,2012,2010s
1610612761,Toronto Raptors,66,23,43,0.348,48.4,34.4,78.1,0.44,5.5,16.3,0.34,16.4,21.4,0.77,10.6,31.4,42.0,20.9,15.2,6.5,4.9,4.9,23.2,18.4,90.7,-3.3,1,23,23,23,10,27,28,23,21,20,19,17,20,12,23,9,17,14,21,28,19,14,30,26,28,22,99.6,103.6,-3.9,90.19,0.478,0.609,1.38,16.8,0.294,0.708,0.503,0.167,0.475,0.518,0.475,0.274,0.167,0.294,Toronto Raptors,66,23,43,0.348,48.4,33.8,77.7,0.435,6.1,18.5,0.328,20.2,27.2,0.744,10.3,30.3,40.5,20.1,13.2,7.2,4.9,4.9,18.4,23.2,94.0,3.3,1,23,23,23,10,2,2,8,8,16,5,30,30,7,2,11,6,11,28,4,14,19,5,1,9,22,2011-12,0.3484848484848485,2012,2010s
1610612762,Utah Jazz,66,36,30,0.545,49.0,38.2,83.8,0.456,4.1,12.8,0.323,19.1,25.3,0.754,13.0,31.1,44.2,21.8,14.2,8.3,5.8,5.7,21.8,20.7,99.7,0.6,1,13,13,13,1,3,4,9,28,29,27,5,4,17,3,14,3,11,12,8,4,23,29,7,4,16,105.5,104.9,0.5,92.53,0.509,0.57,1.54,16.6,0.34,0.703,0.519,0.15,0.481,0.525,0.481,0.302,0.15,0.34,Utah Jazz,66,36,30,0.545,49.0,36.4,80.5,0.453,6.5,19.1,0.34,19.7,26.2,0.754,11.0,30.1,41.2,20.5,14.7,7.5,5.7,5.8,20.7,21.8,99.0,-0.6,1,13,13,13,1,15,13,19,17,22,8,29,29,16,11,10,10,15,15,7,23,4,24,2,23,16,2011-12,0.5454545454545454,2012,2010s
1610612764,Washington Wizards,66,20,46,0.303,48.1,36.6,83.0,0.441,5.2,16.3,0.32,15.3,21.0,0.727,11.7,29.9,41.7,19.1,15.3,8.0,6.3,4.5,21.3,18.7,93.6,-4.8,1,29,29,29,28,17,6,21,25,20,28,26,24,26,12,21,20,27,24,13,2,7,26,23,22,26,100.0,104.9,-5.0,93.59,0.46,0.523,1.25,15.1,0.308,0.678,0.489,0.163,0.472,0.508,0.472,0.253,0.163,0.308,Washington Wizards,66,20,46,0.303,48.1,36.7,81.1,0.453,6.5,18.4,0.35,18.6,24.5,0.758,12.3,31.2,43.5,21.5,15.2,7.9,4.5,6.3,18.7,21.3,98.4,4.8,1,29,29,29,28,17,15,18,16,14,15,26,26,19,26,18,24,20,8,18,7,2,8,5,20,26,2011-12,0.303030303030303,2012,2010s
1610612737,Atlanta Hawks,82,44,38,0.537,48.4,37.6,81.0,0.464,8.6,23.2,0.371,14.1,19.7,0.715,9.2,31.6,40.9,24.5,14.9,8.1,4.5,4.3,18.0,18.8,98.0,0.4,1,14,14,14,8,12,21,7,5,5,7,28,27,26,27,11,23,2,21,14,23,6,3,25,14,13,103.7,103.4,0.3,93.56,0.509,0.651,1.65,18.8,0.254,0.701,0.482,0.157,0.517,0.546,0.517,0.244,0.157,0.254,Atlanta Hawks,82,44,38,0.537,48.4,37.5,83.2,0.45,7.6,19.9,0.379,15.0,19.7,0.763,11.3,32.4,43.7,22.3,15.2,8.4,4.3,4.5,18.8,18.0,97.5,-0.4,1,14,14,14,8,18,20,13,20,14,28,3,3,26,21,26,25,15,9,25,6,23,6,28,13,13,2012-13,0.5365853658536586,2013,2010s
1610612738,Boston Celtics,81,41,40,0.506,49.0,37.0,79.7,0.465,6.1,17.2,0.358,16.3,21.0,0.776,8.1,31.3,39.3,22.8,14.6,8.2,4.5,4.7,21.2,19.4,96.5,-0.2,29,16,16,16,1,17,28,6,25,26,15,19,22,6,30,12,29,12,13,11,22,10,27,18,18,16,102.2,102.6,-0.5,92.46,0.507,0.614,1.56,17.9,0.246,0.69,0.477,0.154,0.503,0.542,0.503,0.263,0.154,0.246,Boston Celtics,81,41,40,0.506,49.0,36.1,82.0,0.441,6.8,19.9,0.342,17.7,23.9,0.74,11.4,32.1,43.6,21.6,15.3,7.8,4.7,4.5,19.4,21.2,96.7,0.2,29,16,16,16,1,8,15,7,10,13,4,23,26,8,22,24,23,11,8,15,10,22,13,4,12,16,2012-13,0.5061728395061729,2013,2010s
1610612751,Brooklyn Nets,82,49,33,0.598,48.4,35.9,79.8,0.45,7.7,21.5,0.357,17.5,23.9,0.731,12.8,30.0,42.8,20.3,14.7,7.3,4.8,4.8,18.3,21.4,96.9,1.8,1,8,9,9,8,26,27,13,9,8,17,11,7,24,5,21,10,27,17,19,18,12,4,5,17,10,106.9,104.8,2.0,89.88,0.509,0.567,1.38,16.1,0.343,0.701,0.52,0.162,0.498,0.536,0.498,0.299,0.162,0.343,Brooklyn Nets,82,49,33,0.598,48.4,37.4,80.7,0.464,6.3,17.3,0.366,14.0,19.2,0.731,10.7,28.5,39.2,21.4,13.4,7.5,4.8,4.8,21.4,18.3,95.1,-1.8,1,8,9,9,8,16,9,23,4,3,21,1,1,1,7,2,3,8,26,9,12,18,26,27,6,10,2012-13,0.5975609756097561,2013,2010s
1610612766,Charlotte Bobcats,82,21,61,0.256,48.3,34.4,81.1,0.425,5.7,17.1,0.335,18.9,25.1,0.75,11.2,29.1,40.3,19.4,14.1,7.2,5.8,6.9,19.0,21.3,93.4,-9.2,1,29,29,29,17,30,20,30,27,27,27,4,5,18,16,28,27,29,8,22,6,30,10,6,26,30,100.4,110.3,-9.9,92.49,0.438,0.562,1.38,15.3,0.305,0.679,0.486,0.151,0.46,0.507,0.46,0.31,0.151,0.305,Charlotte Bobcats,82,21,61,0.256,48.3,38.8,82.5,0.471,8.7,22.5,0.388,16.2,21.8,0.747,11.8,32.3,44.1,25.3,14.0,6.9,6.9,5.8,21.3,19.0,102.7,9.2,1,29,29,29,17,27,17,27,30,28,29,11,14,9,25,25,27,30,21,2,30,6,25,21,29,30,2012-13,0.2560975609756097,2013,2010s
1610612741,Chicago Bulls,82,45,37,0.549,48.4,35.7,81.7,0.437,5.4,15.4,0.353,16.4,21.2,0.773,12.5,30.7,43.2,23.0,14.3,7.2,5.1,5.8,19.7,19.6,93.2,0.3,1,11,11,11,13,27,14,25,29,29,21,17,19,9,6,14,8,8,10,23,15,22,12,17,29,14,102.4,101.9,0.5,90.35,0.514,0.645,1.61,17.8,0.332,0.699,0.514,0.157,0.47,0.512,0.47,0.259,0.157,0.332,Chicago Bulls,82,45,37,0.549,48.4,35.4,80.1,0.443,5.5,16.0,0.346,16.5,22.3,0.739,11.0,30.1,41.1,18.8,13.7,7.3,5.8,5.1,19.6,19.7,92.9,-0.3,1,11,11,11,13,4,8,9,2,1,5,14,18,7,11,10,9,1,23,6,22,15,14,19,3,14,2012-13,0.5487804878048781,2013,2010s
1610612739,Cleveland Cavaliers,82,24,58,0.293,48.1,36.5,84.2,0.434,6.7,19.3,0.346,16.8,22.3,0.756,12.2,28.8,41.0,20.7,14.0,7.9,4.1,6.8,21.2,19.7,96.5,-4.7,1,28,28,28,27,20,6,29,17,17,23,13,15,14,7,30,22,26,7,17,29,29,26,16,19,26,103.2,108.2,-5.0,93.25,0.45,0.566,1.47,15.9,0.326,0.695,0.5,0.15,0.473,0.514,0.473,0.265,0.15,0.326,Cleveland Cavaliers,82,24,58,0.293,48.1,37.9,79.6,0.476,7.4,20.0,0.372,17.9,24.2,0.739,10.8,31.3,42.1,23.9,15.2,7.6,6.8,4.1,19.7,21.2,101.2,4.7,1,28,28,28,27,20,6,30,16,15,25,26,28,6,9,15,15,28,9,11,29,29,15,5,25,26,2012-13,0.2926829268292683,2013,2010s
1610612742,Dallas Mavericks,82,41,41,0.5,48.7,38.8,84.0,0.462,7.4,19.9,0.372,16.1,20.4,0.793,9.4,32.6,41.9,23.2,14.0,7.9,5.5,4.1,20.7,18.9,101.1,-0.6,1,16,17,17,2,3,8,8,12,14,6,20,25,2,26,6,16,5,5,16,8,5,23,24,8,17,104.7,105.4,-0.6,95.09,0.502,0.599,1.67,17.7,0.259,0.698,0.484,0.144,0.506,0.544,0.506,0.242,0.144,0.259,Dallas Mavericks,82,41,41,0.5,48.7,37.4,84.0,0.445,7.8,21.8,0.359,19.1,25.4,0.753,12.0,33.6,45.6,22.0,14.7,8.5,4.1,5.5,18.9,20.7,101.7,0.6,1,16,17,17,2,17,23,12,26,25,17,29,29,15,27,29,29,13,17,30,5,8,7,8,27,17,2012-13,0.5,2013,2010s
1610612743,Denver Nuggets,82,57,25,0.695,48.5,40.7,85.2,0.478,6.4,18.5,0.343,18.4,26.2,0.701,13.3,31.7,45.0,24.4,15.3,9.3,6.5,6.8,20.5,21.6,106.1,5.1,1,4,4,4,4,1,2,5,20,19,25,6,3,28,1,10,2,3,27,2,3,28,21,4,1,5,109.3,104.2,5.1,95.92,0.538,0.6,1.6,17.8,0.345,0.675,0.513,0.157,0.515,0.549,0.515,0.308,0.157,0.345,Denver Nuggets,82,57,25,0.695,48.5,38.1,85.7,0.444,8.4,23.1,0.363,16.6,22.7,0.731,12.4,29.2,41.6,23.6,15.9,8.0,6.8,6.5,21.6,20.5,101.1,-5.1,1,4,4,4,4,22,29,11,29,29,20,15,21,2,30,6,10,25,3,18,28,3,27,10,23,5,2012-13,0.6951219512195121,2013,2010s
1610612765,Detroit Pistons,82,29,53,0.354,48.3,36.3,81.0,0.449,6.3,17.6,0.356,15.9,22.8,0.699,12.1,30.0,42.1,21.2,15.1,7.0,4.9,5.8,19.8,19.9,94.9,-4.0,1,23,23,23,17,21,23,14,22,24,18,22,12,29,8,20,13,22,25,26,16,21,13,15,22,25,102.7,107.2,-4.5,91.68,0.467,0.585,1.4,16.6,0.324,0.695,0.506,0.164,0.487,0.521,0.487,0.282,0.164,0.324,Detroit Pistons,82,29,53,0.354,48.3,37.3,81.2,0.459,7.4,20.4,0.36,16.9,22.2,0.762,11.1,30.7,41.8,22.4,13.7,8.4,5.8,4.9,19.9,19.8,98.8,4.0,1,23,23,23,17,15,12,21,15,16,18,20,17,25,17,11,14,17,22,26,21,16,16,18,18,25,2012-13,0.3536585365853658,2013,2010s
1610612744,Golden State Warriors,82,47,35,0.573,48.3,38.2,83.4,0.458,8.0,19.9,0.403,16.8,21.3,0.79,10.8,34.2,45.0,22.5,15.1,6.9,4.2,4.9,21.4,19.2,101.2,0.9,1,10,10,10,17,6,9,11,8,13,1,14,18,4,22,1,3,15,23,27,27,15,29,20,7,12,105.1,104.2,0.9,95.64,0.502,0.589,1.49,17.1,0.285,0.712,0.506,0.157,0.506,0.545,0.506,0.255,0.157,0.285,Golden State Warriors,82,47,35,0.573,48.3,37.2,84.8,0.439,8.0,23.1,0.347,17.9,23.9,0.748,11.1,31.7,42.7,23.5,13.5,8.2,4.9,4.2,19.2,21.4,100.3,-0.9,1,10,10,10,17,14,25,4,27,30,7,24,25,11,16,20,20,24,24,21,15,27,11,2,19,12,2012-13,0.573170731707317,2013,2010s
1610612745,Houston Rockets,82,45,37,0.549,48.2,38.1,82.7,0.461,10.6,28.9,0.366,19.2,25.5,0.754,11.1,32.3,43.4,23.2,16.4,8.3,4.4,6.1,20.3,20.4,106.0,3.5,1,11,11,11,22,9,10,9,2,2,9,3,4,17,17,7,7,6,30,9,24,26,18,9,2,9,108.8,105.3,3.5,96.89,0.51,0.609,1.41,17.3,0.305,0.71,0.509,0.169,0.525,0.564,0.525,0.308,0.169,0.305,Houston Rockets,82,45,37,0.549,48.2,38.8,85.5,0.454,8.1,21.9,0.368,16.8,21.6,0.776,10.7,31.0,41.6,22.7,14.8,8.5,6.1,4.4,20.4,20.3,102.5,-3.5,1,11,11,11,22,26,28,17,28,27,22,17,12,29,5,12,11,18,14,28,26,24,22,13,28,9,2012-13,0.5487804878048781,2013,2010s
1610612754,Indiana Pacers,81,49,32,0.605,48.4,35.1,80.6,0.436,6.9,19.7,0.347,17.6,23.6,0.746,12.9,33.0,45.9,20.3,15.1,7.2,6.3,5.7,20.0,21.9,94.7,4.0,29,8,8,8,12,29,25,26,16,15,22,7,8,19,4,5,1,28,26,24,4,20,14,3,23,8,103.4,99.0,4.4,90.9,0.537,0.578,1.34,16.0,0.336,0.701,0.522,0.165,0.479,0.521,0.479,0.293,0.165,0.336,Indiana Pacers,81,49,32,0.605,48.4,34.5,82.2,0.42,5.4,16.6,0.327,16.2,21.3,0.76,11.2,29.6,40.9,19.2,13.5,7.5,5.7,6.3,21.9,20.0,90.7,-4.0,29,8,8,8,12,2,16,1,1,2,1,9,8,23,19,8,8,2,25,10,20,4,28,17,2,8,2012-13,0.6049382716049383,2013,2010s
1610612746,Los Angeles Clippers,82,56,26,0.683,48.1,38.5,80.6,0.478,7.6,21.4,0.358,16.4,23.0,0.711,11.4,30.2,41.6,23.9,14.6,9.6,5.6,4.1,20.9,20.9,101.1,6.5,1,5,5,5,27,4,24,4,10,9,16,18,9,27,15,17,18,4,14,1,7,4,24,7,9,3,109.8,102.8,6.9,91.83,0.548,0.62,1.64,18.4,0.323,0.697,0.512,0.159,0.526,0.557,0.526,0.286,0.159,0.323,Los Angeles Clippers,82,56,26,0.683,48.1,34.6,78.0,0.443,7.6,20.5,0.373,17.9,23.9,0.749,10.9,28.2,39.1,22.1,16.1,7.4,4.1,5.6,20.9,20.9,94.6,-6.5,1,5,5,5,27,3,3,10,23,18,26,25,24,13,10,1,2,14,1,8,4,7,24,7,4,3,2012-13,0.6829268292682927,2013,2010s
1610612747,Los Angeles Lakers,82,45,37,0.549,48.2,37.1,81.0,0.458,8.7,24.6,0.355,19.3,27.9,0.692,11.5,33.3,44.8,22.2,15.0,7.0,5.2,4.8,17.9,23.1,102.2,1.2,1,11,11,11,25,16,22,10,4,3,19,2,1,30,14,2,4,17,22,25,14,13,2,1,6,11,107.0,105.9,1.1,95.08,0.513,0.598,1.48,16.8,0.309,0.702,0.51,0.157,0.512,0.548,0.512,0.345,0.157,0.309,Los Angeles Lakers,82,45,37,0.549,48.2,39.7,87.6,0.453,7.5,21.0,0.357,14.2,19.4,0.732,11.5,31.1,42.7,23.4,12.9,8.5,4.8,5.2,23.1,17.9,101.0,-1.2,1,11,11,11,25,30,30,14,18,20,14,2,2,3,23,14,19,23,29,29,13,14,30,29,22,11,2012-13,0.5487804878048781,2013,2010s
1610612763,Memphis Grizzlies,82,56,26,0.683,48.3,36.1,81.5,0.444,4.7,13.5,0.345,16.5,21.3,0.773,12.9,29.8,42.7,20.9,14.0,8.6,5.3,5.5,20.2,20.0,93.4,4.1,1,5,5,5,17,23,18,21,30,30,24,16,16,10,3,24,11,24,5,4,12,19,17,13,27,7,103.6,99.1,4.5,89.56,0.531,0.579,1.5,16.5,0.344,0.702,0.52,0.155,0.472,0.514,0.472,0.261,0.155,0.344,Memphis Grizzlies,82,56,26,0.683,48.3,33.5,77.0,0.435,6.1,18.2,0.338,16.1,21.5,0.748,10.3,28.8,39.1,19.5,15.5,7.3,5.5,5.3,20.0,20.2,89.3,-4.1,1,5,5,5,17,1,1,3,3,6,2,7,10,12,3,4,1,4,6,6,19,12,18,14,1,7,2012-13,0.6829268292682927,2013,2010s
1610612748,Miami Heat,82,66,16,0.805,48.5,38.4,77.4,0.496,8.7,22.1,0.396,17.4,23.0,0.754,8.2,30.4,38.6,23.0,13.9,8.7,5.4,3.2,18.7,20.4,102.9,7.9,1,1,1,1,5,5,30,1,3,6,2,12,10,16,28,16,30,7,4,3,10,1,8,10,5,2,111.4,103.2,8.2,91.26,0.564,0.6,1.65,18.4,0.264,0.678,0.485,0.151,0.552,0.588,0.552,0.297,0.151,0.264,Miami Heat,82,66,16,0.805,48.5,35.6,80.9,0.44,7.6,21.7,0.35,16.2,21.2,0.766,11.2,28.9,40.1,20.2,15.6,7.9,3.2,5.4,20.4,18.7,95.0,-7.9,1,1,1,1,5,6,10,6,21,24,11,8,7,27,20,5,5,5,5,17,1,10,21,23,5,2,2012-13,0.8048780487804879,2013,2010s
1610612749,Milwaukee Bucks,82,38,44,0.463,48.4,38.1,87.8,0.435,7.3,20.4,0.36,15.3,20.7,0.736,13.0,30.9,44.0,22.9,14.1,8.4,6.7,4.4,19.0,19.1,98.9,-1.5,1,18,18,18,13,7,1,28,13,11,14,26,23,22,2,13,5,9,9,8,2,9,9,22,12,19,102.5,104.2,-1.7,95.65,0.488,0.6,1.62,17.0,0.315,0.678,0.491,0.146,0.476,0.51,0.476,0.236,0.146,0.315,Milwaukee Bucks,82,38,44,0.463,48.4,38.4,84.7,0.454,6.5,18.5,0.348,17.0,22.5,0.759,12.4,33.6,46.0,23.1,16.0,8.0,4.4,6.7,19.1,19.0,100.4,1.5,1,18,18,18,13,23,24,15,7,9,8,21,19,20,29,30,30,21,2,18,9,2,9,22,20,19,2012-13,0.4634146341463415,2013,2010s
1610612750,Minnesota Timberwolves,82,31,51,0.378,48.1,35.9,81.7,0.439,5.5,18.0,0.305,18.5,24.9,0.742,11.9,30.2,42.0,22.4,14.8,8.5,4.7,5.9,18.4,22.5,95.7,-2.4,1,22,22,22,27,25,13,24,28,21,30,5,6,21,11,19,14,16,20,5,19,24,6,2,20,20,101.8,104.0,-2.2,93.94,0.494,0.624,1.51,17.1,0.312,0.702,0.5,0.157,0.473,0.516,0.473,0.305,0.157,0.312,Minnesota Timberwolves,82,31,51,0.378,48.1,38.0,81.2,0.468,7.0,19.0,0.369,15.2,20.1,0.752,10.6,31.5,42.1,22.3,15.9,8.1,5.9,4.7,22.5,18.4,98.1,2.4,1,22,22,22,27,21,13,24,13,11,23,4,5,14,4,18,16,16,4,20,24,19,29,25,15,20,2012-13,0.3780487804878049,2013,2010s
1610612740,New Orleans Hornets,82,27,55,0.329,48.2,36.0,80.4,0.448,6.5,18.0,0.363,15.5,20.0,0.776,12.0,29.6,41.6,21.0,14.5,6.3,5.4,6.0,20.4,18.7,94.1,-3.9,1,26,26,26,22,24,26,15,19,22,11,25,26,8,10,26,17,23,12,30,11,25,19,27,25,24,104.5,108.9,-4.4,89.5,0.464,0.582,1.44,16.7,0.332,0.705,0.514,0.162,0.489,0.528,0.489,0.248,0.162,0.332,New Orleans Hornets,82,27,55,0.329,48.2,37.0,78.5,0.471,7.7,20.6,0.374,16.3,21.5,0.759,10.2,29.2,39.3,23.4,13.2,7.9,6.0,5.4,18.7,20.4,97.9,3.9,1,26,26,26,22,13,4,26,24,19,27,13,11,19,2,6,4,22,27,16,25,11,4,12,14,24,2012-13,0.3292682926829268,2013,2010s
1610612752,New York Knicks,82,54,28,0.659,48.1,36.5,81.6,0.448,10.9,28.9,0.376,16.0,21.1,0.759,10.9,29.7,40.6,19.3,12.0,8.2,3.6,4.0,20.1,19.2,100.0,4.2,1,7,7,7,27,19,16,18,1,1,5,21,20,13,19,25,26,30,1,12,30,3,15,19,11,6,109.8,105.4,4.5,90.68,0.512,0.527,1.6,15.6,0.291,0.708,0.494,0.132,0.515,0.55,0.515,0.258,0.132,0.291,New York Knicks,82,54,28,0.659,48.1,35.6,77.6,0.458,7.8,21.8,0.357,16.8,22.2,0.757,10.0,31.6,41.6,19.3,15.1,6.4,4.0,3.6,19.2,20.1,95.7,-4.2,1,7,7,7,27,5,2,19,25,25,15,18,16,16,1,19,11,3,11,1,3,30,12,16,7,6,2012-13,0.6585365853658537,2013,2010s
1610612760,Oklahoma City Thunder,82,60,22,0.732,48.4,38.1,79.3,0.481,7.3,19.4,0.377,22.2,26.8,0.828,10.4,33.2,43.6,21.4,15.3,8.3,7.6,3.9,20.2,20.7,105.7,9.2,1,2,2,2,13,8,29,3,14,16,3,1,2,1,25,3,6,21,27,9,1,2,16,8,3,1,111.0,101.2,9.9,94.58,0.57,0.561,1.4,16.6,0.291,0.702,0.513,0.16,0.527,0.58,0.527,0.338,0.16,0.291,Oklahoma City Thunder,82,60,22,0.732,48.4,36.2,85.0,0.425,7.4,21.5,0.346,16.7,21.6,0.774,12.0,28.7,40.7,20.5,14.8,8.2,3.9,7.6,20.7,20.2,96.5,-9.2,1,2,2,2,13,9,27,2,16,22,6,16,13,28,28,3,6,6,13,22,2,1,23,15,9,1,2012-13,0.7317073170731707,2013,2010s
1610612753,Orlando Magic,82,20,62,0.244,48.2,37.7,84.2,0.448,6.2,18.7,0.329,12.5,16.6,0.755,10.9,31.9,42.7,22.8,14.5,6.4,4.4,5.2,19.4,16.5,94.1,-7.0,1,30,30,30,22,10,4,17,24,18,29,29,30,15,19,9,12,10,11,29,25,18,11,29,24,29,100.9,108.4,-7.4,92.81,0.459,0.605,1.57,17.6,0.293,0.707,0.498,0.156,0.485,0.514,0.485,0.197,0.156,0.293,Orlando Magic,82,20,62,0.244,48.2,38.6,83.4,0.463,7.5,21.0,0.359,16.3,22.1,0.738,10.8,31.9,42.8,23.7,12.4,7.2,5.2,4.4,16.5,19.4,101.1,7.0,1,30,30,30,22,24,22,22,19,21,16,12,15,4,8,23,21,27,30,5,18,25,2,20,24,29,2012-13,0.2439024390243902,2013,2010s
1610612755,Philadelphia 76ers,82,34,48,0.415,48.2,37.3,84.1,0.444,6.3,17.5,0.36,12.2,16.8,0.729,10.9,30.4,41.3,22.8,13.0,7.4,4.7,4.8,18.4,16.2,93.2,-3.3,1,19,19,19,25,14,7,22,21,25,13,30,29,25,18,15,20,11,2,18,20,13,5,30,30,23,101.0,104.7,-3.7,91.88,0.474,0.61,1.74,17.7,0.291,0.695,0.489,0.141,0.481,0.509,0.481,0.2,0.141,0.291,Philadelphia 76ers,82,34,48,0.415,48.2,36.8,81.0,0.454,6.7,19.2,0.349,16.2,21.4,0.76,11.0,33.0,44.0,22.8,14.3,7.2,4.8,4.7,16.2,18.4,96.5,3.3,1,19,19,19,25,12,11,16,9,12,9,10,9,21,14,27,26,19,19,4,13,20,1,26,9,23,2012-13,0.4146341463414634,2013,2010s
1610612756,Phoenix Suns,82,25,57,0.305,48.3,37.3,84.4,0.443,5.9,17.7,0.33,14.7,19.7,0.744,11.7,29.9,41.6,22.6,15.6,8.0,5.3,5.1,20.6,18.4,95.2,-6.5,1,27,27,27,17,13,3,23,26,23,28,27,28,20,12,23,18,14,29,15,13,17,22,28,21,28,100.2,106.9,-6.7,94.48,0.458,0.606,1.45,17.1,0.308,0.687,0.491,0.164,0.477,0.512,0.477,0.234,0.164,0.308,Phoenix Suns,82,25,57,0.305,48.3,38.8,82.6,0.47,6.9,17.9,0.388,17.1,22.6,0.757,11.7,31.7,43.4,22.8,15.3,8.3,5.1,5.3,18.4,20.6,101.6,6.5,1,27,27,27,17,25,18,25,12,4,30,22,20,18,24,21,22,19,7,24,17,13,3,9,26,28,2012-13,0.3048780487804878,2013,2010s
1610612757,Portland Trail Blazers,82,33,49,0.402,48.4,36.7,81.9,0.448,8.2,23.2,0.353,15.9,20.5,0.776,10.7,30.2,40.8,21.8,14.7,6.6,4.3,4.4,18.5,18.7,97.5,-3.2,1,21,21,21,8,18,11,16,6,4,20,23,24,7,23,18,24,18,16,28,26,8,7,26,15,22,104.5,107.9,-3.4,92.46,0.468,0.593,1.48,17.0,0.294,0.702,0.495,0.157,0.498,0.536,0.498,0.25,0.157,0.294,Portland Trail Blazers,82,33,49,0.402,48.4,39.3,83.0,0.474,6.4,18.7,0.34,15.7,20.6,0.761,11.0,31.4,42.4,23.7,13.1,8.4,4.4,4.3,18.7,18.5,100.7,3.2,1,21,21,21,8,29,19,29,6,10,3,6,6,24,11,17,17,26,28,26,8,26,5,24,21,22,2012-13,0.4024390243902439,2013,2010s
1610612758,Sacramento Kings,82,28,54,0.341,48.4,37.6,84.2,0.447,7.4,20.5,0.363,17.5,22.8,0.769,11.5,29.1,40.6,20.8,14.6,8.2,4.2,6.3,20.9,20.0,100.2,-4.9,1,25,25,25,13,11,4,19,11,10,12,10,13,11,13,29,25,25,15,13,28,27,25,14,10,27,105.3,110.0,-4.7,94.65,0.454,0.553,1.42,16.0,0.306,0.673,0.485,0.154,0.491,0.532,0.491,0.271,0.154,0.306,Sacramento Kings,82,28,54,0.341,48.4,39.3,83.3,0.472,7.6,21.5,0.355,18.9,24.1,0.783,11.9,31.7,43.6,25.1,14.7,7.6,6.3,4.2,20.0,20.9,105.1,4.9,1,25,25,25,13,28,21,28,22,23,13,28,27,30,26,22,24,29,15,11,27,28,17,6,30,27,2012-13,0.3414634146341463,2013,2010s
1610612759,San Antonio Spurs,82,58,24,0.707,48.5,39.1,81.4,0.481,8.1,21.5,0.376,16.6,21.0,0.791,8.1,33.2,41.3,25.1,14.7,8.5,5.4,4.9,17.4,19.1,103.0,6.4,1,3,3,3,5,2,19,2,7,7,4,15,21,3,29,4,21,1,17,6,9,16,1,23,4,4,107.0,100.3,6.7,95.31,0.551,0.641,1.71,19.1,0.243,0.715,0.493,0.153,0.531,0.568,0.531,0.258,0.153,0.243,San Antonio Spurs,82,58,24,0.707,48.5,37.5,84.9,0.442,6.3,17.9,0.353,15.2,20.0,0.76,11.1,31.4,42.5,21.4,14.9,8.2,4.9,5.4,19.1,17.4,96.6,-6.4,1,3,3,3,5,19,26,8,5,5,12,5,4,22,18,16,18,8,12,23,16,9,8,30,11,4,2012-13,0.7073170731707317,2013,2010s
1610612761,Toronto Raptors,82,34,48,0.415,48.7,36.3,81.5,0.446,7.0,20.3,0.343,17.6,22.3,0.788,10.6,29.6,40.2,21.5,13.7,7.3,4.8,4.7,22.4,20.1,97.2,-1.5,1,19,19,19,2,21,17,20,15,12,26,8,14,5,24,26,28,20,3,21,17,11,30,12,16,18,105.0,106.4,-1.4,91.26,0.484,0.592,1.57,16.9,0.296,0.688,0.49,0.148,0.488,0.532,0.488,0.274,0.148,0.296,Toronto Raptors,82,34,48,0.415,48.7,36.2,79.2,0.458,6.7,18.4,0.361,19.6,26.2,0.747,10.7,31.0,41.7,21.9,14.3,7.0,4.7,4.8,20.1,22.4,98.7,1.5,1,19,19,19,2,10,5,18,8,7,19,30,30,10,6,13,13,12,20,3,11,17,19,1,17,18,2012-13,0.4146341463414634,2013,2010s
1610612762,Utah Jazz,82,43,39,0.524,48.5,37.1,81.8,0.454,6.2,16.9,0.366,17.5,23.0,0.764,12.1,30.0,42.0,22.7,14.8,8.4,6.3,5.9,21.3,20.4,98.0,-0.1,1,15,15,15,5,15,12,12,23,28,8,9,11,12,9,22,14,13,19,7,5,23,28,11,13,15,105.4,105.6,-0.2,92.05,0.504,0.61,1.54,17.4,0.329,0.697,0.51,0.159,0.492,0.533,0.492,0.281,0.159,0.329,Utah Jazz,82,43,39,0.524,48.5,36.6,79.9,0.458,6.8,18.5,0.37,18.0,23.8,0.757,11.0,29.8,40.8,20.6,14.7,7.8,5.9,6.3,20.4,21.3,98.1,0.1,1,15,15,15,5,11,7,20,11,8,24,27,23,17,11,9,7,7,16,14,23,5,20,3,15,15,2012-13,0.524390243902439,2013,2010s
1610612764,Washington Wizards,82,29,53,0.354,48.4,35.5,81.6,0.435,6.6,18.2,0.365,15.6,21.3,0.733,10.8,32.3,43.2,21.6,15.1,7.3,4.6,4.4,20.5,19.1,93.2,-2.5,1,23,23,23,8,28,15,27,18,20,10,24,16,23,21,7,9,19,24,20,21,7,20,21,28,21,99.3,101.6,-2.3,93.23,0.481,0.61,1.43,16.9,0.279,0.706,0.491,0.161,0.475,0.512,0.475,0.261,0.161,0.279,Washington Wizards,82,29,53,0.354,48.4,35.9,81.7,0.44,7.1,20.5,0.349,16.8,22.8,0.738,11.0,33.2,44.2,21.5,14.5,7.8,4.4,4.6,19.1,20.5,95.8,2.5,1,23,23,23,8,7,14,5,14,17,10,18,22,5,14,28,28,10,18,13,7,21,10,11,8,21,2012-13,0.3536585365853658,2013,2010s
1610612737,Atlanta Hawks,82,38,44,0.463,48.4,37.3,81.6,0.458,9.4,25.8,0.363,17.0,21.7,0.781,8.7,31.3,40.0,24.9,15.3,8.3,4.0,4.3,19.2,20.0,101.0,-0.5,1,18,18,18,15,18,24,13,5,2,13,18,22,6,29,18,28,2,24,9,26,12,7,20,15,17,104.9,105.7,-0.7,95.41,0.502,0.667,1.63,18.8,0.256,0.711,0.485,0.159,0.515,0.554,0.515,0.266,0.159,0.256,Atlanta Hawks,82,38,44,0.463,48.4,38.6,83.5,0.462,8.0,21.9,0.365,16.4,21.9,0.748,10.8,32.8,43.5,23.2,15.2,8.2,4.3,4.0,20.0,19.2,101.5,0.5,1,18,18,18,15,23,19,21,15,15,20,7,7,4,16,25,24,24,10,26,12,26,11,24,15,17,2013-14,0.4634146341463415,2014,2010s
1610612738,Boston Celtics,82,25,57,0.305,48.1,36.5,83.9,0.435,7.0,21.1,0.333,16.2,20.8,0.777,12.0,30.5,42.5,21.0,15.4,7.1,4.2,4.5,21.3,19.1,96.2,-4.5,1,26,26,26,29,23,10,28,20,18,28,24,27,10,7,24,18,22,27,23,23,13,19,28,26,25,101.9,106.5,-4.6,94.28,0.461,0.576,1.37,16.2,0.314,0.708,0.505,0.163,0.477,0.517,0.477,0.248,0.163,0.314,Boston Celtics,82,25,57,0.305,48.1,37.8,81.4,0.465,6.6,18.9,0.347,18.5,24.3,0.761,10.6,31.7,42.3,22.1,14.2,7.4,4.5,4.2,19.1,21.3,100.7,4.5,1,26,26,26,29,17,11,23,5,4,5,19,17,21,12,14,13,16,18,11,13,23,3,12,13,25,2013-14,0.3048780487804878,2014,2010s
1610612751,Brooklyn Nets,82,44,38,0.537,48.5,35.7,77.9,0.459,8.6,23.4,0.369,18.4,24.4,0.753,8.8,29.4,38.1,20.9,14.5,8.6,3.8,4.1,21.7,20.8,98.5,-1.0,1,14,14,14,7,29,29,12,10,10,11,10,10,18,28,28,29,24,12,4,28,9,21,11,21,19,105.4,106.7,-1.3,92.42,0.492,0.585,1.44,16.7,0.26,0.686,0.475,0.155,0.514,0.555,0.514,0.313,0.155,0.26,Brooklyn Nets,82,44,38,0.537,48.5,36.3,79.4,0.458,8.1,22.0,0.367,18.8,24.7,0.76,11.2,31.6,42.9,21.0,15.8,7.4,4.1,3.8,20.8,21.7,99.5,1.0,1,14,14,14,7,7,4,17,17,17,23,21,21,19,21,13,18,11,6,10,9,28,20,10,11,19,2013-14,0.5365853658536586,2014,2010s
1610612766,Charlotte Bobcats,82,43,39,0.524,48.5,36.3,82.1,0.442,6.3,17.9,0.351,18.0,24.4,0.737,9.5,33.2,42.7,21.7,12.3,6.1,5.1,5.1,18.2,20.9,96.9,-0.2,1,16,16,16,6,25,21,25,25,27,23,14,11,24,25,7,16,16,1,29,8,21,1,9,23,16,103.0,103.3,-0.4,92.93,0.508,0.597,1.76,16.9,0.269,0.73,0.5,0.131,0.481,0.522,0.481,0.297,0.131,0.269,Charlotte Bobcats,82,43,39,0.524,48.5,36.9,83.4,0.442,8.1,22.0,0.369,15.3,20.1,0.759,9.6,33.7,43.3,21.0,13.3,6.3,5.1,5.1,20.9,18.2,97.1,0.2,1,16,16,16,6,10,16,6,19,16,24,2,2,18,1,28,21,9,28,2,21,8,22,30,4,16,2013-14,0.524390243902439,2014,2010s
1610612741,Chicago Bulls,82,48,34,0.585,48.6,34.7,80.2,0.432,6.2,17.8,0.348,18.1,23.3,0.779,11.4,32.7,44.1,22.7,14.9,7.2,5.2,6.0,19.1,20.9,93.7,1.9,1,11,11,11,4,30,27,30,26,28,24,12,15,7,11,9,10,10,18,21,7,28,4,10,30,13,101.7,99.9,1.9,90.84,0.528,0.654,1.52,17.6,0.321,0.713,0.518,0.162,0.471,0.518,0.471,0.29,0.162,0.321,Chicago Bulls,82,48,34,0.585,48.6,35.0,81.2,0.43,6.6,18.7,0.351,15.3,20.3,0.753,10.7,30.6,41.3,19.6,14.4,7.6,6.0,5.2,20.9,19.1,91.8,-1.9,1,11,11,11,4,2,9,2,3,3,8,3,3,9,13,6,7,2,16,14,28,7,21,27,1,13,2013-14,0.5853658536585366,2014,2010s
1610612739,Cleveland Cavaliers,82,33,49,0.402,48.6,37.0,84.8,0.437,7.1,20.0,0.356,17.0,22.7,0.751,12.1,32.1,44.1,21.2,14.2,7.1,3.7,5.6,20.0,19.5,98.2,-3.3,1,22,22,22,4,19,8,27,18,20,18,17,18,20,6,14,11,20,10,24,29,27,11,24,22,23,103.5,107.0,-3.6,93.69,0.469,0.572,1.49,16.2,0.314,0.711,0.508,0.149,0.479,0.518,0.479,0.268,0.149,0.314,Cleveland Cavaliers,82,33,49,0.402,48.6,37.8,83.5,0.452,9.3,25.4,0.367,16.6,22.0,0.757,10.3,32.3,42.5,24.8,14.0,7.2,5.6,3.7,19.5,20.0,101.5,3.3,1,22,22,22,4,16,20,12,30,30,22,8,8,16,5,22,15,28,24,6,27,29,7,20,16,23,2013-14,0.4024390243902439,2014,2010s
1610612742,Dallas Mavericks,82,49,33,0.598,48.4,39.6,83.6,0.474,8.8,22.9,0.384,16.8,21.1,0.795,10.2,30.7,40.9,23.6,13.5,8.6,4.3,3.5,20.0,19.9,104.8,2.4,1,10,10,10,15,2,11,4,8,12,2,20,23,3,22,23,26,6,3,5,21,4,10,21,8,12,109.5,107.2,2.3,94.94,0.521,0.596,1.74,18.0,0.276,0.694,0.487,0.141,0.526,0.564,0.526,0.253,0.141,0.276,Dallas Mavericks,82,49,33,0.598,48.4,37.8,81.4,0.464,8.3,23.0,0.359,18.7,24.6,0.758,11.5,31.3,42.8,22.0,16.0,7.7,3.5,4.3,19.9,20.0,102.4,-2.4,1,10,10,10,15,14,10,22,22,24,15,20,19,17,24,10,16,15,5,17,4,21,10,21,20,12,2013-14,0.5975609756097561,2014,2010s
1610612743,Denver Nuggets,82,36,46,0.439,48.2,38.4,85.9,0.447,8.6,23.9,0.358,19.1,26.3,0.726,12.3,33.1,45.4,22.4,15.9,7.5,5.6,5.6,23.0,21.7,104.4,-2.1,1,20,20,20,28,11,5,19,11,9,15,8,5,27,4,8,2,12,28,18,4,24,30,7,9,20,105.1,107.3,-2.2,98.95,0.481,0.584,1.41,16.4,0.31,0.703,0.505,0.16,0.497,0.536,0.497,0.306,0.16,0.31,Denver Nuggets,82,36,46,0.439,48.2,39.5,86.4,0.457,7.4,21.0,0.351,20.2,26.4,0.763,11.3,32.5,43.8,22.5,14.4,8.5,5.6,5.6,21.7,23.0,106.5,2.1,1,20,20,20,28,26,27,15,11,10,7,29,28,22,23,23,26,19,16,27,24,4,24,1,28,20,2013-14,0.4390243902439024,2014,2010s
1610612765,Detroit Pistons,82,29,53,0.354,48.2,38.8,86.9,0.447,6.2,19.3,0.321,17.3,25.7,0.67,14.6,30.8,45.4,20.9,14.5,8.4,4.8,4.9,20.3,20.7,101.0,-3.7,1,23,23,23,22,8,4,20,27,22,29,16,6,30,1,22,3,24,13,8,13,18,12,12,14,24,105.2,109.0,-3.7,95.57,0.464,0.539,1.44,15.6,0.347,0.693,0.511,0.152,0.482,0.514,0.482,0.296,0.152,0.347,Detroit Pistons,82,29,53,0.354,48.2,39.1,83.2,0.47,8.3,22.8,0.365,18.1,24.0,0.756,11.1,31.9,43.0,24.4,15.0,8.2,4.9,4.8,20.7,20.3,104.7,3.7,1,23,23,23,22,25,15,27,23,23,21,15,16,13,20,18,19,27,12,25,18,13,19,19,27,24,2013-14,0.3536585365853658,2014,2010s
1610612744,Golden State Warriors,82,51,31,0.622,48.4,39.5,85.4,0.462,9.4,24.8,0.38,15.9,21.1,0.753,10.9,34.4,45.3,23.3,15.2,7.8,5.0,4.2,21.8,19.3,104.3,4.8,1,8,8,8,15,3,6,9,2,6,4,26,24,19,17,2,5,7,22,13,10,10,22,26,10,4,106.3,101.4,4.9,97.37,0.528,0.591,1.53,17.4,0.284,0.724,0.508,0.155,0.517,0.55,0.517,0.247,0.155,0.284,Golden State Warriors,82,51,31,0.622,48.4,36.8,84.4,0.436,6.9,20.2,0.344,18.9,24.7,0.765,10.7,32.6,43.3,20.5,15.0,7.9,4.2,5.0,19.3,21.8,99.5,-4.8,1,8,8,8,15,9,22,4,8,9,3,23,20,25,14,24,20,8,11,22,10,10,5,9,10,4,2013-14,0.6219512195121951,2014,2010s
1610612745,Houston Rockets,82,54,28,0.659,48.4,38.0,80.5,0.472,9.5,26.6,0.358,22.1,31.1,0.712,11.2,34.1,45.3,21.4,16.1,7.6,5.6,5.6,20.4,24.3,107.7,4.6,1,5,5,5,15,15,26,5,1,1,16,1,1,28,15,3,4,18,29,17,3,26,15,1,2,6,109.8,105.2,4.6,97.27,0.534,0.563,1.33,16.1,0.306,0.7,0.513,0.165,0.531,0.571,0.531,0.386,0.165,0.306,Houston Rockets,82,54,28,0.659,48.4,39.0,88.0,0.443,8.1,23.0,0.353,17.0,22.5,0.757,11.9,29.7,41.7,22.2,14.0,8.6,5.6,5.6,24.3,20.4,103.1,-4.6,1,5,5,5,15,24,29,7,20,25,9,10,11,15,28,3,8,17,22,28,26,3,30,16,23,6,2013-14,0.6585365853658537,2014,2010s
1610612754,Indiana Pacers,82,56,26,0.683,48.2,36.0,80.2,0.449,6.7,18.8,0.357,18.1,23.3,0.779,10.2,34.5,44.7,20.1,15.1,6.7,5.4,4.6,20.4,21.9,96.7,4.4,1,4,4,4,22,28,28,17,22,25,17,13,16,8,23,1,8,27,19,27,5,14,13,6,24,7,103.6,98.9,4.7,92.89,0.545,0.56,1.33,15.9,0.296,0.721,0.517,0.162,0.49,0.535,0.49,0.29,0.162,0.296,Indiana Pacers,82,56,26,0.683,48.2,34.8,82.7,0.42,6.6,19.0,0.345,16.3,21.6,0.755,10.4,30.7,41.2,18.6,13.7,7.2,4.6,5.4,21.9,20.4,92.3,-4.4,1,4,4,4,22,1,14,1,3,5,4,6,6,11,9,7,5,1,26,8,14,5,25,17,2,7,2013-14,0.6829268292682927,2014,2010s
1610612746,Los Angeles Clippers,82,57,25,0.695,48.2,39.1,82.5,0.474,8.5,24.0,0.352,21.2,29.1,0.73,10.5,32.5,43.0,24.6,13.9,8.6,4.8,3.5,21.5,23.4,107.9,7.0,1,3,3,3,25,4,17,3,13,8,22,3,2,26,21,10,14,3,7,6,12,3,20,3,1,2,111.3,104.0,7.3,96.66,0.548,0.628,1.77,18.3,0.288,0.69,0.496,0.143,0.526,0.567,0.526,0.353,0.143,0.288,Los Angeles Clippers,82,57,25,0.695,48.2,37.4,84.9,0.441,7.3,21.8,0.332,18.9,25.0,0.755,12.3,31.4,43.7,23.3,15.4,7.0,3.5,4.8,23.4,21.5,101.0,-7.0,1,3,3,3,25,13,23,5,9,14,1,22,22,12,29,11,25,25,7,3,3,12,28,11,14,2,2013-14,0.6951219512195121,2014,2010s
1610612747,Los Angeles Lakers,82,27,55,0.329,48.1,38.3,85.1,0.45,9.4,24.8,0.381,17.0,22.4,0.757,9.1,32.0,41.0,24.5,15.1,7.5,5.4,4.7,19.8,19.3,103.0,-6.3,1,25,25,25,30,13,7,14,2,7,3,19,20,17,27,15,25,4,21,19,5,16,9,27,11,27,103.2,109.3,-6.0,99.72,0.46,0.639,1.62,18.1,0.235,0.676,0.459,0.152,0.505,0.542,0.505,0.263,0.152,0.235,Los Angeles Lakers,82,27,55,0.329,48.1,42.0,89.6,0.468,8.1,22.5,0.361,17.2,23.7,0.727,13.0,36.0,49.0,25.8,14.2,9.6,4.7,5.4,19.3,19.8,109.2,6.3,1,25,25,25,30,30,30,26,20,22,17,12,14,2,30,30,30,29,19,30,16,5,4,22,29,27,2013-14,0.3292682926829268,2014,2010s
1610612763,Memphis Grizzlies,82,50,32,0.61,48.3,38.1,82.0,0.464,4.9,14.0,0.353,15.1,20.3,0.741,11.6,30.8,42.4,21.9,13.7,7.7,4.6,5.0,19.1,18.9,96.1,1.6,1,9,9,9,20,14,22,7,30,30,19,30,29,23,9,21,19,14,4,14,16,19,5,29,27,14,105.5,103.8,1.7,90.58,0.518,0.574,1.59,17.1,0.326,0.718,0.521,0.15,0.494,0.529,0.494,0.248,0.15,0.326,Memphis Grizzlies,82,50,32,0.61,48.3,35.7,79.3,0.45,7.5,21.1,0.355,15.8,20.6,0.766,9.9,29.3,39.2,19.9,14.2,7.2,5.0,4.6,18.9,19.1,94.6,-1.6,1,9,9,9,20,3,3,9,13,11,12,5,4,27,2,1,1,4,20,7,19,16,2,26,3,14,2013-14,0.6097560975609756,2014,2010s
1610612748,Miami Heat,82,54,28,0.659,48.5,38.3,76.5,0.501,8.1,22.3,0.364,17.5,23.0,0.76,7.6,29.2,36.9,22.5,14.8,8.9,4.5,3.1,19.5,20.4,102.2,4.8,1,5,5,5,7,12,30,1,14,15,12,15,17,14,30,30,30,11,16,2,18,1,8,16,12,5,110.0,105.0,5.1,91.9,0.539,0.588,1.52,18.1,0.244,0.686,0.476,0.159,0.554,0.59,0.554,0.3,0.159,0.244,Miami Heat,82,54,28,0.659,48.5,36.1,79.0,0.457,8.5,23.4,0.362,16.8,22.3,0.75,10.8,29.5,40.3,21.4,16.7,8.1,3.1,4.5,20.4,19.5,97.4,-4.8,1,5,5,5,7,6,2,16,24,26,18,9,10,5,17,2,2,12,2,23,1,18,15,23,5,5,2013-14,0.6585365853658537,2014,2010s
1610612749,Milwaukee Bucks,82,15,67,0.183,48.5,36.0,82.2,0.438,6.7,18.9,0.353,16.8,22.5,0.747,11.8,29.3,41.1,21.5,15.1,6.6,4.9,5.0,20.9,20.6,95.5,-8.2,1,30,30,30,7,26,20,26,23,24,20,21,19,21,8,29,24,17,20,28,11,20,18,14,28,29,101.9,110.2,-8.3,92.96,0.449,0.596,1.42,16.5,0.31,0.678,0.49,0.161,0.479,0.519,0.479,0.274,0.161,0.31,Milwaukee Bucks,82,15,67,0.183,48.5,38.4,82.0,0.468,8.5,22.3,0.382,18.4,24.5,0.751,11.7,31.8,43.5,22.8,14.1,7.8,5.0,4.9,20.6,20.9,103.7,8.2,1,30,30,30,7,22,12,25,26,19,30,17,18,6,26,17,23,22,21,20,20,11,17,13,25,29,2013-14,0.1829268292682926,2014,2010s
1610612750,Minnesota Timberwolves,82,40,42,0.488,48.4,38.9,87.5,0.444,7.3,21.4,0.341,21.8,28.1,0.778,12.5,32.2,44.7,23.9,13.9,8.8,3.6,5.6,18.3,23.6,106.9,2.7,1,17,17,17,10,7,1,23,17,16,26,2,3,9,2,13,6,5,8,3,30,23,3,2,3,10,107.7,105.2,2.6,98.33,0.519,0.616,1.72,17.3,0.317,0.715,0.508,0.14,0.486,0.535,0.486,0.321,0.14,0.317,Minnesota Timberwolves,82,40,42,0.488,48.4,40.5,86.0,0.471,8.1,22.2,0.364,15.2,20.1,0.756,11.1,33.1,44.2,22.9,16.4,7.9,5.6,3.6,23.6,18.3,104.3,-2.7,1,17,17,17,10,29,26,29,18,18,19,1,1,14,19,26,28,23,3,21,23,30,29,28,26,10,2013-14,0.4878048780487805,2014,2010s
1610612740,New Orleans Pelicans,82,34,48,0.415,48.4,37.8,82.5,0.459,5.9,15.9,0.373,18.2,23.6,0.769,11.4,30.3,41.7,21.3,13.8,7.9,6.4,6.1,22.6,20.3,99.7,-2.7,1,21,21,21,10,17,17,11,29,29,6,11,12,11,13,25,22,19,6,12,1,29,27,19,18,21,106.2,109.1,-3.0,93.07,0.483,0.563,1.55,16.5,0.305,0.694,0.497,0.147,0.495,0.537,0.495,0.286,0.147,0.305,New Orleans Pelicans,82,34,48,0.415,48.4,37.3,80.1,0.465,8.0,22.3,0.357,20.0,26.5,0.752,10.7,31.0,41.7,22.5,14.5,7.0,6.1,6.4,20.3,22.6,102.4,2.7,1,21,21,21,10,12,5,24,14,20,13,28,29,8,15,8,9,20,15,4,29,1,12,4,19,21,2013-14,0.4146341463414634,2014,2010s
1610612752,New York Knicks,82,37,45,0.451,48.4,36.9,82.2,0.449,9.3,24.9,0.372,15.5,20.4,0.761,10.6,29.7,40.3,20.0,13.0,7.7,4.5,3.4,22.1,19.6,98.6,-0.8,1,19,19,19,10,20,19,16,7,5,7,28,28,13,20,27,27,28,2,14,18,2,24,22,20,18,107.0,108.1,-1.1,91.24,0.49,0.542,1.54,16.0,0.291,0.705,0.492,0.141,0.505,0.541,0.505,0.248,0.141,0.291,New York Knicks,82,37,45,0.451,48.4,35.8,78.1,0.458,8.7,23.4,0.371,19.1,25.0,0.765,10.3,31.7,42.0,19.7,14.5,6.3,3.4,4.5,19.6,22.1,99.4,0.8,1,19,19,19,10,4,1,19,28,27,27,25,23,24,6,15,10,3,14,1,2,18,9,7,8,18,2013-14,0.4512195121951219,2014,2010s
1610612760,Oklahoma City Thunder,82,59,23,0.72,48.3,39.0,82.7,0.471,8.1,22.4,0.361,20.2,25.0,0.806,10.8,33.9,44.7,21.9,15.3,8.3,6.1,3.6,22.7,20.4,106.2,6.3,1,2,2,2,20,6,15,6,15,14,14,5,8,2,18,6,6,13,25,10,2,5,28,18,5,3,109.4,103.0,6.4,96.33,0.543,0.562,1.43,16.6,0.294,0.722,0.518,0.158,0.52,0.566,0.52,0.303,0.158,0.294,Oklahoma City Thunder,82,59,23,0.72,48.3,36.4,83.4,0.436,8.6,24.0,0.358,18.4,25.4,0.727,11.0,30.0,40.9,21.8,15.2,8.2,3.6,6.1,20.4,22.7,99.8,-6.3,1,2,2,2,20,8,18,3,27,28,14,18,25,1,18,4,3,13,9,24,5,2,13,3,12,3,2013-14,0.7195121951219512,2014,2010s
1610612753,Orlando Magic,82,23,59,0.28,48.7,36.9,82.7,0.445,6.9,19.5,0.353,15.9,20.9,0.763,9.7,32.4,42.0,21.0,14.9,7.7,4.3,5.4,20.5,18.3,96.5,-5.4,1,28,28,28,2,22,14,21,21,21,21,25,26,12,24,12,21,22,17,16,22,22,16,30,25,26,101.0,106.6,-5.7,94.27,0.466,0.571,1.41,16.4,0.267,0.714,0.49,0.156,0.487,0.525,0.487,0.253,0.156,0.267,Orlando Magic,82,23,59,0.28,48.7,38.1,83.7,0.456,8.0,21.7,0.371,17.7,22.9,0.77,10.5,33.5,44.0,22.5,14.0,7.1,5.4,4.3,18.3,20.5,102.0,5.4,1,28,28,28,2,20,21,13,16,13,26,13,12,29,10,27,27,21,23,5,22,22,1,15,17,26,2013-14,0.2804878048780488,2014,2010s
1610612755,Philadelphia 76ers,82,19,63,0.232,48.4,37.9,87.2,0.435,7.0,22.5,0.312,16.6,23.4,0.71,11.6,31.2,42.7,21.8,16.9,9.3,4.0,6.8,22.5,20.6,99.5,-10.5,1,29,29,29,14,16,2,29,19,13,30,22,14,29,10,19,15,15,30,1,25,30,25,15,19,30,99.0,109.0,-10.0,99.74,0.426,0.576,1.29,16.0,0.29,0.684,0.479,0.168,0.475,0.51,0.475,0.268,0.168,0.29,Philadelphia 76ers,82,19,63,0.232,48.4,40.0,85.1,0.471,9.0,24.4,0.37,20.8,27.6,0.754,11.9,35.0,46.9,26.1,17.0,9.0,6.8,4.0,20.6,22.5,109.9,10.5,1,29,29,29,14,28,24,28,29,29,25,30,30,10,27,29,29,30,1,29,30,25,16,6,30,30,2013-14,0.2317073170731707,2014,2010s
1610612756,Phoenix Suns,82,48,34,0.585,48.2,38.7,83.5,0.463,9.3,25.1,0.372,18.5,24.4,0.758,11.3,31.7,43.0,19.1,15.3,8.4,4.6,4.0,21.9,21.3,105.2,2.6,1,11,11,11,25,10,12,8,6,4,8,9,9,16,14,16,13,29,26,7,17,8,23,8,7,11,108.2,105.6,2.6,96.83,0.509,0.493,1.24,14.7,0.298,0.699,0.5,0.158,0.519,0.558,0.519,0.293,0.158,0.298,Phoenix Suns,82,48,34,0.585,48.2,38.0,83.4,0.456,6.8,19.9,0.341,19.8,25.8,0.766,11.3,31.5,42.8,20.3,15.3,7.5,4.0,4.6,21.3,21.9,102.6,-2.6,1,11,11,11,25,19,17,14,6,8,2,27,26,28,22,12,16,5,8,12,8,17,23,8,21,11,2013-14,0.5853658536585366,2014,2010s
1610612757,Portland Trail Blazers,82,54,28,0.659,48.4,39.1,87.0,0.45,9.4,25.3,0.372,19.1,23.5,0.815,12.5,34.0,46.4,23.2,13.7,5.5,4.7,3.7,19.2,20.7,106.7,4.0,1,5,5,5,10,5,3,15,4,3,10,7,13,1,3,4,1,9,5,30,14,6,6,13,4,8,110.4,106.2,4.2,95.9,0.524,0.594,1.69,17.2,0.32,0.713,0.517,0.142,0.504,0.548,0.504,0.27,0.142,0.32,Portland Trail Blazers,82,54,28,0.659,48.4,39.6,87.8,0.451,6.5,18.3,0.355,17.0,22.2,0.766,11.5,32.0,43.5,20.4,12.0,7.8,3.7,4.7,20.7,19.2,102.8,-4.0,1,5,5,5,10,27,28,11,2,2,11,11,9,26,25,19,22,7,30,19,6,14,18,25,22,8,2013-14,0.6585365853658537,2014,2010s
1610612758,Sacramento Kings,82,28,54,0.341,48.4,36.9,82.5,0.447,6.0,18.0,0.333,20.7,27.3,0.759,12.1,32.4,44.5,18.9,15.2,7.2,3.9,5.6,22.5,23.1,100.5,-2.9,1,24,24,24,15,21,16,18,28,26,27,4,4,15,5,11,9,30,23,22,27,24,26,4,17,22,105.1,107.8,-2.7,95.04,0.473,0.511,1.24,14.6,0.316,0.725,0.518,0.159,0.484,0.532,0.484,0.331,0.159,0.316,Sacramento Kings,82,28,54,0.341,48.4,37.8,82.1,0.461,8.5,22.4,0.38,19.2,26.1,0.737,9.9,31.3,41.2,23.5,13.6,7.8,5.6,3.9,23.1,22.5,103.4,2.9,1,24,24,24,15,18,13,20,25,21,29,26,27,3,3,9,6,26,27,18,24,27,27,5,24,22,2013-14,0.3414634146341463,2014,2010s
1610612759,San Antonio Spurs,82,62,20,0.756,48.2,40.6,83.5,0.486,8.5,21.4,0.397,15.7,20.0,0.785,9.3,34.0,43.3,25.2,14.4,7.4,5.1,4.6,18.2,19.3,105.4,7.7,1,1,1,1,25,1,13,2,12,16,1,27,30,4,26,4,12,1,11,20,9,15,2,25,6,1,109.5,101.4,8.1,95.87,0.555,0.621,1.75,19.0,0.261,0.725,0.503,0.15,0.537,0.571,0.537,0.24,0.15,0.261,San Antonio Spurs,82,62,20,0.756,48.2,37.8,85.1,0.444,6.5,18.3,0.353,15.7,20.6,0.76,10.5,31.7,42.2,20.4,13.9,7.7,4.6,5.1,19.3,18.2,97.6,-7.7,1,1,1,1,25,14,25,8,1,1,10,4,5,20,11,15,12,6,25,15,15,9,6,29,6,1,2013-14,0.7560975609756098,2014,2010s
1610612761,Toronto Raptors,82,48,34,0.585,48.7,36.5,81.9,0.445,8.7,23.4,0.372,19.6,25.1,0.782,11.4,31.1,42.5,21.2,14.1,7.0,4.2,4.3,23.0,22.1,101.3,3.2,1,11,11,11,2,24,23,22,9,11,9,6,7,5,12,20,17,21,9,25,23,11,29,5,13,9,107.9,104.6,3.3,92.48,0.512,0.581,1.5,16.4,0.312,0.701,0.505,0.151,0.498,0.545,0.498,0.306,0.151,0.312,Toronto Raptors,82,48,34,0.585,48.7,36.1,80.2,0.45,6.9,19.2,0.36,19.0,25.3,0.752,10.4,30.5,41.0,21.0,14.9,7.3,4.3,4.2,22.1,23.0,98.0,-3.2,1,11,11,11,2,5,6,10,7,6,16,24,24,7,8,5,4,10,13,9,11,23,26,2,7,9,2013-14,0.5853658536585366,2014,2010s
1610612762,Utah Jazz,82,25,57,0.305,48.2,36.0,81.1,0.444,6.6,19.2,0.344,16.4,22.0,0.747,11.0,30.2,41.2,20.3,14.6,7.0,4.5,4.9,20.7,20.4,95.0,-7.2,1,26,26,26,22,27,25,24,24,23,25,23,21,22,16,26,23,26,14,26,20,17,17,17,29,28,102.4,110.1,-7.6,92.32,0.451,0.564,1.39,16.1,0.297,0.708,0.497,0.158,0.484,0.523,0.484,0.271,0.158,0.297,Utah Jazz,82,25,57,0.305,48.2,38.3,81.0,0.473,7.3,19.4,0.376,18.3,23.7,0.773,10.3,32.2,42.5,21.8,12.6,7.5,4.9,4.5,20.4,20.7,102.2,7.2,1,26,26,26,22,21,8,30,10,7,28,16,15,30,7,21,14,14,29,13,17,20,14,14,18,28,2013-14,0.3048780487804878,2014,2010s
1610612764,Washington Wizards,82,44,38,0.537,48.9,38.7,84.4,0.459,7.9,20.8,0.38,15.3,20.9,0.731,10.8,31.4,42.2,23.3,14.7,8.1,4.6,3.9,20.4,19.5,100.7,1.3,1,14,14,14,1,9,9,10,16,19,5,29,25,25,19,17,20,8,15,11,15,7,13,23,16,15,104.9,103.6,1.3,94.18,0.504,0.601,1.59,17.6,0.286,0.719,0.498,0.153,0.506,0.538,0.506,0.248,0.153,0.286,Washington Wizards,82,44,38,0.537,48.9,37.0,80.9,0.458,7.5,21.5,0.347,17.8,23.3,0.765,10.1,32.1,42.2,22.2,16.0,7.7,3.9,4.6,19.5,20.4,99.4,-1.3,1,14,14,14,1,11,7,18,12,12,6,14,13,23,4,20,11,18,4,16,7,15,8,17,9,15,2013-14,0.5365853658536586,2014,2010s
1610612737,Atlanta Hawks,82,48,34,0.585,48.4,38.6,84.4,0.458,9.9,28.4,0.35,15.6,20.0,0.783,8.3,33.8,42.1,25.6,15.0,9.1,5.9,5.0,19.1,18.3,102.8,3.6,1,7,7,7,11,9,15,11,6,7,15,29,30,8,30,13,24,2,22,3,5,14,7,29,12,7,104.6,100.8,3.9,97.63,0.528,0.663,1.71,19.0,0.234,0.698,0.474,0.152,0.516,0.552,0.516,0.237,0.152,0.234,Atlanta Hawks,82,48,34,0.585,48.4,37.1,86.1,0.432,8.3,24.5,0.338,16.7,22.1,0.755,11.5,35.0,46.5,22.0,16.1,8.6,5.0,5.9,18.3,19.1,99.2,-3.6,1,7,7,7,11,7,26,1,13,16,6,8,7,13,27,25,28,15,5,23,14,5,2,24,6,7,2015-16,0.5853658536585366,2016,2010s
1610612738,Boston Celtics,82,48,34,0.585,48.2,39.2,89.2,0.439,8.7,26.1,0.335,18.5,23.5,0.788,11.6,33.3,44.9,24.2,13.7,9.2,4.2,5.5,21.9,21.0,105.7,3.2,1,7,7,7,23,7,1,24,12,11,28,8,12,6,3,15,6,6,12,2,22,24,29,10,5,8,105.8,102.5,3.3,99.43,0.52,0.616,1.76,17.4,0.29,0.707,0.495,0.138,0.488,0.531,0.488,0.264,0.138,0.29,Boston Celtics,82,48,34,0.585,48.2,37.5,85.0,0.441,7.8,23.3,0.336,19.7,26.0,0.755,11.4,34.6,46.0,20.9,16.4,7.6,5.5,4.2,21.0,21.9,102.5,-3.2,1,7,7,7,23,10,20,7,7,11,4,27,28,14,24,22,26,6,2,14,24,22,21,2,13,8,2015-16,0.5853658536585366,2016,2010s
1610612751,Brooklyn Nets,82,21,61,0.256,48.2,38.2,84.4,0.453,6.5,18.4,0.352,15.7,20.7,0.757,10.5,31.9,42.4,22.3,14.8,7.6,4.0,5.2,18.0,18.4,98.6,-7.4,1,28,28,28,26,17,17,13,26,27,13,27,27,18,14,25,23,15,19,19,25,18,2,28,26,28,102.4,109.7,-7.4,96.12,0.46,0.583,1.51,17.0,0.279,0.716,0.494,0.153,0.492,0.527,0.492,0.246,0.153,0.279,Brooklyn Nets,82,21,61,0.256,48.2,40.8,85.2,0.479,9.5,25.6,0.369,15.0,19.6,0.763,10.2,33.2,43.4,24.5,14.2,8.8,5.2,4.0,18.4,18.0,106.0,7.4,1,28,28,28,26,30,22,30,27,25,24,2,1,22,14,14,12,27,16,27,18,25,3,29,24,28,2015-16,0.2560975609756097,2016,2010s
1610612766,Charlotte Hornets,82,48,34,0.585,48.4,37.0,84.4,0.439,10.6,29.4,0.362,18.7,23.7,0.79,9.0,35.0,43.9,21.7,12.5,7.3,5.3,5.5,18.1,20.4,103.4,2.7,1,7,7,7,9,24,16,27,4,4,8,7,11,5,28,4,14,19,1,22,12,21,3,14,11,9,106.4,103.7,2.7,96.24,0.511,0.586,1.73,16.7,0.244,0.754,0.499,0.129,0.502,0.545,0.502,0.28,0.129,0.244,Charlotte Hornets,82,48,34,0.585,48.4,37.8,85.0,0.444,8.9,25.4,0.349,16.3,21.2,0.769,8.9,35.8,44.7,23.2,13.4,6.7,5.5,5.3,20.4,18.1,100.7,-2.7,1,7,7,7,9,12,18,12,18,23,14,3,4,25,2,29,22,23,21,2,21,12,17,28,9,9,2015-16,0.5853658536585366,2016,2010s
1610612741,Chicago Bulls,82,42,40,0.512,48.5,38.6,87.4,0.441,7.9,21.4,0.371,16.5,21.0,0.787,11.1,35.2,46.3,22.8,13.9,6.0,5.7,5.7,18.8,18.7,101.6,-1.5,1,14,14,14,3,11,2,22,21,24,3,23,26,7,9,3,3,12,13,29,8,27,5,26,21,18,104.1,105.5,-1.4,96.6,0.494,0.591,1.64,17.0,0.29,0.714,0.506,0.142,0.487,0.526,0.487,0.24,0.142,0.29,Chicago Bulls,82,42,40,0.512,48.5,39.4,89.4,0.441,7.9,23.0,0.345,16.3,22.1,0.737,11.8,34.1,45.9,22.5,11.9,8.0,5.7,5.7,18.7,18.8,103.1,1.5,1,14,14,14,3,25,30,8,11,8,10,4,8,3,29,20,25,19,29,19,27,8,5,26,16,18,2015-16,0.5121951219512195,2016,2010s
1610612739,Cleveland Cavaliers,82,57,25,0.695,48.4,38.7,84.0,0.46,10.7,29.6,0.362,16.3,21.7,0.748,10.6,33.9,44.5,22.7,13.6,6.7,3.9,4.4,20.3,20.6,104.3,6.0,1,3,3,3,9,8,19,10,2,3,7,26,24,21,12,11,9,13,10,28,27,7,14,12,8,4,110.2,103.9,6.3,93.82,0.528,0.587,1.67,17.4,0.294,0.742,0.519,0.143,0.524,0.558,0.524,0.259,0.143,0.294,Cleveland Cavaliers,82,57,25,0.695,48.4,36.8,82.1,0.448,7.9,22.7,0.347,16.8,22.6,0.743,9.3,31.8,41.0,21.4,13.3,7.2,4.4,3.9,20.6,20.3,98.3,-6.0,1,3,3,3,9,6,5,14,9,7,13,10,11,5,5,8,5,8,24,7,7,27,19,17,4,4,2015-16,0.6951219512195121,2016,2010s
1610612742,Dallas Mavericks,82,42,40,0.512,48.8,37.4,84.1,0.444,9.8,28.6,0.344,17.7,22.3,0.794,9.2,33.9,43.1,22.1,12.8,6.8,3.7,4.4,19.5,21.4,102.3,-0.3,1,14,14,14,1,22,18,20,7,5,23,12,21,3,26,9,19,18,2,26,29,8,8,8,16,16,105.5,105.9,-0.4,95.34,0.503,0.592,1.73,17.0,0.241,0.723,0.484,0.132,0.502,0.544,0.502,0.265,0.132,0.241,Dallas Mavericks,82,42,40,0.512,48.8,38.3,85.0,0.451,9.1,26.5,0.342,16.9,22.8,0.738,10.6,35.2,45.8,22.0,13.9,7.5,4.4,3.7,21.4,19.5,102.6,0.3,1,14,14,14,1,14,18,15,22,26,9,11,12,4,16,26,24,14,18,11,8,29,23,23,14,16,2015-16,0.5121951219512195,2016,2010s
1610612743,Denver Nuggets,82,33,49,0.402,48.4,37.7,85.4,0.442,8.0,23.7,0.338,18.5,24.1,0.766,11.5,33.1,44.6,22.7,14.7,7.4,4.8,6.3,21.0,20.9,101.9,-3.1,1,21,21,21,11,21,12,21,20,18,26,10,10,14,6,19,8,14,18,20,16,30,23,11,20,23,104.9,108.2,-3.3,96.34,0.479,0.601,1.55,16.9,0.304,0.732,0.513,0.151,0.489,0.531,0.489,0.282,0.151,0.304,Denver Nuggets,82,33,49,0.402,48.4,38.8,84.2,0.461,9.2,24.8,0.371,18.2,23.9,0.761,9.7,32.9,42.7,23.5,13.7,8.0,6.3,4.8,20.9,21.0,105.0,3.1,1,21,21,21,11,19,12,21,23,18,27,19,19,20,9,11,9,25,20,20,30,16,20,8,22,23,2015-16,0.4024390243902439,2016,2010s
1610612765,Detroit Pistons,82,44,38,0.537,48.5,37.9,86.4,0.439,9.0,26.2,0.345,17.1,25.5,0.668,12.5,33.9,46.3,19.4,13.5,7.0,3.7,4.5,19.0,21.6,102.0,0.6,1,12,12,12,5,18,5,25,10,10,22,20,5,30,2,11,2,27,9,24,30,9,6,5,19,14,105.3,104.9,0.3,95.75,0.486,0.512,1.44,14.8,0.313,0.753,0.521,0.14,0.491,0.522,0.491,0.296,0.14,0.313,Detroit Pistons,82,44,38,0.537,48.5,38.8,84.2,0.461,7.3,20.5,0.355,16.5,21.0,0.783,8.8,33.7,42.5,21.5,13.4,7.1,4.5,3.7,21.6,19.0,101.4,-0.6,1,12,12,12,5,19,11,22,2,2,16,5,3,28,1,16,8,9,22,4,9,30,26,25,12,14,2015-16,0.5365853658536586,2016,2010s
1610612744,Golden State Warriors,82,73,9,0.89,48.5,42.5,87.3,0.487,13.1,31.6,0.416,16.7,21.8,0.763,10.0,36.2,46.2,28.9,15.2,8.4,6.1,4.1,20.7,19.8,114.9,10.8,1,1,1,1,5,1,3,1,1,1,1,22,23,16,21,1,4,1,24,9,2,3,19,19,1,1,113.5,102.8,10.6,100.24,0.567,0.68,1.91,20.4,0.267,0.72,0.507,0.15,0.563,0.593,0.563,0.25,0.15,0.267,Golden State Warriors,82,73,9,0.89,48.5,38.9,89.4,0.435,7.8,23.5,0.332,18.6,24.5,0.757,11.4,32.5,43.9,22.2,14.5,8.7,4.1,6.1,19.8,20.7,104.1,-10.8,1,1,1,1,5,21,29,3,6,13,2,22,23,17,25,9,15,16,15,24,3,2,12,11,19,1,2015-16,0.8902439024390244,2016,2010s
1610612745,Houston Rockets,82,41,41,0.5,48.4,37.7,83.5,0.452,10.7,30.9,0.347,20.4,29.4,0.694,11.3,31.7,43.1,22.2,15.9,10.0,5.2,4.9,21.8,22.5,106.5,0.2,1,17,17,17,11,20,23,14,3,2,19,3,1,27,7,27,20,16,27,1,13,13,28,1,4,15,107.3,107.3,0.0,98.42,0.49,0.589,1.39,16.4,0.297,0.692,0.492,0.161,0.516,0.553,0.516,0.352,0.161,0.297,Houston Rockets,82,41,41,0.5,48.4,39.0,85.1,0.459,9.7,26.9,0.361,18.6,24.6,0.756,11.8,32.8,44.6,24.6,16.6,9.0,4.9,5.2,22.5,21.8,106.4,-0.2,1,17,17,17,11,22,21,19,28,29,21,23,24,15,30,10,21,29,1,29,13,13,30,3,25,15,2015-16,0.5,2016,2010s
1610612754,Indiana Pacers,82,45,37,0.549,48.5,38.3,85.2,0.45,8.1,23.0,0.351,17.4,22.8,0.764,10.3,33.9,44.2,21.2,14.9,9.0,4.8,4.5,20.0,20.4,102.2,1.7,1,11,11,11,5,15,13,17,18,20,14,14,17,15,17,10,12,22,20,4,17,9,11,13,17,11,103.8,102.2,1.6,97.35,0.518,0.554,1.43,16.1,0.271,0.714,0.494,0.151,0.497,0.536,0.497,0.268,0.151,0.271,Indiana Pacers,82,45,37,0.549,48.5,37.4,84.9,0.44,8.3,24.8,0.334,17.4,23.2,0.751,10.7,33.8,44.5,20.8,15.8,7.7,4.5,4.8,20.4,20.0,100.5,-1.7,1,11,11,11,5,9,16,6,13,19,3,14,13,11,17,19,20,4,7,16,9,17,18,20,8,11,2015-16,0.5487804878048781,2016,2010s
1610612746,LA Clippers,82,53,29,0.646,48.4,38.3,82.4,0.465,9.7,26.7,0.364,18.2,26.2,0.692,8.8,33.3,42.0,22.8,13.0,8.6,5.6,3.2,21.3,22.5,104.5,4.3,1,6,6,6,11,16,25,6,8,9,6,11,4,29,29,17,25,11,3,7,10,1,24,2,7,6,107.2,102.7,4.5,96.81,0.533,0.596,1.76,17.4,0.234,0.697,0.472,0.133,0.524,0.556,0.524,0.318,0.133,0.234,LA Clippers,82,53,29,0.646,48.4,36.8,84.7,0.434,7.9,23.3,0.338,18.8,25.1,0.751,11.8,34.9,46.7,21.2,15.4,7.1,3.2,5.6,22.5,21.3,100.2,-4.3,1,6,6,6,11,5,15,2,8,10,5,24,25,10,28,24,29,7,9,4,1,10,29,7,7,6,2015-16,0.6463414634146342,2016,2010s
1610612747,Los Angeles Lakers,82,17,65,0.207,48.1,35.1,84.8,0.414,7.8,24.6,0.317,19.3,24.7,0.781,10.7,32.3,43.0,18.0,13.7,7.2,4.1,5.6,20.3,19.2,97.3,-9.6,1,29,29,29,28,30,14,30,22,13,30,6,8,11,11,24,21,30,11,23,24,25,13,24,30,29,100.7,110.3,-9.7,96.55,0.424,0.513,1.31,14.1,0.271,0.712,0.484,0.142,0.46,0.509,0.46,0.292,0.142,0.271,Los Angeles Lakers,82,17,65,0.207,48.1,40.5,85.6,0.473,8.5,24.6,0.347,17.3,23.7,0.731,10.9,35.5,46.5,24.7,12.6,7.5,5.6,4.1,19.2,20.3,106.9,9.6,1,29,29,29,28,28,24,29,15,17,11,13,16,1,20,28,27,30,28,11,25,24,7,18,27,29,2015-16,0.2073170731707317,2016,2010s
1610612763,Memphis Grizzlies,82,42,40,0.512,48.4,36.8,83.6,0.44,6.1,18.5,0.331,19.3,24.7,0.783,11.2,30.5,41.6,20.7,13.3,8.8,4.3,5.7,21.7,21.1,99.1,-2.2,1,14,14,14,11,26,22,23,27,25,29,5,9,9,8,30,28,25,6,6,21,29,27,9,24,20,104.7,107.1,-2.4,93.95,0.483,0.562,1.56,16.0,0.298,0.709,0.495,0.14,0.477,0.524,0.477,0.295,0.14,0.298,Memphis Grizzlies,82,42,40,0.512,48.4,35.9,78.8,0.456,9.7,26.6,0.365,19.7,25.7,0.768,10.1,33.1,43.2,21.9,16.2,7.0,5.7,4.3,21.1,21.7,101.3,2.2,1,14,14,14,11,3,1,18,29,28,22,28,26,24,12,12,11,13,3,3,29,21,22,4,11,20,2015-16,0.5121951219512195,2016,2010s
1610612748,Miami Heat,82,48,34,0.585,48.4,38.4,81.7,0.47,6.1,18.0,0.336,17.1,23.0,0.744,9.8,34.3,44.1,20.8,14.1,6.7,6.5,4.1,18.3,19.6,100.0,1.6,1,7,7,7,11,13,27,4,28,28,27,18,14,23,22,6,13,23,14,27,1,4,4,20,23,12,105.5,103.7,1.7,94.14,0.525,0.543,1.48,16.3,0.28,0.729,0.512,0.148,0.508,0.545,0.508,0.282,0.148,0.28,Miami Heat,82,48,34,0.585,48.4,37.2,84.3,0.442,7.4,21.2,0.347,16.5,21.5,0.77,9.8,31.5,41.3,20.2,12.9,7.5,4.1,6.5,19.6,18.3,98.4,-1.6,1,7,7,7,11,8,13,9,3,3,12,7,5,27,10,6,6,2,27,10,4,1,11,27,5,12,2015-16,0.5853658536585366,2016,2010s
1610612749,Milwaukee Bucks,82,33,49,0.402,48.4,38.4,82.2,0.467,5.4,15.6,0.345,17.0,22.7,0.747,10.5,31.2,41.7,23.1,15.2,8.2,5.8,5.6,20.7,19.5,99.0,-4.2,1,21,21,21,11,14,26,5,30,30,21,21,18,22,15,29,27,9,25,13,7,26,17,21,25,26,103.4,107.8,-4.5,95.05,0.483,0.603,1.52,17.6,0.286,0.689,0.49,0.159,0.499,0.537,0.499,0.276,0.159,0.286,Milwaukee Bucks,82,33,49,0.402,48.4,37.8,83.1,0.454,9.3,26.5,0.352,18.4,23.9,0.768,11.5,31.5,43.0,24.5,15.5,8.3,5.6,5.8,19.5,20.7,103.2,4.2,1,21,21,21,11,11,6,17,25,27,15,21,20,23,26,7,10,28,8,22,26,7,10,14,17,26,2015-16,0.4024390243902439,2016,2010s
1610612750,Minnesota Timberwolves,82,29,53,0.354,48.5,37.7,81.3,0.464,5.5,16.4,0.338,21.4,27.0,0.792,10.0,31.5,41.6,23.4,15.0,8.0,4.6,5.2,20.7,21.6,102.4,-3.5,1,26,26,26,5,19,29,7,29,29,25,1,2,4,20,28,29,8,23,14,19,17,18,7,15,24,105.4,109.0,-3.5,96.2,0.497,0.619,1.56,17.6,0.279,0.702,0.494,0.155,0.498,0.549,0.498,0.332,0.155,0.279,Minnesota Timberwolves,82,29,53,0.354,48.5,40.0,84.9,0.471,9.0,25.5,0.355,17.0,22.5,0.757,10.7,31.2,41.9,22.6,14.9,7.8,5.2,4.6,21.6,20.7,106.0,3.5,1,26,26,26,5,27,16,28,21,24,17,12,9,18,17,3,7,20,13,17,17,19,24,13,23,24,2015-16,0.3536585365853658,2016,2010s
1610612740,New Orleans Pelicans,82,30,52,0.366,48.2,38.5,85.9,0.448,8.6,23.8,0.36,17.3,22.2,0.776,9.5,33.1,42.6,22.2,13.4,7.7,4.2,5.2,20.9,19.9,102.7,-3.8,1,25,25,25,23,12,8,19,15,16,9,16,22,13,23,20,22,17,8,16,23,15,22,17,13,25,104.8,108.4,-3.7,97.64,0.472,0.577,1.65,16.8,0.252,0.748,0.493,0.137,0.498,0.537,0.498,0.259,0.137,0.252,New Orleans Pelicans,82,30,52,0.366,48.2,39.2,83.9,0.468,9.2,24.9,0.369,18.8,24.0,0.783,8.9,35.5,44.4,23.2,13.7,7.3,5.2,4.2,19.9,20.9,106.5,3.8,1,25,25,25,23,24,10,27,23,22,25,25,22,29,3,27,19,21,19,9,15,23,14,9,26,25,2015-16,0.3658536585365853,2016,2010s
1610612752,New York Knicks,82,32,50,0.39,48.3,36.9,84.0,0.439,7.4,21.5,0.346,17.2,21.4,0.805,10.4,34.0,44.4,20.5,13.4,5.7,5.7,4.2,19.7,18.5,98.4,-2.7,1,24,24,24,19,25,21,26,24,23,20,17,25,1,16,7,10,26,7,30,9,5,10,27,27,22,103.9,106.7,-2.8,94.12,0.487,0.557,1.53,16.0,0.28,0.718,0.502,0.142,0.483,0.527,0.483,0.255,0.142,0.28,New York Knicks,82,32,50,0.39,48.3,38.0,85.8,0.443,7.6,22.4,0.341,17.5,23.2,0.754,10.9,33.3,44.2,20.8,11.3,7.2,4.2,5.7,18.5,19.7,101.1,2.7,1,24,24,24,19,13,25,10,4,6,7,15,15,12,19,15,16,3,30,6,5,9,4,21,10,22,2015-16,0.3902439024390244,2016,2010s
1610612760,Oklahoma City Thunder,82,55,27,0.671,48.4,41.1,86.4,0.476,8.3,23.7,0.349,19.7,25.2,0.782,13.1,35.6,48.6,23.0,15.9,7.4,5.9,4.5,20.6,20.2,110.2,7.3,1,5,5,5,11,2,7,3,17,17,17,4,7,10,1,2,1,10,26,21,4,11,16,15,2,3,112.1,104.8,7.4,97.54,0.546,0.558,1.44,16.7,0.347,0.72,0.541,0.162,0.524,0.565,0.524,0.292,0.162,0.347,Oklahoma City Thunder,82,55,27,0.671,48.4,38.4,87.7,0.438,8.1,23.8,0.342,18.0,23.8,0.756,11.3,28.9,40.2,21.5,13.0,8.8,4.5,5.9,20.2,20.6,102.9,-7.3,1,5,5,5,11,16,27,5,12,14,8,18,18,16,22,1,2,10,26,26,11,4,16,15,15,3,2015-16,0.6707317073170732,2016,2010s
1610612753,Orlando Magic,82,35,47,0.427,48.5,39.5,86.8,0.455,7.8,22.2,0.35,15.2,20.1,0.757,10.3,33.0,43.3,23.6,14.1,8.2,5.1,5.5,20.7,18.3,102.1,-1.6,1,20,20,20,3,5,4,12,23,22,16,30,29,17,18,21,17,7,14,12,15,21,19,30,18,19,104.4,106.0,-1.6,96.68,0.488,0.596,1.67,17.6,0.271,0.726,0.495,0.144,0.5,0.533,0.5,0.232,0.144,0.271,Orlando Magic,82,35,47,0.427,48.5,38.4,83.5,0.46,8.9,24.9,0.359,17.9,24.0,0.746,10.1,34.1,44.3,23.2,15.1,7.6,5.5,5.1,18.3,20.7,103.7,1.6,1,20,20,20,3,16,7,20,19,20,19,17,21,6,13,21,18,21,11,13,21,15,1,11,18,19,2015-16,0.4268292682926829,2016,2010s
1610612755,Philadelphia 76ers,82,10,72,0.122,48.3,36.2,84.0,0.431,9.3,27.5,0.339,15.7,22.6,0.694,9.5,31.8,41.2,21.5,16.4,8.3,6.0,5.7,21.7,19.2,97.4,-10.2,1,30,30,30,19,28,20,29,9,8,24,28,19,28,24,26,30,20,29,10,3,28,25,25,29,30,98.4,108.6,-10.2,98.44,0.428,0.594,1.31,16.3,0.25,0.693,0.466,0.165,0.487,0.519,0.487,0.269,0.165,0.25,Philadelphia 76ers,82,10,72,0.122,48.3,39.7,85.4,0.464,7.8,21.7,0.359,20.5,26.1,0.786,11.1,36.4,47.6,23.4,15.1,8.7,5.7,6.0,19.2,21.7,107.6,10.2,1,30,30,30,19,26,23,25,5,4,20,30,29,30,21,30,30,24,10,25,28,3,6,6,29,30,2015-16,0.1219512195121951,2016,2010s
1610612756,Phoenix Suns,82,23,59,0.28,48.1,37.2,85.6,0.435,9.0,25.8,0.348,17.5,23.2,0.751,11.5,33.3,44.8,20.7,17.2,7.7,3.8,5.5,22.7,21.6,100.9,-6.7,1,27,27,27,29,23,11,28,11,12,18,13,13,20,5,15,7,24,30,17,28,23,30,6,22,27,101.5,107.9,-6.5,99.39,0.45,0.558,1.21,15.4,0.297,0.733,0.508,0.173,0.487,0.526,0.487,0.271,0.173,0.297,Phoenix Suns,82,23,59,0.28,48.1,39.1,83.8,0.467,9.4,24.9,0.377,19.9,26.5,0.749,9.9,33.8,43.7,22.4,14.9,9.5,5.5,3.8,21.6,22.7,107.5,6.7,1,27,27,27,29,23,9,26,26,20,30,29,30,9,11,18,13,17,12,30,23,28,25,1,28,27,2015-16,0.2804878048780488,2016,2010s
1610612757,Portland Trail Blazers,82,44,38,0.537,48.3,38.6,85.9,0.45,10.5,28.5,0.37,17.4,23.0,0.754,11.6,33.9,45.5,21.3,14.6,6.9,4.6,5.2,21.7,19.5,105.1,0.8,1,12,12,12,19,10,8,16,5,6,4,15,14,19,4,8,5,21,17,25,18,16,26,22,6,13,107.6,106.8,0.8,97.06,0.493,0.552,1.46,16.0,0.294,0.728,0.51,0.15,0.511,0.548,0.511,0.268,0.15,0.294,Portland Trail Blazers,82,44,38,0.537,48.3,38.4,84.7,0.453,8.5,23.0,0.371,19.0,26.0,0.734,10.6,33.1,43.7,21.6,13.3,7.7,5.2,4.6,19.5,21.7,104.3,-0.8,1,12,12,12,19,15,14,16,15,9,26,26,27,2,15,13,13,11,25,15,16,18,8,5,20,13,2015-16,0.5365853658536586,2016,2010s
1610612758,Sacramento Kings,82,33,49,0.402,48.3,40.0,86.4,0.464,8.0,22.4,0.359,18.5,25.5,0.725,10.6,33.7,44.2,24.5,16.2,8.9,4.5,5.3,20.4,22.0,106.6,-2.5,1,21,21,21,19,4,6,8,19,21,10,9,6,26,13,14,11,4,28,5,20,19,15,4,3,21,105.3,107.6,-2.3,100.66,0.494,0.612,1.52,17.6,0.281,0.717,0.5,0.16,0.51,0.546,0.51,0.295,0.16,0.281,Sacramento Kings,82,33,49,0.402,48.3,40.6,87.7,0.462,10.2,28.0,0.366,17.7,23.2,0.762,11.3,33.7,45.0,24.2,16.0,8.8,5.3,4.5,22.0,20.4,109.1,2.5,1,21,21,21,19,29,28,24,30,30,23,16,14,21,23,17,23,26,6,28,19,20,27,16,30,21,2015-16,0.4024390243902439,2016,2010s
1610612759,San Antonio Spurs,82,67,15,0.817,48.1,40.1,82.9,0.484,7.0,18.5,0.375,16.4,20.4,0.803,9.4,34.5,43.9,24.5,13.1,8.3,5.9,3.9,17.5,19.5,103.5,10.6,1,2,2,2,29,3,24,2,25,26,2,25,28,2,25,5,15,3,4,11,6,2,1,22,10,2,109.3,98.2,11.1,94.54,0.578,0.611,1.88,18.8,0.266,0.746,0.516,0.138,0.526,0.564,0.526,0.246,0.138,0.266,San Antonio Spurs,82,67,15,0.817,48.1,35.7,81.8,0.436,6.6,19.9,0.331,14.9,19.6,0.758,9.1,31.4,40.5,20.8,14.8,7.2,3.9,5.9,19.5,17.5,92.9,-10.6,1,2,2,2,29,2,3,4,1,1,1,1,2,19,4,5,3,4,14,8,2,6,8,30,1,2,2015-16,0.8170731707317073,2016,2010s
1610612761,Toronto Raptors,82,56,26,0.683,48.2,36.7,81.3,0.451,8.6,23.4,0.37,20.8,26.7,0.777,10.2,33.2,43.4,18.7,13.1,7.8,5.5,5.4,19.6,22.0,102.7,4.5,1,4,4,4,23,27,28,15,14,19,5,2,3,12,19,18,16,29,5,15,11,20,9,3,14,5,109.3,104.8,4.4,93.35,0.525,0.511,1.43,14.9,0.3,0.736,0.52,0.139,0.504,0.552,0.504,0.328,0.139,0.3,Toronto Raptors,82,56,26,0.683,48.2,36.5,82.1,0.444,8.7,23.4,0.373,16.5,22.1,0.748,9.5,31.2,40.8,21.7,13.3,6.5,5.4,5.5,22.0,19.6,98.2,-4.5,1,4,4,4,23,4,4,11,17,12,29,6,6,8,8,4,4,12,23,1,20,11,28,22,3,5,2015-16,0.6829268292682927,2016,2010s
1610612762,Utah Jazz,82,40,42,0.488,48.7,36.1,80.4,0.449,8.5,23.9,0.355,17.1,23.0,0.744,10.7,32.5,43.2,19.0,14.9,7.7,5.2,4.7,20.2,19.9,97.7,1.8,1,19,19,19,2,29,30,18,16,15,12,19,16,24,10,23,18,28,21,18,14,12,12,18,28,10,105.0,103.2,1.8,91.66,0.508,0.526,1.27,15.1,0.303,0.731,0.517,0.161,0.501,0.54,0.501,0.286,0.161,0.303,Utah Jazz,82,40,42,0.488,48.7,35.6,79.9,0.446,7.9,22.2,0.357,16.8,22.5,0.746,9.3,30.8,40.1,19.1,14.0,8.0,4.7,5.2,19.9,20.2,95.9,-1.8,1,19,19,19,2,1,2,13,10,5,18,9,9,7,6,2,1,1,17,18,12,14,13,19,2,10,2015-16,0.4878048780487805,2016,2010s
1610612764,Washington Wizards,82,41,41,0.5,48.2,39.5,85.8,0.46,8.6,24.2,0.358,16.5,22.5,0.73,9.1,32.8,41.8,24.5,14.5,8.6,3.9,4.3,20.8,20.1,104.1,-0.5,1,17,17,17,26,6,10,9,13,14,11,24,20,25,27,22,26,5,16,8,26,6,21,16,9,17,104.5,105.1,-0.5,99.16,0.497,0.619,1.69,18.1,0.25,0.737,0.49,0.145,0.511,0.544,0.511,0.263,0.145,0.25,Washington Wizards,82,41,41,0.5,48.2,38.7,83.8,0.462,9.0,24.2,0.371,18.3,23.7,0.769,9.4,34.9,44.3,22.5,16.2,8.1,4.3,3.9,20.1,20.8,104.6,0.5,1,17,17,17,26,18,8,23,20,15,28,20,17,26,7,23,17,18,4,21,6,26,15,10,21,17,2015-16,0.5,2016,2010s
1610612737,Atlanta Hawks,82,43,39,0.524,48.5,38.1,84.4,0.451,8.9,26.1,0.341,18.1,24.9,0.728,10.3,34.1,44.3,23.6,15.8,8.2,4.8,5.2,18.2,21.6,103.2,-0.9,1,11,11,11,4,23,22,18,20,16,23,13,5,28,14,10,9,10,28,7,14,22,6,3,22,19,104.5,105.2,-0.7,97.76,0.506,0.621,1.5,17.4,0.282,0.717,0.502,0.16,0.504,0.541,0.504,0.295,0.16,0.282,Atlanta Hawks,82,43,39,0.524,48.5,38.8,87.3,0.444,10.9,30.5,0.357,15.6,20.2,0.772,10.7,33.2,43.9,23.4,15.4,9.0,5.2,4.8,21.6,18.2,104.0,0.9,1,11,11,11,4,13,23,5,28,29,16,4,4,16,22,15,16,19,2,29,22,14,28,25,10,19,2016-17,0.524390243902439,2017,2010s
1610612738,Boston Celtics,82,53,29,0.646,48.2,38.6,85.1,0.454,12.0,33.4,0.359,18.7,23.2,0.807,9.1,32.9,42.0,25.2,13.3,7.5,4.1,5.2,20.6,20.3,108.0,2.6,1,4,4,4,25,21,18,16,3,3,14,10,15,3,22,22,27,4,8,18,23,23,21,11,7,8,110.6,108.0,2.6,97.21,0.514,0.653,1.9,18.8,0.259,0.705,0.485,0.136,0.525,0.567,0.525,0.273,0.136,0.259,Boston Celtics,82,53,29,0.646,48.2,38.6,85.8,0.45,9.0,27.0,0.332,19.1,24.9,0.769,10.8,33.8,44.5,22.6,13.9,7.6,5.2,4.1,20.3,20.6,105.4,-2.6,1,4,4,4,25,12,15,9,7,14,2,25,25,9,25,20,25,12,17,17,23,23,20,10,15,8,2016-17,0.6463414634146342,2017,2010s
1610612751,Brooklyn Nets,82,20,62,0.244,48.2,37.8,85.2,0.444,10.7,31.6,0.338,19.4,24.6,0.788,8.8,35.1,43.9,21.4,16.5,7.2,4.7,5.6,21.0,20.4,105.8,-6.7,1,30,30,30,25,25,17,24,6,4,26,4,7,9,26,1,10,20,29,21,18,30,25,9,12,29,103.6,110.1,-6.5,101.75,0.46,0.566,1.29,15.9,0.241,0.716,0.483,0.162,0.507,0.551,0.507,0.289,0.162,0.241,Brooklyn Nets,82,20,62,0.244,48.2,41.6,90.8,0.458,10.0,27.2,0.366,19.3,25.0,0.772,11.0,36.2,47.2,23.0,13.3,9.5,5.6,4.7,20.4,21.0,112.5,6.7,1,30,30,30,25,29,30,18,20,17,22,26,26,15,27,29,29,16,21,30,30,18,22,6,29,29,2016-17,0.2439024390243902,2017,2010s
1610612766,Charlotte Hornets,82,36,46,0.439,48.4,37.7,85.4,0.442,10.0,28.6,0.351,19.4,23.8,0.815,8.8,34.8,43.6,23.1,11.5,7.0,4.8,5.5,16.6,19.9,104.9,0.2,1,20,20,20,10,26,15,26,11,9,18,5,10,1,26,4,16,11,1,27,17,28,1,15,16,15,108.4,108.4,0.0,95.92,0.505,0.611,2.01,17.6,0.247,0.749,0.496,0.119,0.501,0.547,0.501,0.279,0.119,0.247,Charlotte Hornets,82,36,46,0.439,48.4,39.5,86.5,0.456,11.6,31.4,0.369,14.2,18.2,0.776,8.9,35.5,44.4,24.5,13.1,6.6,5.5,4.8,19.9,16.6,104.7,-0.2,1,20,20,20,10,18,21,15,30,30,25,1,1,21,3,26,22,28,23,2,28,17,16,30,13,15,2016-17,0.4390243902439024,2017,2010s
1610612741,Chicago Bulls,82,41,41,0.5,48.2,38.6,87.1,0.444,7.6,22.3,0.34,18.0,22.5,0.798,12.2,34.1,46.3,22.6,13.6,7.8,4.8,4.6,17.7,18.8,102.9,0.4,1,15,15,15,18,20,8,25,28,29,24,15,19,6,2,9,3,14,12,15,16,12,2,25,23,14,106.5,106.2,0.3,96.02,0.504,0.584,1.66,16.8,0.311,0.733,0.519,0.14,0.487,0.53,0.487,0.259,0.14,0.311,Chicago Bulls,82,41,41,0.5,48.2,39.5,86.6,0.456,8.9,25.9,0.345,14.6,19.0,0.77,10.3,32.9,43.2,23.6,13.4,7.3,4.6,4.8,18.8,17.7,102.4,-0.4,1,15,15,15,18,17,22,14,6,9,6,2,2,11,17,12,13,23,20,10,12,16,6,29,6,14,2016-17,0.5,2017,2010s
1610612739,Cleveland Cavaliers,82,51,31,0.622,48.5,39.9,84.9,0.47,13.0,33.9,0.384,17.5,23.3,0.748,9.3,34.4,43.7,22.7,13.7,6.6,4.0,4.3,18.1,20.6,110.3,3.2,1,5,5,5,4,5,19,5,2,2,2,19,13,23,21,7,12,13,14,30,25,8,4,6,4,7,112.8,109.7,3.1,96.74,0.51,0.567,1.66,17.1,0.264,0.722,0.499,0.14,0.547,0.58,0.547,0.275,0.14,0.264,Cleveland Cavaliers,82,51,31,0.622,48.5,40.6,88.8,0.458,10.4,28.7,0.361,15.5,20.0,0.773,11.0,33.2,44.2,24.7,12.6,7.3,4.3,4.0,20.6,18.1,107.2,-3.2,1,5,5,5,4,26,26,16,26,24,18,3,3,20,27,16,20,29,28,8,8,25,25,27,20,7,2016-17,0.6219512195121951,2017,2010s
1610612742,Dallas Mavericks,82,33,49,0.402,48.2,36.2,82.3,0.44,10.7,30.2,0.355,14.8,18.5,0.801,7.9,30.7,38.6,20.8,11.9,7.5,3.7,3.4,19.1,19.4,97.9,-2.9,1,22,22,22,18,30,27,29,5,6,16,29,30,4,30,30,30,27,2,19,30,2,9,21,30,23,104.7,107.7,-3.0,93.11,0.479,0.574,1.75,16.8,0.216,0.733,0.465,0.127,0.505,0.541,0.505,0.225,0.127,0.216,Dallas Mavericks,82,33,49,0.402,48.2,37.0,79.0,0.469,9.6,25.3,0.38,17.2,22.3,0.772,8.9,35.6,44.5,21.3,14.9,6.5,3.4,3.7,19.4,19.1,100.8,2.9,1,22,22,22,18,4,2,27,12,7,29,10,11,18,2,27,24,5,6,1,2,30,10,21,4,23,2016-17,0.4024390243902439,2017,2010s
1610612743,Denver Nuggets,82,40,42,0.488,48.2,41.2,87.7,0.469,10.6,28.8,0.368,18.7,24.2,0.774,11.8,34.6,46.4,25.3,15.0,6.9,3.9,4.9,19.1,20.2,111.7,0.5,1,18,18,18,25,3,4,6,7,8,11,9,8,17,5,6,2,2,23,28,27,15,9,13,3,12,112.2,111.7,0.4,99.18,0.503,0.615,1.69,18.2,0.314,0.753,0.532,0.15,0.53,0.568,0.53,0.276,0.15,0.314,Denver Nuggets,82,40,42,0.488,48.2,42.1,88.4,0.477,9.9,26.3,0.375,17.1,21.9,0.782,9.4,31.4,40.8,24.0,12.0,8.3,4.9,3.9,20.2,19.1,111.2,-0.5,1,18,18,18,25,30,25,29,16,10,28,9,9,26,7,3,4,25,30,22,15,27,18,21,27,12,2016-17,0.4878048780487805,2017,2010s
1610612765,Detroit Pistons,82,37,45,0.451,48.3,39.9,88.8,0.449,7.7,23.4,0.33,13.9,19.3,0.719,11.1,34.6,45.7,21.1,11.9,7.0,3.8,4.1,17.9,17.5,101.3,-1.1,1,19,19,19,13,7,1,22,27,26,28,30,29,29,8,5,4,24,3,25,29,6,3,30,26,21,105.3,106.7,-1.4,95.52,0.482,0.53,1.78,16.1,0.286,0.775,0.519,0.123,0.492,0.521,0.492,0.218,0.123,0.286,Detroit Pistons,82,37,45,0.451,48.3,38.3,83.3,0.46,9.4,25.6,0.366,16.4,21.0,0.78,8.0,34.9,42.9,23.5,12.8,6.7,4.1,3.8,17.5,17.9,102.5,1.1,1,19,19,19,13,9,8,20,11,8,21,8,8,25,1,25,10,21,27,4,6,29,1,28,7,21,2016-17,0.4512195121951219,2017,2010s
1610612744,Golden State Warriors,82,67,15,0.817,48.2,43.1,87.1,0.495,12.0,31.2,0.383,17.8,22.6,0.788,9.4,35.0,44.4,30.4,14.8,9.6,6.8,3.8,19.3,19.4,115.9,11.6,1,1,1,1,18,1,9,1,4,5,3,17,18,11,20,3,7,1,22,1,1,4,12,22,1,1,114.8,103.4,11.4,100.37,0.579,0.705,2.06,21.2,0.272,0.709,0.504,0.146,0.563,0.597,0.563,0.259,0.146,0.272,Golden State Warriors,82,67,15,0.817,48.2,38.8,89.2,0.435,9.0,27.8,0.324,17.7,23.2,0.761,11.7,31.8,43.5,22.7,15.5,8.6,3.8,6.8,19.4,19.3,104.3,-11.6,1,1,1,1,18,14,29,1,8,20,1,14,15,3,30,6,14,14,1,28,4,1,9,19,11,1,2016-17,0.8170731707317073,2017,2010s
1610612745,Houston Rockets,82,55,27,0.671,48.2,40.3,87.2,0.462,14.4,40.3,0.357,20.3,26.5,0.766,10.9,33.5,44.4,25.2,15.1,8.2,4.3,5.0,19.9,20.4,115.3,5.8,1,3,3,3,18,4,7,12,1,1,15,2,1,20,9,15,8,3,25,8,20,17,15,8,2,3,114.1,108.4,5.7,100.55,0.516,0.626,1.67,18.1,0.281,0.717,0.499,0.15,0.545,0.583,0.545,0.304,0.15,0.281,Houston Rockets,82,55,27,0.671,48.2,41.2,88.9,0.463,10.0,29.1,0.343,17.3,22.2,0.778,10.7,33.4,44.1,24.1,15.1,8.5,5.0,4.3,20.4,19.9,109.6,-5.8,1,3,3,3,18,27,27,23,22,25,4,11,10,23,23,17,19,27,5,24,17,20,23,16,26,3,2016-17,0.6707317073170732,2017,2010s
1610612754,Indiana Pacers,82,42,40,0.512,48.4,39.3,84.5,0.465,8.6,23.0,0.376,17.9,22.1,0.81,9.0,33.0,42.0,22.5,13.8,8.2,5.0,5.0,19.5,19.5,105.1,-0.2,1,13,13,13,7,15,20,10,23,27,4,16,23,2,23,21,26,16,16,9,9,16,13,20,15,17,107.9,108.1,-0.2,96.59,0.505,0.572,1.63,17.2,0.255,0.713,0.488,0.141,0.516,0.558,0.516,0.261,0.141,0.255,Indiana Pacers,82,42,40,0.512,48.4,38.0,84.3,0.451,10.4,29.1,0.355,19.0,24.1,0.789,10.7,33.5,44.3,22.3,14.9,8.1,5.0,5.0,19.5,19.5,105.3,0.2,1,13,13,13,7,7,11,10,25,25,13,24,20,30,24,19,21,11,6,20,16,9,11,18,14,17,2016-17,0.5121951219512195,2017,2010s
1610612746,LA Clippers,82,51,31,0.622,48.2,39.5,83.2,0.475,10.3,27.4,0.375,19.3,26.0,0.745,9.0,34.0,43.0,22.5,13.0,7.5,4.2,3.1,19.8,22.4,108.7,4.3,1,5,5,5,25,10,26,2,9,11,7,6,3,27,24,11,21,15,7,20,21,1,14,1,6,4,111.8,107.5,4.4,96.77,0.527,0.57,1.74,17.2,0.256,0.733,0.501,0.133,0.537,0.574,0.537,0.312,0.133,0.256,LA Clippers,82,51,31,0.622,48.2,38.6,85.4,0.452,9.2,26.3,0.35,18.0,23.4,0.772,10.2,32.9,43.1,23.1,13.2,7.0,3.1,4.2,22.4,19.8,104.4,-4.3,1,5,5,5,25,11,14,11,9,11,8,16,16,17,14,13,12,17,22,7,1,21,30,17,12,4,2016-17,0.6219512195121951,2017,2010s
1610612747,Los Angeles Lakers,82,26,56,0.317,48.1,39.3,87.4,0.45,8.9,25.7,0.346,17.0,22.6,0.754,11.4,32.1,43.5,20.9,15.2,8.2,3.9,5.4,20.7,18.5,104.6,-6.9,1,28,28,28,30,13,6,21,19,19,22,23,17,21,7,26,17,26,26,5,28,26,22,28,17,30,105.3,112.0,-6.7,99.26,0.446,0.532,1.38,15.6,0.284,0.717,0.494,0.153,0.501,0.537,0.501,0.259,0.153,0.284,Los Angeles Lakers,82,26,56,0.317,48.1,41.5,86.0,0.483,10.1,27.4,0.37,18.3,24.0,0.762,10.3,34.2,44.4,25.7,14.5,8.5,5.4,3.9,18.5,20.7,111.5,6.9,1,28,28,28,30,28,17,30,24,19,26,18,19,5,17,23,23,30,11,25,26,28,3,9,28,30,2016-17,0.3170731707317073,2017,2010s
1610612763,Memphis Grizzlies,82,43,39,0.524,48.5,36.4,83.6,0.435,9.4,26.5,0.354,18.3,23.4,0.784,10.8,32.0,42.8,21.3,12.9,8.0,4.2,5.0,22.4,20.8,100.5,0.5,1,11,11,11,2,29,25,30,15,14,17,12,12,13,10,27,24,21,6,13,22,18,29,4,29,13,107.0,106.5,0.5,92.84,0.501,0.584,1.65,16.5,0.295,0.731,0.507,0.137,0.491,0.535,0.491,0.28,0.137,0.295,Memphis Grizzlies,82,43,39,0.524,48.5,34.9,78.8,0.443,9.9,28.0,0.354,20.2,26.9,0.753,9.3,32.8,42.1,20.1,14.3,7.0,5.0,4.2,20.8,22.4,100.0,-0.5,1,11,11,11,2,1,1,3,19,21,11,28,29,2,6,11,7,3,13,6,18,22,27,2,3,13,2016-17,0.524390243902439,2017,2010s
1610612748,Miami Heat,82,41,41,0.5,48.2,39.0,85.8,0.455,9.9,27.0,0.365,15.2,21.6,0.706,10.6,33.0,43.6,21.2,13.4,7.2,5.7,4.9,20.5,18.7,103.2,1.1,1,15,15,15,18,18,14,15,12,12,12,28,26,30,11,20,15,22,11,22,3,14,20,27,21,10,107.4,106.4,1.0,95.51,0.5,0.544,1.58,16.3,0.284,0.718,0.499,0.14,0.512,0.541,0.512,0.251,0.14,0.284,Miami Heat,82,41,41,0.5,48.2,37.9,84.2,0.45,7.8,22.7,0.343,18.5,23.7,0.782,10.2,33.4,43.6,19.6,13.7,6.8,4.9,5.7,18.7,20.5,102.1,-1.1,1,15,15,15,18,6,10,7,1,1,3,19,17,27,14,18,15,2,19,5,14,3,4,11,5,10,2016-17,0.5,2017,2010s
1610612749,Milwaukee Bucks,82,42,40,0.512,48.2,38.8,81.9,0.474,8.8,23.7,0.37,17.2,22.4,0.768,8.8,31.6,40.4,24.2,14.0,8.1,5.3,4.6,20.2,19.3,103.6,-0.2,1,13,13,13,18,19,29,4,22,24,10,21,20,19,25,28,29,5,18,10,6,9,17,24,20,16,108.5,108.7,-0.2,94.99,0.504,0.624,1.73,18.5,0.26,0.706,0.487,0.146,0.527,0.565,0.527,0.274,0.146,0.26,Milwaukee Bucks,82,42,40,0.512,48.2,38.0,82.9,0.458,10.0,28.2,0.353,17.9,23.2,0.771,10.3,32.1,42.4,24.1,14.7,7.4,4.6,5.3,19.3,20.2,103.8,0.2,1,13,13,13,18,8,4,17,20,22,10,15,14,12,19,8,8,26,9,13,9,6,7,14,9,16,2016-17,0.5121951219512195,2017,2010s
1610612750,Minnesota Timberwolves,82,31,51,0.378,48.3,39.5,84.4,0.467,7.3,21.0,0.349,19.3,24.2,0.799,11.4,31.0,42.4,23.7,14.0,8.0,4.5,5.0,20.1,20.5,105.6,-1.1,1,24,24,24,13,12,21,8,30,30,20,6,8,5,6,29,25,9,19,12,19,19,16,7,13,20,110.0,110.9,-0.9,95.48,0.501,0.6,1.69,17.7,0.309,0.71,0.507,0.146,0.511,0.555,0.511,0.287,0.146,0.309,Minnesota Timberwolves,82,31,51,0.378,48.3,39.6,83.3,0.475,9.9,27.0,0.366,17.6,22.9,0.768,9.8,30.6,40.4,23.1,14.3,7.7,5.0,4.5,20.5,20.1,106.7,1.1,1,24,24,24,13,20,7,28,18,14,23,13,13,8,10,1,2,18,14,18,19,19,24,15,18,20,2016-17,0.3780487804878049,2017,2010s
1610612740,New Orleans Pelicans,82,34,48,0.415,48.5,39.1,87.0,0.45,9.4,26.8,0.35,16.7,22.3,0.75,8.6,35.1,43.7,22.8,12.9,7.8,5.5,4.2,18.2,19.3,104.3,-2.1,1,21,21,21,2,17,12,20,14,13,19,25,21,22,29,1,13,12,5,16,5,7,5,23,18,22,104.7,106.8,-2.1,98.56,0.493,0.582,1.77,17.1,0.228,0.728,0.48,0.129,0.504,0.539,0.504,0.256,0.129,0.228,New Orleans Pelicans,82,34,48,0.415,48.5,40.1,89.0,0.45,10.5,29.8,0.353,15.8,20.7,0.762,10.6,37.7,48.3,23.4,14.0,7.4,4.2,5.5,19.3,18.2,106.4,2.1,1,21,21,21,2,23,28,8,27,27,9,5,5,4,21,30,30,20,16,11,7,5,8,26,17,22,2016-17,0.4146341463414634,2017,2010s
1610612752,New York Knicks,82,31,51,0.378,48.4,39.6,88.5,0.447,8.6,24.7,0.348,16.6,21.1,0.788,12.0,33.2,45.2,21.8,13.9,7.1,5.5,4.6,20.3,18.5,104.3,-3.7,1,24,24,24,7,8,3,23,24,21,21,26,28,10,3,17,5,19,17,23,4,10,19,29,18,24,107.1,110.7,-3.6,96.63,0.482,0.551,1.57,16.3,0.305,0.698,0.5,0.143,0.496,0.534,0.496,0.239,0.143,0.305,New York Knicks,82,31,51,0.378,48.4,39.7,87.4,0.455,9.8,28.2,0.348,18.7,24.2,0.771,11.6,33.1,44.7,21.8,12.9,7.5,4.6,5.5,18.5,20.3,108.0,3.7,1,24,24,24,7,22,24,13,15,23,7,22,22,13,29,14,26,8,25,15,10,4,2,12,23,24,2016-17,0.3780487804878049,2017,2010s
1610612760,Oklahoma City Thunder,82,47,35,0.573,48.3,39.5,87.4,0.452,8.4,25.8,0.327,19.2,25.8,0.745,12.2,34.4,46.6,21.0,15.0,7.9,5.0,5.5,20.9,20.7,106.6,0.8,1,10,10,10,13,11,5,17,26,18,30,8,4,26,1,7,1,25,24,14,10,28,24,5,11,11,107.9,107.1,0.8,98.18,0.499,0.532,1.4,15.5,0.323,0.742,0.528,0.152,0.5,0.54,0.5,0.295,0.152,0.323,Oklahoma City Thunder,82,47,35,0.573,48.3,39.2,85.3,0.459,8.8,24.8,0.356,18.6,24.3,0.764,9.1,31.5,40.6,21.4,13.8,8.5,5.5,5.0,20.7,20.9,105.8,-0.8,1,10,10,10,13,16,13,19,4,4,14,21,24,6,5,4,3,7,18,25,28,10,26,7,16,11,2016-17,0.573170731707317,2017,2010s
1610612753,Orlando Magic,82,29,53,0.354,48.3,38.3,87.0,0.44,8.5,26.1,0.328,16.0,21.4,0.747,9.8,33.3,43.2,22.2,13.3,7.1,4.8,5.1,19.3,18.7,101.1,-6.6,1,26,26,26,13,22,11,28,25,15,29,27,27,25,17,16,20,18,9,24,15,20,11,26,27,28,103.7,110.3,-6.5,96.9,0.46,0.58,1.67,16.8,0.267,0.726,0.491,0.137,0.489,0.524,0.489,0.246,0.137,0.267,Orlando Magic,82,29,53,0.354,48.3,40.3,86.4,0.467,9.7,26.4,0.367,17.4,22.7,0.766,9.7,35.8,45.5,23.6,13.0,7.6,5.1,4.8,18.7,19.3,107.6,6.6,1,26,26,26,13,25,20,25,13,13,24,12,12,7,8,28,28,22,24,16,20,15,5,20,22,28,2016-17,0.3536585365853658,2017,2010s
1610612755,Philadelphia 76ers,82,28,54,0.341,48.4,37.7,85.3,0.442,10.1,29.8,0.34,17.0,22.0,0.771,9.8,33.0,42.8,23.8,16.7,8.4,5.1,5.4,21.9,19.6,102.4,-5.7,1,27,27,27,10,27,16,27,10,7,25,24,24,18,17,19,23,8,30,3,7,27,28,19,25,27,102.7,108.2,-5.5,99.07,0.47,0.631,1.43,17.4,0.273,0.709,0.49,0.167,0.501,0.539,0.501,0.258,0.167,0.273,Philadelphia 76ers,82,28,54,0.341,48.4,39.6,85.9,0.461,8.9,24.9,0.357,20.1,26.0,0.773,10.8,34.2,45.0,22.7,15.1,8.6,5.4,5.1,19.6,21.9,108.1,5.7,1,27,27,27,10,19,16,21,5,5,15,27,27,19,26,24,27,13,4,27,27,7,12,3,24,27,2016-17,0.3414634146341463,2017,2010s
1610612756,Phoenix Suns,82,24,58,0.293,48.4,39.9,88.5,0.45,7.5,22.6,0.332,20.4,26.3,0.776,11.9,33.1,45.0,19.6,15.4,8.2,4.9,5.3,24.8,22.2,107.7,-5.6,1,29,29,29,10,6,2,19,29,28,27,1,2,15,4,18,6,29,27,6,13,25,30,2,9,26,106.1,111.3,-5.2,100.85,0.462,0.491,1.27,14.4,0.299,0.718,0.503,0.152,0.493,0.538,0.493,0.297,0.152,0.299,Phoenix Suns,82,24,58,0.293,48.4,40.2,86.2,0.467,10.1,26.3,0.382,22.8,29.1,0.783,10.2,33.8,44.0,22.2,14.9,8.1,5.3,4.9,22.2,24.8,113.3,5.6,1,29,29,29,10,24,19,26,23,12,30,30,30,28,16,21,18,10,8,21,25,13,29,1,30,26,2016-17,0.2926829268292683,2017,2010s
1610612757,Portland Trail Blazers,82,41,41,0.5,48.6,39.5,86.1,0.459,10.4,27.7,0.375,18.5,23.7,0.78,10.1,33.5,43.7,21.1,13.7,7.0,5.0,5.3,21.2,19.8,107.9,-0.5,1,15,15,15,1,9,13,14,8,10,6,11,11,14,15,14,14,23,15,25,10,24,26,16,8,18,109.4,110.0,-0.6,97.38,0.493,0.534,1.54,16.0,0.269,0.72,0.496,0.139,0.52,0.559,0.52,0.275,0.139,0.269,Portland Trail Blazers,82,41,41,0.5,48.6,39.2,86.2,0.455,9.3,25.1,0.37,20.8,26.5,0.785,10.1,33.9,44.0,20.6,12.8,7.7,5.3,5.0,19.8,21.2,108.5,0.5,1,15,15,15,1,15,18,12,10,6,27,29,28,29,12,22,17,4,26,19,24,10,15,5,25,18,2016-17,0.5,2017,2010s
1610612758,Sacramento Kings,82,32,50,0.39,48.5,37.9,82.1,0.461,9.0,23.9,0.376,18.1,23.3,0.775,8.7,32.3,41.1,22.5,14.6,7.6,4.0,5.1,20.3,20.1,102.8,-3.9,1,23,23,23,4,24,28,13,18,23,5,14,13,16,28,25,28,16,21,17,26,21,18,14,24,25,106.6,110.8,-4.2,95.42,0.478,0.594,1.54,17.3,0.258,0.723,0.492,0.152,0.516,0.556,0.516,0.284,0.152,0.258,Sacramento Kings,82,32,50,0.39,48.5,38.5,83.2,0.462,10.9,30.0,0.364,18.9,24.2,0.778,10.1,32.8,42.9,23.7,14.0,8.5,5.1,4.0,20.1,20.3,106.7,3.9,1,23,23,23,4,10,6,22,29,28,19,23,22,22,11,10,9,24,15,23,21,26,17,13,18,25,2016-17,0.3902439024390244,2017,2010s
1610612759,San Antonio Spurs,82,61,21,0.744,48.3,39.3,83.7,0.469,9.2,23.5,0.391,17.6,22.0,0.797,10.0,33.9,43.9,23.8,13.4,8.0,5.9,4.1,18.3,19.8,105.3,7.2,1,2,2,2,13,14,24,7,17,25,1,18,24,7,16,12,11,7,10,11,2,5,7,17,14,2,110.3,102.9,7.4,94.86,0.551,0.606,1.77,18.1,0.282,0.73,0.511,0.141,0.524,0.564,0.524,0.263,0.141,0.282,San Antonio Spurs,82,61,21,0.744,48.3,37.0,83.4,0.443,8.1,23.7,0.344,16.0,20.8,0.771,9.8,31.7,41.5,21.4,14.4,7.5,4.1,5.9,19.8,18.3,98.1,-7.2,1,2,2,2,13,3,9,4,2,3,5,7,7,14,9,5,5,6,12,14,5,2,14,24,2,2,2016-17,0.7439024390243902,2017,2010s
1610612761,Toronto Raptors,82,51,31,0.622,48.2,39.2,84.4,0.464,8.8,24.3,0.363,19.7,24.7,0.796,10.6,32.6,43.3,18.5,12.7,8.3,4.9,4.8,20.8,20.3,106.9,4.2,1,5,5,5,18,16,22,11,21,22,13,3,6,8,12,23,18,30,4,4,12,13,23,10,10,5,111.4,107.1,4.3,95.41,0.516,0.472,1.46,14.5,0.291,0.717,0.505,0.132,0.517,0.561,0.517,0.293,0.132,0.291,Toronto Raptors,82,51,31,0.622,48.2,37.2,82.9,0.449,9.7,27.3,0.354,18.5,23.8,0.78,10.1,31.9,42.1,21.8,14.6,6.7,4.8,4.9,20.3,20.8,102.6,-4.2,1,5,5,5,18,5,4,6,13,18,12,20,18,24,13,7,6,8,10,3,13,12,21,8,8,5,2016-17,0.6219512195121951,2017,2010s
1610612762,Utah Jazz,82,51,31,0.622,48.2,37.0,79.5,0.466,9.6,26.0,0.372,17.1,22.9,0.747,9.4,33.8,43.2,20.1,13.6,6.7,5.0,3.8,18.8,20.2,100.7,3.9,1,5,5,5,25,28,30,9,13,17,9,22,16,24,19,13,19,28,13,29,8,3,8,12,28,6,109.0,104.7,4.3,92.09,0.534,0.544,1.48,16.2,0.27,0.743,0.514,0.148,0.526,0.563,0.526,0.288,0.148,0.27,Utah Jazz,82,51,31,0.622,48.2,36.3,82.0,0.443,8.2,22.9,0.358,16.0,20.7,0.769,9.0,31.1,40.2,17.8,12.1,7.3,3.8,5.0,20.2,18.8,96.8,-3.9,1,5,5,5,25,2,3,2,3,2,17,6,6,10,4,2,1,1,29,8,3,8,19,23,1,6,2016-17,0.6219512195121951,2017,2010s
1610612764,Washington Wizards,82,49,33,0.598,48.4,41.3,87.0,0.475,9.2,24.8,0.372,17.3,22.1,0.784,10.3,32.6,42.9,23.9,14.2,8.5,4.1,4.6,21.3,19.8,109.2,1.8,1,9,9,9,7,2,10,3,16,20,8,20,22,12,13,24,22,6,20,2,24,10,27,18,5,9,110.4,108.8,1.7,97.94,0.511,0.577,1.68,17.6,0.286,0.716,0.501,0.143,0.528,0.564,0.528,0.254,0.143,0.286,Washington Wizards,82,49,33,0.598,48.4,39.7,85.1,0.466,9.9,27.1,0.364,18.2,24.2,0.751,10.6,32.5,43.0,22.8,15.3,7.4,4.6,4.1,19.8,21.3,107.4,-1.8,1,9,9,9,7,21,12,24,17,16,20,17,21,1,20,9,11,15,3,12,10,24,13,4,21,9,2016-17,0.5975609756097561,2017,2010s
1610612737,Atlanta Hawks,82,24,58,0.293,48.1,38.2,85.5,0.446,11.2,31.0,0.36,15.8,20.2,0.785,9.1,32.8,41.9,23.7,15.5,7.8,4.2,5.5,19.6,20.3,103.4,-5.5,1,27,27,27,27,28,20,25,9,7,15,22,23,7,22,23,25,8,27,12,23,28,14,14,25,26,104.4,110.1,-5.7,98.76,0.468,0.622,1.53,17.6,0.263,0.719,0.489,0.157,0.512,0.547,0.512,0.236,0.157,0.263,Atlanta Hawks,82,24,58,0.293,48.1,40.7,86.7,0.469,11.6,30.7,0.377,15.9,20.6,0.772,10.3,34.0,44.2,26.1,15.1,8.7,5.5,4.2,20.3,19.6,108.8,5.5,1,27,27,27,27,21,18,24,27,26,28,9,12,20,24,18,23,30,4,28,28,23,17,17,23,26,2017-18,0.2926829268292683,2018,2010s
1610612738,Boston Celtics,82,55,27,0.671,48.3,38.3,85.1,0.45,11.5,30.4,0.377,16.0,20.7,0.771,9.4,35.1,44.5,22.5,14.0,7.4,4.5,4.4,19.7,19.2,104.0,3.6,1,4,4,4,12,25,25,21,7,10,2,21,20,17,20,6,8,20,15,23,18,6,17,22,20,6,106.8,103.2,3.6,96.75,0.519,0.586,1.6,17.0,0.263,0.739,0.504,0.144,0.518,0.552,0.518,0.243,0.144,0.263,Boston Celtics,82,55,27,0.671,48.3,37.4,85.0,0.44,9.4,27.7,0.339,16.3,21.3,0.763,9.6,34.2,43.8,21.3,14.1,7.2,4.4,4.5,19.2,19.7,100.4,-3.6,1,4,4,4,12,3,12,2,4,9,1,15,15,12,13,20,22,4,19,7,6,18,9,14,3,6,2017-18,0.6707317073170732,2018,2010s
1610612751,Brooklyn Nets,82,28,54,0.341,48.4,38.2,86.8,0.441,12.7,35.7,0.356,17.4,22.6,0.772,9.7,34.8,44.4,23.7,15.2,6.2,4.8,5.5,20.6,19.7,106.6,-3.7,1,23,23,23,5,27,10,29,2,2,20,8,11,14,15,9,9,9,25,30,16,27,23,19,14,24,106.1,109.7,-3.6,99.66,0.474,0.619,1.56,17.3,0.251,0.731,0.489,0.151,0.514,0.551,0.514,0.26,0.151,0.251,Brooklyn Nets,82,28,54,0.341,48.4,41.7,89.4,0.466,9.0,24.5,0.369,17.9,23.4,0.766,10.4,36.4,46.8,21.7,12.4,7.7,5.5,4.8,19.7,20.6,110.3,3.7,1,23,23,23,5,27,27,19,2,1,23,23,24,14,25,28,30,5,30,15,27,16,12,8,28,24,2017-18,0.3414634146341463,2018,2010s
1610612766,Charlotte Hornets,82,36,46,0.439,48.2,39.0,86.7,0.45,10.0,27.2,0.369,20.2,27.0,0.747,10.1,35.4,45.5,21.6,12.7,6.8,4.5,4.9,17.2,22.4,108.2,0.3,1,20,20,20,16,18,11,24,19,21,8,1,1,24,12,4,3,24,3,28,18,20,2,1,10,17,109.0,109.0,-0.1,98.66,0.5,0.554,1.7,16.1,0.271,0.763,0.512,0.128,0.508,0.549,0.508,0.312,0.128,0.271,Charlotte Hornets,82,36,46,0.439,48.2,41.1,87.8,0.468,11.3,30.1,0.375,14.5,18.2,0.795,8.4,35.3,43.7,24.7,13.6,6.6,4.9,4.5,22.4,17.2,108.0,-0.3,1,20,20,20,16,25,24,22,26,19,27,2,1,30,2,25,19,26,24,2,20,18,30,29,19,17,2017-18,0.4390243902439024,2018,2010s
1610612741,Chicago Bulls,82,27,55,0.329,48.4,38.7,88.8,0.435,11.0,31.1,0.355,14.6,19.2,0.759,9.6,35.0,44.7,23.5,14.0,7.6,3.5,5.2,19.2,17.4,102.9,-7.0,1,24,24,24,5,23,1,30,10,6,21,28,26,20,16,8,6,10,13,18,30,24,9,29,26,29,103.4,110.5,-7.0,98.65,0.453,0.607,1.68,17.3,0.256,0.767,0.5,0.141,0.497,0.529,0.497,0.216,0.141,0.256,Chicago Bulls,82,27,55,0.329,48.4,41.0,86.8,0.472,12.1,32.7,0.37,15.9,20.2,0.787,8.4,37.2,45.7,25.9,13.6,7.2,5.2,3.5,17.4,19.2,110.0,7.0,1,24,24,24,5,23,20,27,30,30,24,10,7,29,1,30,26,29,24,5,24,30,2,22,27,29,2017-18,0.3292682926829268,2018,2010s
1610612739,Cleveland Cavaliers,82,50,32,0.61,48.1,40.4,84.8,0.476,12.0,32.1,0.372,18.1,23.3,0.779,8.5,33.7,42.1,23.4,13.7,7.1,3.8,4.1,18.6,20.7,110.9,0.9,1,6,6,6,23,10,26,5,3,5,6,6,9,10,27,17,23,12,10,24,28,3,5,7,5,14,112.0,111.1,1.0,98.72,0.502,0.579,1.7,17.5,0.243,0.73,0.492,0.139,0.547,0.584,0.547,0.275,0.139,0.243,Cleveland Cavaliers,82,50,32,0.61,48.1,41.8,88.3,0.474,11.7,31.7,0.368,14.6,19.4,0.756,9.9,33.7,43.6,25.9,13.5,7.5,4.1,3.8,20.7,18.6,109.9,-0.9,1,6,6,6,23,30,25,28,28,29,22,3,4,5,18,17,18,28,26,12,3,28,24,26,26,14,2017-18,0.6097560975609756,2018,2010s
1610612742,Dallas Mavericks,82,24,58,0.293,48.3,38.1,85.9,0.444,11.8,32.8,0.36,14.2,18.7,0.763,8.1,33.1,41.3,22.7,12.3,7.0,3.8,4.5,19.2,19.6,102.3,-3.0,1,27,27,27,12,29,17,26,5,4,17,29,29,19,30,21,27,19,1,25,29,8,10,20,28,22,105.4,108.4,-2.9,96.53,0.475,0.594,1.85,17.3,0.224,0.749,0.478,0.127,0.513,0.544,0.513,0.217,0.127,0.224,Dallas Mavericks,82,24,58,0.293,48.3,39.3,83.8,0.469,10.7,29.4,0.363,16.2,21.4,0.757,8.8,36.9,45.8,23.5,13.7,7.2,4.5,3.8,19.6,19.2,105.4,3.0,1,27,27,27,12,14,5,23,16,16,15,13,16,6,5,29,27,15,23,7,8,29,11,21,12,22,2017-18,0.2926829268292683,2018,2010s
1610612743,Denver Nuggets,82,46,36,0.561,48.5,40.7,86.6,0.47,11.5,30.9,0.371,17.1,22.3,0.767,11.0,33.5,44.5,25.1,15.0,7.6,4.9,4.8,18.7,20.7,110.0,1.5,1,14,14,14,4,7,12,10,6,8,7,12,12,18,2,20,7,5,23,17,12,16,6,6,6,11,111.4,110.0,1.4,97.69,0.511,0.617,1.68,18.2,0.3,0.736,0.517,0.151,0.536,0.57,0.536,0.258,0.151,0.3,Denver Nuggets,82,46,36,0.561,48.5,41.3,86.7,0.476,10.9,28.8,0.378,15.0,20.4,0.738,9.8,31.9,41.6,24.7,13.8,8.0,4.8,4.9,20.7,18.7,108.5,-1.5,1,14,14,14,4,26,19,30,21,10,30,7,8,1,14,2,2,25,22,20,16,12,25,25,22,11,2017-18,0.5609756097560976,2018,2010s
1610612765,Detroit Pistons,82,39,43,0.476,48.3,39.1,86.9,0.45,10.8,28.9,0.373,14.7,19.8,0.745,10.1,33.6,43.7,22.8,13.4,7.7,3.9,4.9,18.4,18.4,103.8,-0.1,1,19,19,19,12,16,9,23,14,16,5,27,24,25,11,18,16,15,7,14,27,17,4,27,22,19,106.6,106.7,-0.1,96.75,0.489,0.582,1.7,17.1,0.269,0.74,0.499,0.138,0.512,0.543,0.512,0.227,0.138,0.269,Detroit Pistons,82,39,43,0.476,48.3,39.1,85.2,0.459,11.1,30.8,0.359,14.6,18.9,0.776,9.2,34.5,43.8,25.2,14.8,7.3,4.9,3.9,18.4,18.4,103.9,0.1,1,19,19,19,12,12,13,14,23,27,12,4,2,23,8,21,21,27,8,9,17,27,4,27,8,19,2017-18,0.4756097560975609,2018,2010s
1610612744,Golden State Warriors,82,58,24,0.707,48.1,42.8,85.1,0.503,11.3,28.9,0.391,16.6,20.3,0.815,8.4,35.1,43.5,29.3,15.4,8.0,7.5,3.7,19.6,18.5,113.5,6.0,1,3,3,3,23,1,24,1,8,17,1,18,22,1,28,7,17,1,26,9,1,1,15,25,1,3,112.8,106.8,5.9,100.35,0.554,0.685,1.9,20.9,0.243,0.712,0.497,0.153,0.569,0.603,0.569,0.239,0.153,0.243,Golden State Warriors,82,58,24,0.707,48.1,40.2,90.0,0.447,10.4,29.2,0.357,16.7,22.0,0.758,10.9,31.6,42.5,23.6,14.3,8.7,3.7,7.5,18.5,19.6,107.5,-6.0,1,3,3,3,23,18,29,3,13,13,10,19,19,8,30,1,8,17,13,30,1,1,6,16,18,3,2017-18,0.7073170731707317,2018,2010s
1610612745,Houston Rockets,82,65,17,0.793,48.2,38.7,84.2,0.46,15.3,42.3,0.362,19.6,25.1,0.781,9.0,34.5,43.5,21.5,13.8,8.5,4.8,4.4,19.5,20.4,112.4,8.5,1,1,1,1,18,22,27,15,1,1,14,2,3,9,24,10,18,26,11,5,15,5,12,11,2,1,114.1,105.7,8.4,98.02,0.531,0.557,1.56,16.4,0.254,0.75,0.503,0.141,0.551,0.59,0.551,0.298,0.141,0.254,Houston Rockets,82,65,17,0.793,48.2,39.6,85.6,0.462,10.1,28.8,0.351,14.6,19.6,0.746,8.7,33.4,42.0,22.4,14.5,7.4,4.4,4.8,20.4,19.5,103.9,-8.5,1,1,1,1,18,17,14,16,9,11,7,4,6,3,3,15,4,11,10,11,5,15,19,19,6,1,2017-18,0.7926829268292683,2018,2010s
1610612754,Indiana Pacers,82,48,34,0.585,48.2,40.8,86.4,0.472,9.0,24.5,0.369,14.9,19.2,0.779,9.6,32.7,42.3,22.2,13.3,8.8,4.1,5.2,18.8,18.5,105.6,1.4,1,8,8,8,18,6,14,6,25,26,9,24,27,11,17,25,22,23,5,3,25,25,7,26,17,12,108.5,107.3,1.3,96.84,0.509,0.544,1.67,16.8,0.271,0.721,0.496,0.136,0.525,0.557,0.525,0.222,0.136,0.271,Indiana Pacers,82,48,34,0.585,48.2,39.4,84.8,0.465,10.6,30.4,0.349,14.8,19.5,0.757,10.2,32.7,43.0,23.2,15.5,7.0,5.2,4.1,18.5,18.8,104.2,-1.4,1,8,8,8,18,15,11,18,15,23,5,6,5,7,21,8,14,12,3,3,25,25,5,24,9,12,2017-18,0.5853658536585366,2018,2010s
1610612746,LA Clippers,82,42,40,0.512,48.1,40.3,85.4,0.471,9.5,26.8,0.354,19.0,25.5,0.743,10.1,33.7,43.9,22.3,14.7,7.7,4.5,5.6,20.0,22.0,109.0,0.0,1,18,18,18,27,11,21,9,22,22,23,4,2,26,10,16,15,22,19,14,20,29,18,2,9,18,109.4,109.2,0.2,99.54,0.497,0.555,1.52,16.5,0.284,0.718,0.504,0.147,0.527,0.564,0.527,0.299,0.147,0.284,LA Clippers,82,42,40,0.512,48.1,40.2,87.7,0.459,10.7,30.2,0.356,17.8,22.7,0.782,10.6,33.0,43.6,24.6,14.1,8.5,5.6,4.5,22.0,20.0,109.0,0.0,1,18,18,18,27,19,23,13,18,21,9,21,21,25,28,13,17,24,21,27,29,20,29,13,24,18,2017-18,0.5121951219512195,2018,2010s
1610612747,Los Angeles Lakers,82,35,47,0.427,48.5,40.7,88.4,0.461,10.0,29.1,0.345,16.6,23.3,0.714,10.7,35.7,46.4,23.8,15.8,7.7,4.7,5.5,21.2,20.5,108.1,-1.5,1,21,21,21,3,7,2,14,20,15,29,16,8,30,4,2,2,7,29,13,17,26,24,9,11,21,106.0,107.3,-1.3,100.9,0.491,0.584,1.51,17.0,0.279,0.729,0.505,0.155,0.517,0.548,0.517,0.264,0.155,0.279,Los Angeles Lakers,82,35,47,0.427,48.5,41.0,89.9,0.456,10.4,30.1,0.346,17.1,22.5,0.761,10.2,34.6,44.8,23.6,14.3,8.3,5.5,4.7,20.5,21.2,109.6,1.5,1,21,21,21,3,24,28,10,14,20,3,20,20,10,23,22,24,16,16,25,26,17,22,7,25,21,2017-18,0.4268292682926829,2018,2010s
1610612763,Memphis Grizzlies,82,22,60,0.268,48.1,36.7,82.8,0.444,9.2,26.2,0.352,16.6,21.1,0.786,9.5,31.0,40.5,21.5,15.0,7.5,4.8,5.1,23.2,20.4,99.3,-6.2,1,29,29,29,27,30,30,27,24,24,25,17,16,6,18,30,29,26,24,22,14,23,30,10,29,27,103.6,110.4,-6.8,95.65,0.46,0.586,1.44,16.6,0.276,0.721,0.493,0.156,0.5,0.539,0.5,0.255,0.156,0.276,Memphis Grizzlies,82,22,60,0.268,48.1,37.1,80.3,0.462,10.7,29.0,0.368,20.6,26.8,0.769,9.5,33.0,42.5,22.1,14.8,8.1,5.1,4.8,20.4,23.2,105.5,6.2,1,29,29,29,27,1,1,17,16,12,21,30,30,18,12,12,9,9,9,21,23,14,21,1,13,27,2017-18,0.2682926829268293,2018,2010s
1610612748,Miami Heat,82,44,38,0.537,48.6,38.8,85.3,0.455,11.0,30.6,0.36,14.7,19.5,0.755,9.3,34.2,43.5,22.7,14.4,7.6,5.3,4.6,20.1,19.4,103.4,0.5,1,15,15,15,2,19,23,17,11,9,16,26,25,22,21,13,18,17,16,21,6,10,20,21,23,16,106.2,105.8,0.4,96.1,0.505,0.585,1.58,17.1,0.261,0.741,0.501,0.148,0.52,0.551,0.52,0.229,0.148,0.261,Miami Heat,82,44,38,0.537,48.6,37.7,83.8,0.45,9.6,26.6,0.36,18.0,23.0,0.783,9.1,34.0,43.1,21.0,14.1,7.5,4.6,5.3,19.4,20.1,102.9,-0.5,1,15,15,15,2,4,6,7,6,6,13,25,22,26,6,19,15,3,18,13,10,6,10,11,4,16,2017-18,0.5365853658536586,2018,2010s
1610612749,Milwaukee Bucks,82,44,38,0.537,48.4,39.7,83.0,0.478,8.8,24.7,0.355,18.3,23.4,0.783,8.4,31.5,39.8,23.2,13.8,8.8,5.4,4.5,21.4,19.9,106.5,-0.3,1,15,15,15,8,14,28,3,27,25,22,5,7,8,29,28,30,14,11,2,5,7,26,16,15,20,109.0,109.1,-0.2,97.03,0.502,0.585,1.68,17.7,0.244,0.709,0.48,0.142,0.531,0.571,0.531,0.281,0.142,0.244,Milwaukee Bucks,82,44,38,0.537,48.4,39.1,83.7,0.468,10.1,27.1,0.372,18.4,23.5,0.783,10.0,32.8,42.7,23.6,15.6,7.1,4.5,5.4,19.9,21.4,106.8,0.3,1,15,15,15,8,13,4,20,9,7,25,27,25,27,19,9,12,18,2,4,7,5,14,5,16,20,2017-18,0.5365853658536586,2018,2010s
1610612750,Minnesota Timberwolves,82,47,35,0.573,48.3,41.0,86.1,0.476,8.0,22.5,0.357,19.4,24.1,0.804,10.3,31.6,42.0,22.7,12.5,8.4,4.2,4.7,18.2,20.9,109.5,2.2,1,12,12,12,12,4,15,4,30,30,19,3,5,2,7,27,24,18,2,6,24,12,3,5,8,10,112.5,110.2,2.3,96.75,0.518,0.553,1.82,17.0,0.289,0.72,0.503,0.128,0.523,0.566,0.523,0.28,0.128,0.289,Minnesota Timberwolves,82,47,35,0.573,48.3,40.2,84.7,0.475,10.9,29.6,0.366,16.0,20.5,0.779,9.8,32.0,41.8,23.9,15.1,6.5,4.7,4.2,20.9,18.2,107.3,-2.2,1,12,12,12,12,19,10,29,19,18,18,11,11,24,15,3,3,21,5,1,12,24,26,28,17,10,2017-18,0.573170731707317,2018,2010s
1610612740,New Orleans Pelicans,82,48,34,0.585,48.7,42.7,88.3,0.483,10.2,28.2,0.362,16.1,20.9,0.772,8.7,35.6,44.3,26.8,14.9,8.0,5.9,4.2,19.1,20.4,111.7,1.3,1,8,8,8,1,2,3,2,18,18,13,19,17,15,26,3,10,3,22,8,3,4,8,13,3,13,108.5,107.4,1.1,101.48,0.525,0.627,1.79,19.0,0.24,0.726,0.494,0.145,0.541,0.573,0.541,0.237,0.145,0.24,New Orleans Pelicans,82,48,34,0.585,48.7,41.7,91.9,0.454,10.9,30.6,0.355,16.1,20.5,0.784,10.8,34.7,45.5,23.7,14.5,8.2,4.2,5.9,20.4,19.1,110.4,-1.3,1,8,8,8,1,28,30,9,20,25,8,12,9,28,29,23,25,20,11,22,4,3,18,23,29,13,2017-18,0.5853658536585366,2018,2010s
1610612752,New York Knicks,82,29,53,0.354,48.4,40.7,87.7,0.464,8.2,23.3,0.352,14.9,19.0,0.787,10.5,33.6,44.0,23.3,14.7,6.7,5.1,4.7,20.5,18.4,104.5,-3.6,1,22,22,22,8,9,5,12,29,29,27,24,28,5,5,19,13,13,21,29,8,14,22,28,18,23,106.3,109.7,-3.4,97.64,0.481,0.573,1.58,17.2,0.289,0.727,0.509,0.15,0.51,0.544,0.51,0.216,0.15,0.289,New York Knicks,82,29,53,0.354,48.4,39.4,86.3,0.457,11.2,30.4,0.368,18.0,23.2,0.774,10.2,33.0,43.2,24.0,13.3,8.2,4.7,5.1,18.4,20.5,108.0,3.6,1,22,22,22,8,16,17,11,24,22,20,24,23,22,22,10,16,22,28,22,14,8,3,9,20,23,2017-18,0.3536585365853658,2018,2010s
1610612760,Oklahoma City Thunder,82,48,34,0.585,48.4,39.9,88.1,0.453,10.7,30.4,0.354,17.3,24.2,0.716,12.5,32.6,45.1,21.3,14.0,9.1,5.0,4.6,20.2,21.3,107.9,3.4,1,8,8,8,8,13,4,18,15,11,24,10,4,29,1,26,5,28,13,1,11,9,21,3,12,7,110.1,106.4,3.7,97.34,0.508,0.535,1.53,15.8,0.32,0.725,0.515,0.143,0.514,0.546,0.514,0.275,0.143,0.32,Oklahoma City Thunder,82,48,34,0.585,48.4,38.5,84.0,0.458,11.2,30.6,0.367,16.2,21.1,0.769,9.5,32.6,42.2,23.3,16.0,7.7,4.6,5.0,21.3,20.2,104.4,-3.4,1,8,8,8,8,9,7,12,25,24,19,14,13,17,11,6,5,14,1,15,9,11,28,10,10,7,2017-18,0.5853658536585366,2018,2010s
1610612753,Orlando Magic,82,25,57,0.305,48.1,38.8,85.9,0.452,10.3,29.3,0.351,15.5,20.5,0.757,8.8,32.8,41.6,23.4,14.5,7.6,4.9,4.9,19.3,19.0,103.4,-4.8,1,26,26,26,23,20,17,19,17,14,28,23,21,21,25,24,26,11,17,20,13,19,11,24,24,25,104.7,109.4,-4.7,98.58,0.472,0.604,1.61,17.5,0.248,0.714,0.48,0.147,0.512,0.545,0.512,0.238,0.147,0.248,Orlando Magic,82,25,57,0.305,48.1,40.9,87.5,0.468,10.0,27.6,0.362,16.4,21.2,0.773,10.6,35.3,45.9,24.4,14.2,7.8,4.9,4.9,19.0,19.3,108.2,4.8,1,26,26,26,23,22,21,21,8,8,14,16,14,21,27,26,28,23,17,18,19,13,7,20,21,25,2017-18,0.3048780487804878,2018,2010s
1610612755,Philadelphia 76ers,82,52,30,0.634,48.2,40.8,86.6,0.472,11.0,29.8,0.369,17.1,22.8,0.752,10.9,36.5,47.4,27.1,16.5,8.3,5.1,5.1,22.1,20.4,109.8,4.5,1,5,5,5,16,5,13,8,12,12,10,11,10,23,3,1,1,2,30,7,9,21,29,11,7,4,108.5,103.9,4.6,100.75,0.542,0.663,1.64,19.1,0.286,0.736,0.52,0.163,0.535,0.568,0.535,0.263,0.163,0.286,Philadelphia 76ers,82,52,30,0.634,48.2,38.0,87.6,0.434,10.1,29.6,0.342,19.1,25.6,0.745,10.0,32.2,42.2,21.7,14.3,8.5,5.1,5.1,20.4,22.1,105.3,-4.5,1,5,5,5,16,5,22,1,9,17,2,29,29,2,20,4,6,5,15,26,21,9,19,2,11,4,2017-18,0.6341463414634146,2018,2010s
1610612756,Phoenix Suns,82,21,61,0.256,48.1,38.5,87.1,0.442,9.3,27.9,0.334,17.7,23.9,0.741,10.3,33.9,44.1,21.3,15.7,6.9,4.5,6.0,22.0,20.9,103.9,-9.4,1,30,30,30,27,24,7,28,23,20,30,7,6,27,8,15,12,29,28,27,21,30,28,4,21,30,102.8,111.7,-9.0,101.14,0.442,0.553,1.35,15.6,0.271,0.724,0.493,0.155,0.495,0.532,0.495,0.275,0.155,0.271,Phoenix Suns,82,21,61,0.256,48.1,41.8,88.7,0.471,10.9,29.2,0.373,18.8,24.6,0.766,10.4,35.4,45.9,23.3,13.4,8.7,6.0,4.5,20.9,22.0,113.3,9.4,1,30,30,30,27,29,26,26,22,15,26,28,28,15,26,27,29,13,27,29,30,21,27,3,30,30,2017-18,0.2560975609756097,2018,2010s
1610612757,Portland Trail Blazers,82,49,33,0.598,48.2,39.3,87.0,0.452,10.3,28.1,0.366,16.7,20.9,0.8,10.2,35.3,45.5,19.5,13.5,7.0,5.2,5.1,19.5,19.1,105.6,2.6,1,7,7,7,18,15,8,20,16,19,11,15,18,3,9,5,3,30,8,26,7,22,13,23,16,9,108.4,105.7,2.7,97.11,0.51,0.496,1.44,15.0,0.279,0.746,0.513,0.139,0.511,0.549,0.511,0.24,0.139,0.279,Portland Trail Blazers,82,49,33,0.598,48.2,38.4,85.9,0.447,9.7,26.6,0.364,16.6,22.0,0.755,9.3,33.6,42.9,20.2,12.6,7.3,5.1,5.2,19.1,19.5,103.0,-2.6,1,7,7,7,18,7,16,4,7,5,16,18,18,4,10,16,13,2,29,10,22,7,8,18,5,9,2017-18,0.5975609756097561,2018,2010s
1610612758,Sacramento Kings,82,27,55,0.329,48.2,38.8,86.1,0.45,9.0,24.0,0.375,12.3,16.7,0.735,9.5,31.4,40.9,21.6,13.7,7.8,4.1,4.7,20.0,17.3,98.8,-7.0,1,24,24,24,18,21,15,22,26,28,3,30,30,28,19,29,28,25,9,11,25,14,19,30,30,28,103.1,110.4,-7.3,95.5,0.451,0.556,1.57,16.6,0.264,0.731,0.489,0.143,0.502,0.529,0.502,0.194,0.143,0.264,Sacramento Kings,82,27,55,0.329,48.2,38.7,82.4,0.47,11.9,31.5,0.377,16.4,21.5,0.765,9.1,34.7,43.8,23.6,14.3,7.8,4.7,4.1,17.3,20.0,105.8,7.0,1,24,24,24,18,10,2,25,29,28,29,17,17,13,7,23,20,18,13,17,14,25,1,12,14,28,2017-18,0.3292682926829268,2018,2010s
1610612759,San Antonio Spurs,82,47,35,0.573,48.1,39.0,85.4,0.457,8.5,24.1,0.352,16.1,20.9,0.772,10.4,33.9,44.2,22.8,13.1,7.7,5.6,3.9,17.2,19.7,102.7,2.9,1,12,12,12,23,17,22,16,28,27,26,19,18,13,6,14,11,15,4,14,4,2,1,18,27,8,107.1,104.1,3.0,95.7,0.525,0.583,1.73,17.3,0.277,0.741,0.508,0.137,0.507,0.543,0.507,0.245,0.137,0.277,San Antonio Spurs,82,47,35,0.573,48.1,38.2,84.3,0.453,9.1,26.3,0.348,14.3,18.9,0.759,9.2,33.3,42.5,21.8,14.1,7.6,3.9,5.6,19.7,17.2,99.8,-2.9,1,12,12,12,23,6,8,8,3,4,4,1,3,9,8,14,10,8,20,14,2,4,13,30,1,8,2017-18,0.573170731707317,2018,2010s
1610612761,Toronto Raptors,82,59,23,0.72,48.4,41.3,87.4,0.472,11.8,33.0,0.358,17.3,21.8,0.794,9.8,34.2,44.0,24.3,13.4,7.6,6.1,4.9,21.7,19.9,111.7,7.8,1,2,2,2,8,3,6,7,4,3,18,9,13,4,14,11,14,6,6,18,2,18,27,16,4,2,113.0,105.3,7.7,98.02,0.538,0.59,1.82,17.9,0.274,0.725,0.502,0.135,0.539,0.575,0.539,0.25,0.135,0.274,Toronto Raptors,82,59,23,0.72,48.4,38.4,85.6,0.449,8.9,25.0,0.357,18.2,23.7,0.767,9.8,32.6,42.4,21.8,14.3,7.2,4.9,6.1,19.9,21.7,103.9,-7.8,1,2,2,2,8,8,14,5,1,2,11,26,27,16,17,5,7,7,12,5,18,2,14,4,6,2,2017-18,0.7195121951219512,2018,2010s
1610612762,Utah Jazz,82,48,34,0.585,48.2,38.3,82.9,0.462,10.8,29.6,0.366,16.8,21.5,0.779,9.0,34.2,43.3,22.4,14.7,8.6,5.1,4.6,19.6,20.5,104.1,4.3,1,8,8,8,18,26,29,13,13,13,12,14,15,12,23,11,20,21,20,4,9,11,16,8,19,5,107.4,103.0,4.4,96.58,0.532,0.586,1.53,17.1,0.256,0.756,0.509,0.152,0.527,0.564,0.527,0.26,0.152,0.256,Utah Jazz,82,48,34,0.585,48.2,37.3,83.0,0.449,9.5,26.0,0.365,15.8,20.5,0.771,8.7,33.0,41.6,20.0,14.9,8.3,4.6,5.1,20.5,19.6,99.8,-4.3,1,8,8,8,18,2,3,6,5,3,17,8,10,19,3,10,1,1,6,24,11,9,23,15,1,5,2017-18,0.5853658536585366,2018,2010s
1610612764,Washington Wizards,82,43,39,0.524,48.4,39.9,85.6,0.467,9.9,26.5,0.375,16.8,21.8,0.772,10.0,33.1,43.1,25.2,14.6,7.9,4.3,4.7,21.3,20.0,106.6,0.6,1,17,17,17,5,12,19,11,21,23,4,13,14,16,13,22,21,4,18,10,22,13,25,15,13,15,108.1,107.7,0.4,97.67,0.509,0.631,1.73,18.4,0.274,0.732,0.504,0.148,0.525,0.56,0.525,0.254,0.148,0.274,Washington Wizards,82,43,39,0.524,48.4,39.0,84.4,0.462,10.2,29.2,0.349,17.9,23.5,0.761,9.8,32.7,42.5,22.3,14.9,7.8,4.7,4.3,20.0,21.3,106.0,-0.6,1,17,17,17,5,11,9,15,12,14,6,22,26,11,16,7,10,10,7,19,13,22,16,6,15,15,2017-18,0.524390243902439,2018,2010s
1610612737,Atlanta Hawks,82,29,53,0.354,48.4,41.4,91.8,0.451,13.0,37.0,0.352,17.6,23.4,0.752,11.6,34.5,46.1,25.8,17.0,8.2,5.1,5.5,23.6,22.2,113.3,-6.0,1,26,26,26,7,15,4,21,4,3,16,18,12,21,4,18,12,10,30,11,14,24,29,5,12,26,107.5,113.1,-5.5,104.56,0.464,0.624,1.52,17.7,0.284,0.718,0.496,0.162,0.522,0.555,0.522,0.255,0.162,0.284,Atlanta Hawks,82,29,53,0.354,48.4,42.8,90.5,0.473,12.4,34.4,0.359,21.5,28.3,0.758,10.6,35.4,46.0,26.9,15.0,9.9,5.5,5.1,22.2,23.6,119.4,6.0,1,26,26,26,7,27,21,26,28,28,19,30,30,8,19,21,23,30,8,30,24,14,26,1,30,26,2018-19,0.3536585365853658,2019,2010s
1610612738,Boston Celtics,82,49,33,0.598,48.2,42.1,90.5,0.465,12.6,34.5,0.365,15.6,19.5,0.802,9.8,34.7,44.5,26.3,12.8,8.6,5.3,3.9,20.4,19.5,112.4,4.4,1,9,9,9,18,11,9,14,6,7,7,28,29,4,20,16,22,5,3,4,10,2,12,26,14,6,111.3,107.0,4.3,100.43,0.53,0.624,2.05,18.8,0.257,0.728,0.495,0.127,0.534,0.567,0.534,0.215,0.127,0.257,Boston Celtics,82,49,33,0.598,48.2,39.5,88.1,0.448,11.5,33.5,0.344,17.4,22.8,0.764,10.4,35.5,45.9,23.7,15.1,6.8,3.9,5.3,19.5,20.4,108.0,-4.4,1,9,9,9,18,4,9,4,15,22,6,13,16,12,16,22,22,8,7,2,2,10,5,19,8,6,2018-19,0.5975609756097561,2019,2010s
1610612751,Brooklyn Nets,82,42,40,0.512,48.7,40.3,89.7,0.449,12.8,36.2,0.353,19.0,25.5,0.745,11.0,35.6,46.6,23.8,15.1,6.6,4.1,5.3,21.5,22.0,112.2,-0.1,1,14,14,14,1,20,14,25,5,5,14,6,4,24,10,10,7,21,26,27,28,22,23,7,15,15,108.9,109.0,-0.1,101.52,0.492,0.592,1.58,16.9,0.282,0.72,0.501,0.146,0.52,0.556,0.52,0.284,0.146,0.282,Brooklyn Nets,82,42,40,0.512,48.7,42.2,92.5,0.456,10.3,30.3,0.341,17.6,22.8,0.77,11.0,35.2,46.2,23.7,13.5,7.8,5.3,4.1,22.0,21.5,112.3,0.1,1,14,14,14,1,23,27,12,5,9,3,16,16,22,24,18,24,10,20,22,22,28,24,8,18,15,2018-19,0.5121951219512195,2019,2010s
1610612766,Charlotte Hornets,82,39,43,0.476,48.4,40.2,89.8,0.448,11.9,33.9,0.351,18.4,23.1,0.797,9.9,33.9,43.8,23.2,12.2,7.2,4.9,6.0,18.9,20.6,110.7,-1.1,1,17,17,17,11,21,12,26,11,10,18,9,16,6,19,22,23,24,2,21,18,29,3,18,19,18,110.7,112.0,-1.3,99.18,0.486,0.578,1.9,17.0,0.268,0.731,0.495,0.122,0.514,0.554,0.514,0.257,0.122,0.268,Charlotte Hornets,82,39,43,0.476,48.4,41.9,89.2,0.47,12.1,33.5,0.361,15.9,20.2,0.787,10.1,35.7,45.8,26.0,13.5,6.9,6.0,4.9,20.6,18.9,111.8,1.1,1,17,17,17,11,20,13,25,25,22,23,5,2,30,12,25,21,26,17,4,29,18,13,28,17,18,2018-19,0.4756097560975609,2019,2010s
1610612741,Chicago Bulls,82,22,60,0.268,48.5,39.8,87.9,0.453,9.1,25.9,0.351,16.2,20.7,0.783,8.8,34.1,42.9,21.9,14.1,7.4,4.3,5.8,20.3,18.7,104.9,-8.4,1,27,27,27,3,23,22,20,30,27,19,25,26,11,30,21,25,27,19,20,26,28,9,30,27,27,104.5,112.8,-8.3,99.3,0.453,0.55,1.55,16.3,0.242,0.727,0.483,0.141,0.505,0.541,0.505,0.235,0.141,0.242,Chicago Bulls,82,22,60,0.268,48.5,42.2,89.2,0.473,12.1,33.0,0.365,16.8,22.0,0.763,10.0,36.4,46.4,25.5,13.3,7.3,5.8,4.3,18.7,20.3,113.4,8.4,1,27,27,27,3,24,15,27,24,20,26,9,8,10,11,28,25,22,22,9,28,26,1,22,20,27,2018-19,0.2682926829268293,2019,2010s
1610612739,Cleveland Cavaliers,82,19,63,0.232,48.2,38.9,87.6,0.444,10.3,29.1,0.355,16.4,20.7,0.792,10.7,31.9,42.7,20.7,13.5,6.5,2.4,5.6,20.0,19.4,104.5,-9.6,1,28,28,28,24,26,23,28,20,24,13,22,27,7,12,28,26,29,9,28,30,27,6,28,29,30,106.8,116.8,-10.0,97.37,0.436,0.532,1.54,15.6,0.282,0.732,0.496,0.138,0.503,0.54,0.503,0.236,0.138,0.282,Cleveland Cavaliers,82,19,63,0.232,48.2,43.2,87.2,0.495,12.0,31.6,0.38,15.8,20.5,0.77,9.5,34.6,44.1,25.7,12.5,6.9,5.6,2.4,19.4,20.0,114.1,9.6,1,28,28,28,24,28,7,30,22,11,30,3,3,19,6,13,8,24,28,6,27,30,3,25,24,30,2018-19,0.2317073170731707,2019,2010s
1610612742,Dallas Mavericks,82,33,49,0.402,48.2,38.8,86.9,0.447,12.5,36.6,0.34,18.8,25.3,0.742,10.1,35.2,45.3,23.4,14.2,6.5,4.3,4.5,20.1,23.2,108.9,-1.3,1,22,22,22,18,28,28,27,7,4,27,7,5,25,16,14,16,22,20,29,26,6,8,2,21,20,108.7,110.1,-1.5,99.6,0.492,0.603,1.64,17.0,0.273,0.734,0.503,0.142,0.519,0.555,0.519,0.291,0.142,0.273,Dallas Mavericks,82,33,49,0.402,48.2,40.9,89.2,0.459,11.2,32.5,0.344,17.1,22.0,0.777,10.2,34.6,44.8,24.5,13.0,7.8,4.5,4.3,23.2,20.1,110.1,1.3,1,22,22,22,18,14,14,16,12,16,7,11,7,25,14,14,14,14,25,23,6,26,29,23,13,20,2018-19,0.4024390243902439,2019,2010s
1610612743,Denver Nuggets,82,54,28,0.659,48.1,41.9,90.0,0.466,11.0,31.4,0.351,15.8,20.9,0.755,11.9,34.5,46.4,27.4,13.4,7.7,4.4,5.0,20.0,20.4,110.7,4.0,1,4,4,4,27,12,11,13,18,16,17,27,25,20,2,17,8,2,8,13,24,14,7,20,20,8,112.1,108.1,4.0,98.49,0.524,0.653,2.04,19.3,0.308,0.744,0.524,0.136,0.527,0.558,0.527,0.232,0.136,0.308,Denver Nuggets,82,54,28,0.659,48.1,39.6,86.4,0.458,10.8,31.9,0.339,16.7,22.2,0.753,9.7,32.7,42.5,24.6,13.5,7.4,5.0,4.4,20.4,20.0,106.7,-4.0,1,4,4,4,27,5,4,15,10,13,1,7,9,2,7,2,1,16,17,14,14,24,11,24,6,8,2018-19,0.6585365853658537,2019,2010s
1610612765,Detroit Pistons,82,41,41,0.5,48.4,38.8,88.3,0.44,12.1,34.8,0.348,17.3,23.1,0.747,11.4,33.6,45.0,22.5,13.8,6.9,4.0,5.1,22.1,21.3,107.0,-0.2,1,16,16,16,7,27,19,29,9,6,23,19,17,23,5,24,18,26,11,22,29,17,26,11,25,17,108.4,108.7,-0.3,97.88,0.482,0.579,1.63,16.5,0.291,0.745,0.509,0.14,0.509,0.544,0.509,0.262,0.14,0.291,Detroit Pistons,82,41,41,0.5,48.4,39.9,85.0,0.469,9.6,27.8,0.345,17.9,23.7,0.755,9.1,34.6,43.7,23.7,14.1,6.9,5.1,4.0,21.3,22.1,107.3,0.2,1,16,16,16,7,6,2,24,1,2,9,18,21,5,3,12,6,8,14,5,17,29,20,5,7,17,2018-19,0.5,2019,2010s
1610612744,Golden State Warriors,82,57,25,0.695,48.3,44.0,89.8,0.491,13.3,34.4,0.385,16.3,20.4,0.801,9.7,36.5,46.2,29.4,14.3,7.6,6.4,3.6,21.4,19.5,117.7,6.5,1,3,3,3,15,1,13,1,3,8,3,23,28,5,21,3,11,1,21,15,1,1,22,27,2,2,115.0,108.6,6.5,101.74,0.546,0.668,2.06,20.4,0.257,0.727,0.505,0.139,0.565,0.596,0.565,0.227,0.139,0.257,Golden State Warriors,82,57,25,0.695,48.3,40.4,91.1,0.444,11.6,33.6,0.347,18.7,24.2,0.773,10.8,33.5,44.3,24.3,13.5,7.7,3.6,6.4,19.5,21.4,111.2,-6.5,1,3,3,3,15,11,24,3,17,25,11,24,24,23,21,5,10,12,19,19,1,1,4,9,16,2,2018-19,0.6951219512195121,2019,2010s
1610612745,Houston Rockets,82,53,29,0.646,48.4,39.2,87.4,0.449,16.1,45.4,0.356,19.3,24.4,0.791,10.2,31.9,42.1,21.2,13.3,8.5,4.9,4.5,22.0,20.0,113.9,4.8,1,5,5,5,11,25,26,24,1,1,12,3,7,9,14,29,28,28,6,5,18,8,25,24,11,5,114.9,110.1,4.8,98.39,0.498,0.541,1.59,15.9,0.269,0.7,0.481,0.135,0.542,0.581,0.542,0.279,0.135,0.269,Houston Rockets,82,53,29,0.646,48.4,40.4,86.7,0.466,10.1,29.8,0.34,18.2,23.7,0.768,11.0,34.5,45.4,23.5,15.0,7.4,4.5,4.9,20.0,22.0,109.1,-4.8,1,5,5,5,11,10,5,19,3,4,2,21,20,16,23,10,16,7,9,11,8,18,7,6,10,5,2018-19,0.6463414634146342,2019,2010s
1610612754,Indiana Pacers,82,48,34,0.585,48.1,41.3,87.0,0.475,9.5,25.4,0.374,15.8,21.1,0.752,9.3,33.7,43.0,26.0,13.7,8.7,4.9,5.2,19.4,20.0,108.0,3.3,1,11,11,11,30,16,27,4,29,29,5,26,23,22,25,23,24,9,10,3,20,21,4,23,22,10,109.4,106.0,3.4,98.64,0.527,0.628,1.9,18.9,0.269,0.722,0.499,0.139,0.53,0.561,0.53,0.242,0.139,0.269,Indiana Pacers,82,48,34,0.585,48.1,38.7,86.1,0.45,11.4,32.1,0.354,15.8,21.0,0.756,10.5,33.1,43.7,24.5,15.7,7.4,5.2,4.9,20.0,19.4,104.7,-3.3,1,11,11,11,30,3,3,6,14,14,14,4,6,7,17,3,5,13,5,13,21,20,8,27,1,10,2018-19,0.5853658536585366,2019,2010s
1610612746,LA Clippers,82,48,34,0.585,48.4,41.3,87.5,0.471,10.0,25.8,0.388,22.6,28.5,0.792,9.7,35.8,45.5,24.0,14.5,6.8,4.7,6.1,23.3,24.0,115.1,0.9,1,11,11,11,11,17,24,7,25,28,2,1,1,8,22,8,13,18,22,23,22,30,28,1,5,13,111.4,110.4,1.0,102.66,0.505,0.582,1.65,17.1,0.263,0.722,0.5,0.141,0.529,0.575,0.529,0.326,0.141,0.263,LA Clippers,82,48,34,0.585,48.4,41.7,91.3,0.457,10.4,30.2,0.343,20.5,26.3,0.777,11.3,34.5,45.7,24.1,13.2,8.3,6.1,4.7,24.0,23.3,114.3,-0.9,1,11,11,11,11,18,25,14,6,8,5,28,28,24,28,11,19,11,24,25,30,22,30,3,25,13,2018-19,0.5853658536585366,2019,2010s
1610612747,Los Angeles Lakers,82,37,45,0.451,48.2,42.6,90.5,0.47,10.3,31.0,0.333,16.3,23.3,0.699,10.2,36.4,46.6,25.6,15.7,7.5,5.4,5.1,20.7,20.8,111.8,-1.7,1,20,20,20,18,6,8,9,20,17,29,24,14,29,15,4,6,11,29,16,8,20,13,15,16,23,107.4,108.9,-1.6,103.6,0.495,0.6,1.63,17.8,0.27,0.725,0.502,0.15,0.527,0.554,0.527,0.257,0.15,0.27,Los Angeles Lakers,82,37,45,0.451,48.2,41.9,92.8,0.452,11.8,34.0,0.349,17.8,22.7,0.784,11.3,35.6,46.9,25.0,14.2,8.3,5.1,5.4,20.8,20.7,113.5,1.7,1,20,20,20,18,21,28,9,20,27,13,17,14,28,27,23,26,21,12,26,20,8,16,17,21,23,2018-19,0.4512195121951219,2019,2010s
1610612763,Memphis Grizzlies,82,33,49,0.402,48.5,38.0,84.4,0.45,9.9,28.9,0.342,17.7,23.0,0.772,8.8,33.0,41.8,23.9,14.0,8.3,5.5,4.9,22.0,21.4,103.5,-2.6,1,22,22,22,4,30,30,23,27,25,25,15,18,15,29,26,29,19,15,6,4,13,24,9,30,24,105.6,108.0,-2.4,97.15,0.49,0.631,1.71,17.9,0.247,0.724,0.484,0.143,0.508,0.548,0.508,0.272,0.143,0.247,Memphis Grizzlies,82,33,49,0.402,48.5,37.6,83.4,0.451,11.6,32.2,0.36,19.3,24.7,0.784,9.5,35.2,44.7,23.4,15.2,7.6,4.9,5.5,21.4,22.0,106.1,2.6,1,22,22,22,4,1,1,7,16,15,21,27,27,29,5,17,12,6,6,18,13,4,22,7,3,24,2018-19,0.4024390243902439,2019,2010s
1610612748,Miami Heat,82,39,43,0.476,48.1,39.6,88.0,0.45,11.3,32.4,0.349,15.1,21.7,0.695,11.2,35.1,46.3,24.3,14.7,7.6,5.5,4.7,20.9,20.1,105.7,-0.2,1,17,17,17,27,24,21,22,15,14,21,29,22,30,7,15,10,17,23,14,4,11,15,22,26,16,106.7,107.1,-0.4,98.73,0.501,0.612,1.65,17.6,0.291,0.731,0.509,0.149,0.515,0.542,0.515,0.247,0.149,0.291,Miami Heat,82,39,43,0.476,48.1,38.3,86.8,0.441,11.9,33.1,0.358,17.5,22.7,0.769,10.1,34.0,44.2,23.3,14.1,7.5,4.7,5.5,20.1,20.9,105.9,0.2,1,17,17,17,27,2,6,2,21,21,17,14,13,18,13,7,9,4,13,15,11,4,9,16,2,16,2018-19,0.4756097560975609,2019,2010s
1610612749,Milwaukee Bucks,82,60,22,0.732,48.2,43.4,91.1,0.476,13.5,38.2,0.353,17.9,23.2,0.773,9.3,40.4,49.7,26.0,13.9,7.5,5.9,4.8,19.6,20.2,118.1,8.9,1,1,1,1,18,3,6,3,2,2,15,12,15,14,25,1,1,7,13,17,2,12,5,21,1,1,113.5,104.9,8.6,103.57,0.553,0.601,1.88,18.3,0.25,0.757,0.516,0.133,0.55,0.583,0.55,0.255,0.133,0.25,Milwaukee Bucks,82,60,22,0.732,48.2,40.5,93.5,0.433,13.1,36.3,0.361,15.1,20.7,0.733,9.9,35.4,45.3,24.8,13.4,6.8,4.8,5.9,20.2,19.6,109.3,-8.9,1,1,1,1,18,12,30,1,30,30,22,1,4,1,9,20,15,19,21,3,12,2,10,26,11,1,2018-19,0.7317073170731707,2019,2010s
1610612750,Minnesota Timberwolves,82,36,46,0.439,48.4,41.6,91.3,0.456,10.1,28.7,0.351,19.1,24.3,0.787,11.3,33.5,44.8,24.6,13.1,8.3,5.0,5.5,20.3,21.9,112.5,-1.5,1,21,21,21,11,13,5,17,23,26,20,4,8,10,6,25,19,15,4,7,17,25,10,8,13,22,110.6,112.2,-1.6,100.88,0.498,0.591,1.88,17.4,0.292,0.709,0.497,0.129,0.511,0.552,0.511,0.267,0.129,0.292,Minnesota Timberwolves,82,36,46,0.439,48.4,42.1,90.1,0.467,12.7,33.6,0.378,17.1,22.3,0.767,11.2,34.4,45.6,26.2,14.7,6.6,5.5,5.0,21.9,20.3,114.0,1.5,1,21,21,21,11,22,20,23,29,24,29,12,11,15,26,9,17,27,11,1,25,17,23,21,23,22,2018-19,0.4390243902439024,2019,2010s
1610612740,New Orleans Pelicans,82,33,49,0.402,48.2,43.7,92.2,0.473,10.3,29.9,0.344,17.8,23.4,0.761,11.1,36.2,47.3,27.0,14.8,7.4,5.4,5.4,21.1,21.0,115.4,-1.3,1,22,22,22,24,2,3,6,22,21,24,13,11,18,8,6,5,3,24,18,7,23,19,13,3,21,110.7,112.0,-1.3,103.89,0.498,0.619,1.82,18.6,0.285,0.729,0.509,0.142,0.529,0.563,0.529,0.254,0.142,0.285,New Orleans Pelicans,82,33,49,0.402,48.2,43.3,92.8,0.466,12.3,33.7,0.364,17.9,23.5,0.764,11.0,34.8,45.8,26.5,13.6,8.6,5.4,5.4,21.0,21.1,116.8,1.3,1,22,22,22,24,29,28,21,27,26,25,19,19,11,22,16,20,29,16,28,23,7,18,12,27,21,2018-19,0.4024390243902439,2019,2010s
1610612752,New York Knicks,82,17,65,0.207,48.2,38.2,88.3,0.433,10.0,29.5,0.34,18.1,23.9,0.759,10.5,34.3,44.7,20.1,14.0,6.8,5.1,5.6,20.9,20.8,104.6,-9.2,1,30,30,30,18,29,18,30,24,22,28,11,10,19,13,20,20,30,17,24,13,26,16,14,28,28,104.0,112.9,-8.9,100.16,0.442,0.525,1.43,14.9,0.264,0.717,0.486,0.14,0.49,0.529,0.49,0.27,0.14,0.264,New York Knicks,82,17,65,0.207,48.2,41.9,89.7,0.467,11.8,32.6,0.363,18.2,23.8,0.766,10.7,36.8,47.5,25.6,13.2,7.4,5.6,5.1,20.8,20.9,113.8,9.2,1,30,30,30,18,19,16,22,19,17,24,21,22,14,20,30,29,23,23,11,26,13,17,15,22,28,2018-19,0.2073170731707317,2019,2010s
1610612760,Oklahoma City Thunder,82,49,33,0.598,48.4,42.6,94.0,0.454,11.4,32.6,0.348,17.8,25.0,0.713,12.6,35.5,48.1,23.4,14.0,9.3,5.2,5.1,22.4,22.5,114.5,3.4,1,9,9,9,7,5,1,19,13,13,22,14,6,28,1,11,2,23,14,1,12,16,27,3,7,9,109.8,106.5,3.4,103.38,0.506,0.548,1.67,16.3,0.298,0.738,0.509,0.134,0.514,0.545,0.514,0.266,0.134,0.298,Oklahoma City Thunder,82,49,33,0.598,48.4,40.8,88.7,0.46,11.2,31.6,0.356,18.3,24.0,0.761,9.9,35.8,45.7,24.9,16.7,8.2,5.1,5.2,22.5,22.4,111.1,-3.4,1,9,9,9,7,13,12,17,13,12,16,23,23,9,8,26,18,20,1,24,16,12,28,4,15,9,2018-19,0.5975609756097561,2019,2010s
1610612753,Orlando Magic,82,42,40,0.512,48.2,40.4,89.1,0.454,11.4,32.1,0.356,15.0,19.2,0.782,10.0,35.4,45.4,25.5,13.2,6.6,5.4,4.4,18.6,18.7,107.3,0.7,1,14,14,14,18,18,15,18,12,15,11,30,30,12,17,13,15,12,5,26,6,5,2,29,24,14,108.2,107.6,0.6,98.65,0.508,0.632,1.94,18.6,0.259,0.754,0.504,0.133,0.518,0.55,0.518,0.216,0.133,0.259,Orlando Magic,82,42,40,0.512,48.2,39.9,87.6,0.456,10.5,30.2,0.347,16.3,20.9,0.778,9.0,35.6,44.6,23.1,13.0,7.0,4.4,5.4,18.7,18.6,106.6,-0.7,1,14,14,14,18,7,8,11,7,7,10,6,5,27,2,24,11,2,26,7,5,6,2,29,5,14,2018-19,0.5121951219512195,2019,2010s
1610612755,Philadelphia 76ers,82,51,31,0.622,48.3,41.5,88.2,0.471,10.8,30.2,0.359,21.2,27.5,0.771,10.9,36.9,47.8,26.9,14.9,7.4,5.3,4.1,21.3,22.1,115.2,2.7,1,7,7,7,15,14,20,8,19,19,8,2,2,16,11,2,4,4,25,19,11,4,20,6,4,11,111.6,109.0,2.6,102.59,0.529,0.648,1.8,18.7,0.278,0.741,0.517,0.144,0.532,0.574,0.532,0.312,0.144,0.278,Philadelphia 76ers,82,51,31,0.622,48.3,41.7,91.5,0.455,10.3,30.0,0.342,18.8,24.5,0.768,10.0,33.5,43.5,23.4,12.7,7.7,4.1,5.3,22.1,21.3,112.5,-2.7,1,7,7,7,15,17,26,10,4,6,4,26,26,17,10,4,4,5,27,21,4,11,25,11,19,11,2018-19,0.6219512195121951,2019,2010s
1610612756,Phoenix Suns,82,19,63,0.232,48.5,40.1,87.4,0.459,9.6,29.3,0.329,17.6,22.7,0.779,9.1,31.3,40.4,23.9,15.6,9.0,5.1,5.0,23.6,20.7,107.5,-9.3,1,28,28,28,4,22,25,16,28,23,30,17,20,13,28,30,30,20,28,2,15,15,29,17,23,29,105.3,114.2,-8.9,101.15,0.45,0.595,1.53,17.3,0.247,0.683,0.464,0.153,0.514,0.552,0.514,0.259,0.153,0.247,Phoenix Suns,82,19,63,0.232,48.5,42.5,88.2,0.482,11.1,29.9,0.372,20.8,27.6,0.753,11.8,35.3,47.2,25.9,15.7,9.0,5.0,5.1,20.7,23.6,116.8,9.3,1,28,28,28,4,26,10,29,11,5,28,29,29,4,30,19,27,25,4,29,15,15,14,1,28,29,2018-19,0.2317073170731707,2019,2010s
1610612757,Portland Trail Blazers,82,53,29,0.646,48.4,42.3,90.6,0.467,11.0,30.7,0.359,19.0,23.3,0.814,11.8,36.2,48.0,23.0,13.8,6.7,5.0,5.1,20.4,20.7,114.7,4.2,1,5,5,5,7,7,7,12,17,18,9,5,13,2,3,7,3,25,11,25,16,18,11,16,6,7,113.7,109.5,4.2,99.96,0.521,0.544,1.66,16.6,0.308,0.739,0.526,0.137,0.528,0.568,0.528,0.258,0.137,0.308,Portland Trail Blazers,82,53,29,0.646,48.4,41.1,90.0,0.457,10.7,29.8,0.359,17.5,22.8,0.77,10.3,32.6,42.8,23.2,12.4,7.4,5.1,5.0,20.7,20.4,110.5,-4.2,1,5,5,5,7,15,19,13,8,3,20,15,15,20,15,1,3,3,29,10,18,16,15,20,14,7,2018-19,0.6463414634146342,2019,2010s
1610612758,Sacramento Kings,82,39,43,0.476,48.1,43.2,93.1,0.464,11.3,29.9,0.378,16.5,22.7,0.726,11.0,34.4,45.4,25.4,13.4,8.3,4.4,5.1,21.4,21.4,114.2,-1.1,1,17,17,17,27,4,2,15,16,20,4,21,19,27,9,19,14,14,7,10,24,18,21,10,9,19,109.6,110.8,-1.2,103.88,0.495,0.588,1.9,17.7,0.268,0.713,0.487,0.128,0.524,0.554,0.524,0.244,0.128,0.268,Sacramento Kings,82,39,43,0.476,48.1,42.3,90.6,0.466,12.0,34.6,0.348,18.8,24.4,0.77,11.2,36.8,48.0,24.7,15.9,7.5,5.1,4.4,21.4,21.4,115.3,1.1,1,17,17,17,27,25,23,20,23,29,12,25,25,21,25,29,30,17,2,16,18,24,21,10,26,19,2018-19,0.4756097560975609,2019,2010s
1610612759,San Antonio Spurs,82,48,34,0.585,48.3,42.3,88.4,0.478,9.9,25.3,0.392,17.2,21.0,0.819,9.2,35.5,44.7,24.5,12.1,6.1,4.7,4.0,18.1,19.6,111.7,1.7,1,11,11,11,15,8,17,2,26,30,1,20,24,1,27,12,21,16,1,30,21,3,1,25,18,12,112.2,110.6,1.6,98.88,0.516,0.58,2.03,18.1,0.246,0.744,0.501,0.122,0.534,0.572,0.534,0.237,0.122,0.246,San Antonio Spurs,82,48,34,0.585,48.3,41.5,89.7,0.463,11.7,32.7,0.359,15.2,20.2,0.755,9.2,34.7,43.9,24.7,12.2,7.2,4.0,4.7,19.6,18.1,110.0,-1.7,1,11,11,11,15,16,18,18,18,18,18,2,1,6,4,15,7,18,30,8,3,21,6,30,12,12,2018-19,0.5853658536585366,2019,2010s
1610612761,Toronto Raptors,82,58,24,0.707,48.5,42.2,89.1,0.474,12.4,33.8,0.366,17.7,22.0,0.804,9.6,35.6,45.2,25.4,14.0,8.3,5.3,4.5,21.0,20.5,114.4,6.1,1,2,2,2,4,9,16,5,8,11,6,16,21,3,24,9,17,13,16,9,9,6,17,19,8,3,112.6,106.8,5.8,100.51,0.533,0.603,1.81,18.2,0.265,0.726,0.502,0.138,0.543,0.579,0.543,0.247,0.138,0.265,Toronto Raptors,82,58,24,0.707,48.5,40.3,89.7,0.449,10.8,31.2,0.345,17.1,22.3,0.765,10.6,34.2,44.8,24.5,14.9,7.6,4.5,5.3,20.5,21.0,108.4,-6.1,1,2,2,2,4,9,16,5,9,10,8,10,12,13,18,8,13,15,10,17,6,9,12,14,9,3,2018-19,0.7073170731707317,2019,2010s
1610612762,Utah Jazz,82,50,32,0.61,48.2,40.4,86.4,0.468,12.1,34.0,0.356,18.8,25.5,0.736,10.0,36.4,46.4,26.0,15.1,8.1,5.9,4.6,21.1,22.4,111.7,5.3,1,8,8,8,24,19,29,10,9,9,10,8,3,26,18,5,9,8,27,12,3,9,18,4,17,4,110.3,105.3,5.0,100.84,0.539,0.644,1.72,18.5,0.275,0.759,0.522,0.149,0.538,0.572,0.538,0.295,0.149,0.275,Utah Jazz,82,50,32,0.61,48.2,40.0,88.5,0.452,9.8,27.7,0.355,16.7,22.2,0.753,8.9,33.7,42.6,21.6,13.9,8.5,4.6,5.9,22.4,21.1,106.5,-5.3,1,8,8,8,24,8,11,8,2,1,15,7,9,2,1,6,2,1,15,27,9,3,27,13,4,4,2018-19,0.6097560975609756,2019,2010s
1610612764,Washington Wizards,82,32,50,0.39,48.6,42.1,90.1,0.468,11.3,33.3,0.341,18.4,23.9,0.768,9.7,32.7,42.4,26.3,14.1,8.3,4.6,4.6,20.7,21.2,114.0,-2.9,1,25,25,25,2,10,10,11,14,12,26,10,9,17,23,27,27,6,18,7,23,10,13,12,10,25,110.2,112.9,-2.7,102.23,0.487,0.623,1.87,18.4,0.252,0.706,0.477,0.136,0.531,0.567,0.531,0.266,0.136,0.252,Washington Wizards,82,32,50,0.39,48.6,43.4,90.5,0.48,12.1,32.8,0.37,18.0,23.1,0.778,11.4,35.8,47.3,26.2,15.8,7.7,4.6,4.6,21.2,20.7,116.9,2.9,1,25,25,25,2,30,22,28,26,19,27,20,18,26,29,27,28,28,3,20,10,23,19,17,29,25,2018-19,0.3902439024390244,2019,2010s
1610612737,Atlanta Hawks,67,20,47,0.299,48.6,40.6,90.6,0.449,12.0,36.1,0.333,18.5,23.4,0.79,9.9,33.4,43.3,24.0,16.2,7.8,5.1,6.4,23.1,21.0,111.8,-8.0,23,26,28,27,4,17,7,23,16,8,30,12,15,10,19,23,22,17,28,13,12,30,30,13,17,29,107.0,114.4,-7.4,103.28,0.454,0.589,1.48,16.9,0.267,0.708,0.484,0.155,0.515,0.554,0.515,0.258,0.155,0.267,Atlanta Hawks,67,20,47,0.299,48.6,43.3,90.7,0.478,11.9,32.7,0.363,21.2,27.4,0.772,11.2,35.9,47.0,25.0,15.0,9.0,6.4,5.1,21.0,23.1,119.7,8.0,23,26,28,27,4,29,24,26,11,7,22,30,30,16,29,25,28,21,11,29,30,12,18,1,30,29,2019-20,0.2985074626865671,2020,2010s
1610612738,Boston Celtics,72,48,24,0.667,48.4,41.3,89.6,0.461,12.6,34.5,0.364,18.6,23.2,0.801,10.7,35.4,46.1,23.0,13.8,8.3,5.6,5.5,21.6,20.7,113.7,6.3,11,5,5,5,10,12,11,17,12,13,13,11,18,5,6,11,8,25,8,6,5,25,20,15,9,3,112.8,106.5,6.3,99.92,0.531,0.557,1.66,16.7,0.283,0.731,0.509,0.137,0.531,0.57,0.531,0.259,0.137,0.283,Boston Celtics,72,48,24,0.667,48.4,38.4,87.1,0.441,11.8,34.8,0.34,18.8,24.5,0.767,10.3,34.0,44.3,22.4,15.2,7.1,5.5,5.6,20.7,21.6,107.3,-6.3,11,5,5,5,10,2,8,4,10,16,2,20,19,9,18,8,11,2,9,8,25,5,16,11,2,3,2019-20,0.6666666666666666,2020,2010s
1610612751,Brooklyn Nets,72,35,37,0.486,48.6,40.4,90.3,0.448,13.1,38.1,0.343,17.9,24.1,0.745,10.6,37.3,47.9,24.5,15.3,6.4,4.5,5.3,21.0,21.1,111.8,-0.6,11,14,14,14,5,19,10,24,9,5,26,15,9,25,9,2,2,15,24,27,23,21,16,10,16,15,108.7,109.2,-0.5,101.7,0.5,0.606,1.6,17.3,0.28,0.736,0.511,0.148,0.52,0.554,0.52,0.267,0.148,0.28,Brooklyn Nets,72,35,37,0.486,48.6,41.4,92.9,0.446,12.2,34.8,0.35,17.4,22.6,0.769,10.6,35.3,45.9,22.6,12.8,7.7,5.3,4.5,21.1,21.0,112.3,0.6,11,14,14,14,5,18,29,5,13,18,9,12,13,13,24,20,22,3,28,16,21,23,21,15,19,15,2019-20,0.4861111111111111,2020,2010s
1610612766,Charlotte Hornets,65,23,42,0.354,48.5,37.3,85.9,0.434,12.1,34.3,0.352,16.2,21.6,0.748,11.0,31.8,42.8,23.8,14.6,6.6,4.1,5.0,18.8,20.6,102.9,-6.8,26,23,21,22,9,30,26,30,15,14,19,26,25,24,3,29,26,19,14,26,25,20,3,16,30,27,105.9,112.8,-7.0,96.24,0.455,0.639,1.63,17.7,0.28,0.706,0.486,0.15,0.504,0.539,0.504,0.252,0.15,0.28,Charlotte Hornets,65,23,42,0.354,48.5,41.7,87.5,0.476,12.4,35.1,0.352,14.0,18.4,0.758,10.9,35.0,46.0,26.6,14.4,8.0,5.0,4.1,20.6,18.8,109.6,6.8,26,23,21,22,9,19,12,23,19,23,11,1,1,4,27,18,23,30,16,23,20,25,15,28,12,27,2019-20,0.3538461538461538,2020,2010s
1610612741,Chicago Bulls,65,22,43,0.338,48.2,39.6,88.6,0.447,12.2,35.1,0.348,15.5,20.5,0.755,10.5,31.4,41.9,23.2,15.5,10.0,4.1,5.9,21.8,19.2,106.8,-3.1,26,24,23,24,21,25,16,26,14,11,22,28,27,21,13,30,29,23,27,1,26,28,24,29,27,22,105.8,108.9,-3.1,100.46,0.466,0.587,1.5,16.9,0.267,0.719,0.481,0.153,0.515,0.547,0.515,0.231,0.153,0.267,Chicago Bulls,65,22,43,0.338,48.2,39.5,82.5,0.479,11.2,31.6,0.353,19.7,26.0,0.759,10.2,35.4,45.5,25.4,18.3,8.2,5.9,4.1,19.2,21.8,109.9,3.1,26,24,23,24,21,7,1,27,4,4,12,28,28,5,16,22,20,25,1,24,28,26,2,7,14,22,2019-20,0.3384615384615385,2020,2010s
1610612739,Cleveland Cavaliers,65,19,46,0.292,48.4,40.3,87.9,0.458,11.2,31.8,0.351,15.1,19.9,0.758,10.8,33.4,44.2,23.1,16.5,6.9,3.2,6.3,18.3,19.6,106.9,-7.9,26,28,26,29,13,20,24,19,21,20,20,29,29,20,4,22,19,24,30,25,30,29,1,26,26,28,106.9,114.8,-7.9,99.17,0.453,0.573,1.4,16.8,0.296,0.738,0.512,0.165,0.522,0.553,0.522,0.227,0.165,0.296,Cleveland Cavaliers,65,19,46,0.292,48.4,43.9,89.4,0.491,12.4,33.0,0.375,14.7,19.2,0.767,9.7,33.1,42.9,26.1,13.0,9.4,6.3,3.2,19.6,18.3,114.8,7.9,26,28,26,29,13,30,18,30,20,8,26,2,2,11,11,3,6,29,26,30,29,30,5,30,22,28,2019-20,0.2923076923076923,2020,2010s
1610612742,Dallas Mavericks,75,43,32,0.573,48.5,41.7,90.3,0.461,15.1,41.3,0.367,18.6,23.8,0.779,10.5,36.4,46.9,24.7,12.7,6.1,4.8,4.1,19.5,21.3,117.0,4.9,1,12,13,13,8,9,9,16,2,2,10,10,11,14,11,4,4,14,2,29,16,5,6,9,3,6,115.9,111.2,4.8,99.89,0.521,0.592,1.94,17.7,0.275,0.74,0.509,0.126,0.545,0.581,0.545,0.264,0.126,0.275,Dallas Mavericks,75,43,32,0.573,48.5,41.9,91.6,0.458,12.3,34.9,0.351,16.0,21.0,0.76,10.4,35.0,45.4,23.9,11.9,7.0,4.1,4.8,21.3,19.5,112.1,-4.9,1,12,13,13,8,21,26,13,17,20,10,5,6,7,21,17,19,10,30,5,5,16,22,25,16,6,2019-20,0.5733333333333334,2020,2010s
1610612743,Denver Nuggets,73,46,27,0.63,48.6,42.0,88.9,0.473,11.0,30.6,0.359,16.2,20.9,0.777,10.8,33.4,44.1,26.7,13.8,8.0,4.6,4.4,20.3,20.5,111.3,2.1,3,6,6,6,2,8,15,4,24,26,15,25,26,16,5,24,20,4,7,9,19,8,11,17,19,11,112.6,110.4,2.2,97.64,0.517,0.636,1.94,19.1,0.294,0.725,0.509,0.139,0.535,0.567,0.535,0.235,0.139,0.294,Denver Nuggets,73,46,27,0.63,48.6,40.0,86.5,0.463,12.1,33.9,0.358,17.1,22.5,0.759,10.1,32.6,42.6,25.4,14.3,7.2,4.4,4.6,20.5,20.3,109.2,-2.1,3,6,6,6,2,11,5,15,12,15,17,10,12,6,12,1,4,24,17,10,8,19,14,20,11,11,2019-20,0.6301369863013698,2020,2010s
1610612765,Detroit Pistons,66,20,46,0.303,48.4,39.3,85.7,0.459,12.0,32.7,0.367,16.6,22.4,0.743,9.8,32.0,41.7,24.1,15.3,7.4,4.5,5.6,19.7,19.8,107.2,-3.6,24,26,26,26,15,28,27,18,18,17,11,22,22,26,21,27,30,16,25,21,22,27,8,24,25,23,108.8,112.3,-3.5,97.86,0.473,0.612,1.58,17.7,0.277,0.717,0.493,0.155,0.529,0.561,0.529,0.261,0.155,0.277,Detroit Pistons,66,20,46,0.303,48.4,41.9,87.3,0.48,10.7,29.6,0.361,16.2,20.9,0.777,10.1,33.4,43.5,24.6,14.0,8.2,5.6,4.5,19.8,19.7,110.8,3.6,24,26,26,26,15,22,10,28,2,2,19,6,5,18,15,7,8,16,22,25,27,22,7,23,15,23,2019-20,0.303030303030303,2020,2010s
1610612744,Golden State Warriors,65,15,50,0.231,48.4,38.6,88.2,0.438,10.4,31.3,0.334,18.7,23.2,0.803,10.0,32.9,42.8,25.6,14.9,8.2,4.6,4.9,20.1,20.1,106.3,-8.7,26,30,30,30,13,29,21,29,28,25,29,9,16,4,18,26,24,9,19,7,20,17,10,21,28,30,104.4,113.0,-8.6,101.04,0.462,0.663,1.72,18.2,0.255,0.722,0.481,0.146,0.497,0.54,0.497,0.264,0.146,0.255,Golden State Warriors,65,15,50,0.231,48.4,42.2,88.6,0.476,13.5,34.8,0.389,17.1,21.9,0.783,10.2,36.3,46.5,26.1,15.6,8.2,4.9,4.6,20.1,20.1,115.0,8.7,26,30,30,30,13,23,16,24,28,17,30,11,10,23,17,27,26,28,6,27,17,20,10,21,24,30,2019-20,0.2307692307692307,2020,2010s
1610612745,Houston Rockets,72,44,28,0.611,48.3,40.8,90.4,0.451,15.6,45.3,0.345,20.6,26.1,0.791,9.8,34.5,44.3,21.6,14.7,8.7,5.2,4.9,21.8,21.0,117.8,3.0,11,8,7,8,17,16,8,22,1,1,24,2,2,8,20,16,18,29,15,3,10,15,23,12,2,7,112.5,109.8,2.7,104.04,0.494,0.53,1.47,15.5,0.249,0.713,0.48,0.14,0.537,0.578,0.537,0.288,0.14,0.249,Houston Rockets,72,44,28,0.611,48.3,42.3,91.5,0.462,12.2,35.0,0.349,18.0,23.7,0.761,11.2,36.7,47.9,25.3,16.2,8.0,4.9,5.2,21.0,21.8,114.8,-3.0,11,8,7,8,17,24,25,14,14,22,8,16,17,8,28,29,30,23,3,22,15,10,19,8,23,7,2019-20,0.6111111111111112,2020,2010s
1610612754,Indiana Pacers,73,45,28,0.616,48.3,42.1,88.5,0.476,10.2,28.0,0.363,15.0,19.1,0.787,8.7,34.1,42.8,25.9,13.2,7.4,5.2,4.6,19.8,18.8,109.4,2.0,3,7,7,7,20,7,18,2,29,30,14,30,30,12,28,20,25,7,5,20,11,11,9,30,23,13,109.5,107.5,1.9,99.41,0.52,0.614,1.95,18.9,0.243,0.718,0.487,0.132,0.534,0.565,0.534,0.216,0.132,0.243,Indiana Pacers,73,45,28,0.616,48.3,39.5,88.5,0.446,11.5,33.6,0.341,17.0,21.6,0.788,10.4,34.9,45.2,23.1,14.7,6.9,4.6,5.2,18.8,19.8,107.5,-2.0,3,7,7,7,20,6,15,6,6,13,4,9,9,27,20,16,16,6,13,3,11,11,1,22,3,13,2019-20,0.6164383561643836,2020,2010s
1610612746,LA Clippers,72,49,23,0.681,48.3,41.6,89.2,0.466,12.4,33.5,0.371,20.8,26.3,0.791,10.7,37.0,47.7,23.7,14.6,7.1,4.7,4.7,22.1,22.9,116.3,6.4,11,4,4,4,17,10,14,12,13,16,6,1,1,9,8,3,3,22,13,24,18,13,26,1,4,2,113.3,106.9,6.3,102.16,0.532,0.571,1.63,16.9,0.278,0.737,0.515,0.142,0.535,0.577,0.535,0.295,0.142,0.278,LA Clippers,72,49,23,0.681,48.3,39.5,90.2,0.438,12.3,35.6,0.345,18.5,24.5,0.756,10.7,34.6,45.3,23.7,14.1,7.5,4.7,4.7,22.9,22.1,109.9,-6.4,11,4,4,4,17,8,21,3,18,27,5,19,22,3,25,13,18,9,20,14,13,18,30,5,13,2,2019-20,0.6805555555555556,2020,2010s
1610612747,Los Angeles Lakers,71,52,19,0.732,48.1,42.3,88.3,0.48,11.0,31.6,0.349,17.7,24.3,0.729,10.7,35.1,45.7,25.4,15.2,8.6,6.6,3.7,20.7,21.7,113.4,5.8,21,3,2,3,28,4,20,1,23,23,21,17,8,28,7,13,9,10,22,5,1,1,14,5,11,5,111.7,106.1,5.6,101.2,0.539,0.6,1.67,18.0,0.283,0.737,0.512,0.149,0.542,0.573,0.542,0.276,0.149,0.283,Los Angeles Lakers,71,52,19,0.732,48.1,39.1,87.1,0.448,11.6,33.4,0.349,17.9,22.9,0.781,9.4,32.9,42.3,23.4,15.9,8.2,3.7,6.6,21.7,20.7,107.6,-5.8,21,3,2,3,28,5,9,8,9,11,7,15,14,20,7,2,2,7,5,26,1,1,26,17,4,5,2019-20,0.7323943661971831,2020,2010s
1610612763,Memphis Grizzlies,73,34,39,0.466,48.1,42.5,90.9,0.468,10.9,31.5,0.347,16.6,21.8,0.763,10.3,36.2,46.5,26.9,15.2,7.9,5.5,5.3,21.2,20.2,112.6,-1.1,3,16,15,16,29,3,6,7,25,24,23,23,24,19,14,5,5,2,23,12,7,22,18,20,14,17,108.7,109.7,-1.0,103.31,0.507,0.633,1.77,18.7,0.271,0.733,0.506,0.147,0.528,0.561,0.528,0.24,0.147,0.271,Memphis Grizzlies,73,34,39,0.466,48.1,40.6,90.3,0.45,12.9,35.3,0.365,19.6,25.0,0.782,10.4,34.5,44.9,24.8,14.8,8.0,5.3,5.5,20.2,21.2,113.7,1.1,3,16,15,16,29,14,22,9,23,25,24,26,25,21,19,12,14,18,12,21,22,7,11,13,21,17,2019-20,0.4657534246575342,2020,2010s
1610612748,Miami Heat,73,44,29,0.603,48.6,39.5,84.4,0.468,13.4,35.4,0.379,19.7,25.2,0.783,8.5,35.9,44.4,25.9,14.9,7.5,4.5,4.1,20.6,21.7,112.0,2.9,3,8,11,11,2,26,30,10,6,9,2,5,4,13,29,6,17,5,18,18,21,4,13,7,15,8,111.9,109.3,2.7,98.7,0.525,0.657,1.74,18.8,0.257,0.753,0.512,0.149,0.547,0.587,0.547,0.299,0.149,0.257,Miami Heat,73,44,29,0.603,48.6,38.8,86.7,0.448,13.1,37.7,0.347,18.4,23.6,0.783,9.2,33.3,42.5,24.6,14.0,7.5,4.1,4.5,21.7,20.6,109.1,-2.9,3,8,11,11,2,3,6,7,24,28,6,18,16,22,5,6,3,15,21,13,4,21,24,18,10,8,2019-20,0.6027397260273972,2020,2010s
1610612749,Milwaukee Bucks,73,56,17,0.767,48.2,43.3,90.9,0.476,13.8,38.9,0.355,18.3,24.7,0.742,9.5,42.2,51.7,25.9,15.1,7.2,5.9,4.5,19.6,21.7,118.7,10.1,3,1,1,1,24,1,4,3,4,4,18,14,6,27,25,1,1,6,20,23,3,9,7,6,1,1,111.9,102.5,9.4,105.51,0.562,0.598,1.71,18.0,0.241,0.775,0.524,0.142,0.552,0.583,0.552,0.271,0.142,0.241,Milwaukee Bucks,73,56,17,0.767,48.2,38.9,94.0,0.414,14.0,39.3,0.355,16.7,21.2,0.787,9.5,36.3,45.8,24.2,14.1,7.4,4.5,5.9,21.7,19.6,108.6,-10.1,3,1,1,1,24,4,30,1,30,30,15,8,7,25,8,28,21,11,19,12,9,3,25,24,8,1,2019-20,0.7671232876712328,2020,2010s
1610612750,Minnesota Timberwolves,64,19,45,0.297,48.6,40.4,91.6,0.441,13.3,39.7,0.336,19.1,25.4,0.753,10.5,34.3,44.8,23.8,15.3,8.7,5.7,5.5,21.4,21.6,113.3,-4.3,30,28,24,28,1,18,1,28,8,3,28,7,3,23,10,18,14,20,26,4,4,26,19,8,12,24,107.6,111.6,-4.0,103.94,0.472,0.59,1.55,16.7,0.264,0.731,0.488,0.146,0.514,0.551,0.514,0.277,0.146,0.264,Minnesota Timberwolves,64,19,45,0.297,48.6,43.1,90.4,0.477,11.6,31.9,0.363,19.7,25.2,0.783,10.1,37.2,47.3,24.4,15.5,7.8,5.5,5.7,21.6,21.4,117.5,4.3,30,28,24,28,1,28,23,25,7,5,20,27,26,24,14,30,29,13,8,18,26,4,23,12,28,24,2019-20,0.296875,2020,2010s
1610612740,New Orleans Pelicans,72,30,42,0.417,48.4,42.6,91.6,0.465,13.6,36.9,0.37,17.1,23.4,0.729,11.1,35.4,46.5,26.8,16.4,7.5,5.0,4.8,21.2,21.1,115.8,-1.3,11,21,21,21,10,2,2,13,5,7,7,20,14,29,2,10,6,3,29,19,13,14,17,11,5,20,110.5,111.8,-1.3,103.89,0.495,0.63,1.64,18.4,0.287,0.729,0.508,0.156,0.539,0.568,0.539,0.256,0.156,0.287,New Orleans Pelicans,72,30,42,0.417,48.4,42.7,91.8,0.465,12.2,33.9,0.361,19.4,24.7,0.789,10.1,34.7,44.8,24.5,14.5,8.5,4.8,5.0,21.1,21.2,117.1,1.3,11,21,21,21,10,26,28,19,14,14,18,25,23,28,13,15,13,14,15,28,14,13,20,14,27,20,2019-20,0.4166666666666667,2020,2010s
1610612752,New York Knicks,66,21,45,0.318,48.4,40.0,89.3,0.447,9.6,28.4,0.337,16.3,23.5,0.694,12.0,34.5,46.5,22.1,14.3,7.6,4.7,5.0,22.2,19.8,105.8,-6.5,24,25,24,25,15,24,13,25,30,29,27,24,12,30,1,17,6,27,11,17,17,19,28,25,29,26,105.9,112.4,-6.5,99.11,0.461,0.552,1.54,16.0,0.3,0.742,0.513,0.143,0.501,0.531,0.501,0.263,0.143,0.3,New York Knicks,66,21,45,0.318,48.4,39.9,86.0,0.463,13.3,34.9,0.381,19.2,25.7,0.749,9.6,34.6,44.2,24.3,13.7,7.2,5.0,4.7,19.8,22.2,112.3,6.5,24,25,24,25,15,10,4,17,27,21,28,23,27,1,10,14,10,12,24,9,19,17,6,3,18,26,2019-20,0.3181818181818182,2020,2010s
1610612760,Oklahoma City Thunder,72,44,28,0.611,48.4,40.0,85.5,0.468,10.7,30.2,0.355,19.8,24.8,0.796,8.2,34.7,42.9,21.7,13.7,7.6,4.9,4.0,19.3,22.8,110.4,2.0,11,8,7,8,10,23,28,8,27,27,17,4,5,7,30,15,23,28,6,16,15,3,4,2,21,12,110.1,108.1,2.1,99.42,0.519,0.543,1.58,16.3,0.241,0.728,0.492,0.137,0.53,0.573,0.53,0.29,0.137,0.241,Oklahoma City Thunder,72,44,28,0.611,48.4,40.8,89.6,0.455,11.3,33.3,0.34,15.5,19.6,0.795,10.5,34.3,44.8,23.0,14.2,7.0,4.0,4.9,22.8,19.3,108.4,-2.0,11,8,7,8,10,16,19,10,5,10,3,4,3,30,23,10,12,5,18,7,3,15,29,27,7,12,2019-20,0.6111111111111112,2020,2010s
1610612753,Orlando Magic,73,33,40,0.452,48.1,39.3,88.6,0.444,11.1,32.2,0.343,17.6,22.7,0.774,10.3,34.2,44.5,23.9,12.8,8.2,5.4,4.6,18.3,19.5,107.3,-1.0,3,18,19,18,29,27,17,27,22,19,25,19,20,17,15,19,16,18,4,8,8,12,2,28,24,16,107.9,109.2,-1.3,98.99,0.496,0.608,1.86,17.5,0.267,0.749,0.5,0.129,0.506,0.544,0.506,0.256,0.129,0.267,Orlando Magic,73,33,40,0.452,48.1,40.4,86.9,0.465,12.2,33.6,0.364,15.3,19.8,0.771,9.0,35.8,44.9,24.7,14.6,7.0,4.6,5.4,19.5,18.3,108.3,1.0,3,18,19,18,29,13,7,18,16,12,23,3,4,14,2,24,15,17,14,5,12,8,3,29,5,16,2019-20,0.4520547945205479,2020,2010s
1610612755,Philadelphia 76ers,73,43,30,0.589,48.2,41.1,87.9,0.468,11.6,31.6,0.368,16.9,22.4,0.755,10.5,35.0,45.4,25.8,14.2,8.0,5.3,4.0,20.9,20.5,110.7,2.4,3,12,12,12,24,14,25,11,19,22,9,21,21,22,12,14,10,8,10,9,9,2,15,18,20,10,110.7,108.4,2.3,99.59,0.523,0.628,1.82,18.5,0.281,0.753,0.516,0.142,0.534,0.566,0.534,0.255,0.142,0.281,Philadelphia 76ers,73,43,30,0.589,48.2,39.8,86.0,0.463,10.4,29.4,0.353,18.4,24.5,0.751,8.6,33.2,41.8,22.8,13.8,7.0,4.0,5.3,20.5,20.9,108.4,-2.4,3,12,12,12,24,9,3,16,1,1,13,17,20,2,1,5,1,4,23,4,2,9,13,16,6,10,2019-20,0.589041095890411,2020,2010s
1610612756,Phoenix Suns,73,34,39,0.466,48.2,41.2,88.1,0.468,11.4,31.8,0.358,19.9,23.8,0.834,9.8,33.8,43.5,27.2,14.8,7.7,4.0,5.5,22.0,22.6,113.6,0.2,3,16,15,16,24,13,22,9,20,21,16,3,10,1,22,21,21,1,16,15,29,24,25,3,10,14,111.3,110.8,0.5,101.74,0.512,0.661,1.84,19.2,0.261,0.734,0.498,0.145,0.532,0.576,0.532,0.271,0.145,0.261,Phoenix Suns,73,34,39,0.466,48.2,41.2,87.4,0.472,11.6,32.0,0.363,19.3,24.5,0.788,9.1,34.2,43.3,23.6,15.6,7.9,5.5,4.0,22.6,22.0,113.4,-0.2,3,16,15,16,24,17,11,22,8,6,21,24,21,26,4,9,7,8,7,20,24,29,28,6,20,14,2019-20,0.4657534246575342,2020,2010s
1610612757,Portland Trail Blazers,74,35,39,0.473,48.2,42.2,91.2,0.463,12.9,34.1,0.377,17.7,22.1,0.804,10.2,35.1,45.3,20.6,12.8,6.3,6.1,4.9,21.7,20.1,115.0,-1.1,2,14,15,15,27,5,3,14,10,15,3,18,23,3,16,12,12,30,3,28,2,16,22,22,6,19,113.2,114.3,-1.1,101.17,0.486,0.488,1.61,15.2,0.266,0.712,0.492,0.126,0.533,0.57,0.533,0.242,0.126,0.266,Portland Trail Blazers,74,35,39,0.473,48.2,41.8,91.6,0.456,13.6,35.4,0.383,19.1,24.7,0.771,11.5,35.4,46.9,24.9,12.9,6.8,4.9,6.1,20.1,21.7,116.1,1.1,2,14,15,15,27,20,27,11,29,26,29,21,24,15,30,21,27,19,27,1,16,2,9,9,26,19,2019-20,0.4729729729729729,2020,2010s
1610612758,Sacramento Kings,72,31,41,0.431,48.5,40.9,88.4,0.462,12.7,34.9,0.364,15.7,20.3,0.77,9.7,32.9,42.6,23.8,14.5,7.7,4.1,4.2,22.2,19.5,110.1,-2.0,11,20,20,20,7,15,19,15,11,12,12,27,28,18,23,25,27,21,12,14,27,6,27,27,22,21,109.5,111.4,-1.9,99.6,0.479,0.582,1.64,17.4,0.258,0.736,0.492,0.144,0.534,0.566,0.534,0.23,0.144,0.258,Sacramento Kings,72,31,41,0.431,48.5,40.3,85.5,0.471,12.4,34.8,0.357,19.2,24.3,0.79,9.1,34.5,43.5,24.9,15.2,7.7,4.2,4.1,19.5,22.2,112.1,2.0,11,20,20,20,7,12,2,21,21,19,16,22,18,29,3,11,9,20,10,17,6,27,4,4,17,21,2019-20,0.4305555555555556,2020,2010s
1610612759,San Antonio Spurs,71,32,39,0.451,48.5,42.2,89.4,0.472,10.7,28.5,0.376,19.0,23.4,0.81,9.0,35.6,44.6,24.7,12.6,7.3,5.5,4.3,19.4,20.1,114.1,-1.1,21,19,15,19,6,6,12,5,26,28,4,8,13,2,27,9,15,13,1,22,6,7,5,23,8,18,111.7,112.6,-0.9,101.14,0.502,0.585,1.96,17.9,0.233,0.751,0.495,0.123,0.531,0.572,0.531,0.262,0.123,0.233,San Antonio Spurs,71,32,39,0.451,48.5,42.3,90.2,0.469,13.1,35.1,0.373,17.4,22.5,0.777,9.4,35.9,45.3,25.7,13.2,6.8,4.3,5.5,20.1,19.4,115.2,1.1,21,19,15,19,6,25,20,20,26,24,25,13,11,17,6,26,17,27,25,2,7,6,8,26,25,18,2019-20,0.4507042253521127,2020,2010s
1610612761,Toronto Raptors,72,53,19,0.736,48.3,40.2,87.9,0.458,13.8,37.0,0.374,18.5,23.2,0.796,9.5,35.9,45.4,25.2,14.8,8.8,5.0,5.5,21.7,20.4,112.8,6.2,11,2,2,2,17,21,23,20,3,6,5,13,17,6,24,7,11,11,17,2,13,23,21,19,13,4,110.8,104.7,6.1,101.19,0.53,0.627,1.7,18.1,0.256,0.721,0.496,0.146,0.536,0.574,0.536,0.264,0.146,0.256,Toronto Raptors,72,53,19,0.736,48.3,37.8,88.3,0.428,13.1,38.9,0.337,17.8,23.2,0.769,10.9,35.1,46.1,25.6,16.8,7.2,5.5,5.0,20.4,21.7,106.5,-6.2,11,2,2,2,17,1,13,2,25,29,1,14,15,12,26,19,24,26,2,11,23,13,12,10,1,4,2019-20,0.7361111111111112,2020,2010s
1610612762,Utah Jazz,72,44,28,0.611,48.2,40.1,85.1,0.471,13.4,35.2,0.38,17.8,22.8,0.779,9.1,35.8,44.9,22.4,15.1,6.1,4.1,4.6,20.4,20.8,111.3,2.5,11,8,7,8,22,22,29,6,7,10,1,16,19,15,26,8,13,26,21,30,28,10,12,14,18,9,111.8,109.3,2.5,99.15,0.513,0.56,1.48,16.8,0.261,0.746,0.512,0.152,0.549,0.585,0.549,0.268,0.152,0.261,Utah Jazz,72,44,28,0.611,48.2,40.7,89.1,0.457,11.0,31.0,0.353,16.5,21.5,0.767,9.6,33.1,42.7,21.5,12.3,7.9,4.6,4.1,20.8,20.4,108.8,-2.5,11,8,7,8,22,15,17,12,3,3,14,7,8,10,9,4,5,1,29,19,10,28,17,19,9,9,2019-20,0.6111111111111112,2020,2010s
1610612764,Washington Wizards,72,25,47,0.347,48.2,41.5,90.9,0.457,12.0,32.6,0.368,19.4,24.6,0.788,10.2,31.9,42.0,25.0,14.2,8.0,4.3,5.0,22.7,22.2,114.4,-4.7,11,22,28,23,22,11,5,21,17,18,8,6,7,11,17,28,28,12,9,11,24,18,29,4,7,25,110.2,114.7,-4.5,103.38,0.473,0.602,1.77,17.6,0.262,0.712,0.478,0.136,0.523,0.562,0.523,0.27,0.136,0.262,Washington Wizards,72,25,47,0.347,48.2,43.1,88.4,0.488,12.4,33.1,0.376,20.4,26.3,0.778,10.5,35.7,46.2,25.2,16.2,7.5,5.0,4.3,22.2,22.7,119.1,4.7,11,22,28,23,22,27,14,29,22,9,27,29,29,19,22,23,25,22,3,15,18,24,27,2,29,25,2019-20,0.3472222222222222,2020,2010s
1610612737,Atlanta Hawks,72,41,31,0.569,48.3,40.8,87.2,0.468,12.4,33.4,0.373,19.7,24.2,0.812,10.6,35.1,45.6,24.1,13.2,7.0,4.8,5.0,19.3,19.8,113.7,2.3,1,11,11,11,11,19,23,17,17,19,12,2,4,5,7,10,5,19,9,24,17,17,18,9,13,9,114.3,112.1,2.2,98.68,0.511,0.591,1.82,17.6,0.284,0.742,0.516,0.133,0.539,0.581,0.539,0.278,0.133,0.284,Atlanta Hawks,72,41,31,0.569,48.3,41.3,89.1,0.463,11.9,34.2,0.349,16.9,21.1,0.803,10.0,32.7,42.7,24.4,12.3,7.7,5.0,4.8,19.8,19.3,111.4,-2.3,1,11,11,11,11,14,19,12,9,14,3,14,12,30,21,4,8,11,29,21,17,17,22,13,12,9,2020-21,0.5694444444444444,2021,2020s
1610612738,Boston Celtics,72,36,36,0.5,48.3,41.5,88.9,0.466,13.6,36.4,0.374,16.1,20.8,0.775,10.6,33.6,44.3,23.5,14.1,7.7,5.3,4.6,20.4,19.3,112.6,1.5,1,16,16,16,16,13,11,19,11,10,10,25,25,16,4,22,15,25,16,13,6,11,24,13,16,13,113.1,111.8,1.2,98.94,0.501,0.566,1.67,17.1,0.289,0.737,0.51,0.141,0.543,0.574,0.543,0.234,0.141,0.289,Boston Celtics,72,36,36,0.5,48.3,39.9,86.0,0.464,12.8,34.3,0.374,18.5,23.5,0.785,9.4,33.1,42.5,24.1,14.1,7.4,4.6,5.3,19.3,20.4,111.2,-1.5,1,16,16,16,16,6,4,14,16,15,22,26,25,22,7,7,6,9,13,10,11,6,18,7,11,13,2020-21,0.5,2021,2020s
1610612751,Brooklyn Nets,72,48,24,0.667,48.3,43.1,87.3,0.494,14.2,36.1,0.392,18.1,22.5,0.804,8.9,35.5,44.4,26.8,13.5,6.7,5.3,4.6,19.0,18.9,118.6,4.5,1,4,4,4,11,6,21,1,7,12,2,5,8,6,27,5,14,7,13,27,7,9,13,18,2,7,117.3,113.1,4.2,100.27,0.532,0.621,1.98,19.3,0.252,0.726,0.503,0.134,0.575,0.61,0.575,0.258,0.134,0.252,Brooklyn Nets,72,48,24,0.667,48.3,41.9,91.3,0.459,13.2,36.2,0.365,17.1,22.0,0.775,10.5,32.6,43.1,24.0,12.6,7.6,4.6,5.3,18.9,19.0,114.1,-4.5,1,4,4,4,11,20,25,7,22,23,14,16,14,11,26,3,12,8,26,16,9,7,13,18,21,7,2020-21,0.6666666666666666,2021,2020s
1610612766,Charlotte Hornets,72,33,39,0.458,48.2,39.9,87.8,0.455,13.7,37.0,0.369,15.9,20.9,0.761,10.6,33.2,43.8,26.8,14.8,7.8,4.8,4.8,18.0,18.6,109.5,-1.9,1,19,19,19,19,22,20,22,10,9,14,26,24,21,6,25,19,5,24,10,16,14,5,21,23,23,110.1,112.0,-1.9,99.0,0.489,0.672,1.81,19.2,0.276,0.722,0.496,0.149,0.532,0.564,0.532,0.238,0.149,0.276,Charlotte Hornets,72,33,39,0.458,48.2,41.3,88.1,0.468,14.5,39.5,0.366,14.4,19.3,0.745,10.6,34.5,45.2,27.1,14.7,8.1,4.8,4.8,18.6,18.0,111.4,1.9,1,19,19,19,19,15,14,17,28,30,17,1,3,1,27,18,19,30,9,24,14,16,10,26,13,23,2020-21,0.4583333333333333,2021,2020s
1610612741,Chicago Bulls,72,31,41,0.431,48.3,42.2,88.6,0.476,12.6,34.0,0.37,13.8,17.5,0.791,9.6,35.3,45.0,26.8,15.1,6.7,4.2,5.1,18.9,17.7,110.7,-0.9,1,21,21,21,16,10,14,9,16,17,13,30,30,11,19,8,11,8,27,28,27,18,10,30,21,20,110.4,111.5,-1.1,99.58,0.499,0.635,1.77,19.2,0.267,0.767,0.519,0.151,0.547,0.575,0.547,0.197,0.151,0.267,Chicago Bulls,72,31,41,0.431,48.3,41.4,87.7,0.473,11.5,32.3,0.356,17.2,22.2,0.774,8.7,33.5,42.1,24.1,12.7,8.5,5.1,4.2,17.7,18.9,111.6,0.9,1,21,21,21,16,17,13,23,5,5,7,18,18,10,1,12,5,10,24,29,18,27,1,20,14,20,2020-21,0.4305555555555556,2021,2020s
1610612739,Cleveland Cavaliers,72,22,50,0.306,48.4,38.6,85.8,0.45,10.0,29.7,0.336,16.7,22.4,0.743,10.4,32.3,42.8,23.8,15.5,7.8,4.5,5.9,18.2,20.2,103.8,-8.4,1,26,26,26,6,29,28,25,29,28,30,14,9,26,10,28,24,21,29,12,20,29,7,6,30,28,105.2,113.5,-8.3,97.96,0.46,0.618,1.54,17.5,0.28,0.729,0.499,0.157,0.508,0.543,0.508,0.261,0.157,0.28,Cleveland Cavaliers,72,22,50,0.306,48.4,42.0,86.7,0.484,12.4,32.4,0.383,15.9,20.4,0.779,9.9,33.8,43.7,25.4,14.3,8.5,5.9,4.5,20.2,18.2,112.3,8.4,1,26,26,26,6,21,8,29,13,6,28,8,7,16,17,14,14,20,12,28,29,20,25,24,17,28,2020-21,0.3055555555555556,2021,2020s
1610612742,Dallas Mavericks,72,42,30,0.583,48.1,41.1,87.3,0.47,13.8,38.1,0.362,16.5,21.2,0.778,9.1,34.2,43.3,22.9,12.1,6.3,4.3,3.7,19.4,20.1,112.4,2.3,1,8,8,8,24,18,22,13,8,6,18,18,20,15,25,17,21,26,3,30,26,2,19,7,17,11,114.6,112.3,2.3,97.94,0.51,0.557,1.9,17.2,0.253,0.734,0.496,0.123,0.55,0.582,0.55,0.242,0.123,0.253,Dallas Mavericks,72,42,30,0.583,48.1,40.1,87.1,0.46,12.8,35.2,0.365,17.2,22.5,0.764,9.8,34.2,43.9,22.7,12.6,7.3,3.7,4.3,20.1,19.4,110.2,-2.3,1,8,8,8,24,8,12,9,16,20,13,18,20,5,12,15,15,2,26,9,2,26,24,12,9,11,2020-21,0.5833333333333334,2021,2020s
1610612743,Denver Nuggets,72,47,25,0.653,48.6,43.3,89.2,0.485,12.9,34.2,0.377,15.7,19.5,0.803,10.5,33.9,44.4,26.8,13.5,8.1,4.5,4.5,19.1,19.2,115.1,4.9,1,5,5,5,1,4,9,4,15,16,8,27,27,7,8,19,13,5,12,8,21,7,14,15,8,6,116.3,111.5,4.8,97.74,0.525,0.621,1.99,19.3,0.292,0.751,0.522,0.136,0.557,0.588,0.557,0.219,0.136,0.292,Denver Nuggets,72,47,25,0.653,48.6,40.0,85.4,0.469,13.0,35.7,0.363,17.1,22.1,0.773,9.1,32.1,41.2,25.9,14.1,7.5,4.5,4.5,19.2,19.1,110.1,-4.9,1,5,5,5,1,7,3,18,20,22,11,17,16,9,4,2,1,24,14,12,7,21,16,16,8,6,2020-21,0.6527777777777778,2021,2020s
1610612765,Detroit Pistons,72,20,52,0.278,48.4,38.7,85.6,0.452,11.6,32.9,0.351,17.8,23.4,0.759,9.6,33.1,42.7,24.2,14.9,7.4,5.2,5.8,20.5,20.4,106.6,-4.5,1,29,29,29,6,28,29,24,22,21,22,7,5,24,18,26,25,18,25,17,8,28,26,5,27,25,107.6,112.2,-4.5,98.19,0.473,0.626,1.62,17.8,0.267,0.725,0.493,0.151,0.519,0.556,0.519,0.273,0.151,0.267,Detroit Pistons,72,20,52,0.278,48.4,41.4,86.9,0.476,11.3,31.4,0.362,17.0,22.3,0.76,10.0,34.4,44.3,24.8,13.9,8.0,5.8,5.2,20.4,20.5,111.1,4.5,1,29,29,29,6,16,11,26,2,1,10,15,19,3,19,16,17,15,15,23,28,8,26,5,10,25,2020-21,0.2777777777777778,2021,2020s
1610612744,Golden State Warriors,72,39,33,0.542,48.1,41.3,88.2,0.468,14.6,38.7,0.376,16.6,21.1,0.785,8.0,35.1,43.0,27.7,15.0,8.2,4.8,4.3,21.2,19.5,113.7,1.1,1,14,14,14,24,15,17,14,3,5,9,16,21,13,30,12,22,1,26,6,17,6,28,11,12,14,110.5,109.4,1.1,102.81,0.51,0.67,1.84,19.6,0.222,0.727,0.48,0.146,0.551,0.583,0.551,0.239,0.146,0.222,Golden State Warriors,72,39,33,0.542,48.1,40.2,89.0,0.452,12.4,34.5,0.359,19.8,25.5,0.778,10.7,36.6,47.3,23.8,15.0,7.9,4.3,4.8,19.5,21.2,112.7,-1.1,1,14,14,14,24,10,17,3,12,16,8,28,30,14,29,26,27,7,6,22,6,17,20,2,18,14,2020-21,0.5416666666666666,2021,2020s
1610612745,Houston Rockets,72,17,55,0.236,48.1,39.3,88.5,0.444,13.8,40.6,0.339,16.5,22.3,0.74,9.3,33.3,42.6,23.6,14.7,7.6,5.0,5.3,19.5,19.3,108.8,-7.9,1,30,30,30,24,25,15,28,9,3,28,17,10,27,23,24,27,24,23,14,14,21,21,14,24,27,107.0,114.4,-7.4,101.69,0.451,0.601,1.6,17.2,0.24,0.723,0.474,0.145,0.521,0.553,0.521,0.252,0.145,0.24,Houston Rockets,72,17,55,0.236,48.1,42.7,89.0,0.48,13.4,35.2,0.382,17.9,22.8,0.783,9.9,37.7,47.6,25.8,14.7,8.5,5.3,5.0,19.3,19.5,116.7,7.9,1,30,30,30,24,25,18,27,23,19,27,23,24,21,18,30,30,21,11,27,21,14,17,10,27,27,2020-21,0.2361111111111111,2021,2020s
1610612754,Indiana Pacers,72,34,38,0.472,48.5,43.3,91.2,0.474,12.3,34.0,0.364,16.4,20.7,0.792,9.0,33.7,42.7,27.4,13.5,8.5,6.4,5.3,20.2,18.1,115.3,0.0,1,17,17,17,4,3,3,11,18,18,17,20,26,9,26,21,26,2,13,5,1,23,22,26,6,17,111.9,111.9,0.1,102.05,0.502,0.633,2.02,19.2,0.247,0.701,0.476,0.131,0.542,0.575,0.542,0.227,0.131,0.247,Indiana Pacers,72,34,38,0.472,48.5,42.7,91.3,0.468,11.5,31.5,0.366,18.4,23.5,0.782,11.3,35.5,46.8,26.1,14.8,7.4,5.3,6.4,18.1,20.2,115.3,0.0,1,17,17,17,4,26,26,16,4,2,16,25,26,19,30,21,25,28,8,11,23,1,5,9,25,17,2020-21,0.4722222222222222,2021,2020s
1610612746,LA Clippers,72,47,25,0.653,48.0,41.8,86.7,0.482,14.3,34.7,0.411,16.2,19.3,0.839,9.4,34.7,44.2,24.4,13.2,7.1,4.1,4.2,19.2,18.1,114.0,6.2,1,5,5,5,30,12,25,5,6,14,1,24,28,1,21,14,17,17,7,20,29,5,17,27,10,2,116.7,110.6,6.1,97.63,0.53,0.584,1.85,18.1,0.27,0.754,0.518,0.135,0.564,0.599,0.564,0.222,0.135,0.27,LA Clippers,72,47,25,0.653,48.0,40.1,86.4,0.464,11.6,32.5,0.356,16.1,20.7,0.777,9.2,32.0,41.2,22.9,12.8,7.1,4.2,4.1,18.1,19.2,107.8,-6.2,1,5,5,5,30,9,7,13,6,7,6,10,9,13,5,1,1,3,22,7,5,29,4,14,4,2,2020-21,0.6527777777777778,2021,2020s
1610612747,Los Angeles Lakers,72,42,30,0.583,48.5,40.6,86.1,0.472,11.1,31.2,0.354,17.2,23.3,0.739,9.7,34.6,44.2,24.7,15.2,7.8,5.4,4.5,19.1,21.3,109.5,2.8,1,8,8,8,4,21,27,12,25,24,21,11,6,28,17,15,16,15,28,11,5,8,16,3,22,8,109.8,106.8,2.9,98.85,0.517,0.607,1.62,18.0,0.269,0.748,0.511,0.152,0.536,0.569,0.536,0.271,0.152,0.269,Los Angeles Lakers,72,42,30,0.583,48.5,39.8,86.4,0.46,11.4,32.2,0.352,15.9,20.5,0.776,8.8,33.2,42.0,24.7,15.2,8.2,4.5,5.4,21.3,19.1,106.8,-2.8,1,8,8,8,4,5,6,8,3,4,4,9,8,12,2,9,4,13,4,26,8,5,28,15,2,8,2020-21,0.5833333333333334,2021,2020s
1610612763,Memphis Grizzlies,72,38,34,0.528,48.3,42.8,91.8,0.467,11.2,31.4,0.356,16.4,21.3,0.771,11.2,35.3,46.5,26.9,13.3,9.1,5.1,5.2,18.7,18.3,113.3,1.0,1,15,15,15,11,7,2,18,24,23,20,19,17,18,2,9,4,4,10,1,12,20,9,25,15,15,111.7,110.5,1.2,100.77,0.511,0.628,2.03,18.9,0.285,0.736,0.507,0.131,0.528,0.56,0.528,0.232,0.131,0.285,Memphis Grizzlies,72,38,34,0.528,48.3,41.0,88.7,0.462,12.9,35.1,0.367,17.4,22.1,0.788,9.8,34.9,44.7,25.4,14.8,7.7,5.2,5.1,18.3,18.7,112.3,-1.0,1,15,15,15,11,13,16,11,18,18,18,20,15,27,12,20,18,19,7,18,20,12,6,22,16,15,2020-21,0.5277777777777778,2021,2020s
1610612748,Miami Heat,72,40,32,0.556,48.3,39.2,83.7,0.468,12.9,36.2,0.358,16.7,21.1,0.79,8.0,33.5,41.5,26.3,14.1,7.9,4.0,4.0,18.9,19.6,108.1,0.0,1,13,13,13,16,26,30,15,14,11,19,13,21,12,29,23,29,9,17,9,30,4,12,10,25,16,110.6,110.7,-0.1,97.09,0.509,0.671,1.87,19.5,0.24,0.733,0.491,0.144,0.546,0.581,0.546,0.252,0.144,0.24,Miami Heat,72,40,32,0.556,48.3,39.1,85.2,0.459,14.3,39.1,0.365,15.6,19.9,0.782,9.5,33.4,42.9,25.8,15.1,7.5,4.0,4.0,19.6,18.9,108.0,0.0,1,13,13,13,16,3,2,6,27,29,15,6,6,20,8,11,10,23,5,13,4,30,21,19,5,16,2020-21,0.5555555555555556,2021,2020s
1610612749,Milwaukee Bucks,72,46,26,0.639,48.1,44.7,91.8,0.487,14.4,37.1,0.389,16.2,21.4,0.76,10.3,37.8,48.1,25.5,13.8,8.1,4.6,4.8,17.3,18.3,120.1,5.9,1,7,7,7,22,1,1,3,5,8,5,23,16,23,12,1,2,14,15,7,19,15,2,24,1,3,116.5,110.7,5.8,102.85,0.533,0.569,1.84,18.0,0.269,0.755,0.519,0.134,0.566,0.593,0.566,0.233,0.134,0.269,Milwaukee Bucks,72,46,26,0.639,48.1,42.4,92.9,0.456,14.8,38.6,0.384,14.6,18.8,0.78,9.6,33.8,43.4,25.1,13.2,7.0,4.8,4.6,18.3,17.3,114.2,-5.9,1,7,7,7,22,23,30,5,30,28,29,3,1,17,9,13,13,17,20,6,15,19,7,29,22,3,2020-21,0.6388888888888888,2021,2020s
1610612750,Minnesota Timberwolves,72,23,49,0.319,48.3,40.7,90.9,0.448,13.1,37.6,0.349,17.6,23.1,0.761,10.5,33.0,43.5,25.6,14.3,8.8,5.5,5.5,20.9,19.9,112.1,-5.6,1,25,25,25,11,20,6,27,12,7,25,8,7,22,9,27,20,11,19,3,3,26,27,8,18,26,109.3,114.5,-5.3,101.96,0.469,0.63,1.8,18.0,0.271,0.717,0.484,0.139,0.52,0.555,0.52,0.254,0.139,0.271,Minnesota Timberwolves,72,23,49,0.319,48.3,43.0,89.3,0.482,13.1,33.5,0.392,18.5,23.5,0.786,10.0,35.8,45.8,26.8,15.3,7.6,5.5,5.5,19.9,20.9,117.7,5.6,1,25,25,25,11,27,20,28,21,12,30,27,26,23,20,23,22,29,3,16,26,3,23,4,29,26,2020-21,0.3194444444444444,2021,2020s
1610612740,New Orleans Pelicans,72,31,41,0.431,48.4,42.5,89.1,0.477,10.6,30.4,0.348,19.0,26.1,0.729,11.7,35.7,47.4,26.0,14.6,7.6,4.4,5.9,18.0,21.3,114.6,-0.3,1,21,21,21,6,9,10,7,27,25,26,4,2,29,1,3,3,10,22,15,24,30,4,2,9,18,113.0,113.3,-0.3,100.54,0.508,0.612,1.78,18.3,0.302,0.755,0.527,0.144,0.537,0.57,0.537,0.293,0.144,0.302,New Orleans Pelicans,72,31,41,0.431,48.4,41.9,89.3,0.469,14.5,38.1,0.38,16.6,21.1,0.79,8.9,32.9,41.8,25.9,13.3,7.7,5.9,4.4,21.3,18.0,114.9,0.3,1,21,21,21,6,19,21,19,29,27,25,11,11,28,3,6,3,25,18,20,30,24,29,27,24,18,2020-21,0.4305555555555556,2021,2020s
1610612752,New York Knicks,72,41,31,0.569,48.4,39.4,86.5,0.456,11.8,30.0,0.392,16.4,20.9,0.784,9.7,35.5,45.1,21.4,12.9,7.0,5.1,5.4,20.5,17.9,107.0,2.3,1,11,11,11,6,24,26,21,21,27,3,21,23,14,16,7,9,29,6,21,11,25,25,29,26,10,110.2,107.8,2.4,96.32,0.502,0.543,1.65,16.3,0.264,0.738,0.505,0.133,0.524,0.559,0.524,0.242,0.133,0.264,New York Knicks,72,41,31,0.569,48.4,37.9,86.2,0.44,12.0,35.6,0.337,16.9,22.2,0.761,9.7,34.4,44.1,23.6,12.8,6.6,5.4,5.1,17.9,20.5,104.7,-2.3,1,11,11,11,6,1,5,1,10,21,1,13,17,4,10,17,16,6,23,3,25,11,2,6,1,10,2020-21,0.5694444444444444,2021,2020s
1610612760,Oklahoma City Thunder,72,22,50,0.306,48.2,38.8,88.0,0.441,11.9,35.1,0.339,15.5,21.3,0.725,9.9,35.7,45.6,22.1,16.1,7.0,4.4,5.3,18.1,18.6,105.0,-10.6,1,26,26,26,19,27,19,29,20,13,29,29,17,30,14,3,6,27,30,23,23,21,6,23,28,30,102.8,113.4,-10.6,101.61,0.442,0.568,1.37,16.1,0.254,0.742,0.494,0.158,0.509,0.539,0.509,0.242,0.158,0.254,Oklahoma City Thunder,72,22,50,0.306,48.2,43.4,91.7,0.473,13.6,37.3,0.364,15.3,19.8,0.773,10.1,37.0,47.1,25.8,13.1,9.0,5.3,4.4,18.6,18.1,115.6,10.6,1,26,26,26,19,29,29,24,24,26,12,5,5,8,23,27,26,22,21,30,21,23,8,25,26,30,2020-21,0.3055555555555556,2021,2020s
1610612753,Orlando Magic,72,21,51,0.292,48.1,38.3,89.2,0.429,10.9,31.8,0.343,16.6,21.4,0.775,10.4,35.1,45.4,21.8,12.8,6.9,4.4,5.3,17.2,18.6,104.0,-9.3,1,28,28,28,22,30,8,30,26,22,27,15,15,17,11,10,7,28,5,25,22,24,1,20,29,29,104.6,113.9,-9.3,99.17,0.45,0.57,1.7,16.3,0.252,0.744,0.488,0.129,0.49,0.527,0.49,0.24,0.129,0.252,Orlando Magic,72,21,51,0.292,48.1,42.2,89.7,0.471,13.7,36.8,0.373,15.2,19.3,0.786,9.8,37.6,47.4,26.0,12.7,7.6,5.3,4.4,18.7,17.2,113.3,9.3,1,28,28,28,22,22,23,21,25,25,21,4,4,24,12,29,28,27,24,15,24,22,11,30,20,29,2020-21,0.2916666666666667,2021,2020s
1610612755,Philadelphia 76ers,72,49,23,0.681,48.4,41.4,86.9,0.476,11.3,30.1,0.374,19.6,25.5,0.767,10.0,35.0,45.1,23.7,14.4,9.1,6.2,4.7,20.2,21.0,113.6,5.6,1,3,3,3,6,14,24,8,23,26,11,3,3,20,13,13,10,22,21,1,2,12,23,4,14,5,112.5,107.0,5.5,100.12,0.536,0.572,1.64,17.2,0.277,0.737,0.511,0.143,0.541,0.579,0.541,0.293,0.143,0.277,Philadelphia 76ers,72,49,23,0.681,48.4,39.4,86.9,0.453,11.9,33.0,0.36,17.4,22.8,0.764,9.8,33.2,42.9,23.5,15.6,7.2,4.7,6.2,21.0,20.2,108.1,-5.6,1,3,3,3,6,4,10,4,8,11,9,21,23,6,11,8,11,5,2,8,12,2,27,8,6,5,2020-21,0.6805555555555556,2021,2020s
1610612756,Phoenix Suns,72,51,21,0.708,48.6,43.3,88.3,0.49,13.1,34.6,0.378,15.6,18.7,0.834,8.8,34.2,42.9,26.9,12.5,7.2,4.3,3.6,19.1,18.0,115.3,5.8,1,2,2,2,1,2,16,2,13,15,7,28,29,2,28,18,23,3,4,19,25,1,14,28,7,4,116.3,110.4,5.9,98.0,0.534,0.622,2.15,19.6,0.248,0.741,0.5,0.126,0.564,0.597,0.564,0.212,0.126,0.248,Phoenix Suns,72,51,21,0.708,48.6,40.5,86.8,0.467,11.6,32.8,0.354,16.8,21.7,0.778,9.4,33.3,42.7,22.9,13.6,6.9,3.6,4.3,18.0,19.1,109.5,-5.8,1,2,2,2,1,11,9,15,7,10,5,12,13,15,6,10,9,4,17,5,1,25,3,16,7,4,2020-21,0.7083333333333334,2021,2020s
1610612757,Portland Trail Blazers,72,42,30,0.583,48.1,41.3,91.1,0.453,15.7,40.8,0.385,17.8,21.6,0.823,10.6,33.9,44.5,21.3,11.1,6.9,5.0,4.6,18.9,19.1,116.1,1.8,1,8,8,8,24,15,4,23,2,2,6,6,13,3,3,20,12,30,1,25,13,10,10,16,5,12,117.1,115.3,1.8,98.97,0.493,0.515,1.92,15.9,0.273,0.731,0.495,0.112,0.54,0.577,0.54,0.238,0.112,0.273,Portland Trail Blazers,72,42,30,0.583,48.1,41.8,88.3,0.473,12.9,34.6,0.372,17.9,22.8,0.787,9.9,35.5,45.4,24.9,12.4,6.1,4.6,5.0,19.1,18.9,114.3,-1.8,1,8,8,8,24,18,15,25,19,17,20,24,22,26,16,22,21,16,28,1,10,13,15,20,23,12,2020-21,0.5833333333333334,2021,2020s
1610612758,Sacramento Kings,72,31,41,0.431,48.1,42.6,88.6,0.481,12.1,33.3,0.364,16.4,22.0,0.745,9.4,32.0,41.4,25.5,13.4,7.5,5.0,4.7,19.4,18.7,113.7,-3.7,1,21,21,21,24,8,13,6,19,20,16,21,11,25,22,30,30,12,11,16,15,13,20,19,11,24,112.7,116.5,-3.8,100.71,0.481,0.599,1.91,18.4,0.253,0.713,0.482,0.133,0.549,0.578,0.549,0.248,0.133,0.253,Sacramento Kings,72,31,41,0.431,48.1,43.6,89.4,0.488,12.4,32.6,0.38,17.8,22.7,0.787,10.7,34.6,45.2,25.3,13.7,7.6,4.7,5.0,18.7,19.4,117.4,3.7,1,21,21,21,24,30,22,30,13,8,26,22,21,25,28,19,20,18,16,14,13,15,12,11,28,24,2020-21,0.4305555555555556,2021,2020s
1610612759,San Antonio Spurs,72,33,39,0.458,48.6,41.9,90.5,0.462,9.9,28.4,0.35,17.4,22.0,0.792,9.3,34.6,43.9,24.4,11.4,7.0,5.1,5.1,18.0,18.6,111.1,-1.7,1,19,19,19,1,11,7,20,30,30,24,9,12,10,24,16,18,16,2,22,10,19,3,22,20,21,110.5,112.0,-1.5,99.45,0.493,0.584,2.14,17.9,0.243,0.733,0.485,0.113,0.517,0.554,0.517,0.243,0.113,0.243,San Antonio Spurs,72,33,39,0.458,48.6,42.4,89.8,0.472,12.3,32.6,0.377,15.7,20.7,0.758,10.2,37.2,47.4,24.8,13.2,6.3,5.1,5.1,18.6,18.0,112.8,1.7,1,19,19,19,1,24,24,22,11,9,23,7,9,2,24,28,29,14,19,2,19,10,9,28,19,21,2020-21,0.4583333333333333,2021,2020s
1610612761,Toronto Raptors,72,27,45,0.375,48.1,39.7,88.7,0.448,14.5,39.3,0.368,17.4,21.3,0.815,9.4,32.1,41.6,24.1,13.2,8.6,5.4,5.6,21.2,19.5,111.3,-0.5,1,24,24,24,24,23,12,26,4,4,15,10,17,4,20,29,28,20,8,4,4,27,28,12,19,19,111.6,112.0,-0.4,99.57,0.486,0.607,1.82,17.7,0.256,0.716,0.479,0.133,0.529,0.567,0.529,0.241,0.133,0.256,Toronto Raptors,72,27,45,0.375,48.1,39.0,84.7,0.461,13.9,36.7,0.379,19.8,24.8,0.799,10.0,35.9,45.9,26.0,16.1,6.6,5.6,5.4,19.5,21.2,111.7,0.5,1,24,24,24,24,2,1,10,26,24,24,28,28,29,22,25,23,26,1,4,27,4,19,2,15,19,2020-21,0.375,2021,2020s
1610612762,Utah Jazz,72,52,20,0.722,48.2,41.3,88.1,0.468,16.7,43.0,0.389,17.2,21.5,0.799,10.6,37.6,48.3,23.7,14.2,6.6,5.2,3.9,18.5,19.0,116.4,9.3,1,1,1,1,19,17,18,16,1,1,4,12,14,8,4,2,1,23,18,29,8,3,8,17,4,1,116.5,107.5,9.0,99.37,0.542,0.573,1.66,17.3,0.284,0.757,0.529,0.142,0.563,0.597,0.563,0.244,0.142,0.284,Utah Jazz,72,52,20,0.722,48.2,40.9,91.4,0.447,10.9,31.8,0.341,14.5,18.9,0.768,9.8,32.8,42.6,22.3,11.5,7.7,3.9,5.2,19.0,18.5,107.2,-9.3,1,1,1,1,19,12,27,2,1,3,2,2,2,7,15,5,7,1,30,19,3,8,14,23,3,1,2020-21,0.7222222222222222,2021,2020s
1610612764,Washington Wizards,72,34,38,0.472,48.3,43.2,90.9,0.475,10.2,29.0,0.351,20.1,26.2,0.769,9.7,35.5,45.2,25.5,14.4,7.3,4.1,4.8,21.6,22.0,116.6,-1.8,1,17,17,17,11,5,5,10,28,29,23,1,1,19,15,6,8,13,20,18,28,15,30,1,3,22,110.7,112.3,-1.6,104.67,0.496,0.59,1.77,17.8,0.25,0.736,0.494,0.137,0.531,0.569,0.531,0.288,0.137,0.25,Washington Wizards,72,34,38,0.472,48.3,43.1,91.6,0.471,12.4,33.7,0.369,19.8,25.4,0.781,10.3,35.8,46.1,24.5,14.7,8.2,4.8,4.1,22.0,21.6,118.5,1.8,1,17,17,17,11,28,28,20,15,13,19,30,29,18,25,24,24,12,10,25,15,28,30,1,30,22,2020-21,0.4722222222222222,2021,2020s
1610612737,Atlanta Hawks,82,43,39,0.524,48.1,41.5,88.3,0.47,12.9,34.4,0.374,18.1,22.3,0.812,10.0,33.9,44.0,24.6,11.9,7.2,4.2,4.5,18.7,20.3,113.9,1.6,1,16,16,16,30,11,13,7,11,18,2,3,11,4,17,17,20,15,1,22,23,10,7,6,6,14,115.4,113.7,1.6,98.67,0.509,0.593,2.08,18.1,0.269,0.731,0.501,0.12,0.543,0.581,0.543,0.253,0.12,0.269,Atlanta Hawks,82,43,39,0.524,48.1,41.9,89.0,0.471,12.8,35.2,0.364,15.8,19.9,0.792,10.2,33.6,43.9,25.4,12.8,7.0,4.5,4.2,20.3,18.7,112.4,-1.6,1,16,16,16,30,24,19,23,21,17,25,6,5,27,13,11,13,23,27,5,10,23,25,24,21,14,2021-22,0.524390243902439,2022,2020s
1610612738,Boston Celtics,82,51,31,0.622,48.5,40.7,87.4,0.466,13.2,37.1,0.356,17.0,20.9,0.816,10.5,35.5,46.1,24.8,13.6,7.2,5.8,4.6,18.5,19.4,111.8,7.3,1,6,6,6,2,13,18,15,8,9,14,14,24,2,11,4,5,14,13,19,2,11,5,20,12,2,113.6,106.2,7.4,97.26,0.547,0.609,1.82,18.2,0.277,0.725,0.509,0.139,0.542,0.578,0.542,0.239,0.139,0.277,Boston Celtics,82,51,31,0.622,48.5,38.3,88.1,0.434,11.8,34.9,0.339,16.1,20.6,0.783,10.5,33.3,43.7,21.6,13.8,7.5,4.6,5.8,19.4,18.5,104.5,-7.3,1,6,6,6,2,3,15,1,9,14,1,10,9,23,19,10,12,1,13,17,11,2,11,26,1,2,2021-22,0.6219512195121951,2022,2020s
1610612751,Brooklyn Nets,82,44,38,0.537,48.2,42.0,88.4,0.475,11.5,31.7,0.361,17.5,21.7,0.805,10.3,34.1,44.4,25.3,14.1,7.1,5.5,4.9,20.4,19.7,112.9,0.8,1,14,14,14,19,5,12,4,24,28,10,10,14,6,14,15,13,10,17,24,5,21,22,16,9,15,113.2,112.3,0.9,99.4,0.512,0.602,1.8,18.3,0.281,0.704,0.499,0.141,0.54,0.576,0.54,0.246,0.141,0.281,Brooklyn Nets,82,44,38,0.537,48.2,40.7,90.2,0.452,12.5,36.3,0.345,18.1,23.0,0.788,11.3,32.8,44.1,23.8,13.3,7.9,4.9,5.5,19.7,20.4,112.1,-0.8,1,14,14,14,19,15,24,7,17,22,8,26,25,25,27,6,15,9,18,22,21,5,15,9,18,15,2021-22,0.5365853658536586,2022,2020s
1610612766,Charlotte Hornets,82,43,39,0.524,48.5,42.8,91.4,0.468,13.9,38.2,0.365,15.8,21.4,0.74,10.8,33.7,44.6,28.1,13.3,8.6,4.9,4.6,19.9,19.6,115.3,0.4,1,16,16,16,3,4,3,11,5,6,6,25,19,27,9,21,12,1,10,5,11,12,18,18,4,16,113.6,113.1,0.5,100.52,0.504,0.656,2.12,19.6,0.27,0.706,0.486,0.131,0.544,0.572,0.544,0.234,0.131,0.27,Charlotte Hornets,82,43,39,0.524,48.5,42.0,90.1,0.466,14.0,38.7,0.362,16.9,22.1,0.763,11.4,35.6,47.0,26.5,15.0,7.5,4.6,4.9,19.6,19.9,114.9,-0.4,1,16,16,16,3,25,23,20,29,28,23,15,16,7,28,26,27,29,4,16,12,11,13,13,25,16,2021-22,0.524390243902439,2022,2020s
1610612741,Chicago Bulls,82,46,36,0.561,48.1,41.7,86.9,0.48,10.6,28.8,0.369,17.5,21.5,0.813,8.7,33.7,42.3,23.9,12.8,7.1,4.1,5.0,18.8,18.2,111.6,-0.4,1,12,12,12,24,7,20,3,29,30,4,9,17,3,29,22,28,19,6,23,25,24,8,28,13,20,112.7,113.2,-0.5,98.76,0.496,0.572,1.86,17.8,0.249,0.735,0.495,0.13,0.541,0.579,0.541,0.248,0.13,0.249,Chicago Bulls,82,46,36,0.561,48.1,41.4,87.4,0.474,11.7,32.0,0.366,17.4,21.9,0.795,9.3,33.9,43.2,25.0,13.1,7.1,5.0,4.1,18.2,18.8,112.0,0.4,1,12,12,12,24,22,13,26,6,2,27,22,15,28,2,13,9,17,24,6,24,25,3,23,16,20,2021-22,0.5609756097560976,2022,2020s
1610612739,Cleveland Cavaliers,82,44,38,0.537,48.1,39.7,84.6,0.469,11.6,32.8,0.355,16.8,22.1,0.76,10.2,34.0,44.2,25.2,14.4,7.1,4.2,4.6,17.5,20.0,107.8,2.1,1,14,14,14,24,21,29,9,20,22,15,18,12,21,16,16,15,11,22,26,24,15,1,11,25,13,111.0,108.9,2.1,96.83,0.517,0.634,1.75,18.7,0.277,0.724,0.506,0.148,0.538,0.571,0.538,0.261,0.148,0.277,Cleveland Cavaliers,82,44,38,0.537,48.1,39.5,87.2,0.452,11.7,33.2,0.353,15.0,19.4,0.774,10.5,32.4,42.9,24.1,13.4,8.4,4.6,4.2,20.0,17.5,105.7,-2.1,1,14,14,14,24,8,10,8,6,7,16,3,2,15,19,3,6,12,17,28,15,24,20,30,5,13,2021-22,0.5365853658536586,2022,2020s
1610612742,Dallas Mavericks,82,52,30,0.634,48.2,39.3,85.1,0.461,13.1,37.4,0.35,16.4,21.2,0.771,9.3,33.8,43.0,23.4,12.5,6.7,4.0,3.7,19.7,20.1,108.0,3.3,1,5,5,5,19,25,27,18,10,8,19,22,22,16,24,20,24,25,3,29,28,1,14,10,24,8,112.5,109.1,3.5,95.64,0.511,0.595,1.87,17.8,0.256,0.733,0.496,0.13,0.538,0.572,0.538,0.249,0.13,0.256,Dallas Mavericks,82,52,30,0.634,48.2,39.0,85.4,0.457,10.9,32.1,0.34,15.8,20.6,0.767,9.5,34.1,43.6,23.5,13.1,7.0,3.7,4.0,20.1,19.7,104.7,-3.3,1,5,5,5,19,6,3,12,1,3,4,7,8,9,4,17,11,6,23,4,1,28,21,15,2,8,2021-22,0.6341463414634146,2022,2020s
1610612743,Denver Nuggets,82,48,34,0.585,48.3,41.7,86.3,0.483,12.7,35.9,0.353,16.7,21.0,0.795,9.2,34.9,44.1,27.8,14.5,7.2,3.7,4.8,20.0,19.9,112.7,2.3,1,10,10,10,8,8,23,2,14,13,16,19,23,8,25,9,17,3,26,18,29,17,20,13,10,11,113.8,111.5,2.3,98.41,0.516,0.667,1.92,20.0,0.268,0.752,0.515,0.146,0.556,0.59,0.556,0.244,0.146,0.268,Denver Nuggets,82,48,34,0.585,48.3,41.1,87.4,0.47,11.8,34.2,0.346,16.5,21.7,0.757,9.7,32.7,42.4,25.4,12.8,7.9,4.8,3.7,19.9,20.0,110.4,-2.3,1,10,10,10,8,18,12,21,10,11,10,11,14,3,7,5,4,22,26,20,17,29,18,11,14,11,2021-22,0.5853658536585366,2022,2020s
1610612765,Detroit Pistons,82,23,59,0.28,48.2,38.2,88.6,0.431,11.3,34.6,0.326,17.2,22.0,0.782,11.0,32.0,43.0,23.5,14.2,7.7,4.8,5.2,21.9,19.8,104.8,-7.7,1,28,28,28,13,29,11,29,26,16,29,13,13,13,8,29,25,24,20,10,14,26,30,14,28,26,105.6,113.3,-7.7,98.81,0.45,0.615,1.65,17.1,0.276,0.707,0.481,0.143,0.494,0.533,0.494,0.249,0.143,0.276,Detroit Pistons,82,23,59,0.28,48.2,40.6,86.0,0.473,11.8,32.5,0.362,19.5,25.1,0.777,10.3,35.9,46.3,25.1,14.6,7.4,5.2,4.8,19.8,21.9,112.5,7.7,1,28,28,28,13,14,7,25,8,5,22,29,29,19,16,28,24,19,7,12,26,14,16,1,22,26,2021-22,0.2804878048780488,2022,2020s
1610612744,Golden State Warriors,82,53,29,0.646,48.1,40.5,86.4,0.469,14.3,39.4,0.364,15.6,20.3,0.769,9.8,35.7,45.5,27.1,14.9,8.8,4.5,3.9,21.0,18.0,111.0,5.5,1,3,3,3,24,17,21,10,3,3,8,26,26,17,20,2,7,5,29,4,18,2,27,29,15,5,112.1,106.6,5.5,98.74,0.536,0.669,1.82,19.5,0.269,0.736,0.51,0.15,0.552,0.582,0.552,0.235,0.15,0.269,Golden State Warriors,82,53,29,0.646,48.1,37.9,86.6,0.438,12.2,36.0,0.339,17.4,22.9,0.759,9.7,33.0,42.6,22.9,14.5,7.9,3.9,4.5,18.0,21.0,105.5,-5.5,1,3,3,3,24,2,9,2,15,20,3,19,24,5,6,8,5,2,8,20,2,18,2,4,3,5,2021-22,0.6463414634146342,2022,2020s
1610612745,Houston Rockets,82,20,62,0.244,48.2,39.4,86.4,0.456,13.5,38.7,0.349,17.5,24.5,0.713,9.6,32.4,42.0,23.6,16.5,7.3,4.7,5.8,20.6,22.1,109.7,-8.5,1,30,30,30,19,24,22,24,7,4,21,10,1,30,21,28,30,23,30,17,15,28,26,1,19,29,108.1,116.4,-8.3,101.16,0.451,0.598,1.43,17.1,0.265,0.71,0.485,0.162,0.534,0.565,0.534,0.284,0.162,0.265,Houston Rockets,82,20,62,0.244,48.2,43.4,89.9,0.483,12.8,36.2,0.353,18.5,23.7,0.782,11.2,34.5,45.7,25.6,14.1,9.5,5.8,4.7,22.1,20.6,118.2,8.5,1,30,30,30,19,30,22,29,20,21,17,27,27,22,26,20,21,24,10,30,28,15,30,5,30,29,2021-22,0.2439024390243902,2022,2020s
1610612754,Indiana Pacers,82,25,57,0.305,48.5,41.4,89.5,0.463,12.2,35.4,0.344,16.4,21.4,0.768,11.3,32.6,43.9,25.4,14.4,7.1,5.6,4.9,20.4,19.2,111.5,-3.5,1,26,26,26,3,12,7,17,16,15,25,20,18,19,5,26,21,9,23,24,4,20,24,22,14,24,111.9,115.5,-3.6,98.55,0.478,0.612,1.76,18.1,0.31,0.725,0.512,0.145,0.531,0.564,0.531,0.239,0.145,0.31,Indiana Pacers,82,25,57,0.305,48.5,42.5,88.0,0.483,12.0,32.3,0.372,17.9,22.5,0.797,10.2,33.0,43.1,25.1,13.3,8.1,4.9,5.6,19.2,20.4,114.9,3.5,1,26,26,26,3,27,14,30,11,4,30,24,20,29,12,7,8,18,19,24,20,4,9,7,26,24,2021-22,0.3048780487804878,2022,2020s
1610612746,LA Clippers,82,42,40,0.512,48.2,40.1,87.4,0.458,12.8,34.2,0.374,15.5,19.6,0.793,9.1,34.9,44.0,24.0,13.7,7.4,5.0,4.1,18.6,18.5,108.4,0.0,1,18,18,18,13,20,17,21,12,20,3,27,30,9,26,10,19,16,14,15,8,6,6,26,23,18,109.5,109.5,0.0,98.51,0.502,0.599,1.75,17.7,0.254,0.706,0.486,0.139,0.531,0.564,0.531,0.224,0.139,0.254,LA Clippers,82,42,40,0.512,48.2,40.8,90.6,0.45,11.7,33.9,0.345,15.2,19.6,0.775,12.0,35.1,47.1,24.1,13.6,7.7,4.1,5.0,18.5,18.6,108.4,0.0,1,18,18,18,13,16,29,6,5,9,7,4,3,16,30,23,28,11,15,18,6,8,5,25,11,18,2021-22,0.5121951219512195,2022,2020s
1610612747,Los Angeles Lakers,82,33,49,0.402,48.7,41.6,88.8,0.469,12.0,34.5,0.347,16.8,23.0,0.732,9.5,34.5,44.0,24.0,14.5,7.6,5.2,4.1,20.2,20.1,112.1,-3.0,1,23,23,23,1,9,10,8,18,17,22,17,9,29,23,12,18,17,27,11,7,5,21,9,11,22,110.0,112.8,-2.9,100.47,0.482,0.576,1.65,17.3,0.256,0.72,0.49,0.142,0.537,0.567,0.537,0.259,0.142,0.256,Los Angeles Lakers,82,33,49,0.402,48.7,42.6,90.5,0.47,12.6,35.8,0.352,17.4,23.3,0.747,11.0,35.6,46.6,26.3,14.0,8.3,4.1,5.2,20.1,20.2,115.1,3.0,1,23,23,23,1,28,26,22,18,19,14,20,26,1,23,26,25,28,11,27,5,7,22,10,28,22,2021-22,0.4024390243902439,2022,2020s
1610612763,Memphis Grizzlies,82,56,26,0.683,48.2,43.5,94.4,0.461,11.5,32.7,0.353,17.0,23.1,0.734,14.1,35.0,49.2,26.0,13.2,9.8,6.5,6.0,19.8,19.8,115.6,5.7,1,2,2,2,13,2,1,19,23,23,17,15,7,28,1,8,1,6,9,1,1,30,17,14,2,4,114.3,108.9,5.3,100.52,0.53,0.597,1.97,17.9,0.338,0.726,0.526,0.13,0.522,0.553,0.522,0.245,0.13,0.338,Memphis Grizzlies,82,56,26,0.683,48.2,40.3,88.6,0.455,12.0,34.5,0.349,17.3,22.4,0.771,10.0,33.0,43.0,25.0,15.1,7.2,6.0,6.5,19.8,19.8,109.9,-5.7,1,2,2,2,13,12,17,10,12,12,11,18,19,13,11,9,7,16,3,7,30,1,16,14,12,4,2021-22,0.6829268292682927,2022,2020s
1610612748,Miami Heat,82,53,29,0.646,48.4,39.6,84.8,0.467,13.6,35.8,0.379,17.3,21.4,0.808,9.8,33.9,43.7,25.5,14.6,7.4,3.2,4.0,20.5,20.6,110.0,4.5,1,3,3,3,5,22,28,13,6,14,1,12,19,5,18,18,22,8,28,16,30,4,25,3,17,6,113.0,108.4,4.5,96.53,0.529,0.644,1.75,18.8,0.278,0.735,0.51,0.149,0.547,0.584,0.547,0.252,0.149,0.278,Miami Heat,82,53,29,0.646,48.4,37.5,84.0,0.447,13.0,38.3,0.339,17.5,22.5,0.779,9.5,32.1,41.7,23.3,15.0,7.4,4.0,3.2,20.6,20.5,105.6,-4.5,1,3,3,3,5,1,1,4,22,27,2,23,20,20,5,2,2,4,5,14,4,30,28,6,4,6,2021-22,0.6463414634146342,2022,2020s
1610612749,Milwaukee Bucks,82,51,31,0.622,48.2,41.8,89.4,0.468,14.1,38.4,0.366,17.8,22.9,0.776,10.2,36.5,46.7,23.9,13.4,7.6,4.0,4.4,18.2,19.7,115.5,3.4,1,6,6,6,19,6,8,12,4,5,5,8,10,15,15,1,2,18,12,13,27,9,3,17,3,7,114.3,111.1,3.2,100.59,0.516,0.572,1.78,17.3,0.269,0.747,0.512,0.133,0.546,0.58,0.546,0.257,0.133,0.269,Milwaukee Bucks,82,51,31,0.622,48.2,41.4,90.6,0.456,14.5,40.6,0.356,15.0,19.9,0.751,9.9,34.2,44.1,25.9,13.0,7.4,4.4,4.0,19.7,18.2,112.1,-3.4,1,6,6,6,19,21,28,11,30,30,19,2,5,2,10,18,16,25,25,12,9,27,14,28,19,7,2021-22,0.6219512195121951,2022,2020s
1610612750,Minnesota Timberwolves,82,46,36,0.561,48.2,41.6,91.0,0.457,14.8,41.3,0.358,18.0,23.1,0.778,11.2,32.9,44.2,25.7,14.3,8.8,5.6,4.8,21.8,20.9,115.9,2.6,1,12,12,12,13,10,5,22,1,1,12,4,8,14,6,25,16,7,21,3,3,19,29,2,1,9,113.8,111.0,2.7,101.47,0.504,0.617,1.79,18.1,0.284,0.706,0.49,0.141,0.539,0.573,0.539,0.254,0.141,0.284,Minnesota Timberwolves,82,46,36,0.561,48.2,40.2,87.4,0.46,13.1,37.3,0.35,19.8,25.4,0.78,11.0,34.9,45.9,26.2,16.3,7.2,4.8,5.6,20.9,21.8,113.3,-2.6,1,12,12,12,13,10,11,16,25,26,12,30,30,21,24,21,23,27,1,8,19,3,29,2,24,9,2021-22,0.5609756097560976,2022,2020s
1610612740,New Orleans Pelicans,82,36,46,0.439,48.2,40.2,88.0,0.457,10.6,32.1,0.332,18.3,23.2,0.789,12.0,33.2,45.2,25.0,14.1,8.3,4.0,4.8,19.7,20.5,109.3,-1.0,1,20,20,20,19,19,16,23,28,24,27,2,6,10,3,24,11,13,17,7,26,16,14,4,21,21,111.2,112.0,-0.8,98.02,0.5,0.621,1.78,18.1,0.306,0.742,0.518,0.143,0.517,0.557,0.517,0.264,0.143,0.306,New Orleans Pelicans,82,36,46,0.439,48.2,40.3,85.5,0.471,13.0,35.5,0.365,16.8,21.4,0.786,9.3,32.5,41.8,24.9,14.2,7.4,4.8,4.0,20.5,19.7,110.3,1.0,1,20,20,20,19,11,4,24,22,18,26,14,12,24,1,4,3,15,9,11,16,26,27,15,13,21,2021-22,0.4390243902439024,2022,2020s
1610612752,New York Knicks,82,37,45,0.451,48.2,37.7,86.2,0.437,13.2,36.9,0.357,18.0,24.1,0.744,11.5,34.6,46.1,21.9,13.3,7.0,4.9,4.6,20.4,20.4,106.5,-0.1,1,19,19,19,13,30,24,27,9,10,13,5,2,26,4,11,4,30,10,27,13,13,23,5,26,19,109.7,110.2,-0.4,96.42,0.491,0.581,1.65,16.4,0.291,0.74,0.512,0.137,0.513,0.55,0.513,0.28,0.137,0.291,New York Knicks,82,37,45,0.451,48.2,38.5,86.0,0.447,12.7,37.0,0.342,17.0,22.3,0.764,9.3,34.3,43.6,24.2,12.7,7.0,4.6,4.9,20.4,20.4,106.6,0.1,1,19,19,19,13,4,6,5,19,24,6,16,17,8,3,19,10,13,28,3,13,13,26,8,6,19,2021-22,0.4512195121951219,2022,2020s
1610612760,Oklahoma City Thunder,82,24,58,0.293,48.3,38.3,89.1,0.43,12.1,37.4,0.323,15.0,19.9,0.756,10.4,35.2,45.6,22.2,14.0,7.6,4.6,6.0,18.3,17.8,103.7,-8.1,1,27,27,27,8,27,9,30,17,7,30,30,28,24,12,6,6,28,15,14,16,29,4,30,30,28,103.8,111.7,-8.0,99.39,0.451,0.58,1.59,16.4,0.256,0.727,0.487,0.14,0.497,0.53,0.497,0.223,0.14,0.256,Oklahoma City Thunder,82,24,58,0.293,48.3,41.4,90.5,0.458,13.6,38.7,0.353,15.3,19.9,0.771,11.0,37.3,48.4,26.1,13.2,8.5,6.0,4.6,17.8,18.3,111.8,8.1,1,27,27,27,8,23,25,13,27,29,15,5,4,12,25,30,30,26,21,29,29,16,1,27,15,28,2021-22,0.2926829268292683,2022,2020s
1610612753,Orlando Magic,82,22,60,0.268,48.2,38.3,88.3,0.434,12.2,36.9,0.331,15.5,19.7,0.787,9.1,35.2,44.3,23.7,14.5,6.8,4.5,5.2,19.7,18.3,104.2,-8.0,1,29,29,29,13,28,14,28,15,11,28,28,29,11,27,7,14,20,25,28,20,27,14,27,29,27,103.9,112.1,-8.1,99.71,0.458,0.62,1.64,17.4,0.249,0.735,0.49,0.144,0.503,0.538,0.503,0.223,0.144,0.249,Orlando Magic,82,22,60,0.268,48.2,40.8,89.0,0.458,13.2,36.3,0.363,17.4,22.6,0.772,10.4,36.8,47.1,24.8,13.2,8.0,5.2,4.5,18.3,19.7,112.2,8.0,1,29,29,29,13,17,20,14,26,23,24,21,22,14,18,29,29,14,22,23,27,20,4,15,20,27,2021-22,0.2682926829268293,2022,2020s
1610612755,Philadelphia 76ers,82,51,31,0.622,48.3,39.4,84.5,0.466,11.6,31.8,0.364,19.6,23.8,0.821,8.5,33.8,42.3,23.7,12.5,7.7,5.3,4.6,19.4,19.4,109.9,2.6,1,6,6,6,8,23,30,16,22,27,7,1,3,1,30,19,29,21,4,9,6,13,12,19,18,10,113.0,110.2,2.8,96.71,0.517,0.602,1.89,17.9,0.246,0.724,0.49,0.129,0.534,0.578,0.534,0.282,0.129,0.246,Philadelphia 76ers,82,51,31,0.622,48.3,39.7,86.5,0.458,11.4,32.8,0.346,16.6,21.6,0.769,10.2,34.0,44.2,23.6,13.3,6.6,4.6,5.3,19.4,19.4,107.3,-2.6,1,6,6,6,8,9,8,15,2,6,9,12,13,11,13,15,17,7,19,1,13,6,12,19,8,10,2021-22,0.6219512195121951,2022,2020s
1610612756,Phoenix Suns,82,64,18,0.78,48.1,43.7,90.1,0.485,11.6,31.9,0.364,15.9,19.9,0.797,9.8,35.5,45.3,27.4,12.9,8.6,4.4,4.0,19.9,18.9,114.8,7.5,1,1,1,1,24,1,6,1,21,26,9,24,27,7,19,5,10,4,7,6,22,3,19,24,5,1,114.2,106.8,7.5,100.26,0.548,0.627,2.12,19.5,0.264,0.728,0.503,0.129,0.549,0.581,0.549,0.221,0.129,0.264,Phoenix Suns,82,64,18,0.78,48.1,39.2,88.3,0.444,11.6,34.2,0.34,17.3,22.7,0.761,10.5,33.9,44.5,22.9,14.7,7.5,4.0,4.4,18.9,19.9,107.3,-7.5,1,1,1,1,24,7,16,3,4,10,5,17,23,6,21,14,19,2,6,15,3,22,6,12,8,1,2021-22,0.7804878048780488,2022,2020s
1610612757,Portland Trail Blazers,82,27,55,0.329,48.1,38.5,87.1,0.442,12.7,36.8,0.346,16.4,21.6,0.76,10.4,32.5,42.9,22.9,14.5,8.0,4.5,5.0,21.1,19.4,106.2,-8.9,1,25,25,25,24,26,19,26,13,12,23,21,16,22,12,27,27,26,24,8,21,23,28,21,27,30,107.3,116.3,-9.1,98.74,0.447,0.595,1.58,17.0,0.268,0.721,0.487,0.146,0.515,0.55,0.515,0.248,0.146,0.268,Portland Trail Blazers,82,27,55,0.329,48.1,41.1,85.9,0.479,13.8,37.1,0.371,19.1,24.6,0.777,9.8,35.0,44.7,26.6,14.0,8.2,5.0,4.5,19.4,21.1,115.1,8.9,1,25,25,25,24,19,5,27,28,25,28,28,28,18,8,22,20,30,12,26,23,21,10,3,27,30,2021-22,0.3292682926829268,2022,2020s
1610612758,Sacramento Kings,82,30,52,0.366,48.3,40.5,88.1,0.46,11.4,33.2,0.344,17.9,23.3,0.768,9.6,33.4,42.9,23.7,14.1,7.2,4.5,4.8,18.9,20.3,110.3,-5.5,1,24,24,24,8,18,15,20,25,21,24,7,5,18,22,23,26,22,19,20,19,18,11,7,16,25,109.6,114.8,-5.2,100.1,0.473,0.585,1.68,17.3,0.259,0.714,0.484,0.14,0.525,0.561,0.525,0.264,0.14,0.259,Sacramento Kings,82,30,52,0.366,48.3,43.4,90.6,0.479,13.0,34.9,0.372,15.9,20.5,0.776,10.6,35.3,45.8,25.3,13.5,8.1,4.8,4.5,20.3,18.9,115.8,5.5,1,24,24,24,8,29,27,28,24,16,29,8,7,17,22,24,22,21,16,25,18,19,24,20,29,25,2021-22,0.3658536585365853,2022,2020s
1610612759,San Antonio Spurs,82,34,48,0.415,48.3,43.2,92.7,0.467,11.3,32.0,0.352,15.4,20.4,0.754,11.0,34.3,45.3,27.9,12.7,7.6,4.9,4.9,18.1,18.9,113.2,0.1,1,22,22,22,8,3,2,14,26,25,18,29,25,25,7,13,9,2,5,11,10,21,2,24,8,17,111.9,111.7,0.2,100.51,0.51,0.646,2.19,19.5,0.281,0.711,0.494,0.126,0.527,0.556,0.527,0.22,0.126,0.281,San Antonio Spurs,82,34,48,0.415,48.3,42.5,91.2,0.466,12.1,33.6,0.36,16.0,20.9,0.767,11.4,35.4,46.8,24.0,13.8,7.3,4.9,4.9,18.9,18.1,113.0,-0.1,1,22,22,22,8,26,30,19,13,8,20,9,10,10,29,25,26,10,14,10,21,10,6,29,23,17,2021-22,0.4146341463414634,2022,2020s
1610612761,Toronto Raptors,82,48,34,0.585,48.4,40.6,91.3,0.445,11.9,34.2,0.349,16.2,21.3,0.759,13.4,32.0,45.3,22.1,12.5,9.0,4.6,5.1,19.6,19.1,109.4,2.3,1,10,10,10,5,14,4,25,19,19,20,23,21,23,2,30,8,29,2,2,17,25,13,23,20,12,112.1,109.9,2.2,96.63,0.494,0.543,1.77,16.1,0.325,0.714,0.508,0.128,0.51,0.543,0.51,0.234,0.128,0.325,Toronto Raptors,82,48,34,0.585,48.4,39.0,84.4,0.462,12.4,34.9,0.354,16.8,21.2,0.789,10.3,33.7,44.0,25.3,15.8,6.7,5.1,4.6,19.1,19.6,107.1,-2.3,1,10,10,10,5,5,2,17,16,15,18,13,11,26,16,12,14,20,2,2,25,17,8,18,7,12,2021-22,0.5853658536585366,2022,2020s
1610612762,Utah Jazz,82,49,33,0.598,48.1,40.6,86.2,0.471,14.5,40.3,0.36,17.9,23.4,0.767,10.8,35.6,46.3,22.4,14.0,7.2,4.9,4.3,18.9,20.3,113.6,6.0,1,9,9,9,24,15,25,6,2,2,11,6,4,20,10,3,3,27,16,20,11,8,10,8,7,3,116.2,110.0,6.2,97.5,0.528,0.552,1.6,16.7,0.3,0.738,0.525,0.143,0.555,0.589,0.555,0.271,0.143,0.3,Utah Jazz,82,49,33,0.598,48.1,40.4,89.2,0.453,12.1,34.6,0.35,14.6,19.3,0.758,9.9,31.7,41.6,23.4,12.0,7.8,4.3,4.9,20.3,18.9,107.6,-6.0,1,9,9,9,24,13,21,9,14,13,13,1,1,4,9,1,1,5,29,19,8,11,23,21,10,3,2021-22,0.5975609756097561,2022,2020s
1610612764,Washington Wizards,82,35,47,0.427,48.4,40.6,86.0,0.472,10.5,30.6,0.342,17.0,21.7,0.783,9.0,34.1,43.1,25.0,13.1,6.4,5.0,4.2,18.8,19.9,108.6,-3.4,1,21,21,21,7,15,26,5,30,29,26,15,15,12,28,14,23,12,8,30,8,7,9,12,22,23,110.2,113.6,-3.4,97.8,0.496,0.617,1.91,18.5,0.247,0.731,0.494,0.133,0.532,0.568,0.532,0.252,0.133,0.247,Washington Wizards,82,35,47,0.427,48.4,41.3,88.9,0.464,11.5,31.8,0.361,18.0,22.3,0.807,10.2,34.0,44.2,23.7,11.9,7.3,4.2,5.0,19.9,18.8,112.0,3.4,1,21,21,21,7,20,18,18,3,1,21,25,18,30,15,16,18,8,30,9,7,8,19,22,16,23,2021-22,0.4268292682926829,2022,2020s
1610612737,Atlanta Hawks,82,41,41,0.5,48.4,44.6,92.4,0.483,10.8,30.5,0.352,18.5,22.6,0.818,11.2,33.2,44.4,25.0,12.9,7.1,4.9,5.0,18.8,19.7,118.4,0.3,1,17,17,17,8,1,3,9,26,28,21,16,20,3,9,12,10,18,3,18,12,21,6,19,3,18,115.5,115.4,0.1,101.56,0.5,0.56,1.93,17.6,0.289,0.717,0.5,0.126,0.541,0.579,0.541,0.244,0.126,0.289,Atlanta Hawks,82,41,41,0.5,48.4,43.8,90.2,0.486,11.9,33.5,0.356,18.6,23.2,0.803,10.6,33.5,44.1,26.0,14.2,7.5,5.0,4.9,19.7,18.8,118.1,-0.3,1,17,17,17,8,28,25,25,8,16,10,18,13,30,17,21,19,22,16,18,21,12,12,25,26,18,2022-23,0.5,2023,2020s
1610612738,Boston Celtics,82,57,25,0.695,48.7,42.2,88.8,0.475,16.0,42.6,0.377,17.5,21.6,0.812,9.7,35.6,45.3,26.7,13.4,6.4,5.2,3.9,18.8,19.1,117.9,6.5,1,2,2,2,1,13,15,14,2,2,6,24,28,4,20,3,7,7,7,27,6,4,7,25,4,1,117.3,110.6,6.7,99.15,0.534,0.632,2.0,19.1,0.255,0.746,0.506,0.133,0.566,0.6,0.566,0.243,0.133,0.255,Boston Celtics,82,57,25,0.695,48.7,41.8,90.2,0.463,11.6,33.7,0.345,16.2,21.1,0.769,9.7,34.3,44.0,23.1,12.7,6.6,3.9,5.2,19.1,18.8,111.4,-6.5,1,2,2,2,1,13,24,5,6,17,4,2,4,3,8,26,18,2,26,5,4,6,6,24,5,1,2022-23,0.6951219512195121,2023,2020s
1610612751,Brooklyn Nets,82,45,37,0.549,48.1,41.5,85.1,0.487,12.8,33.8,0.378,17.7,22.1,0.8,8.2,32.3,40.5,25.5,13.7,7.1,6.2,3.9,21.1,18.5,113.4,0.9,1,9,9,9,29,21,28,7,9,13,5,19,25,7,29,20,29,13,14,16,1,3,25,28,20,15,114.6,113.5,1.1,98.77,0.51,0.616,1.86,18.9,0.234,0.689,0.472,0.139,0.562,0.598,0.562,0.26,0.139,0.234,Brooklyn Nets,82,45,37,0.549,48.1,41.0,88.5,0.463,11.8,32.2,0.367,18.7,24.4,0.767,11.5,33.6,45.1,23.4,13.7,7.0,3.9,6.2,18.5,21.1,112.5,-0.9,1,9,9,9,29,10,17,4,7,4,21,19,23,2,28,22,27,4,18,11,3,1,3,6,10,15,2022-23,0.5487804878048781,2023,2020s
1610612766,Charlotte Hornets,82,27,55,0.329,48.4,41.3,90.4,0.457,10.7,32.5,0.33,17.6,23.6,0.749,11.0,33.5,44.5,25.1,14.2,7.7,5.2,5.7,20.3,20.3,111.0,-6.2,1,27,27,27,12,22,6,29,27,18,29,20,17,27,12,10,9,17,17,9,8,29,17,13,27,27,108.4,114.7,-6.3,101.47,0.473,0.609,1.77,17.8,0.276,0.717,0.491,0.139,0.516,0.551,0.516,0.261,0.139,0.276,Charlotte Hornets,82,27,55,0.329,48.4,43.0,90.1,0.477,12.2,34.3,0.357,19.0,24.0,0.795,10.9,35.3,46.2,25.9,14.4,7.0,5.7,5.2,20.3,20.3,117.2,6.2,1,27,27,27,12,22,23,19,15,19,14,22,19,25,22,30,29,21,12,10,29,8,18,14,22,27,2022-23,0.3292682926829268,2023,2020s
1610612741,Chicago Bulls,82,40,42,0.488,48.5,42.5,86.8,0.49,10.4,28.9,0.361,17.6,21.8,0.809,8.5,33.9,42.4,24.5,13.4,7.9,4.5,4.7,18.9,18.7,113.1,1.3,1,19,19,19,4,11,21,4,30,30,16,21,26,5,28,9,22,20,8,7,19,18,8,27,22,13,112.8,111.5,1.3,99.18,0.512,0.575,1.83,18.1,0.236,0.736,0.493,0.133,0.55,0.587,0.55,0.251,0.133,0.236,Chicago Bulls,82,40,42,0.488,48.5,40.7,87.1,0.468,13.2,37.1,0.357,17.1,22.0,0.779,9.6,33.7,43.3,26.0,15.0,6.7,4.7,4.5,18.7,18.9,111.8,-1.3,1,19,19,19,4,6,9,8,29,29,13,5,6,13,5,23,16,22,8,6,18,19,4,23,7,13,2022-23,0.4878048780487805,2023,2020s
1610612739,Cleveland Cavaliers,82,51,31,0.622,48.5,41.6,85.2,0.488,11.6,31.6,0.367,17.5,22.5,0.78,9.7,31.4,41.1,24.9,13.3,7.1,4.7,4.4,19.0,20.4,112.3,5.4,1,5,5,5,5,20,27,5,19,24,12,23,21,19,22,25,25,19,6,15,14,13,9,10,25,2,115.5,109.9,5.6,96.27,0.531,0.6,1.87,18.6,0.273,0.715,0.496,0.137,0.556,0.59,0.556,0.264,0.137,0.273,Cleveland Cavaliers,82,51,31,0.622,48.5,39.0,83.5,0.468,11.3,30.6,0.368,17.5,22.4,0.782,9.8,31.5,41.2,23.0,15.7,7.0,4.4,4.7,20.4,19.0,106.9,-5.4,1,5,5,5,5,1,3,7,2,1,23,8,8,19,9,3,3,1,4,11,13,14,20,22,1,2,2022-23,0.6219512195121951,2023,2020s
1610612742,Dallas Mavericks,82,38,44,0.463,48.6,40.0,84.3,0.475,15.2,41.0,0.371,19.0,25.1,0.755,7.6,31.2,38.8,22.9,12.2,6.3,3.7,3.8,20.7,21.8,114.2,0.1,1,21,21,21,3,28,29,15,3,3,8,12,6,23,30,27,30,28,2,29,28,2,23,1,16,19,115.9,116.1,-0.2,97.21,0.487,0.573,1.88,17.4,0.226,0.717,0.471,0.124,0.565,0.599,0.565,0.298,0.124,0.226,Dallas Mavericks,82,38,44,0.463,48.6,41.8,86.2,0.485,11.1,31.7,0.352,19.5,25.0,0.781,10.1,34.6,44.7,24.9,13.1,6.4,3.8,3.7,21.8,20.7,114.1,-0.1,1,21,21,21,3,13,6,24,1,2,7,25,24,15,10,28,23,8,23,3,2,28,30,8,16,19,2022-23,0.4634146341463415,2023,2020s
1610612743,Denver Nuggets,82,53,29,0.646,48.2,43.6,86.4,0.504,11.8,31.2,0.379,16.8,22.4,0.751,10.1,32.9,43.0,28.9,14.5,7.5,4.5,4.2,18.6,19.5,115.8,3.3,1,4,4,4,25,3,22,1,18,25,4,27,24,26,17,15,19,2,20,11,20,10,4,23,12,6,116.8,113.5,3.3,98.74,0.525,0.663,1.99,20.5,0.289,0.727,0.514,0.147,0.573,0.601,0.573,0.259,0.147,0.289,Denver Nuggets,82,53,29,0.646,48.2,41.7,87.4,0.478,11.4,33.1,0.344,17.6,22.7,0.775,10.1,30.7,40.8,25.7,13.5,7.9,4.2,4.5,19.5,18.6,112.5,-3.3,1,4,4,4,25,12,10,20,3,8,3,9,9,9,12,1,1,16,21,25,10,20,8,27,8,6,2022-23,0.6463414634146342,2023,2020s
1610612765,Detroit Pistons,82,17,65,0.207,48.3,39.6,87.1,0.454,11.4,32.4,0.351,19.8,25.7,0.771,11.2,31.3,42.4,23.0,15.1,7.0,3.8,5.5,22.1,21.0,110.3,-8.2,1,30,30,30,18,29,19,30,20,19,22,4,2,21,10,26,21,27,25,20,27,27,30,3,29,29,109.9,117.8,-7.9,99.88,0.449,0.581,1.52,16.7,0.292,0.702,0.491,0.15,0.52,0.561,0.52,0.295,0.15,0.292,Detroit Pistons,82,17,65,0.207,48.3,43.1,88.1,0.489,12.0,33.3,0.36,20.4,26.2,0.777,11.0,33.7,44.7,25.8,13.5,7.7,5.5,3.8,21.0,22.1,118.5,8.2,1,30,30,30,18,24,12,26,9,11,16,29,30,12,23,24,23,18,19,20,27,27,28,1,27,29,2022-23,0.2073170731707317,2023,2020s
1610612744,Golden State Warriors,82,44,38,0.537,48.4,43.1,90.2,0.479,16.6,43.2,0.385,16.0,20.2,0.794,10.5,34.1,44.6,29.8,16.3,7.2,4.0,4.0,21.4,18.4,118.9,1.8,1,11,11,11,12,5,8,12,1,1,2,29,30,9,14,7,8,1,30,14,25,6,28,30,2,11,115.1,113.4,1.7,102.54,0.51,0.691,1.83,20.4,0.277,0.719,0.502,0.158,0.571,0.6,0.571,0.224,0.158,0.277,Golden State Warriors,82,44,38,0.537,48.4,42.4,90.5,0.468,12.9,35.5,0.364,19.4,25.2,0.769,10.7,32.6,43.3,25.7,14.3,7.9,4.0,4.0,18.4,21.4,117.1,-1.8,1,11,11,11,12,18,26,9,24,21,18,24,25,4,20,11,15,17,13,25,6,25,1,3,21,11,2022-23,0.5365853658536586,2023,2020s
1610612745,Houston Rockets,82,22,60,0.268,48.2,40.6,88.9,0.457,10.4,31.9,0.327,19.1,25.3,0.754,13.4,32.9,46.3,22.4,16.2,7.3,4.6,6.2,20.5,20.6,110.7,-7.9,1,28,28,28,25,25,14,28,29,22,30,10,4,25,1,17,4,30,29,13,18,30,21,6,28,28,110.5,118.6,-8.1,99.74,0.457,0.551,1.38,16.0,0.344,0.729,0.53,0.162,0.516,0.554,0.516,0.285,0.162,0.344,Houston Rockets,82,22,60,0.268,48.2,42.4,88.1,0.482,14.5,38.8,0.374,19.2,24.2,0.794,10.5,31.0,41.5,26.1,13.2,8.8,6.2,4.6,20.6,20.5,118.6,7.9,1,28,28,28,25,19,13,21,30,30,27,23,21,24,16,2,4,24,22,30,30,18,25,9,28,28,2022-23,0.2682926829268293,2023,2020s
1610612754,Indiana Pacers,82,35,47,0.427,48.2,42.0,89.6,0.469,13.6,37.0,0.367,18.7,23.7,0.79,10.1,31.4,41.5,27.0,14.9,7.7,5.8,5.3,21.2,20.2,116.3,-3.2,1,23,23,23,25,17,11,22,6,7,11,14,14,13,16,24,24,6,23,10,2,26,27,14,10,25,113.8,117.1,-3.3,101.68,0.482,0.643,1.81,18.9,0.285,0.685,0.482,0.146,0.545,0.581,0.545,0.265,0.146,0.285,Indiana Pacers,82,35,47,0.427,48.2,43.3,89.3,0.485,12.4,33.3,0.373,20.5,25.6,0.8,12.1,33.2,45.3,26.4,15.1,7.9,5.3,5.8,20.2,21.2,119.5,3.2,1,23,23,23,25,25,20,23,17,12,25,30,27,29,30,17,28,26,7,27,26,2,17,4,29,25,2022-23,0.4268292682926829,2023,2020s
1610612746,LA Clippers,82,44,38,0.537,48.4,41.1,86.1,0.477,12.7,33.3,0.381,18.7,23.9,0.781,9.8,33.4,43.2,23.9,14.2,7.1,4.4,4.2,19.5,19.6,113.6,0.5,1,11,11,11,12,23,24,13,10,14,3,15,11,18,19,11,17,24,18,18,21,10,10,21,18,17,114.0,113.6,0.5,98.84,0.498,0.581,1.68,17.5,0.273,0.731,0.505,0.143,0.551,0.588,0.551,0.278,0.143,0.273,LA Clippers,82,44,38,0.537,48.4,41.8,88.3,0.474,12.2,33.4,0.365,17.2,22.3,0.771,10.2,32.9,43.1,25.0,13.0,7.8,4.2,4.4,19.6,19.5,113.1,-0.5,1,11,11,11,12,16,15,16,12,14,19,6,7,7,13,14,13,11,24,23,10,21,10,21,12,17,2022-23,0.5365853658536586,2023,2020s
1610612747,Los Angeles Lakers,82,43,39,0.524,48.5,42.9,89.0,0.482,10.8,31.2,0.346,20.6,26.6,0.775,10.0,35.7,45.7,25.3,14.1,6.4,4.6,5.1,17.9,21.5,117.2,0.6,1,14,14,14,5,8,13,10,24,26,25,2,1,20,18,2,6,15,15,26,16,23,1,2,6,16,113.9,113.2,0.7,101.92,0.511,0.589,1.8,17.9,0.269,0.727,0.505,0.137,0.542,0.582,0.542,0.299,0.137,0.269,Los Angeles Lakers,82,43,39,0.524,48.5,44.0,93.9,0.469,12.5,36.5,0.344,16.1,20.8,0.773,11.1,33.8,44.9,25.7,12.6,7.6,5.1,4.6,21.5,17.9,116.6,-0.6,1,14,14,14,5,29,30,10,20,25,2,1,1,8,25,25,25,15,27,19,23,16,29,30,20,16,2022-23,0.524390243902439,2023,2020s
1610612763,Memphis Grizzlies,82,51,31,0.622,48.2,43.7,92.1,0.475,12.0,34.2,0.351,17.5,23.8,0.733,12.0,34.6,46.6,26.0,13.6,8.3,5.8,5.2,20.0,20.0,116.9,3.9,1,5,5,5,22,2,4,16,16,11,23,25,13,30,4,4,2,9,12,3,3,24,14,16,9,4,114.7,110.7,4.0,101.5,0.519,0.596,1.91,18.2,0.302,0.711,0.507,0.133,0.54,0.57,0.54,0.259,0.133,0.302,Memphis Grizzlies,82,51,31,0.622,48.2,40.7,89.8,0.453,13.0,36.6,0.355,18.5,23.5,0.787,11.0,33.4,44.4,26.4,15.1,6.8,5.2,5.8,20.0,20.0,113.0,-3.9,1,5,5,5,22,7,22,1,26,27,9,16,14,22,24,19,21,27,6,7,24,3,15,16,11,4,2022-23,0.6219512195121951,2023,2020s
1610612748,Miami Heat,82,44,38,0.537,48.3,39.2,85.3,0.46,12.0,34.8,0.344,19.1,23.0,0.831,9.7,30.9,40.6,23.8,13.5,8.0,3.0,3.8,18.5,20.0,109.5,-0.3,1,11,11,11,18,30,26,26,17,10,27,10,19,2,20,29,27,25,9,6,30,1,3,17,30,21,112.3,112.8,-0.5,96.76,0.496,0.608,1.77,17.8,0.274,0.733,0.498,0.138,0.53,0.574,0.53,0.27,0.138,0.274,Miami Heat,82,44,38,0.537,48.3,40.1,83.2,0.482,13.1,35.8,0.367,16.5,21.1,0.781,8.9,33.0,41.8,25.6,15.7,7.0,3.8,3.0,20.0,18.5,109.8,0.3,1,11,11,11,18,3,2,22,28,22,22,4,3,16,1,15,6,14,3,8,1,30,14,28,2,21,2022-23,0.5365853658536586,2023,2020s
1610612749,Milwaukee Bucks,82,58,24,0.707,48.4,42.7,90.4,0.473,14.8,40.3,0.368,16.6,22.4,0.743,11.1,37.5,48.6,25.8,14.6,6.4,4.9,3.9,18.1,19.0,116.9,3.6,1,1,1,1,12,10,7,19,4,4,10,28,23,29,11,1,1,12,22,27,11,5,2,26,8,5,114.3,110.9,3.4,101.45,0.523,0.604,1.76,18.1,0.284,0.745,0.521,0.143,0.555,0.583,0.555,0.248,0.143,0.284,Milwaukee Bucks,82,58,24,0.707,48.4,42.5,93.2,0.456,12.1,34.1,0.354,16.3,21.0,0.776,10.7,33.5,44.2,23.9,11.8,7.0,3.9,4.9,19.0,18.1,113.3,-3.6,1,1,1,1,12,21,29,2,11,18,8,3,2,10,19,20,20,5,30,13,5,11,5,29,14,5,2022-23,0.7073170731707317,2023,2020s
1610612750,Minnesota Timberwolves,82,42,40,0.512,48.4,42.9,87.4,0.49,12.2,33.3,0.365,17.9,23.7,0.755,9.1,32.8,41.9,26.2,15.3,8.0,5.4,4.1,21.6,20.2,115.8,0.0,1,15,15,15,12,9,18,3,14,15,13,18,16,24,26,18,23,8,27,5,4,8,29,15,13,20,113.3,113.1,0.2,101.55,0.503,0.61,1.71,18.6,0.258,0.703,0.485,0.15,0.56,0.592,0.56,0.271,0.15,0.258,Minnesota Timberwolves,82,42,40,0.512,48.4,41.8,88.7,0.471,12.3,33.3,0.369,19.9,26.0,0.766,11.3,33.3,44.7,25.0,15.4,8.2,4.1,5.4,20.2,21.6,115.8,0.0,1,15,15,15,12,15,18,11,16,10,24,27,29,1,27,18,22,12,5,29,8,4,16,2,18,20,2022-23,0.5121951219512195,2023,2020s
1610612740,New Orleans Pelicans,82,42,40,0.512,48.4,42.0,87.6,0.48,11.0,30.1,0.364,19.3,24.4,0.793,10.6,33.1,43.7,25.9,14.6,8.3,4.1,4.7,20.5,20.4,114.4,1.9,1,15,15,15,8,16,17,11,23,29,15,8,10,11,13,13,13,11,21,2,24,17,20,12,15,10,113.8,112.0,1.9,99.58,0.514,0.616,1.77,18.5,0.29,0.732,0.512,0.145,0.543,0.582,0.543,0.279,0.145,0.29,New Orleans Pelicans,82,42,40,0.512,48.4,40.9,86.6,0.472,12.2,36.0,0.339,18.4,23.6,0.779,9.7,32.1,41.8,24.9,15.0,7.3,4.7,4.1,20.4,20.5,112.5,-1.9,1,15,15,15,8,9,7,12,14,23,1,13,15,14,6,6,5,8,9,17,17,24,19,11,9,10,2022-23,0.5121951219512195,2023,2020s
1610612752,New York Knicks,82,47,35,0.573,48.7,42.0,89.4,0.47,12.6,35.7,0.354,19.4,25.5,0.761,12.6,34.0,46.6,22.9,13.0,6.4,4.1,4.5,20.3,20.7,116.0,2.9,1,8,8,8,2,17,12,20,11,8,19,7,3,22,3,8,3,28,4,25,23,14,18,5,11,7,117.0,114.2,2.8,97.75,0.509,0.546,1.77,16.6,0.318,0.727,0.521,0.131,0.541,0.577,0.541,0.285,0.131,0.318,New York Knicks,82,47,35,0.573,48.7,40.8,88.2,0.462,13.0,36.5,0.357,18.5,23.7,0.782,10.1,31.9,42.0,25.1,12.7,6.0,4.5,4.1,20.7,20.3,113.1,-2.9,1,8,8,8,2,8,14,3,27,26,12,17,17,18,10,5,7,13,25,2,14,23,26,13,13,7,2022-23,0.573170731707317,2023,2020s
1610612760,Oklahoma City Thunder,82,40,42,0.488,48.4,43.1,92.6,0.465,12.1,34.1,0.356,19.2,23.7,0.809,11.4,32.3,43.7,24.4,13.0,8.2,4.2,5.5,21.0,20.4,117.5,1.1,1,19,19,19,8,6,2,24,15,12,17,9,14,6,8,21,14,21,5,4,22,28,24,10,5,14,114.2,113.2,1.0,101.94,0.498,0.567,1.87,17.2,0.289,0.693,0.487,0.127,0.531,0.57,0.531,0.256,0.127,0.289,Oklahoma City Thunder,82,40,42,0.488,48.4,41.9,88.4,0.474,12.9,36.0,0.358,19.6,25.5,0.771,12.0,34.6,46.6,25.9,16.8,7.0,5.5,4.2,20.4,21.0,116.4,-1.1,1,19,19,19,8,17,16,17,23,24,15,26,26,6,29,29,30,20,1,9,28,22,20,7,19,14,2022-23,0.4878048780487805,2023,2020s
1610612753,Orlando Magic,82,34,48,0.415,48.2,40.5,86.3,0.47,10.8,31.1,0.346,19.6,25.0,0.784,10.2,33.1,43.2,23.2,15.1,7.4,4.7,5.1,20.1,20.5,111.4,-2.6,1,25,25,25,22,26,23,21,25,27,24,6,8,16,15,14,16,26,24,12,15,22,16,7,26,24,111.3,113.7,-2.3,99.66,0.485,0.574,1.54,17.0,0.281,0.73,0.505,0.151,0.532,0.573,0.532,0.29,0.151,0.281,Orlando Magic,82,34,48,0.415,48.2,41.3,86.9,0.476,13.0,37.0,0.351,18.3,23.0,0.796,9.5,32.5,42.0,25.9,14.7,7.7,5.1,4.7,20.5,20.1,114.0,2.6,1,25,25,25,22,11,8,18,25,28,6,12,11,26,3,10,8,19,10,21,22,15,24,15,15,24,2022-23,0.4146341463414634,2023,2020s
1610612755,Philadelphia 76ers,82,54,28,0.659,48.5,40.8,83.8,0.487,12.6,32.6,0.387,21.0,25.1,0.835,8.7,32.2,40.9,25.2,13.7,7.7,4.7,4.6,20.4,19.6,115.2,4.3,1,3,3,3,5,24,30,6,12,16,1,1,5,1,27,22,26,16,13,8,13,16,19,20,14,3,117.0,112.7,4.4,97.44,0.524,0.616,1.84,18.6,0.258,0.721,0.496,0.139,0.563,0.608,0.563,0.3,0.139,0.258,Philadelphia 76ers,82,54,28,0.659,48.5,40.4,85.4,0.473,11.6,33.4,0.348,18.5,23.7,0.781,9.5,31.6,41.2,24.2,14.3,6.6,4.6,4.7,19.6,20.4,110.9,-4.3,1,3,3,3,5,4,4,14,5,13,5,15,17,17,4,4,2,6,14,4,16,13,11,12,3,3,2022-23,0.6585365853658537,2023,2020s
1610612756,Phoenix Suns,82,45,37,0.549,48.2,42.1,90.1,0.467,12.2,32.6,0.374,17.2,21.7,0.793,11.8,32.4,44.2,27.3,13.5,7.1,5.3,4.0,21.2,19.9,113.6,2.1,1,9,9,9,22,15,9,23,13,17,7,26,27,10,5,19,11,4,11,16,5,7,26,18,17,9,114.5,112.3,2.2,98.83,0.514,0.647,2.01,19.3,0.307,0.714,0.508,0.136,0.535,0.57,0.535,0.241,0.136,0.307,Phoenix Suns,82,45,37,0.549,48.2,40.0,85.9,0.466,11.4,32.0,0.357,20.1,25.6,0.786,10.2,32.6,42.9,23.4,14.4,7.2,4.0,5.3,19.9,21.2,111.6,-2.1,1,9,9,9,22,2,5,6,4,3,11,28,28,20,14,12,11,3,11,15,7,5,13,5,6,9,2022-23,0.5487804878048781,2023,2020s
1610612757,Portland Trail Blazers,82,33,49,0.402,48.1,40.5,85.4,0.474,12.9,35.3,0.365,19.6,24.6,0.796,9.4,31.1,40.5,24.2,14.5,6.7,4.6,4.3,20.0,20.5,113.4,-4.0,1,26,26,26,29,27,25,17,8,9,14,5,9,8,24,28,28,22,19,24,17,12,14,8,19,26,114.0,118.0,-4.0,99.25,0.474,0.597,1.67,17.8,0.264,0.709,0.486,0.145,0.549,0.589,0.549,0.289,0.145,0.264,Portland Trail Blazers,82,33,49,0.402,48.1,43.0,87.5,0.491,12.5,33.1,0.379,19.0,24.1,0.787,10.5,32.8,43.2,27.0,13.5,7.8,4.3,4.6,20.5,20.0,117.4,4.0,1,26,26,26,29,22,11,28,21,9,29,21,20,21,15,13,14,30,19,23,12,17,22,16,23,26,2022-23,0.4024390243902439,2023,2020s
1610612758,Sacramento Kings,82,48,34,0.585,48.4,43.6,88.2,0.494,13.8,37.3,0.369,19.8,25.1,0.79,9.5,32.9,42.5,27.3,13.5,7.0,3.4,4.2,19.7,20.9,120.7,2.6,1,7,7,7,12,4,16,2,5,6,9,3,7,12,23,15,20,3,9,20,29,9,11,4,1,8,118.6,116.0,2.6,100.99,0.511,0.626,2.02,19.3,0.265,0.731,0.499,0.133,0.572,0.608,0.572,0.284,0.133,0.265,Sacramento Kings,82,48,34,0.585,48.4,43.8,88.9,0.492,12.5,33.4,0.373,18.1,23.0,0.787,9.7,32.5,42.2,26.7,14.2,7.3,4.2,3.4,20.9,19.7,118.1,-2.6,1,7,7,7,12,27,19,29,18,15,26,10,10,23,7,9,9,28,15,16,9,29,27,20,25,8,2022-23,0.5853658536585366,2023,2020s
1610612759,San Antonio Spurs,82,22,60,0.268,48.4,43.1,92.6,0.465,11.1,32.2,0.345,15.8,21.2,0.743,11.8,31.9,43.7,27.2,15.3,7.0,3.9,5.3,19.9,18.5,113.0,-10.0,1,28,28,28,8,6,1,25,22,20,26,30,29,28,7,23,12,5,26,22,26,25,12,29,23,30,109.7,119.6,-9.9,102.07,0.452,0.632,1.78,18.7,0.299,0.709,0.495,0.148,0.525,0.554,0.525,0.229,0.148,0.299,San Antonio Spurs,82,22,60,0.268,48.4,46.1,91.0,0.507,12.6,32.3,0.391,18.2,23.7,0.77,10.7,34.3,45.0,26.8,13.8,8.1,5.3,3.9,18.5,19.9,123.1,10.0,1,28,28,28,8,30,27,30,22,5,30,11,16,5,18,27,26,29,17,28,25,26,2,19,30,30,2022-23,0.2682926829268293,2023,2020s
1610612761,Toronto Raptors,82,41,41,0.5,48.3,41.9,91.3,0.459,10.7,32.0,0.335,18.4,23.4,0.784,12.7,30.3,43.0,23.9,11.7,9.4,5.2,4.6,20.0,19.6,112.9,1.5,1,17,17,17,18,19,5,27,28,21,28,17,18,17,2,30,18,23,1,1,9,15,13,22,24,12,114.6,113.1,1.5,97.85,0.496,0.571,2.05,17.2,0.316,0.721,0.502,0.118,0.517,0.555,0.517,0.257,0.118,0.316,Toronto Raptors,82,41,41,0.5,48.3,40.4,82.3,0.491,12.2,32.6,0.374,18.4,23.1,0.797,9.2,33.0,42.3,26.2,16.7,6.0,4.6,5.2,19.6,20.0,111.4,-1.5,1,17,17,17,18,4,1,27,13,6,28,14,12,27,2,16,10,25,2,1,15,9,9,18,4,12,2022-23,0.5,2023,2020s
1610612762,Utah Jazz,82,37,45,0.451,48.3,42.5,89.8,0.473,13.3,37.8,0.353,18.7,23.8,0.786,11.8,34.1,45.9,26.0,15.4,6.1,5.2,4.9,20.5,20.5,117.1,-0.9,1,22,22,22,18,12,10,18,7,5,20,13,12,14,6,6,5,10,28,30,7,19,21,8,7,22,115.3,116.0,-0.7,101.02,0.498,0.611,1.69,18.2,0.308,0.711,0.512,0.151,0.547,0.584,0.547,0.265,0.151,0.308,Utah Jazz,82,37,45,0.451,48.3,43.4,91.6,0.473,12.5,34.5,0.361,18.8,24.3,0.776,11.2,32.2,43.5,25.0,12.6,7.8,4.9,5.2,20.5,20.5,118.0,0.9,1,22,22,22,18,26,28,15,19,20,17,20,22,11,26,7,17,10,28,22,19,7,22,9,24,22,2022-23,0.4512195121951219,2023,2020s
1610612764,Washington Wizards,82,35,47,0.427,48.2,42.1,86.9,0.485,11.3,31.7,0.356,17.6,22.4,0.785,9.4,34.2,43.6,25.4,14.1,6.8,5.2,5.0,18.8,19.4,113.2,-1.2,1,23,23,23,25,14,20,8,21,23,18,22,22,15,24,5,15,14,16,23,9,20,5,24,21,23,113.7,114.9,-1.2,99.16,0.504,0.603,1.8,18.5,0.273,0.724,0.505,0.142,0.55,0.585,0.55,0.258,0.142,0.273,Washington Wizards,82,35,47,0.427,48.2,42.5,89.8,0.473,12.0,32.8,0.366,17.5,21.9,0.798,10.8,32.3,43.0,24.8,12.3,7.1,5.0,5.2,19.4,18.8,114.4,1.2,1,23,23,23,25,20,21,13,9,7,20,7,5,28,21,8,12,7,29,14,20,9,7,26,17,23,2022-23,0.4268292682926829,2023,2020s
1610612737,Atlanta Hawks,82,36,46,0.439,48.4,43.0,92.5,0.465,13.7,37.7,0.364,18.5,23.2,0.797,12.5,32.2,44.7,26.6,13.5,7.5,4.5,5.6,18.6,19.4,118.3,-2.2,1,21,21,21,3,10,2,21,6,7,17,5,7,8,3,22,6,16,16,16,26,22,15,7,5,21,116.4,118.4,-2.0,100.84,0.482,0.618,1.96,18.4,0.308,0.717,0.504,0.133,0.539,0.576,0.539,0.251,0.133,0.308,Atlanta Hawks,82,36,46,0.439,48.4,44.6,90.2,0.495,14.0,36.4,0.384,17.3,21.8,0.792,10.6,33.6,44.2,28.2,14.1,7.8,5.6,4.5,19.4,18.6,120.5,2.2,1,21,21,21,3,27,20,28,27,22,28,19,18,23,15,21,20,25,8,21,22,26,24,16,28,21,2023-24,0.4390243902439024,2024,2020s
1610612738,Boston Celtics,82,64,18,0.78,48.4,43.9,90.2,0.487,16.5,42.5,0.388,16.3,20.2,0.807,10.7,35.6,46.3,26.9,11.9,6.8,6.6,3.7,16.2,17.3,120.6,11.3,1,1,1,1,7,4,8,8,1,1,2,19,26,7,14,1,2,14,1,27,1,1,2,30,2,1,122.2,110.6,11.7,97.98,0.555,0.613,2.25,19.3,0.287,0.726,0.515,0.121,0.578,0.609,0.578,0.224,0.121,0.287,Boston Celtics,82,64,18,0.78,48.4,41.5,91.6,0.453,12.9,36.7,0.352,13.3,17.3,0.768,11.1,32.3,43.3,24.9,12.0,6.2,3.7,6.6,17.3,16.2,109.2,-11.3,1,1,1,1,7,13,26,2,15,23,4,1,1,3,26,10,14,5,29,2,1,1,1,29,5,1,2023-24,0.7804878048780488,2024,2020s
1610612751,Brooklyn Nets,82,32,50,0.39,48.3,40.7,89.1,0.456,13.3,36.7,0.362,15.8,20.9,0.756,11.4,32.6,44.1,25.6,13.1,6.8,5.2,5.0,18.5,18.2,110.4,-2.9,1,22,22,22,10,25,16,28,9,9,19,23,20,28,7,20,11,20,12,28,12,16,13,21,25,22,112.4,115.4,-2.9,97.56,0.483,0.63,1.95,18.6,0.289,0.715,0.497,0.134,0.531,0.561,0.531,0.234,0.134,0.289,Brooklyn Nets,82,32,50,0.39,48.3,41.6,88.5,0.47,13.0,34.9,0.372,17.1,21.2,0.807,10.3,34.0,44.3,25.5,12.6,6.9,5.0,5.2,18.2,18.5,113.3,2.9,1,22,22,22,10,14,15,13,17,13,22,16,12,30,9,24,21,7,25,8,16,12,10,18,15,22,2023-24,0.3902439024390244,2024,2020s
1610612766,Charlotte Hornets,82,21,61,0.256,48.1,40.0,87.0,0.46,12.1,34.0,0.355,14.5,18.4,0.786,9.3,31.0,40.3,24.8,13.8,6.9,4.5,4.8,18.0,17.5,106.6,-10.2,1,27,27,27,23,27,25,26,23,17,21,30,30,11,27,29,30,26,18,25,25,13,7,29,28,30,108.6,119.2,-10.6,97.81,0.447,0.62,1.8,18.4,0.253,0.709,0.475,0.14,0.529,0.56,0.529,0.212,0.14,0.253,Charlotte Hornets,82,21,61,0.256,48.1,43.4,87.7,0.494,13.6,36.2,0.377,16.5,20.7,0.796,10.6,34.8,45.4,28.7,13.6,7.1,4.8,4.5,17.5,18.0,116.8,10.2,1,27,27,27,23,22,12,27,25,20,26,10,7,26,13,27,28,28,17,11,13,25,2,24,22,30,2023-24,0.2560975609756097,2024,2020s
1610612741,Chicago Bulls,82,39,43,0.476,48.7,42.0,89.5,0.47,11.5,32.1,0.358,16.7,21.1,0.791,11.2,32.6,43.8,25.0,12.2,7.8,4.8,4.9,18.8,18.8,112.3,-1.4,1,20,20,20,1,16,13,18,27,26,20,17,18,10,8,19,14,23,3,9,18,14,17,14,22,20,114.0,115.7,-1.7,96.94,0.493,0.594,2.04,18.2,0.291,0.717,0.501,0.124,0.534,0.568,0.534,0.236,0.124,0.291,Chicago Bulls,82,39,43,0.476,48.7,41.1,87.0,0.473,14.6,39.5,0.37,16.9,21.8,0.776,10.1,33.3,43.4,27.9,14.0,6.8,4.9,4.8,18.8,18.8,113.7,1.4,1,20,20,20,1,11,9,16,29,30,20,14,17,9,7,16,16,23,10,7,14,18,17,14,16,20,2023-24,0.4756097560975609,2024,2020s
1610612739,Cleveland Cavaliers,82,48,34,0.585,48.3,41.8,87.2,0.479,13.5,36.8,0.367,15.6,20.4,0.765,9.8,33.4,43.3,28.0,13.6,7.4,4.6,5.0,17.5,18.7,112.6,2.4,1,11,11,11,10,19,24,12,7,8,15,26,24,22,22,11,17,8,17,19,21,17,5,16,20,13,114.7,112.1,2.5,97.62,0.519,0.671,2.07,20.2,0.274,0.721,0.501,0.138,0.557,0.586,0.557,0.234,0.138,0.274,Cleveland Cavaliers,82,48,34,0.585,48.3,40.5,87.5,0.463,12.5,33.8,0.371,16.6,21.0,0.791,10.0,32.6,42.7,25.3,13.6,7.7,5.0,4.6,18.7,17.5,110.2,-2.4,1,11,11,11,10,7,11,6,11,8,21,11,11,21,5,12,10,6,18,19,17,21,15,26,7,13,2023-24,0.5853658536585366,2024,2020s
1610612742,Dallas Mavericks,82,50,32,0.61,48.1,43.1,89.7,0.481,14.6,39.5,0.369,17.0,22.5,0.758,9.7,33.2,42.9,25.7,12.5,6.9,5.0,4.0,18.3,20.3,117.9,2.2,1,6,6,6,26,9,12,11,3,2,13,15,11,27,23,14,21,19,4,24,17,2,10,2,7,14,117.0,114.9,2.1,100.6,0.506,0.596,2.05,18.5,0.257,0.711,0.485,0.124,0.562,0.592,0.562,0.251,0.124,0.257,Dallas Mavericks,82,50,32,0.61,48.1,43.0,90.4,0.475,13.1,35.6,0.368,16.6,21.6,0.77,10.9,34.1,45.1,27.5,13.7,7.4,4.0,5.0,20.3,18.3,115.6,-2.2,1,6,6,6,26,20,21,20,20,18,18,12,15,4,21,25,25,22,15,16,2,17,29,21,20,14,2023-24,0.6097560975609756,2024,2020s
1610612743,Denver Nuggets,82,57,25,0.695,48.1,44.0,88.8,0.496,11.7,31.2,0.374,15.1,19.9,0.762,10.7,33.7,44.4,29.5,12.6,7.1,5.6,4.8,18.2,17.9,114.9,5.3,1,2,2,2,26,3,17,4,25,30,10,29,29,25,13,9,7,3,5,21,10,12,9,26,14,4,117.8,112.3,5.5,97.43,0.533,0.669,2.33,20.9,0.3,0.718,0.515,0.13,0.562,0.589,0.562,0.224,0.13,0.3,Denver Nuggets,82,57,25,0.695,48.1,40.6,87.9,0.462,11.2,31.5,0.355,17.1,22.2,0.772,10.9,31.4,42.3,25.7,12.4,7.0,4.8,5.6,17.9,18.2,109.6,-5.3,1,2,2,2,26,9,13,4,2,2,8,18,20,6,20,7,7,9,27,9,12,10,4,22,6,4,2023-24,0.6951219512195121,2024,2020s
1610612765,Detroit Pistons,82,14,68,0.171,48.2,40.9,88.2,0.463,11.0,31.7,0.348,17.0,21.7,0.785,10.5,32.8,43.3,25.5,15.2,6.5,4.7,6.0,20.6,17.8,109.9,-9.1,1,30,30,30,21,24,20,24,29,27,26,14,15,12,15,18,16,22,28,30,20,25,28,28,27,28,109.0,118.0,-9.0,100.45,0.449,0.623,1.67,18.2,0.277,0.73,0.499,0.151,0.526,0.562,0.526,0.246,0.151,0.277,Detroit Pistons,82,14,68,0.171,48.2,43.6,89.0,0.49,12.1,32.7,0.37,19.6,24.5,0.8,9.6,33.5,43.1,27.0,12.4,8.9,6.0,4.7,17.8,20.6,119.0,9.1,1,30,30,30,21,23,17,24,7,5,19,29,28,28,4,19,13,20,26,28,25,20,3,3,26,28,2023-24,0.1707317073170731,2024,2020s
1610612744,Golden State Warriors,82,46,36,0.561,48.4,43.7,91.6,0.477,14.8,38.9,0.38,15.6,20.0,0.78,12.1,34.6,46.7,29.3,14.3,7.0,4.6,5.0,19.5,17.9,117.8,2.6,1,16,16,16,7,5,3,13,2,4,7,24,27,17,5,4,1,4,23,23,23,15,22,24,8,12,116.9,114.5,2.4,99.91,0.512,0.671,2.05,20.1,0.315,0.725,0.521,0.142,0.557,0.586,0.557,0.219,0.142,0.315,Golden State Warriors,82,46,36,0.561,48.4,42.1,90.4,0.466,13.3,37.0,0.359,17.7,22.4,0.788,10.9,32.0,42.9,26.7,13.0,7.7,5.0,4.6,17.9,19.5,115.2,-2.6,1,16,16,16,7,18,22,9,21,25,11,22,22,18,18,8,12,16,23,20,15,23,7,9,18,12,2023-24,0.5609756097560976,2024,2020s
1610612745,Houston Rockets,82,41,41,0.5,48.4,41.8,91.0,0.459,12.7,36.1,0.352,18.1,23.4,0.773,11.5,34.0,45.5,24.8,12.7,7.8,4.6,5.9,20.8,19.6,114.3,1.1,1,19,19,19,3,19,5,27,14,12,23,9,5,20,6,6,3,25,8,8,24,24,29,6,16,18,113.7,112.8,0.9,99.59,0.501,0.594,1.95,17.7,0.294,0.722,0.504,0.127,0.529,0.565,0.529,0.257,0.127,0.294,Houston Rockets,82,41,41,0.5,48.4,40.8,88.1,0.463,12.3,35.4,0.348,19.3,25.2,0.767,10.7,34.2,44.9,24.4,13.8,7.3,5.9,4.6,19.6,20.8,113.2,-1.1,1,19,19,19,3,10,14,5,9,16,1,28,29,2,17,26,24,2,14,14,24,24,25,2,14,18,2023-24,0.5,2024,2020s
1610612754,Indiana Pacers,82,47,35,0.573,48.1,47.0,92.7,0.507,13.2,35.3,0.374,16.1,20.5,0.782,10.1,31.4,41.5,30.8,12.9,7.7,5.9,5.4,21.4,18.3,123.3,3.0,1,12,12,12,26,1,1,1,11,15,9,21,22,13,20,28,28,1,9,11,8,21,30,20,1,9,120.5,117.6,2.9,102.16,0.517,0.654,2.38,21.0,0.284,0.7,0.492,0.126,0.578,0.606,0.578,0.222,0.126,0.284,Indiana Pacers,82,47,35,0.573,48.1,44.5,89.8,0.496,10.7,29.3,0.365,20.5,26.0,0.787,11.0,32.4,43.4,24.6,13.9,6.6,5.4,5.9,18.3,21.4,120.2,-3.0,1,12,12,12,26,25,19,30,1,1,16,30,30,17,24,11,15,4,11,4,21,8,11,1,27,9,2023-24,0.573170731707317,2024,2020s
1610612746,LA Clippers,82,51,31,0.622,48.1,42.4,86.7,0.489,12.6,33.2,0.381,18.3,22.2,0.825,10.0,32.9,43.0,25.6,13.1,7.8,5.0,4.7,18.5,18.7,115.6,3.3,1,5,5,5,26,14,26,6,16,21,6,8,12,3,21,17,19,21,13,7,15,9,14,15,12,7,117.9,114.6,3.4,97.93,0.52,0.604,1.95,18.7,0.283,0.705,0.502,0.134,0.561,0.599,0.561,0.256,0.134,0.283,LA Clippers,82,51,31,0.622,48.1,41.6,88.9,0.468,12.9,35.4,0.363,16.2,21.0,0.775,11.1,31.1,42.2,26.4,13.0,7.3,4.7,5.0,18.7,18.5,112.3,-3.3,1,5,5,5,26,15,16,12,14,15,14,9,10,8,27,4,5,12,22,14,9,15,16,17,10,7,2023-24,0.6219512195121951,2024,2020s
1610612747,Los Angeles Lakers,82,47,35,0.573,48.4,43.7,87.5,0.499,11.8,31.4,0.377,18.9,24.2,0.782,8.2,34.9,43.1,28.5,14.0,7.4,5.5,4.8,15.6,19.7,118.0,0.6,1,12,12,12,3,6,22,2,24,28,8,2,2,15,30,2,18,5,19,19,11,11,1,4,6,19,115.4,114.8,0.6,101.38,0.518,0.654,2.04,20.1,0.244,0.725,0.496,0.137,0.566,0.601,0.566,0.276,0.137,0.244,Los Angeles Lakers,82,47,35,0.573,48.4,44.4,93.7,0.474,14.3,37.9,0.376,14.3,18.0,0.795,10.9,33.2,44.0,28.2,13.4,8.2,4.8,5.5,19.7,15.6,117.4,-0.6,1,12,12,12,3,24,30,17,28,28,25,2,2,25,19,14,19,26,19,25,11,11,27,30,23,19,2023-24,0.573170731707317,2024,2020s
1610612763,Memphis Grizzlies,82,27,55,0.329,48.2,38.4,88.2,0.435,13.1,37.8,0.346,16.0,21.0,0.764,10.9,31.7,42.6,24.7,15.1,8.2,6.1,6.5,19.1,18.8,105.8,-7.0,1,24,24,24,17,30,21,30,12,6,29,22,19,23,10,27,24,27,26,4,4,30,20,13,30,26,106.8,113.7,-6.9,98.68,0.458,0.644,1.64,17.9,0.287,0.706,0.488,0.152,0.509,0.543,0.509,0.238,0.152,0.287,Memphis Grizzlies,82,27,55,0.329,48.2,41.2,86.9,0.474,13.4,35.4,0.378,17.0,21.8,0.779,10.7,35.0,45.6,26.6,15.1,8.1,6.5,6.1,18.8,19.1,112.8,7.0,1,24,24,24,17,12,8,19,22,17,27,15,16,11,16,29,29,15,2,24,30,4,18,11,12,26,2023-24,0.3292682926829268,2024,2020s
1610612748,Miami Heat,82,46,36,0.561,48.2,39.8,85.6,0.465,12.5,33.7,0.37,18.0,22.0,0.818,9.3,33.0,42.3,25.8,12.7,7.5,3.4,4.7,17.3,18.9,110.1,1.8,1,16,16,16,21,28,28,22,19,18,12,10,13,5,26,16,26,18,6,15,30,10,4,11,26,16,113.3,111.5,1.8,96.88,0.509,0.648,2.04,19.1,0.261,0.734,0.498,0.13,0.538,0.578,0.538,0.257,0.13,0.261,Miami Heat,82,46,36,0.561,48.2,40.2,86.0,0.467,13.0,36.8,0.353,15.0,19.2,0.78,9.2,33.5,42.8,26.5,13.7,6.6,4.7,3.4,18.9,17.3,108.4,-1.8,1,16,16,16,21,3,3,10,16,24,5,3,3,12,3,20,11,14,16,4,10,30,20,27,3,16,2023-24,0.5609756097560976,2024,2020s
1610612749,Milwaukee Bucks,82,49,33,0.598,48.3,43.1,88.5,0.487,14.2,38.1,0.373,18.5,23.9,0.774,9.4,34.8,44.2,26.5,12.9,6.8,5.0,4.2,19.2,19.2,119.0,2.6,1,8,8,8,10,8,19,7,5,5,11,7,3,19,24,3,9,17,9,26,15,3,21,9,4,11,117.6,115.0,2.6,100.51,0.511,0.615,2.05,19.0,0.255,0.731,0.499,0.128,0.568,0.601,0.568,0.27,0.128,0.255,Milwaukee Bucks,82,49,33,0.598,48.3,43.2,91.9,0.47,12.6,35.3,0.356,17.4,21.5,0.807,10.3,33.7,44.0,26.5,12.0,7.1,4.2,5.0,19.2,19.2,116.4,-2.6,1,8,8,8,10,21,27,14,12,14,9,21,13,29,9,22,18,13,29,10,3,15,22,10,21,11,2023-24,0.5975609756097561,2024,2020s
1610612750,Minnesota Timberwolves,82,56,26,0.683,48.3,41.3,85.0,0.485,12.6,32.7,0.387,17.8,22.9,0.777,9.4,34.2,43.6,26.6,14.2,7.9,6.1,4.5,18.8,19.9,113.0,6.5,1,4,4,4,10,23,29,10,15,23,3,11,8,18,25,5,15,15,22,6,5,5,18,3,18,3,114.6,108.4,6.3,97.79,0.543,0.646,1.88,19.3,0.275,0.725,0.508,0.144,0.559,0.594,0.559,0.27,0.144,0.275,Minnesota Timberwolves,82,56,26,0.683,48.3,39.0,86.8,0.45,11.4,32.3,0.354,17.1,21.9,0.781,10.3,31.2,41.4,24.5,14.2,7.5,4.5,6.1,19.9,18.8,106.5,-6.5,1,4,4,4,10,1,6,1,3,4,7,17,19,14,9,5,4,3,7,18,5,5,28,13,1,3,2023-24,0.6829268292682927,2024,2020s
1610612740,New Orleans Pelicans,82,49,33,0.598,48.1,42.5,87.4,0.486,12.5,32.6,0.383,17.6,22.8,0.771,10.4,33.6,44.0,27.0,13.0,8.3,4.6,5.2,18.4,18.4,115.1,4.4,1,8,8,8,26,12,23,9,18,24,4,13,9,21,17,10,13,13,11,3,22,19,11,18,13,6,116.5,111.9,4.6,98.7,0.524,0.634,2.07,19.4,0.278,0.725,0.505,0.132,0.558,0.591,0.558,0.261,0.132,0.278,New Orleans Pelicans,82,49,33,0.598,48.1,40.5,87.3,0.464,13.5,38.7,0.349,16.2,20.7,0.783,10.1,32.2,42.3,26.8,14.2,6.5,5.2,4.6,18.4,18.4,110.7,-4.4,1,8,8,8,26,5,10,7,24,29,2,8,7,15,6,9,8,17,6,3,19,22,13,20,8,6,2023-24,0.5975609756097561,2024,2020s
1610612752,New York Knicks,82,50,32,0.61,48.1,41.3,88.7,0.465,13.2,35.8,0.369,17.0,21.8,0.78,12.7,32.5,45.2,24.4,13.2,7.5,4.1,5.3,17.6,19.1,112.8,4.6,1,6,6,6,23,22,18,20,10,13,14,16,14,16,1,21,5,29,15,17,29,20,6,10,19,5,117.3,112.4,4.9,95.96,0.515,0.59,1.84,17.8,0.333,0.729,0.527,0.138,0.54,0.574,0.54,0.246,0.138,0.333,New York Knicks,82,50,32,0.61,48.1,40.3,85.7,0.47,12.5,34.3,0.365,15.1,19.8,0.764,10.2,30.4,40.6,25.6,13.2,6.7,5.3,4.1,19.1,17.6,108.2,-4.6,1,6,6,6,23,4,2,15,10,12,17,4,4,1,8,2,2,8,21,6,20,29,21,25,2,5,2023-24,0.6097560975609756,2024,2020s
1610612760,Oklahoma City Thunder,82,57,25,0.695,48.3,44.5,89.3,0.499,13.3,34.2,0.389,17.7,21.5,0.825,8.8,33.2,42.0,27.1,12.7,8.5,6.6,5.1,18.8,18.9,120.1,7.4,1,2,2,2,10,2,15,3,8,16,1,12,17,4,29,12,27,11,7,1,1,18,19,12,3,2,118.3,111.0,7.3,100.85,0.538,0.609,2.14,19.4,0.25,0.698,0.484,0.125,0.573,0.608,0.573,0.24,0.125,0.25,Oklahoma City Thunder,82,57,25,0.695,48.3,40.6,89.3,0.455,13.4,37.2,0.361,18.1,22.9,0.789,11.8,32.9,44.7,26.9,15.7,7.1,5.1,6.6,18.9,18.8,112.7,-7.4,1,2,2,2,10,8,18,3,23,26,12,23,23,20,29,13,23,18,1,11,18,1,19,12,11,2,2023-24,0.6951219512195121,2024,2020s
1610612753,Orlando Magic,82,47,35,0.573,48.2,40.5,84.9,0.476,11.0,31.3,0.352,18.5,24.4,0.759,10.5,31.8,42.3,24.7,14.7,8.2,5.2,4.6,19.7,20.9,110.5,2.0,1,12,12,12,17,26,30,15,30,29,24,6,1,26,15,25,25,28,24,5,13,7,23,1,24,15,112.9,110.8,2.2,97.37,0.513,0.61,1.68,18.1,0.297,0.737,0.515,0.15,0.541,0.577,0.541,0.287,0.15,0.297,Orlando Magic,82,47,35,0.573,48.2,39.8,84.0,0.474,11.5,32.1,0.358,17.3,22.2,0.78,8.9,30.9,39.9,23.9,15.0,8.1,4.6,5.2,20.9,19.7,108.4,-2.0,1,12,12,12,17,2,1,18,4,3,10,20,20,13,1,3,1,1,3,23,7,13,30,8,4,15,2023-24,0.573170731707317,2024,2020s
1610612755,Philadelphia 76ers,82,47,35,0.573,48.2,41.5,89.4,0.464,12.1,33.3,0.363,19.5,23.6,0.826,11.0,31.9,43.0,24.9,12.0,8.5,6.0,6.1,20.3,18.5,114.6,3.0,1,12,12,12,17,21,14,23,22,19,18,1,4,2,9,23,20,24,2,1,6,27,27,17,15,9,116.2,113.0,3.1,98.17,0.506,0.6,2.07,18.0,0.292,0.701,0.493,0.122,0.532,0.574,0.532,0.264,0.122,0.292,Philadelphia 76ers,82,47,35,0.573,48.2,40.5,86.6,0.468,11.9,33.7,0.354,18.6,23.5,0.791,11.0,33.4,44.5,26.1,14.6,6.2,6.1,6.0,18.5,20.3,111.5,-3.0,1,12,12,12,17,6,4,11,6,7,6,25,25,22,25,18,22,10,4,1,27,6,14,4,9,9,2023-24,0.573170731707317,2024,2020s
1610612756,Phoenix Suns,82,49,33,0.598,48.2,42.5,86.1,0.493,12.4,32.6,0.382,18.9,23.4,0.808,10.1,33.9,44.1,27.0,14.9,7.4,6.0,4.5,18.0,19.7,116.2,3.1,1,8,8,8,17,13,27,5,20,25,5,3,6,6,19,7,10,12,25,18,6,6,8,5,10,8,116.8,113.7,3.1,99.0,0.527,0.637,1.82,19.4,0.292,0.714,0.514,0.15,0.565,0.603,0.565,0.271,0.15,0.292,Phoenix Suns,82,49,33,0.598,48.2,42.0,90.6,0.464,13.1,36.0,0.364,16.1,20.8,0.774,11.0,30.4,41.3,26.3,12.7,8.4,4.5,6.0,19.7,18.0,113.2,-3.1,1,8,8,8,17,17,23,8,18,19,15,7,9,7,22,1,3,11,24,26,6,6,26,23,13,8,2023-24,0.5975609756097561,2024,2020s
1610612757,Portland Trail Blazers,82,21,61,0.256,48.5,39.4,89.7,0.439,11.5,33.2,0.345,16.2,20.5,0.791,12.6,30.1,42.7,23.1,15.2,7.6,4.3,6.4,20.2,17.9,106.4,-9.0,1,27,27,27,2,29,10,29,28,20,30,20,23,9,2,30,22,30,29,12,27,28,26,26,29,27,107.6,116.6,-9.0,97.88,0.434,0.587,1.52,16.7,0.32,0.697,0.498,0.154,0.503,0.539,0.503,0.228,0.154,0.32,Portland Trail Blazers,82,21,61,0.256,48.5,42.5,86.6,0.491,11.7,33.3,0.351,18.7,23.6,0.792,10.6,33.2,43.8,27.1,14.3,8.9,6.4,4.3,17.9,20.2,115.4,9.0,1,27,27,27,2,19,5,25,5,6,3,27,26,24,14,15,17,21,5,29,28,27,4,5,19,27,2023-24,0.2560975609756097,2024,2020s
1610612758,Sacramento Kings,82,46,36,0.561,48.4,43.3,90.9,0.477,14.4,39.3,0.366,15.5,20.9,0.745,10.8,33.2,44.0,28.3,13.1,7.6,4.2,4.5,19.9,18.3,116.6,1.7,1,16,16,16,3,7,6,14,4,3,16,27,21,30,12,15,12,7,13,13,28,4,24,19,9,17,116.2,114.4,1.8,99.46,0.5,0.654,2.16,19.9,0.285,0.744,0.507,0.131,0.556,0.582,0.556,0.229,0.131,0.285,Sacramento Kings,82,46,36,0.561,48.4,41.6,86.8,0.48,13.1,33.8,0.387,18.5,23.1,0.8,9.1,33.4,42.5,26.9,13.9,7.4,4.5,4.2,18.3,19.9,114.8,-1.7,1,16,16,16,3,16,6,21,18,9,29,24,24,27,2,17,9,19,12,17,4,28,12,7,17,17,2023-24,0.5609756097560976,2024,2020s
1610612759,San Antonio Spurs,82,22,60,0.268,48.4,41.9,90.7,0.462,12.6,36.4,0.347,15.6,20.0,0.782,10.4,33.9,44.2,29.9,15.1,7.1,6.3,4.6,17.2,17.9,112.1,-6.5,1,26,26,26,7,18,7,25,16,11,28,25,28,14,18,8,8,2,27,22,3,8,3,25,23,25,109.3,115.6,-6.4,101.8,0.48,0.712,1.97,20.5,0.269,0.721,0.492,0.148,0.532,0.563,0.532,0.22,0.148,0.269,San Antonio Spurs,82,22,60,0.268,48.4,44.9,92.3,0.487,12.7,34.0,0.373,16.0,20.5,0.784,10.5,34.8,45.3,28.0,13.4,8.9,4.6,6.3,17.9,17.2,118.6,6.5,1,26,26,26,7,29,28,23,13,11,23,6,6,16,12,28,27,24,20,30,8,3,6,28,24,25,2023-24,0.2682926829268293,2024,2020s
1610612761,Toronto Raptors,82,25,57,0.305,48.3,42.3,89.7,0.471,11.5,33.1,0.347,16.3,21.6,0.756,10.9,31.8,42.7,28.5,14.0,7.7,4.7,5.8,18.4,18.1,112.4,-6.4,1,25,25,25,10,15,10,16,26,22,27,18,16,29,11,26,23,6,20,10,19,23,12,22,21,24,111.8,118.1,-6.3,99.91,0.474,0.674,2.04,19.9,0.281,0.694,0.484,0.139,0.535,0.566,0.535,0.241,0.139,0.281,Toronto Raptors,82,25,57,0.305,48.3,44.7,91.2,0.491,13.7,36.3,0.376,15.6,19.8,0.789,11.2,34.0,45.2,28.6,13.9,7.3,5.8,4.7,18.1,18.4,118.8,6.4,1,25,25,25,10,28,24,26,26,21,24,5,5,19,28,23,26,27,13,13,23,19,9,19,25,24,2023-24,0.3048780487804878,2024,2020s
1610612762,Utah Jazz,82,31,51,0.378,48.3,42.0,89.9,0.467,12.9,36.5,0.354,18.8,22.6,0.83,12.2,33.2,45.5,27.2,15.7,6.5,5.6,6.4,18.6,19.2,115.7,-4.9,1,23,23,23,10,17,9,19,13,10,22,4,10,1,4,12,3,10,30,29,9,28,16,8,11,23,114.5,119.6,-5.1,100.26,0.478,0.648,1.74,18.9,0.325,0.717,0.521,0.155,0.539,0.579,0.539,0.251,0.155,0.325,Utah Jazz,82,31,51,0.378,48.3,44.6,91.6,0.487,14.8,37.4,0.395,16.6,21.6,0.771,11.0,31.3,42.2,29.8,12.3,8.6,6.4,5.6,19.2,18.6,120.5,4.9,1,23,23,23,10,26,25,22,30,27,30,12,14,5,23,6,6,30,28,27,28,9,23,15,29,23,2023-24,0.3780487804878049,2024,2020s
1610612764,Washington Wizards,82,15,67,0.183,48.1,43.0,91.4,0.47,12.4,35.5,0.348,15.4,20.2,0.764,9.2,31.9,41.1,27.9,14.0,7.6,5.1,6.0,20.0,18.0,113.7,-9.3,1,29,29,29,23,11,4,17,21,14,25,28,25,24,28,24,29,9,20,14,14,26,25,23,17,29,110.2,118.9,-8.7,103.07,0.454,0.65,2.0,19.5,0.24,0.683,0.459,0.136,0.538,0.567,0.538,0.221,0.136,0.24,Washington Wizards,82,15,67,0.183,48.1,46.1,92.9,0.496,12.3,33.9,0.362,18.6,24.0,0.777,12.1,36.8,48.9,29.0,14.0,8.0,6.0,5.1,18.0,20.0,123.0,9.3,1,29,29,29,23,30,29,29,8,10,13,26,27,10,30,30,30,29,9,22,26,14,8,6,30,29,2023-24,0.1829268292682926,2024,2020s
1610612737,Atlanta Hawks,82,40,42,0.488,48.2,43.4,91.8,0.472,13.5,37.7,0.358,18.0,23.2,0.775,11.9,32.6,44.5,29.6,15.5,9.7,5.1,4.9,19.1,19.1,118.2,-1.1,1,16,16,16,14,6,5,14,14,15,18,3,4,18,9,23,14,2,26,2,12,15,22,8,5,18,113.7,114.8,-1.1,103.41,0.498,0.682,1.91,19.9,0.3,0.715,0.503,0.149,0.546,0.579,0.546,0.252,0.149,0.3,Atlanta Hawks,82,40,42,0.488,48.2,43.4,90.2,0.481,14.3,37.8,0.377,18.2,22.7,0.802,10.3,33.4,43.7,28.2,16.0,9.2,4.9,5.1,19.1,19.1,119.3,1.1,1,16,16,16,14,25,20,28,25,16,28,24,23,30,5,18,12,24,3,28,15,12,23,9,27,18,2024-25,0.4878048780487805,2025,2020s
1610612738,Boston Celtics,82,61,21,0.744,48.4,41.6,90.0,0.462,17.8,48.2,0.368,15.3,19.1,0.799,11.4,33.9,45.3,26.1,11.9,7.2,5.5,3.6,15.9,17.5,116.3,9.1,1,3,3,3,6,16,11,19,1,1,10,30,30,6,10,7,8,16,2,29,5,1,2,27,8,3,119.5,110.1,9.4,96.59,0.542,0.628,2.2,19.0,0.291,0.717,0.506,0.122,0.561,0.591,0.561,0.212,0.122,0.291,Boston Celtics,82,61,21,0.744,48.4,40.3,89.4,0.45,12.9,37.1,0.347,13.8,17.7,0.777,10.7,33.0,43.7,24.0,12.8,6.9,3.6,5.5,17.5,15.9,107.2,-9.1,1,3,3,3,6,4,17,2,6,11,3,1,1,14,9,15,13,3,27,2,1,5,4,29,2,3,2024-25,0.7439024390243902,2025,2020s
1610612751,Brooklyn Nets,82,26,56,0.317,48.2,37.6,86.1,0.437,13.6,39.4,0.344,16.3,20.7,0.787,10.9,30.4,41.3,25.2,15.2,7.8,4.3,5.6,20.7,18.9,105.1,-7.1,1,25,25,25,14,30,28,29,13,8,25,23,23,11,18,29,29,24,23,20,26,27,28,14,29,26,108.1,115.4,-7.3,96.73,0.452,0.669,1.66,18.4,0.294,0.699,0.487,0.156,0.516,0.552,0.516,0.24,0.156,0.294,Brooklyn Nets,82,26,56,0.317,48.2,40.5,84.3,0.48,12.9,35.7,0.362,18.4,23.6,0.779,10.1,33.6,43.7,27.1,15.0,8.0,5.6,4.3,18.9,20.7,112.2,7.1,1,25,25,25,14,6,2,27,8,6,17,26,25,18,4,21,14,19,12,13,27,26,17,3,11,26,2024-25,0.3170731707317073,2025,2020s
1610612766,Charlotte Hornets,82,19,63,0.232,48.2,38.3,89.1,0.43,13.0,38.3,0.339,15.5,19.8,0.783,12.2,33.0,45.2,24.3,15.5,7.4,4.5,5.3,18.7,18.1,105.1,-9.1,1,28,28,28,18,28,19,30,18,11,28,29,28,14,6,16,9,26,25,26,21,23,16,22,30,27,106.7,115.7,-9.1,98.22,0.45,0.635,1.57,17.5,0.308,0.705,0.5,0.157,0.503,0.537,0.503,0.222,0.157,0.308,Charlotte Hornets,82,19,63,0.232,48.2,41.6,88.9,0.467,14.2,40.0,0.355,16.9,21.4,0.79,11.3,33.9,45.2,26.8,13.3,8.8,5.3,4.5,18.1,18.7,114.2,9.1,1,28,28,28,18,14,15,15,22,28,8,15,13,25,17,24,23,16,23,22,23,21,9,15,16,27,2024-25,0.2317073170731707,2025,2020s
1610612741,Chicago Bulls,82,39,43,0.476,48.2,43.2,92.0,0.47,15.4,42.0,0.367,16.0,19.7,0.809,10.1,35.8,45.9,29.1,14.7,7.6,4.7,5.1,17.6,16.8,117.8,-1.6,1,18,18,18,18,8,4,15,3,3,13,27,29,3,25,1,3,5,20,24,18,18,6,30,6,20,113.2,114.8,-1.6,103.61,0.495,0.673,1.98,19.9,0.26,0.722,0.496,0.141,0.553,0.585,0.553,0.214,0.141,0.26,Chicago Bulls,82,39,43,0.476,48.2,44.4,95.0,0.467,13.6,39.6,0.344,16.9,21.5,0.786,11.0,35.1,46.1,28.9,12.6,8.1,5.1,4.7,16.8,17.6,119.4,1.6,1,18,18,18,18,29,30,16,16,27,2,16,15,21,12,29,28,28,28,14,18,18,1,24,28,20,2024-25,0.4756097560975609,2025,2020s
1610612739,Cleveland Cavaliers,82,64,18,0.78,48.2,44.5,90.8,0.491,15.9,41.5,0.383,17.0,21.9,0.776,11.2,34.2,45.4,28.1,13.2,8.2,4.3,4.4,18.1,18.9,121.9,9.5,1,2,2,2,18,4,7,2,2,4,2,15,15,17,13,5,6,9,3,14,27,8,11,11,1,2,121.0,111.8,9.2,100.31,0.546,0.631,2.13,19.6,0.296,0.7,0.505,0.131,0.578,0.607,0.578,0.241,0.131,0.296,Cleveland Cavaliers,82,64,18,0.78,48.2,41.2,90.9,0.454,13.5,37.5,0.359,16.5,21.1,0.779,11.5,32.0,43.5,25.6,14.5,7.8,4.4,4.3,18.9,18.1,112.4,-9.5,1,2,2,2,18,11,22,3,13,13,13,13,11,16,22,8,11,8,14,10,8,27,20,20,12,2,2024-25,0.7804878048780488,2025,2020s
1610612742,Dallas Mavericks,82,39,43,0.476,48.1,42.0,87.7,0.479,12.4,34.2,0.364,17.8,23.1,0.77,10.1,33.0,43.0,25.2,14.0,7.8,5.4,4.6,17.8,18.7,114.2,-1.2,1,18,18,18,23,13,21,10,26,26,15,6,6,24,24,17,23,22,13,21,7,12,8,16,15,19,113.7,115.0,-1.3,100.15,0.496,0.601,1.8,18.2,0.271,0.694,0.488,0.14,0.549,0.583,0.549,0.263,0.14,0.271,Dallas Mavericks,82,39,43,0.476,48.1,43.1,91.7,0.469,12.9,35.4,0.363,16.4,21.1,0.779,12.1,33.2,45.3,27.1,13.2,8.1,4.6,5.4,18.7,17.8,115.4,1.2,1,18,18,18,23,23,24,18,5,4,19,10,10,17,29,16,25,20,24,15,12,7,15,23,20,19,2024-25,0.4756097560975609,2025,2020s
1610612743,Denver Nuggets,82,50,32,0.61,48.4,45.4,89.8,0.506,12.0,31.9,0.376,17.9,23.3,0.77,11.2,34.5,45.7,31.0,14.3,8.0,4.9,5.1,17.6,19.0,120.8,3.9,1,6,6,6,4,1,16,1,28,30,5,4,1,23,12,3,4,1,17,17,15,19,6,9,3,9,118.9,115.1,3.8,100.67,0.529,0.683,2.17,21.1,0.311,0.709,0.52,0.14,0.573,0.604,0.573,0.259,0.14,0.311,Denver Nuggets,82,50,32,0.61,48.4,43.3,93.0,0.466,14.1,38.7,0.365,16.1,20.7,0.777,11.7,30.7,42.5,29.0,13.0,8.7,5.1,4.9,19.0,17.6,116.9,-3.9,1,6,6,6,4,24,29,13,20,21,22,8,8,13,25,1,6,29,25,21,19,15,22,24,25,9,2024-25,0.6097560975609756,2025,2020s
1610612765,Detroit Pistons,82,44,38,0.537,48.3,42.7,89.8,0.476,12.8,35.4,0.362,17.2,22.3,0.774,11.4,33.4,44.8,26.4,14.9,8.0,5.3,5.0,20.7,18.9,115.5,1.9,1,14,14,14,9,10,14,13,20,22,17,11,11,20,11,12,13,15,21,19,9,17,27,13,12,13,114.6,112.5,2.1,100.27,0.509,0.618,1.78,18.6,0.305,0.714,0.511,0.147,0.547,0.58,0.547,0.248,0.147,0.305,Detroit Pistons,82,44,38,0.537,48.3,40.6,87.9,0.461,13.6,37.2,0.366,18.8,24.3,0.776,10.5,31.9,42.5,24.8,15.1,8.9,5.0,5.3,18.9,20.7,113.6,-1.9,1,14,14,14,9,9,9,9,18,12,25,28,28,12,6,7,6,6,9,24,17,9,18,4,14,13,2024-25,0.5365853658536586,2025,2020s
1610612744,Golden State Warriors,82,48,34,0.585,48.1,40.8,90.4,0.451,15.4,42.4,0.364,16.9,22.1,0.764,12.5,32.8,45.4,29.1,14.0,9.4,4.8,5.4,19.2,18.6,113.8,3.3,1,11,11,11,23,21,8,25,4,2,16,17,13,25,5,19,7,4,14,4,17,24,23,18,17,10,114.2,111.0,3.2,99.37,0.515,0.714,2.07,20.1,0.314,0.716,0.509,0.141,0.536,0.568,0.536,0.244,0.141,0.314,Golden State Warriors,82,48,34,0.585,48.1,40.4,86.9,0.465,13.2,36.3,0.363,16.4,21.4,0.769,10.6,33.5,44.1,25.9,15.7,7.6,5.4,4.8,18.6,19.2,110.5,-3.3,1,11,11,11,23,5,5,11,12,8,18,11,13,5,8,19,15,10,5,8,24,17,13,8,8,10,2024-25,0.5853658536585366,2025,2020s
1610612745,Houston Rockets,82,52,30,0.634,48.2,42.5,93.4,0.455,12.7,35.8,0.353,16.7,22.6,0.738,14.6,33.8,48.5,23.3,13.9,8.4,5.0,5.7,19.0,19.2,114.3,4.5,1,4,4,4,14,11,1,21,22,20,21,20,8,30,1,8,1,28,11,10,13,28,20,5,13,7,114.9,110.3,4.6,99.03,0.515,0.549,1.68,16.4,0.363,0.715,0.533,0.14,0.523,0.553,0.523,0.242,0.14,0.363,Houston Rockets,82,52,30,0.634,48.2,40.5,88.3,0.459,12.3,34.5,0.357,16.4,21.7,0.759,10.6,31.6,42.1,23.5,14.3,7.9,5.7,5.0,19.2,19.0,109.8,-4.5,1,4,4,4,14,8,13,6,2,2,11,11,16,1,7,3,4,2,16,12,28,13,26,11,6,7,2024-25,0.6341463414634146,2025,2020s
1610612754,Indiana Pacers,82,50,32,0.61,48.4,43.6,89.3,0.488,13.2,35.8,0.368,17.0,21.6,0.789,9.2,32.7,41.8,29.2,13.2,8.5,5.5,4.5,18.7,18.8,117.4,2.2,1,6,6,6,4,5,17,3,16,21,9,14,18,9,29,22,28,3,3,9,6,10,15,15,7,12,115.4,113.3,2.1,100.76,0.521,0.671,2.22,20.5,0.254,0.705,0.483,0.13,0.562,0.594,0.562,0.241,0.13,0.254,Indiana Pacers,82,50,32,0.61,48.4,42.6,89.9,0.474,12.9,36.3,0.355,17.0,22.0,0.773,11.2,33.8,45.0,26.0,15.0,7.2,4.5,5.5,18.8,18.7,115.1,-2.2,1,6,6,6,4,21,18,23,7,9,9,17,19,8,15,22,22,12,11,4,10,6,16,16,17,12,2024-25,0.6097560975609756,2025,2020s
1610612746,LA Clippers,82,50,32,0.61,48.3,41.6,86.3,0.482,12.5,33.4,0.373,17.3,21.7,0.797,10.3,33.5,43.8,25.2,14.9,9.4,4.5,4.3,18.3,17.8,112.9,4.7,1,6,6,6,9,17,26,6,25,29,7,10,17,7,23,10,17,23,22,3,20,6,14,26,20,6,114.3,109.4,4.9,98.24,0.521,0.605,1.69,18.4,0.282,0.734,0.512,0.151,0.554,0.589,0.554,0.251,0.151,0.282,LA Clippers,82,50,32,0.61,48.3,39.5,85.8,0.461,13.0,37.0,0.35,16.2,21.0,0.772,9.7,31.8,41.5,25.7,15.0,8.8,4.3,4.5,17.8,18.3,108.2,-4.7,1,6,6,6,9,3,3,8,9,10,5,9,9,7,2,4,1,9,10,23,6,20,5,17,4,6,2024-25,0.6097560975609756,2025,2020s
1610612747,Los Angeles Lakers,82,50,32,0.61,48.1,40.9,85.5,0.479,13.3,36.4,0.366,18.2,23.2,0.785,9.7,32.8,42.4,26.0,14.0,7.7,4.5,4.2,17.3,19.2,113.4,1.2,1,6,6,6,23,20,30,9,15,19,14,2,3,13,27,20,26,18,12,22,22,4,5,6,19,14,115.0,113.8,1.2,98.34,0.511,0.635,1.86,18.9,0.273,0.702,0.495,0.142,0.557,0.593,0.557,0.271,0.142,0.273,Los Angeles Lakers,82,50,32,0.61,48.1,41.4,89.3,0.463,13.6,38.1,0.356,15.9,20.5,0.775,11.2,31.8,43.0,27.3,13.7,8.2,4.2,4.5,19.2,17.3,112.2,-1.2,1,6,6,6,23,13,16,10,15,18,10,7,7,10,16,5,9,22,20,17,4,22,25,26,10,14,2024-25,0.6097560975609756,2025,2020s
1610612763,Memphis Grizzlies,82,48,34,0.585,48.1,44.8,93.3,0.479,13.9,37.9,0.367,18.3,23.3,0.786,12.9,34.4,47.3,28.4,15.7,8.9,5.6,5.5,20.9,20.2,121.7,4.9,1,11,11,11,29,2,2,8,11,13,11,1,2,12,3,4,2,8,28,7,3,25,29,2,2,5,117.2,112.6,4.7,103.69,0.524,0.635,1.81,19.1,0.33,0.702,0.518,0.151,0.554,0.588,0.554,0.249,0.151,0.33,Memphis Grizzlies,82,48,34,0.585,48.1,41.9,91.8,0.456,14.2,39.4,0.36,18.9,24.5,0.77,11.5,32.0,43.5,27.0,15.1,8.7,5.5,5.6,20.2,20.9,116.9,-4.9,1,11,11,11,29,19,25,4,21,25,15,29,29,6,19,9,10,18,7,20,25,3,29,2,24,5,2024-25,0.5853658536585366,2025,2020s
1610612748,Miami Heat,82,37,45,0.451,48.6,40.5,87.0,0.465,13.7,37.3,0.367,16.0,20.2,0.791,9.7,33.7,43.4,26.4,13.6,8.1,3.8,4.7,15.5,17.0,110.6,0.6,1,20,20,20,1,24,24,18,12,16,12,26,27,8,26,9,21,14,8,15,30,13,1,29,24,15,112.4,112.0,0.4,97.08,0.505,0.653,1.94,19.2,0.263,0.724,0.496,0.138,0.544,0.576,0.544,0.232,0.138,0.263,Miami Heat,82,37,45,0.451,48.6,41.3,88.6,0.466,13.6,37.9,0.36,13.9,17.9,0.776,10.7,33.9,44.7,26.5,13.8,7.5,4.7,3.8,17.0,15.5,110.0,-0.6,1,20,20,20,1,12,14,12,16,17,14,2,2,11,10,24,19,15,19,7,13,30,2,30,7,15,2024-25,0.4512195121951219,2025,2020s
1610612749,Milwaukee Bucks,82,48,34,0.585,48.2,42.0,86.4,0.486,14.2,36.6,0.387,17.3,23.1,0.75,8.2,35.1,43.4,25.5,13.4,7.3,4.7,3.8,17.9,18.9,115.5,2.5,1,11,11,11,18,12,25,4,8,18,1,8,5,28,30,2,22,21,7,27,19,2,9,12,11,11,115.1,112.7,2.4,99.92,0.513,0.607,1.91,18.7,0.235,0.725,0.491,0.133,0.568,0.598,0.568,0.268,0.133,0.235,Milwaukee Bucks,82,48,34,0.585,48.2,41.6,91.1,0.457,13.9,39.4,0.353,15.9,20.3,0.783,11.0,34.3,45.3,26.4,12.9,7.3,3.8,4.7,18.9,17.9,113.0,-2.5,1,11,11,11,18,18,23,5,19,26,7,6,5,19,13,28,24,14,26,5,2,19,19,22,13,11,2024-25,0.5853658536585366,2025,2020s
1610612750,Minnesota Timberwolves,82,49,33,0.598,48.4,41.0,87.6,0.468,15.0,39.9,0.377,17.2,21.8,0.789,11.1,33.2,44.3,26.1,14.5,8.0,5.0,4.5,18.3,19.2,114.3,5.0,1,10,10,10,6,19,22,16,5,5,4,12,16,10,15,13,15,17,18,18,14,11,12,7,13,4,115.7,110.8,5.0,97.95,0.524,0.637,1.81,18.7,0.3,0.709,0.507,0.146,0.554,0.588,0.554,0.249,0.146,0.3,Minnesota Timberwolves,82,49,33,0.598,48.4,40.5,88.0,0.46,12.7,36.0,0.353,15.7,20.4,0.767,11.0,31.8,42.9,24.8,14.7,8.4,4.5,5.0,19.2,18.3,109.3,-5.0,1,10,10,10,6,7,10,7,3,7,6,5,6,4,14,6,8,5,13,18,11,14,24,19,5,4,2024-25,0.5975609756097561,2025,2020s
1610612740,New Orleans Pelicans,82,21,61,0.256,48.2,40.6,89.9,0.452,12.0,34.6,0.347,16.5,21.9,0.754,12.1,31.5,43.6,25.8,14.6,8.5,5.2,5.2,18.3,17.9,109.8,-9.4,1,27,27,27,18,22,13,24,27,25,24,22,14,27,7,26,20,19,19,8,10,21,13,25,25,29,109.7,119.1,-9.4,99.77,0.455,0.636,1.76,18.3,0.303,0.682,0.487,0.146,0.519,0.552,0.519,0.244,0.146,0.303,New Orleans Pelicans,82,21,61,0.256,48.2,43.7,90.5,0.483,14.6,40.1,0.365,17.2,21.9,0.786,11.9,33.9,45.7,28.6,14.0,9.0,5.2,5.2,17.9,18.3,119.3,9.4,1,27,27,27,18,27,21,29,29,29,21,18,18,22,26,23,27,27,17,25,21,10,6,18,26,29,2024-25,0.2560975609756097,2025,2020s
1610612752,New York Knicks,82,51,31,0.622,48.5,43.3,89.2,0.486,12.6,34.1,0.369,16.5,20.7,0.8,10.9,31.8,42.6,27.5,13.3,8.2,4.0,5.0,17.2,19.0,115.8,4.1,1,5,5,5,2,7,18,5,24,27,8,21,23,5,19,25,24,11,5,13,29,16,4,10,9,8,117.3,113.3,4.0,97.64,0.527,0.634,2.07,19.6,0.305,0.71,0.508,0.134,0.556,0.589,0.556,0.232,0.134,0.305,New York Knicks,82,51,31,0.622,48.5,41.6,87.7,0.474,13.1,35.7,0.367,15.4,19.5,0.789,10.9,31.0,41.8,25.2,14.5,7.0,5.0,4.0,19.0,17.2,111.7,-4.1,1,5,5,5,2,17,7,25,10,5,26,4,4,23,11,2,2,7,14,3,16,29,21,27,9,8,2024-25,0.6219512195121951,2025,2020s
1610612760,Oklahoma City Thunder,82,68,14,0.829,48.1,44.6,92.7,0.482,14.5,38.8,0.374,16.7,20.4,0.819,10.6,34.2,44.8,26.9,11.7,10.3,5.7,4.8,19.9,18.1,120.5,12.9,1,1,1,1,29,3,3,7,6,10,6,19,26,1,20,6,11,12,1,1,2,14,25,23,4,1,119.2,106.6,12.7,100.9,0.562,0.602,2.29,18.9,0.281,0.704,0.496,0.116,0.56,0.593,0.56,0.22,0.116,0.281,Oklahoma City Thunder,82,68,14,0.829,48.1,37.9,87.0,0.436,13.5,39.3,0.342,18.3,23.7,0.774,11.6,33.3,44.9,24.6,17.0,6.7,4.8,5.7,18.1,19.9,107.6,-12.9,1,1,1,1,29,1,6,1,13,23,1,25,27,9,23,17,20,4,1,1,14,2,8,6,3,1,2024-25,0.8292682926829268,2025,2020s
1610612753,Orlando Magic,82,41,41,0.5,48.1,38.2,85.8,0.445,11.2,35.3,0.318,17.9,23.0,0.775,11.1,30.7,41.8,23.0,14.2,8.9,6.0,4.4,20.1,20.3,105.4,-0.1,1,15,15,15,23,29,29,27,30,23,30,5,7,19,14,28,27,30,16,6,1,8,26,1,28,17,108.9,109.1,-0.2,96.51,0.497,0.603,1.62,17.1,0.302,0.72,0.501,0.147,0.51,0.55,0.51,0.269,0.147,0.302,Orlando Magic,82,41,41,0.5,48.1,38.1,81.5,0.468,11.4,31.4,0.365,17.9,23.4,0.766,9.2,33.0,42.1,22.8,16.2,7.7,4.4,6.0,20.3,20.1,105.5,0.1,1,15,15,15,23,2,1,17,1,1,23,22,24,3,1,14,3,1,2,9,8,1,30,5,1,17,2024-25,0.5,2025,2020s
1610612755,Philadelphia 76ers,82,24,58,0.293,48.3,39.7,87.4,0.454,12.7,37.2,0.341,17.5,22.5,0.78,10.4,29.4,39.8,23.2,13.6,9.2,4.5,5.1,19.0,18.7,109.6,-6.2,1,26,26,26,9,26,23,23,21,17,27,7,9,15,22,30,30,29,9,5,23,19,19,17,26,25,111.0,117.3,-6.3,98.13,0.459,0.584,1.7,17.1,0.279,0.678,0.471,0.138,0.527,0.563,0.527,0.257,0.138,0.279,Philadelphia 76ers,82,24,58,0.293,48.3,42.4,86.8,0.488,14.2,37.6,0.378,16.9,21.2,0.794,11.5,34.0,45.5,28.3,16.0,7.4,5.1,4.5,18.7,19.0,115.8,6.2,1,26,26,26,9,20,4,30,24,14,29,14,12,28,21,26,26,25,4,6,19,23,14,12,21,25,2024-25,0.2926829268292683,2025,2020s
1610612756,Phoenix Suns,82,36,46,0.439,48.4,41.2,86.3,0.478,14.3,38.0,0.378,16.8,20.8,0.81,9.5,32.9,42.5,27.8,14.1,7.2,4.8,4.0,17.9,18.4,113.6,-3.0,1,21,21,21,6,18,26,11,7,12,3,18,22,2,28,18,25,10,15,28,16,3,10,20,18,23,114.7,117.7,-3.0,98.31,0.495,0.673,1.97,20.0,0.264,0.709,0.493,0.142,0.561,0.595,0.561,0.241,0.142,0.264,Phoenix Suns,82,36,46,0.439,48.4,42.6,90.1,0.473,14.2,38.4,0.37,17.2,21.8,0.79,11.5,32.7,44.2,27.3,12.2,8.5,4.0,4.8,18.4,17.9,116.6,3.0,1,21,21,21,6,21,19,21,22,20,27,20,17,24,19,13,16,21,29,19,3,16,11,21,22,23,2024-25,0.4390243902439024,2025,2020s
1610612757,Portland Trail Blazers,82,36,46,0.439,48.2,40.5,90.2,0.45,12.9,37.7,0.342,16.9,22.2,0.762,13.4,31.4,44.8,23.8,16.0,8.3,5.3,5.5,19.0,19.3,110.9,-3.0,1,21,21,21,14,23,9,26,19,14,26,16,12,26,2,27,12,27,29,11,8,26,21,3,22,22,111.0,113.7,-2.7,99.51,0.473,0.587,1.49,16.9,0.332,0.682,0.501,0.16,0.521,0.555,0.521,0.246,0.16,0.332,Portland Trail Blazers,82,36,46,0.439,48.2,41.6,88.3,0.471,12.7,35.2,0.361,18.0,22.5,0.799,11.9,32.3,44.2,26.2,15.5,9.5,5.5,5.3,19.3,19.0,113.9,3.0,1,21,21,21,14,16,11,20,4,3,16,23,21,29,27,10,18,13,6,29,26,8,28,10,15,22,2024-25,0.4390243902439024,2025,2020s
1610612758,Sacramento Kings,82,40,42,0.488,48.5,43.0,90.1,0.478,12.6,35.2,0.357,17.1,21.2,0.806,11.0,33.2,44.2,26.5,13.3,7.6,4.4,4.3,18.9,18.5,115.7,0.5,1,16,16,16,2,9,10,12,23,24,19,13,19,4,16,14,16,13,6,25,25,5,17,19,10,16,115.9,115.3,0.6,98.91,0.502,0.615,1.99,18.8,0.294,0.728,0.51,0.133,0.548,0.582,0.548,0.235,0.133,0.294,Sacramento Kings,82,40,42,0.488,48.5,41.6,87.8,0.474,14.5,38.2,0.381,17.6,22.4,0.783,10.0,32.4,42.3,27.0,13.9,7.9,4.3,4.4,18.5,18.9,115.3,-0.5,1,16,16,16,2,14,8,22,28,19,30,21,20,20,3,11,5,17,18,11,5,25,12,14,19,16,2024-25,0.4878048780487805,2025,2020s
1610612759,San Antonio Spurs,82,34,48,0.415,48.1,41.8,89.8,0.465,14.1,39.6,0.357,16.2,21.0,0.774,10.9,32.7,43.7,28.6,13.9,8.2,5.5,4.3,16.6,17.4,113.9,-2.8,1,23,23,23,23,14,15,17,9,7,20,24,21,21,17,21,19,6,10,12,4,7,3,28,16,21,113.5,116.3,-2.8,100.08,0.493,0.685,2.06,20.1,0.278,0.69,0.485,0.138,0.544,0.575,0.544,0.234,0.138,0.278,San Antonio Spurs,82,34,48,0.415,48.1,43.8,92.5,0.474,14.4,39.3,0.365,14.6,18.5,0.79,12.1,34.1,46.2,28.0,13.7,8.1,4.3,5.5,17.4,16.6,116.7,2.8,1,23,23,23,23,28,26,24,27,24,24,3,3,26,28,27,29,23,20,15,7,4,3,28,23,21,2024-25,0.4146341463414634,2025,2020s
1610612761,Toronto Raptors,82,30,52,0.366,48.3,41.6,91.0,0.458,11.8,34.0,0.348,15.8,21.1,0.748,12.6,32.5,45.1,28.5,15.3,8.1,4.2,5.9,21.2,18.1,110.9,-4.3,1,24,24,24,9,15,6,20,29,28,23,28,20,29,4,24,10,7,24,16,28,29,30,24,23,24,109.6,113.6,-4.1,100.62,0.477,0.685,1.86,19.6,0.311,0.696,0.5,0.152,0.522,0.553,0.522,0.232,0.152,0.311,Toronto Raptors,82,30,52,0.366,48.3,41.2,88.3,0.466,13.2,37.7,0.349,19.6,25.2,0.778,11.5,33.5,45.0,25.9,15.1,9.2,5.9,4.2,18.1,21.2,115.2,4.3,1,24,24,24,9,10,12,14,11,15,4,30,30,15,18,20,21,11,8,27,29,28,7,1,18,24,2024-25,0.3658536585365853,2025,2020s
1610612762,Utah Jazz,82,17,65,0.207,48.3,40.3,88.7,0.454,14.0,39.8,0.35,17.3,22.4,0.774,12.0,33.4,45.4,25.5,17.2,6.8,4.4,6.4,18.9,19.3,111.9,-9.3,1,30,30,30,9,25,20,22,10,6,22,8,10,22,8,11,5,20,30,30,24,30,18,4,21,28,110.2,119.4,-9.2,100.85,0.45,0.633,1.48,17.9,0.311,0.705,0.508,0.17,0.533,0.568,0.533,0.252,0.17,0.311,Utah Jazz,82,17,65,0.207,48.3,44.6,93.0,0.48,14.9,41.5,0.358,17.2,22.6,0.763,11.7,32.6,44.2,29.6,11.8,9.8,6.4,4.4,19.3,18.9,121.2,9.3,1,30,30,30,9,30,28,26,30,30,12,19,22,2,24,12,17,30,30,30,30,24,27,13,30,28,2024-25,0.2073170731707317,2025,2020s
1610612764,Washington Wizards,82,18,64,0.22,48.1,39.4,89.9,0.439,13.1,39.1,0.335,16.0,20.6,0.778,10.6,33.1,43.7,25.1,15.6,7.6,5.1,5.2,19.7,18.2,108.0,-12.4,1,29,29,29,23,27,12,28,17,9,29,25,25,16,21,15,18,25,27,23,11,21,24,21,27,30,105.8,118.0,-12.2,101.82,0.437,0.637,1.61,17.8,0.272,0.685,0.476,0.152,0.512,0.546,0.512,0.229,0.152,0.272,Washington Wizards,82,18,64,0.22,48.1,43.7,92.8,0.471,14.3,39.2,0.364,18.8,23.7,0.793,12.9,36.0,48.9,28.5,13.3,9.1,5.2,5.1,18.2,19.7,120.4,12.4,1,29,29,29,23,26,27,19,26,22,20,27,26,27,30,30,30,26,22,26,21,11,10,7,29,30,2024-25,0.2195121951219512,2025,2020s
1610612737,Atlanta Hawks,82,44,38,0.537,48.1,36.2,78.4,,6.1,,,16.4,21.1,,9.3,30.0,39.3,22.0,13.6,6.1,4.2,4.2,19.0,18.5,95.0,-0.8,1,13,13,13,28,23,25,12,17,16,18,29,29,6,29,20,28,12,9,29,28,5,1,29,26,16,,,,,,,,,,,,,,,,,,,,,,,,,,,,,,,,,,,,,,,,,,,,,,,,,,,,,,,,,,,,,,,,,,,,,,,,2010-11,,,
1610612738,Boston Celtics,82,56,26,0.683,48.2,36.9,75.8,,5.0,,,17.8,23.1,,7.8,31.0,38.8,23.4,14.6,8.2,4.2,4.4,20.5,20.2,96.5,5.4,1,6,6,6,20,20,30,1,26,28,12,20,22,11,30,13,29,4,22,3,27,10,15,22,23,6,,,,,,,,,,,,,,,,,,,,,,,,,,,,,,,,,,,,,,,,,,,,,,,,,,,,,,,,,,,,,,,,,,,,,,,,2010-11,,,
1610612766,Charlotte Bobcats,82,34,48,0.415,48.3,35.0,77.6,,4.8,,,18.4,24.4,,10.3,29.8,40.1,21.1,14.5,6.4,5.3,6.0,20.0,21.1,93.3,-4.0,1,22,22,22,18,29,28,22,27,26,29,13,12,21,21,22,24,18,21,28,8,29,8,13,29,24,,,,,,,,,,,,,,,,,,,,,,,,,,,,,,,,,,,,,,,,,,,,,,,,,,,,,,,,,,,,,,,,,,,,,,,,2010-11,,,
1610612741,Chicago Bulls,82,62,20,0.756,48.4,37.1,80.3,,6.2,,,18.2,24.5,,11.8,32.4,44.2,22.3,14.2,7.2,5.7,5.8,20.0,20.1,98.6,7.3,1,1,1,1,12,18,22,13,15,17,13,14,11,26,7,4,2,9,17,17,5,26,9,24,20,2,,,,,,,,,,,,,,,,,,,,,,,,,,,,,,,,,,,,,,,,,,,,,,,,,,,,,,,,,,,,,,,,,,,,,,,,2010-11,,,
1610612739,Cleveland Cavaliers,82,19,63,0.232,48.2,35.2,81.1,,6.2,,,18.9,25.3,,10.4,29.9,40.3,21.0,14.2,6.6,4.2,6.0,20.1,21.3,95.5,-9.0,1,29,29,29,27,28,13,29,16,13,23,8,8,24,19,21,22,20,18,26,28,28,12,10,25,30,,,,,,,,,,,,,,,,,,,,,,,,,,,,,,,,,,,,,,,,,,,,,,,,,,,,,,,,,,,,,,,,,,,,,,,,2010-11,,,
1610612742,Dallas Mavericks,82,57,25,0.695,48.1,37.4,78.8,,7.9,,,17.5,22.6,,9.5,31.9,41.4,23.8,14.0,6.8,4.3,3.7,19.2,20.1,100.2,4.2,1,4,4,4,29,13,24,5,8,5,11,24,27,8,28,6,14,2,12,23,24,2,4,23,11,8,,,,,,,,,,,,,,,,,,,,,,,,,,,,,,,,,,,,,,,,,,,,,,,,,,,,,,,,,,,,,,,,,,,,,,,,2010-11,,,
1610612743,Denver Nuggets,82,50,32,0.61,48.1,38.4,80.6,,8.1,,,22.7,29.6,,9.6,32.3,42.0,22.1,14.1,7.4,4.3,6.0,21.0,22.7,107.5,4.8,1,9,9,9,29,6,17,3,7,8,3,2,1,16,26,5,11,10,16,13,24,27,18,1,1,7,,,,,,,,,,,,,,,,,,,,,,,,,,,,,,,,,,,,,,,,,,,,,,,,,,,,,,,,,,,,,,,,,,,,,,,,2010-11,,,
1610612765,Detroit Pistons,82,30,52,0.366,48.5,37.3,81.1,,5.8,,,16.7,22.6,,11.4,27.3,38.6,21.1,13.0,7.3,4.0,4.6,19.9,18.8,97.0,-3.6,1,24,24,24,6,16,13,17,20,22,6,28,25,27,12,29,30,17,2,16,30,15,7,27,22,23,,,,,,,,,,,,,,,,,,,,,,,,,,,,,,,,,,,,,,,,,,,,,,,,,,,,,,,,,,,,,,,,,,,,,,,,2010-11,,,
1610612744,Golden State Warriors,82,36,46,0.439,48.4,39.6,85.9,,8.4,,,15.7,20.7,,11.6,28.9,40.5,22.5,14.6,9.0,5.0,4.3,22.0,18.4,103.4,-2.3,1,20,20,20,12,1,1,14,4,6,2,30,30,17,10,26,19,7,23,2,12,6,24,30,7,21,,,,,,,,,,,,,,,,,,,,,,,,,,,,,,,,,,,,,,,,,,,,,,,,,,,,,,,,,,,,,,,,,,,,,,,,2010-11,,,
1610612745,Houston Rockets,82,43,39,0.524,48.5,38.7,85.1,,8.3,,,20.3,25.4,,11.7,31.1,42.8,23.8,13.5,7.1,4.5,5.5,20.0,21.4,105.9,2.2,1,14,14,14,6,4,4,21,6,4,9,5,7,4,9,12,7,1,8,21,19,22,11,8,3,11,,,,,,,,,,,,,,,,,,,,,,,,,,,,,,,,,,,,,,,,,,,,,,,,,,,,,,,,,,,,,,,,,,,,,,,,2010-11,,,
1610612754,Indiana Pacers,82,37,45,0.451,48.2,36.6,82.8,,7.1,,,19.4,24.8,,11.1,32.4,43.5,19.6,15.4,7.1,5.6,5.7,21.7,21.4,99.8,-1.1,1,19,19,19,20,22,9,26,10,9,16,6,10,5,13,3,5,28,27,20,6,25,22,7,13,19,,,,,,,,,,,,,,,,,,,,,,,,,,,,,,,,,,,,,,,,,,,,,,,,,,,,,,,,,,,,,,,,,,,,,,,,2010-11,,,
1610612746,Los Angeles Clippers,82,32,50,0.39,48.4,36.8,80.4,,6.3,,,18.9,26.7,,11.6,30.5,42.1,22.1,16.4,7.1,4.9,4.9,21.1,22.1,98.6,-3.1,1,23,23,23,10,21,20,20,14,11,25,8,4,29,10,15,9,10,29,19,13,18,20,2,19,22,,,,,,,,,,,,,,,,,,,,,,,,,,,,,,,,,,,,,,,,,,,,,,,,,,,,,,,,,,,,,,,,,,,,,,,,2010-11,,,
1610612747,Los Angeles Lakers,82,57,25,0.695,48.4,38.1,82.4,,6.4,,,18.8,24.1,,12.1,31.9,44.0,22.0,13.1,7.3,5.1,4.5,19.0,20.7,101.5,6.1,1,4,4,4,12,10,11,11,12,14,17,10,17,7,5,7,3,13,5,14,10,11,2,18,9,3,,,,,,,,,,,,,,,,,,,,,,,,,,,,,,,,,,,,,,,,,,,,,,,,,,,,,,,,,,,,,,,,,,,,,,,,2010-11,,,
1610612763,Memphis Grizzlies,82,46,36,0.561,48.5,39.0,82.9,,3.8,,,18.1,24.2,,11.8,29.2,41.0,20.6,14.0,9.4,5.4,6.2,20.8,21.4,99.9,2.3,1,11,11,11,6,3,8,6,30,30,27,17,15,23,6,24,16,21,12,1,7,30,17,8,12,10,,,,,,,,,,,,,,,,,,,,,,,,,,,,,,,,,,,,,,,,,,,,,,,,,,,,,,,,,,,,,,,,,,,,,,,,2010-11,,,
1610612748,Miami Heat,82,58,24,0.707,48.2,37.0,76.8,,6.7,,,21.5,27.9,,9.6,32.5,42.1,20.0,13.9,6.6,5.2,3.0,20.4,21.8,102.1,7.5,1,3,3,3,20,19,29,2,11,15,7,3,3,12,27,2,9,26,11,26,9,1,14,5,8,1,,,,,,,,,,,,,,,,,,,,,,,,,,,,,,,,,,,,,,,,,,,,,,,,,,,,,,,,,,,,,,,,,,,,,,,,2010-11,,,
1610612749,Milwaukee Bucks,82,35,47,0.427,48.4,34.3,79.8,,5.9,,,17.4,22.9,,10.5,30.2,40.8,18.8,13.5,7.5,4.9,4.8,20.5,20.7,91.9,-0.8,1,21,21,21,12,30,23,30,19,18,24,27,23,20,18,16,18,30,7,11,14,16,16,19,30,17,,,,,,,,,,,,,,,,,,,,,,,,,,,,,,,,,,,,,,,,,,,,,,,,,,,,,,,,,,,,,,,,,,,,,,,,2010-11,,,
1610612750,Minnesota Timberwolves,82,17,65,0.207,48.2,37.7,85.5,,7.2,,,18.5,24.1,,13.2,31.2,44.4,20.1,17.0,7.2,5.1,5.5,22.3,20.9,101.1,-6.6,1,30,30,30,20,12,2,27,9,10,5,12,18,13,1,11,1,25,30,17,10,21,27,15,10,28,,,,,,,,,,,,,,,,,,,,,,,,,,,,,,,,,,,,,,,,,,,,,,,,,,,,,,,,,,,,,,,,,,,,,,,,2010-11,,,
1610612751,New Jersey Nets,82,24,58,0.293,48.8,35.6,81.0,,5.6,,,17.4,22.9,,11.1,29.8,40.8,21.0,14.0,5.6,4.7,4.6,22.0,20.0,94.2,-6.2,1,25,25,25,1,27,15,28,21,20,22,25,23,19,14,23,17,19,14,30,16,13,25,25,28,26,,,,,,,,,,,,,,,,,,,,,,,,,,,,,,,,,,,,,,,,,,,,,,,,,,,,,,,,,,,,,,,,,,,,,,,,2010-11,,,
1610612740,New Orleans Hornets,82,46,36,0.561,48.4,35.9,78.2,,5.4,,,17.7,23.1,,10.0,30.1,40.1,20.6,13.0,7.6,4.4,4.8,21.0,20.4,94.9,0.9,1,11,11,11,12,26,26,18,22,25,14,23,21,15,24,19,24,21,3,9,20,17,18,20,27,14,,,,,,,,,,,,,,,,,,,,,,,,,,,,,,,,,,,,,,,,,,,,,,,,,,,,,,,,,,,,,,,,,,,,,,,,2010-11,,,
1610612752,New York Knicks,82,42,40,0.512,48.2,38.3,83.7,,9.3,,,20.6,25.5,,10.3,30.1,40.5,21.4,13.7,7.6,5.8,4.4,21.3,20.8,106.5,0.8,1,15,15,15,20,8,6,19,2,2,8,4,6,2,22,18,20,15,10,8,4,9,21,16,2,15,,,,,,,,,,,,,,,,,,,,,,,,,,,,,,,,,,,,,,,,,,,,,,,,,,,,,,,,,,,,,,,,,,,,,,,,2010-11,,,
1610612760,Oklahoma City Thunder,82,55,27,0.671,48.8,37.4,80.6,,5.9,,,24.1,29.3,,11.0,31.8,42.8,20.4,14.1,8.0,5.9,4.3,22.4,21.5,104.8,3.8,1,7,7,7,1,14,18,10,18,19,19,1,2,1,15,8,8,24,15,6,2,7,28,6,5,9,,,,,,,,,,,,,,,,,,,,,,,,,,,,,,,,,,,,,,,,,,,,,,,,,,,,,,,,,,,,,,,,,,,,,,,,2010-11,,,
1610612753,Orlando Magic,82,52,30,0.634,48.4,36.0,78.2,,9.4,,,17.7,25.6,,10.5,32.7,43.2,20.0,14.9,6.7,4.7,3.8,20.0,21.8,99.2,5.5,1,8,8,8,12,24,27,16,1,1,10,22,5,30,17,1,6,27,25,24,16,3,10,4,16,5,,,,,,,,,,,,,,,,,,,,,,,,,,,,,,,,,,,,,,,,,,,,,,,,,,,,,,,,,,,,,,,,,,,,,,,,2010-11,,,
1610612755,Philadelphia 76ers,82,41,41,0.5,48.6,38.1,82.6,,5.4,,,17.4,22.6,,10.4,31.4,41.8,22.7,13.0,7.6,4.3,4.6,19.4,18.8,99.0,1.5,1,16,16,16,4,11,10,15,23,24,15,26,26,10,20,10,13,6,1,10,23,14,6,28,18,13,,,,,,,,,,,,,,,,,,,,,,,,,,,,,,,,,,,,,,,,,,,,,,,,,,,,,,,,,,,,,,,,,,,,,,,,2010-11,,,
1610612756,Phoenix Suns,82,40,42,0.488,48.8,39.3,83.5,,8.5,,,18.0,23.6,,10.0,30.2,40.2,23.7,14.3,6.6,4.4,4.3,20.3,21.2,105.0,-0.9,1,17,17,17,1,2,7,7,3,3,4,19,20,18,25,17,23,3,19,25,22,7,13,12,4,18,,,,,,,,,,,,,,,,,,,,,,,,,,,,,,,,,,,,,,,,,,,,,,,,,,,,,,,,,,,,,,,,,,,,,,,,2010-11,,,
1610612757,Portland Trail Blazers,82,48,34,0.585,48.3,36.0,80.5,,6.3,,,18.0,22.4,,12.1,27.2,39.3,21.2,13.0,8.0,4.4,4.1,19.3,21.3,96.3,1.5,1,10,10,10,18,25,19,24,13,12,21,18,28,3,4,30,27,16,4,5,21,4,5,11,24,12,,,,,,,,,,,,,,,,,,,,,,,,,,,,,,,,,,,,,,,,,,,,,,,,,,,,,,,,,,,,,,,,,,,,,,,,2010-11,,,
1610612758,Sacramento Kings,82,24,58,0.293,48.4,38.2,85.1,,5.2,,,17.7,24.2,,13.1,30.8,43.9,20.4,16.1,7.4,4.8,5.7,22.0,21.0,99.4,-5.3,1,25,25,25,10,9,3,23,25,21,26,21,15,28,2,14,4,23,28,12,15,24,23,14,15,25,,,,,,,,,,,,,,,,,,,,,,,,,,,,,,,,,,,,,,,,,,,,,,,,,,,,,,,,,,,,,,,,,,,,,,,,2010-11,,,
1610612759,San Antonio Spurs,82,61,21,0.744,48.2,38.4,80.8,,8.4,,,18.5,24.2,,10.1,31.7,41.9,22.4,13.4,7.3,4.5,4.6,19.0,20.7,103.7,5.7,1,2,2,2,20,5,16,4,4,7,1,11,14,14,23,9,12,8,6,14,18,12,3,17,6,4,,,,,,,,,,,,,,,,,,,,,,,,,,,,,,,,,,,,,,,,,,,,,,,,,,,,,,,,,,,,,,,,,,,,,,,,2010-11,,,
1610612761,Toronto Raptors,82,22,60,0.268,48.2,38.3,82.4,,4.2,,,18.2,24.1,,11.7,28.6,40.3,21.9,14.7,7.1,4.3,5.6,22.0,19.8,99.1,-6.3,1,28,28,28,20,7,12,8,29,29,30,15,19,22,8,27,21,14,24,21,26,23,25,26,17,27,,,,,,,,,,,,,,,,,,,,,,,,,,,,,,,,,,,,,,,,,,,,,,,,,,,,,,,,,,,,,,,,,,,,,,,,2010-11,,,
1610612762,Utah Jazz,82,39,43,0.476,48.5,37.4,80.4,,5.3,,,19.4,25.1,,11.0,28.5,39.5,23.4,14.3,7.7,5.9,5.0,22.7,22.0,99.4,-1.8,1,18,18,18,6,15,21,9,24,22,20,7,9,9,16,28,26,4,20,7,3,19,30,3,14,20,,,,,,,,,,,,,,,,,,,,,,,,,,,,,,,,,,,,,,,,,,,,,,,,,,,,,,,,,,,,,,,,,,,,,,,,2010-11,,,
1610612764,Washington Wizards,82,23,59,0.28,48.6,37.2,84.0,,4.8,,,18.2,24.4,,12.4,29.0,41.3,19.4,15.3,8.1,6.1,5.0,22.6,20.3,97.3,-7.4,1,27,27,27,4,17,5,25,28,27,28,16,12,25,3,25,15,29,26,4,1,20,29,21,21,29,,,,,,,,,,,,,,,,,,,,,,,,,,,,,,,,,,,,,,,,,,,,,,,,,,,,,,,,,,,,,,,,,,,,,,,,2010-11,,,
1610612737,Atlanta Hawks,82,60,22,0.732,48.1,38.1,81.7,,10.0,,,16.5,21.2,,8.7,31.8,40.6,25.7,14.2,9.1,4.6,4.9,17.8,19.6,102.5,5.4,1,2,2,2,26,10,27,4,5,7,2,19,24,5,30,22,28,2,16,5,15,18,1,20,10,4,,,,,,,,,,,,,,,,,,,,,,,,,,,,,,,,,,,,,,,,,,,,,,,,,,,,,,,,,,,,,,,,,,,,,,,,2014-15,,,
1610612738,Boston Celtics,82,40,42,0.488,48.5,38.9,87.9,,8.0,,,15.4,20.5,,11.1,32.7,43.8,24.5,13.8,8.2,3.6,5.3,21.2,18.8,101.4,0.2,1,16,16,16,8,5,1,21,13,13,27,28,27,14,12,11,13,4,10,8,30,21,20,26,13,18,,,,,,,,,,,,,,,,,,,,,,,,,,,,,,,,,,,,,,,,,,,,,,,,,,,,,,,,,,,,,,,,,,,,,,,,2014-15,,,
1610612751,Brooklyn Nets,82,38,44,0.463,48.6,37.4,83.0,,6.6,,,16.6,22.2,,10.3,32.0,42.4,20.9,13.8,7.0,4.1,4.5,19.3,20.0,98.0,-2.9,1,18,18,18,3,18,17,16,24,20,26,18,18,20,24,17,22,20,10,23,25,11,11,18,21,22,,,,,,,,,,,,,,,,,,,,,,,,,,,,,,,,,,,,,,,,,,,,,,,,,,,,,,,,,,,,,,,,,,,,,,,,2014-15,,,
1610612766,Charlotte Hornets,82,33,49,0.402,48.5,35.5,84.5,,6.1,,,17.0,22.8,,10.0,34.1,44.1,20.2,11.9,6.1,5.5,5.4,18.2,20.8,94.2,-3.2,1,22,22,22,6,26,10,29,26,24,30,13,15,19,26,6,10,28,1,30,7,23,2,9,28,23,,,,,,,,,,,,,,,,,,,,,,,,,,,,,,,,,,,,,,,,,,,,,,,,,,,,,,,,,,,,,,,,,,,,,,,,2014-15,,,
1610612741,Chicago Bulls,82,50,32,0.61,48.5,36.6,82.9,,7.9,,,19.7,25.2,,11.7,34.0,45.7,21.7,14.0,6.3,5.8,5.4,18.2,21.2,100.8,3.0,1,9,9,9,8,23,18,22,15,16,10,3,4,3,6,7,3,14,12,28,5,25,4,6,15,10,,,,,,,,,,,,,,,,,,,,,,,,,,,,,,,,,,,,,,,,,,,,,,,,,,,,,,,,,,,,,,,,,,,,,,,,2014-15,,,
1610612739,Cleveland Cavaliers,82,53,29,0.646,48.2,37.7,82.2,,10.1,,,17.7,23.6,,11.1,31.9,43.0,22.1,14.3,7.4,4.1,4.5,18.4,20.5,103.1,4.5,1,7,7,7,23,15,24,8,4,2,5,9,12,18,11,21,18,10,17,19,25,10,5,11,8,5,,,,,,,,,,,,,,,,,,,,,,,,,,,,,,,,,,,,,,,,,,,,,,,,,,,,,,,,,,,,,,,,,,,,,,,,2014-15,,,
1610612742,Dallas Mavericks,82,50,32,0.61,48.5,39.7,85.8,,8.9,,,16.9,22.5,,10.5,31.8,42.3,22.5,13.0,8.1,4.5,3.8,20.0,22.1,105.2,2.9,1,9,9,9,8,2,8,5,7,8,13,15,16,16,20,23,23,8,4,10,20,4,15,2,3,11,,,,,,,,,,,,,,,,,,,,,,,,,,,,,,,,,,,,,,,,,,,,,,,,,,,,,,,,,,,,,,,,,,,,,,,,2014-15,,,
1610612743,Denver Nuggets,82,30,52,0.366,48.5,37.8,87.3,,8.0,,,17.8,24.3,,12.3,32.4,44.7,21.8,14.2,7.8,4.5,6.1,23.0,20.7,101.5,-3.5,1,24,24,24,8,13,2,26,13,12,28,8,8,24,3,12,7,13,15,14,21,29,30,10,12,24,,,,,,,,,,,,,,,,,,,,,,,,,,,,,,,,,,,,,,,,,,,,,,,,,,,,,,,,,,,,,,,,,,,,,,,,2014-15,,,
1610612765,Detroit Pistons,82,32,50,0.39,48.4,37.1,85.8,,8.6,,,15.8,22.4,,12.8,32.1,44.9,21.6,13.4,7.6,4.7,4.8,19.0,19.3,98.5,-1.0,1,23,23,23,18,20,6,27,9,11,18,26,17,29,2,16,4,16,8,16,13,15,7,24,18,20,,,,,,,,,,,,,,,,,,,,,,,,,,,,,,,,,,,,,,,,,,,,,,,,,,,,,,,,,,,,,,,,,,,,,,,,2014-15,,,
1610612744,Golden State Warriors,82,67,15,0.817,48.1,41.6,87.0,,10.8,,,16.0,20.8,,10.4,34.3,44.7,27.4,14.5,9.3,6.0,3.6,19.9,18.8,110.0,10.1,1,1,1,1,26,1,3,1,2,4,1,23,26,9,23,4,6,1,18,4,2,2,13,27,1,1,,,,,,,,,,,,,,,,,,,,,,,,,,,,,,,,,,,,,,,,,,,,,,,,,,,,,,,,,,,,,,,,,,,,,,,,2014-15,,,
1610612745,Houston Rockets,82,56,26,0.683,48.3,37.0,83.3,,11.4,,,18.6,26.0,,11.7,32.0,43.7,22.2,16.7,9.5,5.0,5.3,22.0,21.1,103.9,3.4,1,3,3,3,20,21,12,20,1,1,14,5,2,27,7,18,14,9,28,3,10,22,27,7,6,7,,,,,,,,,,,,,,,,,,,,,,,,,,,,,,,,,,,,,,,,,,,,,,,,,,,,,,,,,,,,,,,,,,,,,,,,2014-15,,,
1610612754,Indiana Pacers,82,38,44,0.463,48.4,36.6,83.2,,7.5,,,16.7,22.2,,10.4,34.4,44.9,21.4,14.0,6.2,4.6,4.7,21.2,21.4,97.3,0.3,1,18,18,18,13,24,15,23,17,18,12,16,18,13,21,3,5,18,14,29,17,14,22,4,24,16,,,,,,,,,,,,,,,,,,,,,,,,,,,,,,,,,,,,,,,,,,,,,,,,,,,,,,,,,,,,,,,,,,,,,,,,2014-15,,,
1610612746,Los Angeles Clippers,82,56,26,0.683,48.1,39.4,83.3,,10.1,,,17.9,25.2,,9.6,33.1,42.6,24.8,12.3,7.8,5.0,3.0,21.3,21.5,106.7,6.6,1,3,3,3,26,3,13,2,3,5,3,7,4,28,28,10,20,3,2,15,9,1,24,3,2,2,,,,,,,,,,,,,,,,,,,,,,,,,,,,,,,,,,,,,,,,,,,,,,,,,,,,,,,,,,,,,,,,,,,,,,,,2014-15,,,
1610612747,Los Angeles Lakers,82,21,61,0.256,48.6,37.2,85.6,,6.5,,,17.5,23.6,,11.6,32.3,43.9,20.9,13.2,7.0,4.5,4.8,21.2,19.4,98.5,-6.8,1,27,27,27,3,19,9,25,25,25,17,12,11,23,8,13,12,21,5,22,22,17,21,23,19,27,,,,,,,,,,,,,,,,,,,,,,,,,,,,,,,,,,,,,,,,,,,,,,,,,,,,,,,,,,,,,,,,,,,,,,,,2014-15,,,
1610612763,Memphis Grizzlies,82,55,27,0.671,48.5,37.8,82.5,,5.2,,,17.6,22.8,,10.4,32.1,42.6,21.7,13.3,8.5,4.2,5.2,19.1,20.3,98.3,3.2,1,5,5,5,6,14,23,9,29,29,22,10,14,7,21,15,21,15,7,6,24,20,9,15,20,8,,,,,,,,,,,,,,,,,,,,,,,,,,,,,,,,,,,,,,,,,,,,,,,,,,,,,,,,,,,,,,,,,,,,,,,,2014-15,,,
1610612748,Miami Heat,82,37,45,0.451,48.1,35.2,77.2,,6.8,,,17.5,23.7,,9.1,30.0,39.1,19.8,14.8,7.8,4.5,4.4,20.0,20.9,94.7,-2.6,1,21,21,21,26,28,30,11,21,19,24,11,10,22,29,28,30,30,21,13,18,8,14,8,27,21,,,,,,,,,,,,,,,,,,,,,,,,,,,,,,,,,,,,,,,,,,,,,,,,,,,,,,,,,,,,,,,,,,,,,,,,2014-15,,,
1610612749,Milwaukee Bucks,82,41,41,0.5,48.6,37.6,82.0,,6.6,,,16.0,21.1,,10.7,31.4,42.1,23.6,16.7,9.6,4.9,4.8,22.1,20.1,97.8,0.4,1,15,15,15,3,16,26,7,23,26,7,24,25,12,17,25,24,7,29,1,11,16,28,17,22,15,,,,,,,,,,,,,,,,,,,,,,,,,,,,,,,,,,,,,,,,,,,,,,,,,,,,,,,,,,,,,,,,,,,,,,,,2014-15,,,
1610612750,Minnesota Timberwolves,82,16,66,0.195,48.3,36.4,83.2,,5.0,,,20.0,25.7,,11.6,29.3,40.9,21.6,15.0,8.1,4.0,5.5,19.2,21.4,97.8,-8.8,1,30,30,30,20,25,16,24,30,30,25,2,3,6,9,30,27,16,23,9,27,26,10,5,23,28,,,,,,,,,,,,,,,,,,,,,,,,,,,,,,,,,,,,,,,,,,,,,,,,,,,,,,,,,,,,,,,,,,,,,,,,2014-15,,,
1610612740,New Orleans Pelicans,82,45,37,0.549,48.2,37.9,82.9,,7.1,,,16.4,21.8,,11.5,32.0,43.5,22.0,13.3,6.7,6.2,5.8,18.7,18.7,99.4,0.8,1,13,13,13,23,11,19,10,19,23,4,20,20,17,10,19,16,11,6,25,1,28,6,29,16,13,,,,,,,,,,,,,,,,,,,,,,,,,,,,,,,,,,,,,,,,,,,,,,,,,,,,,,,,,,,,,,,,,,,,,,,,2014-15,,,
1610612752,New York Knicks,82,17,65,0.207,48.4,35.1,82.0,,6.8,,,14.8,19.2,,10.6,29.8,40.4,21.3,14.7,7.0,4.7,4.3,21.6,19.1,91.9,-9.3,1,29,29,29,13,29,25,28,20,21,15,29,29,8,18,29,29,19,20,24,14,7,25,25,30,30,,,,,,,,,,,,,,,,,,,,,,,,,,,,,,,,,,,,,,,,,,,,,,,,,,,,,,,,,,,,,,,,,,,,,,,,2014-15,,,
1610612760,Oklahoma City Thunder,82,45,37,0.549,48.4,38.8,86.8,,7.7,,,18.6,24.6,,12.8,34.7,47.5,20.5,14.7,7.3,5.5,4.6,22.3,20.4,104.0,2.2,1,13,13,13,18,6,4,18,16,14,23,6,6,15,1,2,1,25,19,21,6,12,29,12,5,12,,,,,,,,,,,,,,,,,,,,,,,,,,,,,,,,,,,,,,,,,,,,,,,,,,,,,,,,,,,,,,,,,,,,,,,,2014-15,,,
1610612753,Orlando Magic,82,25,57,0.305,48.2,37.5,82.8,,6.8,,,13.9,19.1,,10.0,31.8,41.8,20.6,14.9,7.9,3.8,5.4,20.9,17.9,95.7,-5.7,1,26,26,26,25,17,20,14,22,22,16,30,30,25,25,24,25,23,22,12,29,24,19,30,25,26,,,,,,,,,,,,,,,,,,,,,,,,,,,,,,,,,,,,,,,,,,,,,,,,,,,,,,,,,,,,,,,,,,,,,,,,2014-15,,,
1610612755,Philadelphia 76ers,82,18,64,0.22,48.3,33.7,82.6,,8.4,,,16.1,23.8,,11.9,30.9,42.9,20.5,17.7,9.6,5.9,5.5,21.7,20.2,92.0,-9.0,1,28,28,28,20,30,22,30,11,6,29,22,9,30,5,26,19,24,30,1,4,27,26,16,29,29,,,,,,,,,,,,,,,,,,,,,,,,,,,,,,,,,,,,,,,,,,,,,,,,,,,,,,,,,,,,,,,,,,,,,,,,2014-15,,,
1610612756,Phoenix Suns,82,39,43,0.476,48.5,38.8,85.8,,8.5,,,16.4,21.5,,10.9,32.2,43.2,20.2,15.1,8.5,4.7,4.1,21.3,20.3,102.4,-0.9,1,17,17,17,8,7,6,15,10,10,21,21,21,11,13,14,17,27,25,6,12,5,23,14,11,19,,,,,,,,,,,,,,,,,,,,,,,,,,,,,,,,,,,,,,,,,,,,,,,,,,,,,,,,,,,,,,,,,,,,,,,,2014-15,,,
1610612757,Portland Trail Blazers,82,51,31,0.622,48.4,38.7,86.0,,9.8,,,15.5,19.4,,10.7,35.1,45.9,21.9,13.6,6.4,4.5,3.6,18.2,18.7,102.8,4.2,1,8,8,8,13,8,5,17,6,3,8,27,28,1,16,1,2,12,9,27,18,3,2,28,9,6,,,,,,,,,,,,,,,,,,,,,,,,,,,,,,,,,,,,,,,,,,,,,,,,,,,,,,,,,,,,,,,,,,,,,,,,2014-15,,,
1610612758,Sacramento Kings,82,29,53,0.354,48.4,36.7,80.7,,5.6,,,22.3,29.3,,10.9,33.3,44.2,20.3,16.3,6.7,4.0,6.2,20.7,23.9,101.3,-3.7,1,25,25,25,13,22,28,13,28,28,20,1,1,10,14,9,9,26,27,26,28,30,16,1,14,25,,,,,,,,,,,,,,,,,,,,,,,,,,,,,,,,,,,,,,,,,,,,,,,,,,,,,,,,,,,,,,,,,,,,,,,,2014-15,,,
1610612759,San Antonio Spurs,82,55,27,0.671,48.7,39.1,83.6,,8.3,,,16.7,21.4,,9.8,33.8,43.6,24.4,14.0,8.0,5.4,4.4,19.1,19.7,103.2,6.2,1,5,5,5,1,4,11,3,12,15,6,17,23,4,27,8,15,5,13,11,8,9,8,19,7,3,,,,,,,,,,,,,,,,,,,,,,,,,,,,,,,,,,,,,,,,,,,,,,,,,,,,,,,,,,,,,,,,,,,,,,,,2014-15,,,
1610612761,Toronto Raptors,82,49,33,0.598,48.4,37.9,83.3,,8.9,,,19.3,24.6,,10.7,30.8,41.5,20.7,12.9,7.5,4.4,5.0,20.9,20.3,104.0,3.1,1,11,11,11,13,11,14,12,8,9,11,4,7,2,15,27,26,22,3,18,23,19,18,13,4,9,,,,,,,,,,,,,,,,,,,,,,,,,,,,,,,,,,,,,,,,,,,,,,,,,,,,,,,,,,,,,,,,,,,,,,,,2014-15,,,
1610612762,Utah Jazz,82,38,44,0.463,48.1,35.4,79.2,,7.4,,,17.0,23.5,,12.0,31.9,44.0,19.9,15.3,7.6,6.0,4.7,19.3,19.6,95.1,0.2,1,18,18,18,30,27,29,19,18,17,19,14,13,26,4,20,11,29,26,16,3,13,12,22,26,17,,,,,,,,,,,,,,,,,,,,,,,,,,,,,,,,,,,,,,,,,,,,,,,,,,,,,,,,,,,,,,,,,,,,,,,,2014-15,,,
1610612764,Washington Wizards,82,46,36,0.561,48.7,38.3,82.8,,6.1,,,15.9,21.4,,10.5,34.2,44.7,24.0,15.0,7.3,4.6,4.3,20.8,19.6,98.5,0.7,1,12,12,12,1,9,21,6,27,27,9,25,22,21,19,5,8,6,24,20,16,6,17,21,17,14,,,,,,,,,,,,,,,,,,,,,,,,,,,,,,,,,,,,,,,,,,,,,,,,,,,,,,,,,,,,,,,,,,,,,,,,2014-15,,,
