Team,SEASON,YEAR,ERA,GP,W,L,WIN_PCT,ORtg,DRtg,NRtg,eFG%,TS%,3PA,3P%,FG3M,Pace,AST%,AST_TO,AST_RATIO,TOV%,ORB%,DRB%,REB_PCT,FTA_RATE,PIE,PTS,FG%,FT%,OPP_OPP_PTS,OPP_OPP_FG_PCT
Atlanta Hawks,1996-97,1997,1990s,82,56,26,0.6829268292682927,106.4,100.3,6.2,0.498,0.542,22.4,0.36,8.0,88.54,0.554,1.27,15.5,0.168,0.334,0.67,0.505,0.31,0.539,94.8,0.446,0.763,89.4,0.435
Boston Celtics,1996-97,1997,1990s,82,15,67,0.1829268292682926,102.9,110.1,-7.2,0.474,0.52,16.2,0.351,5.7,96.78,0.584,1.34,16.1,0.167,0.329,0.658,0.482,0.316,0.434,100.6,0.44,0.75,107.9,0.503
Charlotte Hornets,1996-97,1997,1990s,82,54,28,0.6585365853658537,109.1,107.1,2.1,0.518,0.562,16.9,0.428,7.2,90.04,0.676,1.68,19.2,0.162,0.316,0.661,0.495,0.313,0.528,98.9,0.471,0.777,97.0,0.46
Chicago Bulls,1996-97,1997,1990s,82,69,13,0.8414634146341463,112.4,100.7,11.8,0.511,0.547,17.1,0.373,6.4,91.5,0.654,1.93,19.4,0.147,0.374,0.67,0.524,0.267,0.586,103.1,0.473,0.747,92.3,0.436
Cleveland Cavaliers,1996-97,1997,1990s,82,42,40,0.5121951219512195,102.7,100.8,1.9,0.493,0.531,15.7,0.376,5.9,84.31,0.634,1.44,17.5,0.17,0.322,0.681,0.499,0.297,0.512,87.5,0.453,0.723,85.6,0.441
Dallas Mavericks,1996-97,1997,1990s,82,24,58,0.2926829268292683,99.5,106.0,-6.5,0.469,0.509,16.0,0.326,5.2,90.65,0.591,1.26,16.0,0.177,0.332,0.65,0.488,0.297,0.448,90.6,0.436,0.717,97.0,0.458
Denver Nuggets,1996-97,1997,1990s,82,21,61,0.2560975609756097,103.1,109.7,-6.6,0.486,0.53,20.9,0.372,7.8,93.67,0.644,1.39,17.4,0.175,0.324,0.666,0.496,0.298,0.461,97.8,0.439,0.761,104.1,0.467
Detroit Pistons,1996-97,1997,1990s,82,54,28,0.6585365853658537,108.5,102.6,5.9,0.512,0.554,18.3,0.388,7.1,86.09,0.55,1.49,16.1,0.146,0.302,0.675,0.492,0.327,0.53,94.2,0.464,0.745,88.9,0.444
Golden State Warriors,1996-97,1997,1990s,82,30,52,0.3658536585365853,105.3,110.3,-5.0,0.493,0.543,16.6,0.353,5.9,93.58,0.608,1.29,16.8,0.182,0.347,0.648,0.497,0.332,0.464,99.6,0.456,0.778,104.4,0.475
Houston Rockets,1996-97,1997,1990s,82,57,25,0.6951219512195121,107.5,102.8,4.7,0.52,0.56,22.4,0.365,8.2,92.73,0.663,1.47,18.7,0.178,0.318,0.692,0.514,0.307,0.536,100.6,0.468,0.755,96.1,0.443
Indiana Pacers,1996-97,1997,1990s,82,39,43,0.4756097560975609,104.2,102.9,1.3,0.49,0.537,13.8,0.381,5.2,90.44,0.614,1.31,16.8,0.178,0.338,0.668,0.506,0.374,0.504,95.4,0.456,0.722,94.4,0.44
Los Angeles Clippers,1996-97,1997,1990s,82,36,46,0.4390243902439024,103.5,106.2,-2.8,0.482,0.524,16.3,0.354,5.8,92.65,0.556,1.27,15.6,0.17,0.339,0.654,0.492,0.31,0.475,97.2,0.446,0.731,99.5,0.462
Los Angeles Lakers,1996-97,1997,1990s,82,56,26,0.6829268292682927,106.4,102.3,4.2,0.496,0.535,18.3,0.367,6.7,92.61,0.611,1.51,17.0,0.159,0.343,0.658,0.501,0.351,0.53,100.0,0.454,0.692,95.7,0.441
Miami Heat,1996-97,1997,1990s,82,61,21,0.7439024390243902,105.2,99.2,6.0,0.507,0.546,22.7,0.364,8.3,89.54,0.615,1.33,16.9,0.177,0.324,0.678,0.504,0.324,0.536,94.8,0.453,0.719,89.3,0.432
Milwaukee Bucks,1996-97,1997,1990s,82,33,49,0.4024390243902439,104.7,106.7,-2.0,0.496,0.541,11.2,0.352,4.0,90.85,0.543,1.25,15.8,0.172,0.329,0.669,0.501,0.334,0.477,95.3,0.471,0.741,97.2,0.472
Minnesota Timberwolves,1996-97,1997,1990s,82,40,42,0.4878048780487805,103.9,105.5,-1.7,0.485,0.533,13.3,0.339,4.5,92.04,0.638,1.51,17.7,0.164,0.323,0.649,0.488,0.339,0.501,96.1,0.456,0.751,97.6,0.45
New Jersey Nets,1996-97,1997,1990s,82,26,56,0.3170731707317073,102.4,107.2,-4.8,0.456,0.499,16.7,0.353,5.9,94.47,0.576,1.34,15.5,0.166,0.376,0.669,0.513,0.286,0.457,97.2,0.422,0.74,101.8,0.464
New York Knicks,1996-97,1997,1990s,82,57,25,0.6951219512195121,102.9,99.5,3.4,0.501,0.546,15.8,0.363,5.7,91.84,0.628,1.24,17.2,0.192,0.323,0.7,0.519,0.34,0.537,95.4,0.463,0.748,92.2,0.425
Orlando Magic,1996-97,1997,1990s,82,45,37,0.5487804878048781,103.8,104.2,-0.5,0.481,0.524,20.3,0.341,6.9,89.88,0.595,1.35,16.3,0.168,0.336,0.651,0.49,0.304,0.486,94.1,0.437,0.746,94.5,0.46
Philadelphia 76ers,1996-97,1997,1990s,82,22,60,0.2682926829268293,102.6,109.5,-6.9,0.47,0.518,16.5,0.319,5.3,97.05,0.564,1.18,15.2,0.179,0.359,0.654,0.504,0.358,0.453,100.2,0.438,0.725,106.7,0.47
Phoenix Suns,1996-97,1997,1990s,82,40,42,0.4878048780487805,108.0,107.1,0.9,0.508,0.552,17.4,0.369,6.4,94.46,0.658,1.75,18.9,0.151,0.297,0.663,0.482,0.317,0.509,102.8,0.469,0.761,102.2,0.467
Portland Trail Blazers,1996-97,1997,1990s,82,49,33,0.5975609756097561,106.3,102.1,4.2,0.503,0.544,17.1,0.358,6.1,92.17,0.57,1.26,16.1,0.178,0.358,0.691,0.527,0.35,0.527,99.0,0.464,0.713,94.8,0.436
Sacramento Kings,1996-97,1997,1990s,82,34,48,0.4146341463414634,102.7,107.0,-4.3,0.485,0.526,12.9,0.391,5.0,92.68,0.598,1.34,16.8,0.174,0.348,0.661,0.502,0.313,0.47,96.4,0.454,0.723,99.8,0.462
San Antonio Spurs,1996-97,1997,1990s,82,20,62,0.2439024390243902,102.1,110.8,-8.8,0.472,0.512,14.4,0.32,4.6,88.45,0.588,1.34,16.3,0.171,0.344,0.643,0.49,0.302,0.44,90.5,0.442,0.719,98.3,0.471
Seattle SuperSonics,1996-97,1997,1990s,82,57,25,0.6951219512195121,109.6,101.0,8.5,0.51,0.557,19.3,0.353,6.8,91.68,0.644,1.57,18.1,0.163,0.341,0.657,0.5,0.358,0.562,100.9,0.467,0.752,93.2,0.441
Toronto Raptors,1996-97,1997,1990s,82,30,52,0.3658536585365853,102.9,106.4,-3.5,0.481,0.521,19.8,0.363,7.2,92.03,0.592,1.27,16.1,0.177,0.35,0.657,0.498,0.303,0.467,95.5,0.437,0.72,98.6,0.465
Utah Jazz,1996-97,1997,1990s,82,64,18,0.7804878048780488,112.4,102.6,9.8,0.531,0.581,11.0,0.37,4.1,91.1,0.702,1.75,20.4,0.167,0.328,0.687,0.518,0.389,0.59,103.1,0.504,0.769,94.3,0.438
Vancouver Grizzlies,1996-97,1997,1990s,82,14,68,0.1707317073170731,99.1,110.1,-11.0,0.471,0.507,15.5,0.349,5.4,89.7,0.661,1.43,17.9,0.176,0.325,0.618,0.469,0.269,0.433,89.2,0.437,0.709,99.4,0.472
Washington Bullets,1996-97,1997,1990s,82,44,38,0.5365853658536586,105.2,103.7,1.5,0.505,0.54,12.2,0.331,4.0,93.52,0.599,1.49,17.7,0.167,0.326,0.676,0.503,0.296,0.525,99.4,0.48,0.707,97.7,0.454
Atlanta Hawks,1997-98,1998,1990s,82,50,32,0.6097560975609756,106.5,102.5,4.0,0.481,0.533,12.4,0.332,4.1,89.1,0.543,1.29,15.3,0.165,0.356,0.669,0.518,0.364,0.532,95.9,0.455,0.756,92.3,0.442
Boston Celtics,1997-98,1998,1990s,82,36,46,0.4390243902439024,100.8,103.5,-2.7,0.464,0.504,15.2,0.332,5.1,94.9,0.603,1.37,16.5,0.171,0.352,0.642,0.484,0.283,0.457,95.9,0.434,0.726,98.5,0.479
Charlotte Hornets,1997-98,1998,1990s,82,51,31,0.6219512195121951,105.5,103.3,2.2,0.495,0.542,11.0,0.383,4.2,91.13,0.654,1.56,18.3,0.166,0.326,0.691,0.51,0.345,0.526,96.6,0.468,0.751,94.6,0.464
Chicago Bulls,1997-98,1998,1990s,82,62,20,0.7560975609756098,106.2,98.4,7.8,0.473,0.516,11.7,0.323,3.8,90.3,0.637,1.66,18.0,0.158,0.381,0.676,0.527,0.295,0.56,96.7,0.451,0.743,89.6,0.431
Cleveland Cavaliers,1997-98,1998,1990s,82,47,35,0.573170731707317,100.3,97.5,2.8,0.478,0.529,9.8,0.372,3.6,91.43,0.672,1.33,17.8,0.188,0.33,0.678,0.508,0.352,0.528,92.5,0.454,0.756,89.8,0.433
Dallas Mavericks,1997-98,1998,1990s,82,20,62,0.2439024390243902,98.9,105.2,-6.3,0.458,0.498,14.4,0.357,5.1,91.47,0.533,1.3,14.9,0.156,0.306,0.632,0.466,0.257,0.446,91.4,0.427,0.753,97.5,0.46
Denver Nuggets,1997-98,1998,1990s,82,11,71,0.1341463414634146,97.4,110.6,-13.2,0.44,0.496,10.9,0.323,3.5,91.06,0.578,1.18,15.0,0.175,0.337,0.639,0.482,0.335,0.407,89.0,0.418,0.772,100.8,0.473
Detroit Pistons,1997-98,1998,1990s,82,37,45,0.4512195121951219,103.4,101.8,1.6,0.472,0.523,11.4,0.312,3.6,89.75,0.558,1.33,15.5,0.16,0.332,0.668,0.5,0.359,0.505,94.2,0.449,0.745,92.6,0.445
Golden State Warriors,1997-98,1998,1990s,82,19,63,0.2317073170731707,93.9,103.5,-9.6,0.427,0.468,8.5,0.272,2.3,93.31,0.6,1.25,15.7,0.178,0.356,0.664,0.505,0.278,0.423,88.3,0.413,0.71,97.4,0.444
Houston Rockets,1997-98,1998,1990s,82,41,41,0.5,105.9,106.8,-0.9,0.496,0.544,20.4,0.343,7.0,92.52,0.611,1.39,16.9,0.17,0.324,0.672,0.499,0.326,0.49,98.8,0.452,0.771,99.5,0.469
Indiana Pacers,1997-98,1998,1990s,82,58,24,0.7073170731707317,106.3,99.5,6.8,0.502,0.55,12.5,0.39,4.9,89.69,0.647,1.62,18.3,0.158,0.305,0.657,0.49,0.343,0.553,96.0,0.469,0.764,89.9,0.432
Los Angeles Clippers,1997-98,1998,1990s,82,17,65,0.2073170731707317,101.8,109.6,-7.7,0.477,0.518,17.9,0.358,6.4,93.74,0.523,1.16,14.6,0.171,0.33,0.638,0.481,0.306,0.437,95.9,0.438,0.723,103.3,0.474
Los Angeles Lakers,1997-98,1998,1990s,82,61,21,0.7439024390243902,110.4,102.3,8.1,0.519,0.559,17.3,0.351,6.1,94.85,0.639,1.6,18.1,0.16,0.339,0.656,0.503,0.42,0.558,105.5,0.481,0.679,97.8,0.439
Miami Heat,1997-98,1998,1990s,82,55,27,0.6707317073170732,105.7,100.5,5.2,0.494,0.538,18.8,0.355,6.7,89.35,0.617,1.43,17.0,0.166,0.339,0.669,0.508,0.329,0.535,95.0,0.45,0.739,90.0,0.428
Milwaukee Bucks,1997-98,1998,1990s,82,36,46,0.4390243902439024,101.5,103.7,-2.2,0.475,0.527,8.6,0.354,3.0,91.9,0.565,1.19,15.7,0.181,0.34,0.664,0.501,0.339,0.483,94.5,0.456,0.767,96.4,0.461
Minnesota Timberwolves,1997-98,1998,1990s,82,45,37,0.5487804878048781,106.4,105.5,0.8,0.483,0.529,10.6,0.347,3.7,93.89,0.655,1.82,18.6,0.146,0.333,0.657,0.497,0.329,0.515,101.1,0.461,0.743,100.4,0.448
New Jersey Nets,1997-98,1998,1990s,82,43,39,0.524390243902439,105.8,104.3,1.5,0.463,0.513,11.4,0.331,3.8,93.16,0.552,1.43,15.3,0.153,0.383,0.65,0.508,0.339,0.497,99.6,0.441,0.744,98.1,0.471
New York Knicks,1997-98,1998,1990s,82,43,39,0.524390243902439,101.5,98.8,2.7,0.476,0.521,13.9,0.335,4.7,89.53,0.624,1.43,17.3,0.169,0.319,0.703,0.512,0.283,0.517,91.6,0.447,0.772,89.1,0.428
Orlando Magic,1997-98,1998,1990s,82,41,41,0.5,101.0,102.2,-1.2,0.452,0.499,11.1,0.323,3.6,88.51,0.611,1.35,16.3,0.172,0.37,0.646,0.505,0.331,0.489,90.1,0.429,0.726,91.2,0.454
Philadelphia 76ers,1997-98,1998,1990s,82,31,51,0.3780487804878049,101.1,103.3,-2.3,0.462,0.514,9.9,0.3,3.0,92.11,0.609,1.28,16.3,0.179,0.341,0.66,0.499,0.367,0.478,93.3,0.443,0.737,95.7,0.451
Phoenix Suns,1997-98,1998,1990s,82,56,26,0.6829268292682927,106.3,100.6,5.6,0.5,0.54,14.8,0.356,5.3,92.47,0.677,1.72,19.3,0.161,0.321,0.664,0.497,0.29,0.547,99.6,0.468,0.749,94.4,0.442
Portland Trail Blazers,1997-98,1998,1990s,82,46,36,0.5609756097560976,102.4,100.8,1.6,0.476,0.524,12.8,0.309,4.0,91.46,0.612,1.28,16.6,0.183,0.355,0.685,0.525,0.348,0.512,94.3,0.451,0.737,92.9,0.431
Sacramento Kings,1997-98,1998,1990s,82,27,55,0.3292682926829268,99.1,105.0,-5.9,0.464,0.502,9.8,0.351,3.5,93.78,0.621,1.44,17.0,0.165,0.328,0.643,0.483,0.314,0.458,93.1,0.442,0.687,98.7,0.457
San Antonio Spurs,1997-98,1998,1990s,82,56,26,0.6829268292682927,102.4,98.0,4.4,0.493,0.531,10.5,0.35,3.7,89.65,0.635,1.4,17.7,0.178,0.326,0.696,0.524,0.35,0.551,92.5,0.468,0.688,88.5,0.411
Seattle SuperSonics,1997-98,1998,1990s,82,61,21,0.7439024390243902,110.1,102.3,7.9,0.521,0.558,19.2,0.395,7.6,90.96,0.651,1.73,18.7,0.153,0.321,0.635,0.481,0.327,0.544,100.6,0.473,0.721,93.4,0.446
Toronto Raptors,1997-98,1998,1990s,82,16,66,0.1951219512195122,99.4,108.9,-9.5,0.462,0.504,13.2,0.343,4.5,94.36,0.589,1.27,16.0,0.175,0.339,0.602,0.466,0.302,0.431,94.9,0.435,0.718,104.2,0.479
Utah Jazz,1997-98,1998,1990s,82,62,20,0.7560975609756098,110.9,103.8,7.2,0.51,0.569,8.2,0.372,3.0,90.55,0.692,1.64,19.4,0.169,0.352,0.684,0.529,0.433,0.571,101.0,0.49,0.773,94.4,0.439
Vancouver Grizzlies,1997-98,1998,1990s,82,19,63,0.2317073170731707,102.4,110.2,-7.8,0.482,0.527,11.0,0.362,4.0,93.6,0.652,1.4,17.9,0.182,0.34,0.652,0.496,0.327,0.452,96.6,0.458,0.739,103.9,0.475
Washington Wizards,1997-98,1998,1990s,82,42,40,0.5121951219512195,103.9,103.2,0.7,0.476,0.513,11.5,0.339,3.9,92.98,0.617,1.64,17.5,0.151,0.339,0.673,0.501,0.317,0.507,97.2,0.452,0.691,96.6,0.455
Atlanta Hawks,1998-99,1999,1990s,50,31,19,0.62,98.4,95.3,3.1,0.436,0.492,12.9,0.306,3.9,87.1,0.507,1.05,13.0,0.17,0.353,0.701,0.527,0.378,0.525,86.3,0.409,0.731,83.4,0.413
Boston Celtics,1998-99,1999,1990s,50,19,31,0.38,98.7,100.8,-2.1,0.469,0.501,15.2,0.36,5.5,93.02,0.591,1.33,16.3,0.171,0.33,0.666,0.493,0.259,0.473,93.0,0.436,0.692,94.9,0.443
Charlotte Hornets,1998-99,1999,1990s,50,26,24,0.52,100.4,100.4,0.0,0.485,0.537,14.7,0.365,5.4,91.43,0.664,1.39,17.6,0.172,0.266,0.678,0.482,0.372,0.511,92.9,0.449,0.747,93.0,0.434
Chicago Bulls,1998-99,1999,1990s,50,13,37,0.26,91.4,101.7,-10.4,0.424,0.47,12.2,0.29,3.5,89.19,0.661,1.31,16.4,0.173,0.299,0.684,0.482,0.309,0.42,81.9,0.401,0.709,91.4,0.455
Cleveland Cavaliers,1998-99,1999,1990s,50,22,28,0.44,98.2,100.1,-1.9,0.464,0.52,10.7,0.341,3.6,87.66,0.7,1.39,17.9,0.178,0.295,0.656,0.478,0.381,0.493,86.4,0.439,0.749,88.2,0.436
Dallas Mavericks,1998-99,1999,1990s,50,19,31,0.38,100.2,103.0,-2.7,0.459,0.502,11.9,0.339,4.0,90.8,0.527,1.33,14.7,0.151,0.321,0.673,0.495,0.3,0.474,91.6,0.434,0.728,94.0,0.45
Denver Nuggets,1998-99,1999,1990s,50,14,36,0.28,101.4,108.6,-7.3,0.459,0.511,18.4,0.328,6.0,91.99,0.576,1.31,15.3,0.16,0.319,0.66,0.483,0.332,0.442,93.5,0.421,0.762,100.1,0.469
Detroit Pistons,1998-99,1999,1990s,50,29,21,0.58,102.4,98.4,4.0,0.48,0.528,13.6,0.365,5.0,87.93,0.608,1.28,16.4,0.179,0.331,0.697,0.514,0.345,0.515,90.4,0.447,0.74,86.9,0.436
Golden State Warriors,1998-99,1999,1990s,50,21,29,0.42,96.0,98.9,-2.9,0.434,0.471,11.3,0.287,3.2,90.96,0.599,1.35,15.8,0.167,0.367,0.69,0.523,0.282,0.466,88.3,0.415,0.676,90.8,0.42
Houston Rockets,1998-99,1999,1990s,50,31,19,0.62,103.5,101.0,2.5,0.506,0.545,18.3,0.368,6.7,90.45,0.603,1.3,16.9,0.178,0.312,0.678,0.506,0.313,0.523,94.2,0.462,0.729,91.9,0.434
Indiana Pacers,1998-99,1999,1990s,50,33,17,0.66,106.6,102.2,4.3,0.486,0.537,16.0,0.368,5.9,88.16,0.581,1.55,16.4,0.146,0.31,0.671,0.495,0.318,0.526,94.7,0.448,0.796,90.9,0.434
Los Angeles Clippers,1998-99,1999,1990s,50,9,41,0.18,98.3,107.8,-9.6,0.454,0.497,13.4,0.32,4.3,91.04,0.479,1.03,13.2,0.173,0.332,0.646,0.48,0.306,0.402,90.4,0.427,0.721,99.2,0.474
Los Angeles Lakers,1998-99,1999,1990s,50,31,19,0.62,106.1,102.8,3.3,0.498,0.538,13.7,0.352,4.8,92.95,0.595,1.45,16.9,0.162,0.323,0.671,0.5,0.382,0.527,99.0,0.468,0.683,96.0,0.441
Miami Heat,1998-99,1999,1990s,50,33,17,0.66,102.9,97.1,5.8,0.494,0.54,16.1,0.359,5.8,86.35,0.631,1.37,17.1,0.172,0.299,0.683,0.503,0.354,0.56,89.0,0.453,0.735,84.0,0.411
Milwaukee Bucks,1998-99,1999,1990s,50,28,22,0.56,102.9,101.2,1.8,0.489,0.53,12.4,0.373,4.6,88.64,0.588,1.43,16.8,0.161,0.312,0.648,0.484,0.303,0.512,91.7,0.459,0.733,90.0,0.427
Minnesota Timberwolves,1998-99,1999,1990s,50,25,25,0.5,99.9,99.4,0.5,0.439,0.481,8.2,0.298,2.4,92.86,0.663,1.9,18.1,0.138,0.348,0.673,0.501,0.264,0.493,92.9,0.425,0.743,92.6,0.439
New Jersey Nets,1998-99,1999,1990s,50,16,34,0.32,97.0,101.2,-4.2,0.434,0.485,13.6,0.331,4.5,93.73,0.546,1.23,14.3,0.159,0.328,0.682,0.496,0.301,0.466,91.4,0.406,0.769,95.2,0.453
New York Knicks,1998-99,1999,1990s,50,27,23,0.54,97.2,95.9,1.2,0.463,0.509,11.8,0.353,4.2,88.22,0.598,1.2,15.9,0.181,0.303,0.671,0.494,0.329,0.515,86.4,0.435,0.732,85.4,0.403
Orlando Magic,1998-99,1999,1990s,50,33,17,0.66,98.9,96.3,2.6,0.456,0.498,13.5,0.33,4.5,89.93,0.632,1.3,16.6,0.181,0.36,0.685,0.518,0.318,0.519,89.5,0.428,0.7,86.9,0.443
Philadelphia 76ers,1998-99,1999,1990s,50,28,22,0.56,97.8,95.5,2.4,0.439,0.494,7.4,0.264,2.0,90.56,0.564,1.14,14.7,0.179,0.356,0.679,0.515,0.383,0.518,89.7,0.426,0.722,87.6,0.423
Phoenix Suns,1998-99,1999,1990s,50,27,23,0.54,103.9,101.6,2.2,0.481,0.526,14.0,0.372,5.2,91.54,0.695,1.83,19.1,0.148,0.306,0.671,0.489,0.303,0.529,95.6,0.449,0.76,93.3,0.45
Portland Trail Blazers,1998-99,1999,1990s,50,35,15,0.7,102.8,96.2,6.6,0.473,0.521,13.5,0.364,4.9,90.81,0.614,1.39,16.6,0.167,0.345,0.687,0.519,0.341,0.556,94.8,0.442,0.743,88.5,0.417
Sacramento Kings,1998-99,1999,1990s,50,27,23,0.54,101.2,101.6,-0.4,0.479,0.514,18.9,0.308,5.8,97.36,0.589,1.34,16.4,0.17,0.328,0.654,0.493,0.3,0.494,100.2,0.445,0.683,100.6,0.446
San Antonio Spurs,1998-99,1999,1990s,50,37,13,0.74,102.7,93.6,9.1,0.479,0.523,10.4,0.33,3.4,89.88,0.633,1.45,17.4,0.168,0.329,0.674,0.512,0.371,0.582,92.8,0.456,0.698,84.7,0.402
Seattle SuperSonics,1998-99,1999,1990s,50,25,25,0.5,103.2,104.2,-0.9,0.481,0.519,18.0,0.344,6.2,91.22,0.619,1.42,16.7,0.167,0.344,0.673,0.506,0.341,0.49,94.9,0.442,0.681,95.9,0.457
Toronto Raptors,1998-99,1999,1990s,50,23,27,0.46,99.8,101.8,-1.9,0.45,0.504,13.2,0.341,4.5,90.67,0.624,1.3,16.1,0.175,0.359,0.675,0.515,0.338,0.489,91.1,0.421,0.76,92.8,0.439
Utah Jazz,1998-99,1999,1990s,50,37,13,0.74,104.2,96.7,7.4,0.485,0.545,7.8,0.361,2.8,88.37,0.715,1.48,19.0,0.182,0.329,0.677,0.516,0.417,0.591,93.3,0.465,0.767,86.8,0.413
Vancouver Grizzlies,1998-99,1999,1990s,50,8,42,0.16,97.1,106.3,-9.3,0.447,0.498,9.1,0.327,3.0,90.29,0.586,1.14,15.3,0.185,0.342,0.645,0.49,0.367,0.427,88.9,0.428,0.717,97.5,0.463
Washington Wizards,1998-99,1999,1990s,50,18,32,0.36,99.8,102.1,-2.3,0.468,0.507,11.6,0.309,3.6,91.11,0.602,1.45,16.8,0.161,0.308,0.673,0.488,0.302,0.476,91.2,0.445,0.705,93.4,0.446
Atlanta Hawks,1999-00,2000,1990s,82,28,54,0.3414634146341463,100.1,105.8,-5.7,0.46,0.503,9.9,0.317,3.1,93.55,0.516,1.22,14.6,0.164,0.334,0.698,0.516,0.292,0.462,94.3,0.441,0.743,99.7,0.455
Boston Celtics,1999-00,2000,1990s,82,35,47,0.4268292682926829,102.9,103.9,-1.1,0.474,0.52,15.4,0.331,5.1,96.19,0.57,1.38,15.9,0.159,0.327,0.705,0.506,0.316,0.476,99.3,0.444,0.745,100.1,0.47
Charlotte Hornets,1999-00,2000,1990s,82,49,33,0.5975609756097561,102.5,99.7,2.8,0.475,0.53,12.2,0.339,4.1,95.58,0.689,1.68,18.4,0.153,0.283,0.712,0.501,0.376,0.541,98.4,0.449,0.758,95.8,0.448
Chicago Bulls,1999-00,2000,1990s,82,17,65,0.2073170731707317,92.8,102.8,-10.0,0.443,0.49,12.6,0.329,4.1,90.93,0.638,1.05,15.8,0.208,0.331,0.676,0.499,0.338,0.417,84.8,0.415,0.709,94.2,0.456
Cleveland Cavaliers,1999-00,2000,1990s,82,32,50,0.3902439024390244,98.7,102.2,-3.5,0.468,0.516,11.2,0.373,4.2,97.36,0.652,1.36,17.3,0.177,0.308,0.685,0.496,0.327,0.475,97.0,0.442,0.75,100.5,0.443
Dallas Mavericks,1999-00,2000,1990s,82,40,42,0.4878048780487805,104.7,105.2,-0.5,0.49,0.532,16.2,0.391,6.3,96.64,0.567,1.61,16.7,0.142,0.281,0.647,0.466,0.248,0.493,101.4,0.453,0.804,102.0,0.457
Denver Nuggets,1999-00,2000,1990s,82,35,47,0.4268292682926829,102.2,104.5,-2.3,0.476,0.517,17.0,0.336,5.7,95.95,0.625,1.49,17.2,0.161,0.321,0.688,0.504,0.306,0.483,99.0,0.442,0.724,101.1,0.45
Detroit Pistons,1999-00,2000,1990s,82,42,40,0.5121951219512195,105.2,103.8,1.4,0.492,0.548,14.9,0.359,5.4,97.56,0.561,1.33,15.7,0.16,0.295,0.694,0.495,0.378,0.506,103.5,0.459,0.781,102.0,0.465
Golden State Warriors,1999-00,2000,1990s,82,19,63,0.2317073170731707,98.0,106.5,-8.4,0.444,0.484,13.0,0.323,4.2,97.11,0.618,1.42,16.3,0.163,0.346,0.673,0.499,0.301,0.431,95.5,0.42,0.697,103.8,0.467
Houston Rockets,1999-00,2000,1990s,82,34,48,0.4146341463414634,103.3,104.2,-0.8,0.494,0.536,19.8,0.358,7.1,95.54,0.591,1.24,16.3,0.181,0.321,0.691,0.508,0.322,0.49,99.5,0.45,0.733,100.3,0.456
Indiana Pacers,1999-00,2000,1990s,82,56,26,0.6829268292682927,106.8,101.7,5.1,0.503,0.552,18.1,0.392,7.1,94.7,0.609,1.6,17.5,0.149,0.276,0.691,0.492,0.302,0.534,101.3,0.459,0.811,96.7,0.446
Los Angeles Clippers,1999-00,2000,1990s,82,15,67,0.1829268292682926,96.1,108.0,-11.9,0.458,0.499,15.5,0.339,5.2,95.69,0.514,1.12,14.2,0.169,0.286,0.674,0.474,0.27,0.411,92.0,0.426,0.746,103.5,0.477
Los Angeles Lakers,1999-00,2000,1990s,82,67,15,0.8170731707317073,105.4,96.4,9.0,0.484,0.525,12.8,0.329,4.2,95.04,0.612,1.68,17.4,0.146,0.324,0.705,0.518,0.347,0.573,100.8,0.459,0.696,92.3,0.416
Miami Heat,1999-00,2000,1990s,82,52,30,0.6341463414634146,102.5,99.4,3.1,0.495,0.533,14.7,0.371,5.4,91.22,0.649,1.57,18.3,0.163,0.304,0.696,0.508,0.283,0.543,94.4,0.46,0.736,91.3,0.422
Milwaukee Bucks,1999-00,2000,1990s,82,42,40,0.5121951219512195,106.5,106.2,0.3,0.494,0.539,13.0,0.369,4.8,94.27,0.583,1.51,17.1,0.158,0.327,0.667,0.497,0.29,0.498,101.2,0.465,0.786,101.0,0.457
Minnesota Timberwolves,1999-00,2000,1990s,82,50,32,0.6097560975609756,104.2,101.7,2.5,0.485,0.525,8.7,0.346,3.0,93.37,0.684,1.94,19.8,0.147,0.318,0.696,0.507,0.256,0.531,98.5,0.467,0.78,96.0,0.445
New Jersey Nets,1999-00,2000,1990s,82,31,51,0.3780487804878049,102.8,103.9,-1.1,0.468,0.517,16.8,0.347,5.8,94.63,0.567,1.51,15.8,0.143,0.298,0.657,0.472,0.297,0.479,98.0,0.433,0.784,99.0,0.464
New York Knicks,1999-00,2000,1990s,82,50,32,0.6097560975609756,100.9,99.5,1.5,0.482,0.527,11.4,0.375,4.3,90.54,0.548,1.32,15.8,0.16,0.277,0.699,0.496,0.283,0.507,92.1,0.455,0.781,90.7,0.424
Orlando Magic,1999-00,2000,1990s,82,41,41,0.5,101.1,100.3,0.8,0.473,0.516,10.6,0.338,3.6,98.68,0.539,1.18,15.3,0.178,0.344,0.669,0.506,0.305,0.497,100.1,0.452,0.735,99.4,0.445
Philadelphia 76ers,1999-00,2000,1990s,82,49,33,0.5975609756097561,99.9,98.3,1.5,0.457,0.501,7.8,0.323,2.5,94.25,0.607,1.42,16.6,0.165,0.335,0.68,0.504,0.329,0.508,94.8,0.442,0.708,93.4,0.435
Phoenix Suns,1999-00,2000,1990s,82,53,29,0.6463414634146342,102.7,97.3,5.4,0.491,0.532,15.2,0.368,5.6,95.67,0.678,1.53,18.8,0.173,0.316,0.676,0.5,0.286,0.542,98.9,0.457,0.759,93.7,0.424
Portland Trail Blazers,1999-00,2000,1990s,82,59,23,0.7195121951219512,106.5,99.5,6.9,0.501,0.546,13.8,0.361,5.0,91.03,0.637,1.55,18.2,0.166,0.335,0.693,0.523,0.316,0.559,97.5,0.47,0.76,91.0,0.431
Sacramento Kings,1999-00,2000,1990s,82,44,38,0.5365853658536586,103.6,100.7,2.9,0.486,0.526,20.2,0.322,6.5,100.66,0.596,1.47,17.0,0.16,0.308,0.679,0.493,0.277,0.513,105.0,0.45,0.754,102.0,0.452
San Antonio Spurs,1999-00,2000,1990s,82,53,29,0.6463414634146342,103.5,97.1,6.4,0.488,0.535,10.8,0.374,4.0,92.11,0.616,1.48,17.3,0.162,0.301,0.703,0.512,0.346,0.556,96.2,0.462,0.746,90.2,0.425
Seattle SuperSonics,1999-00,2000,1990s,82,45,37,0.5487804878048781,104.0,103.1,1.0,0.487,0.52,19.6,0.339,6.7,94.74,0.604,1.63,17.2,0.148,0.312,0.673,0.491,0.282,0.496,99.1,0.447,0.695,98.1,0.451
Toronto Raptors,1999-00,2000,1990s,82,45,37,0.5487804878048781,102.7,102.8,-0.1,0.464,0.511,14.3,0.363,5.2,94.3,0.653,1.71,17.7,0.147,0.324,0.686,0.499,0.3,0.5,97.2,0.433,0.765,97.3,0.454
Utah Jazz,1999-00,2000,1990s,82,55,27,0.6707317073170732,105.7,101.1,4.6,0.49,0.54,10.4,0.385,4.0,90.84,0.689,1.67,19.1,0.163,0.329,0.698,0.516,0.337,0.551,96.5,0.464,0.773,92.0,0.446
Vancouver Grizzlies,1999-00,2000,1990s,82,22,60,0.2682926829268293,100.7,106.7,-6.0,0.474,0.524,11.0,0.361,4.0,92.46,0.588,1.23,16.2,0.181,0.326,0.679,0.501,0.32,0.457,93.9,0.449,0.774,99.5,0.474
Washington Wizards,1999-00,2000,1990s,82,29,53,0.3536585365853658,101.8,105.2,-3.4,0.476,0.521,10.9,0.376,4.1,94.33,0.588,1.34,16.4,0.17,0.329,0.686,0.506,0.315,0.471,96.6,0.451,0.743,99.9,0.459
Atlanta Hawks,2000-01,2001,2000s,82,25,57,0.3048780487804878,96.9,102.4,-5.5,0.456,0.5,11.4,0.357,4.1,93.63,0.542,1.14,14.9,0.178,0.313,0.691,0.501,0.272,0.452,91.0,0.431,0.759,96.2,0.442
Boston Celtics,2000-01,2001,2000s,82,36,46,0.4390243902439024,100.1,102.3,-2.2,0.473,0.521,19.9,0.363,7.2,93.81,0.616,1.33,16.2,0.166,0.28,0.69,0.478,0.338,0.468,94.6,0.428,0.74,96.8,0.459
Charlotte Hornets,2000-01,2001,2000s,82,46,36,0.5609756097560976,99.7,97.6,2.1,0.457,0.506,12.0,0.346,4.1,91.24,0.679,1.61,17.8,0.156,0.315,0.71,0.513,0.33,0.527,91.9,0.431,0.745,89.8,0.426
Chicago Bulls,2000-01,2001,2000s,82,15,67,0.1829268292682926,95.9,105.9,-10.0,0.45,0.495,11.6,0.346,4.0,90.47,0.665,1.4,17.4,0.173,0.302,0.673,0.48,0.298,0.432,87.6,0.424,0.739,96.7,0.472
Cleveland Cavaliers,2000-01,2001,2000s,82,30,52,0.3658536585365853,99.3,103.5,-4.2,0.459,0.509,8.0,0.334,2.7,92.32,0.591,1.27,16.2,0.177,0.331,0.678,0.505,0.312,0.469,92.2,0.442,0.765,96.5,0.445
Dallas Mavericks,2000-01,2001,2000s,82,53,29,0.6463414634146342,105.6,101.2,4.4,0.498,0.544,16.5,0.381,6.3,94.52,0.564,1.52,16.5,0.146,0.272,0.678,0.481,0.291,0.523,100.5,0.459,0.794,96.2,0.439
Denver Nuggets,2000-01,2001,2000s,82,40,42,0.4878048780487805,102.2,104.9,-2.8,0.47,0.511,17.6,0.355,6.2,93.98,0.661,1.73,18.0,0.147,0.306,0.69,0.497,0.286,0.48,96.6,0.433,0.737,99.0,0.446
Detroit Pistons,2000-01,2001,2000s,82,32,50,0.3902439024390244,98.5,100.3,-1.8,0.453,0.498,13.6,0.35,4.7,96.15,0.558,1.25,14.9,0.164,0.325,0.691,0.505,0.325,0.48,95.6,0.424,0.721,97.3,0.434
Golden State Warriors,2000-01,2001,2000s,82,17,65,0.2073170731707317,96.3,105.5,-9.2,0.429,0.47,11.8,0.293,3.4,95.7,0.609,1.37,15.9,0.165,0.357,0.68,0.504,0.282,0.427,92.5,0.409,0.706,101.5,0.472
Houston Rockets,2000-01,2001,2000s,82,45,37,0.5487804878048781,105.2,102.8,2.4,0.492,0.538,17.2,0.357,6.1,91.66,0.548,1.34,15.7,0.159,0.305,0.691,0.502,0.321,0.509,97.2,0.453,0.758,94.9,0.449
Indiana Pacers,2000-01,2001,2000s,82,41,41,0.5,100.3,100.5,-0.2,0.471,0.519,14.1,0.342,4.8,90.89,0.623,1.42,16.9,0.164,0.297,0.685,0.497,0.312,0.51,92.6,0.44,0.766,92.8,0.423
Los Angeles Clippers,2000-01,2001,2000s,82,31,51,0.3780487804878049,100.3,103.2,-2.9,0.476,0.514,13.0,0.339,4.4,90.67,0.547,1.23,15.3,0.171,0.322,0.682,0.506,0.319,0.476,92.5,0.448,0.693,95.3,0.44
Los Angeles Lakers,2000-01,2001,2000s,82,56,26,0.6829268292682927,107.0,103.6,3.5,0.498,0.535,15.5,0.344,5.4,92.9,0.607,1.59,17.4,0.154,0.338,0.691,0.517,0.349,0.532,100.6,0.465,0.683,97.2,0.438
Miami Heat,2000-01,2001,2000s,82,50,32,0.6097560975609756,99.4,97.1,2.3,0.469,0.515,16.9,0.345,5.8,88.39,0.605,1.45,16.4,0.153,0.28,0.7,0.49,0.299,0.523,88.9,0.43,0.759,86.6,0.431
Milwaukee Bucks,2000-01,2001,2000s,82,52,30,0.6341463414634146,106.8,102.6,4.2,0.499,0.542,18.1,0.379,6.9,93.89,0.593,1.64,17.2,0.145,0.301,0.683,0.494,0.276,0.519,100.7,0.458,0.787,96.9,0.439
Minnesota Timberwolves,2000-01,2001,2000s,82,47,35,0.573170731707317,103.9,102.4,1.6,0.482,0.523,11.0,0.357,3.9,92.99,0.662,1.83,19.0,0.148,0.315,0.682,0.498,0.253,0.518,97.3,0.458,0.785,96.0,0.452
New Jersey Nets,2000-01,2001,2000s,82,26,56,0.3170731707317073,98.4,103.8,-5.4,0.452,0.504,13.2,0.333,4.4,93.35,0.576,1.33,15.4,0.157,0.292,0.673,0.477,0.328,0.446,92.1,0.425,0.759,97.1,0.455
New York Knicks,2000-01,2001,2000s,82,48,34,0.5853658536585366,100.0,97.0,3.0,0.476,0.523,13.6,0.351,4.8,87.74,0.552,1.28,15.6,0.163,0.276,0.707,0.498,0.279,0.52,88.7,0.444,0.796,86.1,0.417
Orlando Magic,2000-01,2001,2000s,82,43,39,0.524390243902439,102.1,101.1,1.0,0.474,0.513,16.4,0.364,6.0,94.14,0.598,1.45,16.6,0.159,0.321,0.662,0.489,0.301,0.495,97.5,0.438,0.714,96.5,0.435
Philadelphia 76ers,2000-01,2001,2000s,82,56,26,0.6829268292682927,101.9,97.3,4.6,0.468,0.518,9.8,0.326,3.2,92.09,0.583,1.31,16.0,0.17,0.334,0.704,0.523,0.351,0.536,94.7,0.447,0.745,90.4,0.429
Phoenix Suns,2000-01,2001,2000s,82,51,31,0.6219512195121951,98.9,96.7,2.3,0.46,0.506,12.9,0.315,4.0,94.41,0.647,1.52,17.5,0.161,0.305,0.702,0.5,0.292,0.521,94.0,0.436,0.755,91.8,0.435
Portland Trail Blazers,2000-01,2001,2000s,82,50,32,0.6097560975609756,104.7,100.5,4.2,0.497,0.539,12.9,0.349,4.5,90.53,0.653,1.56,18.6,0.168,0.333,0.7,0.522,0.296,0.544,95.4,0.468,0.762,91.2,0.438
Sacramento Kings,2000-01,2001,2000s,82,55,27,0.6707317073170732,104.2,98.5,5.7,0.484,0.529,16.5,0.354,5.8,95.61,0.591,1.52,16.8,0.152,0.307,0.679,0.497,0.298,0.54,101.7,0.449,0.771,95.9,0.432
San Antonio Spurs,2000-01,2001,2000s,82,58,24,0.7073170731707317,105.0,96.6,8.3,0.496,0.541,13.3,0.407,5.4,90.87,0.617,1.55,17.2,0.152,0.297,0.703,0.511,0.374,0.573,96.2,0.461,0.715,88.4,0.419
Seattle SuperSonics,2000-01,2001,2000s,82,44,38,0.5365853658536586,104.4,104.2,0.2,0.491,0.53,14.3,0.399,5.7,92.69,0.592,1.43,16.9,0.164,0.321,0.668,0.496,0.299,0.494,97.3,0.456,0.732,97.3,0.453
Toronto Raptors,2000-01,2001,2000s,82,47,35,0.573170731707317,104.4,102.0,2.3,0.468,0.51,14.2,0.369,5.2,92.22,0.657,1.86,18.2,0.141,0.339,0.7,0.515,0.285,0.522,97.6,0.437,0.747,95.4,0.447
Utah Jazz,2000-01,2001,2000s,82,53,29,0.6463414634146342,106.1,100.9,5.2,0.497,0.546,10.4,0.381,4.0,91.08,0.713,1.63,19.6,0.173,0.332,0.701,0.519,0.363,0.548,97.1,0.471,0.752,92.4,0.439
Vancouver Grizzlies,2000-01,2001,2000s,82,23,59,0.2804878048780488,98.2,104.2,-6.0,0.464,0.51,11.5,0.343,4.0,93.03,0.662,1.47,17.9,0.168,0.293,0.675,0.484,0.289,0.465,91.7,0.439,0.77,97.5,0.463
Washington Wizards,2000-01,2001,2000s,82,19,63,0.2317073170731707,99.4,106.2,-6.8,0.46,0.514,10.3,0.324,3.4,93.97,0.581,1.18,15.6,0.181,0.328,0.684,0.502,0.348,0.453,93.2,0.439,0.759,99.9,0.47
Atlanta Hawks,2001-02,2002,2000s,82,33,49,0.4024390243902439,100.4,104.8,-4.4,0.471,0.517,14.6,0.354,5.2,93.21,0.57,1.3,15.8,0.166,0.297,0.689,0.491,0.294,0.465,94.0,0.439,0.765,98.3,0.459
Boston Celtics,2001-02,2002,2000s,82,49,33,0.5975609756097561,102.1,99.9,2.2,0.476,0.52,23.7,0.359,8.5,93.6,0.604,1.55,16.4,0.144,0.272,0.695,0.481,0.291,0.5,96.4,0.424,0.764,94.1,0.425
Charlotte Hornets,2001-02,2002,2000s,82,44,38,0.5365853658536586,102.9,101.8,1.2,0.466,0.513,12.1,0.348,4.2,90.93,0.608,1.53,16.7,0.154,0.333,0.689,0.511,0.32,0.513,93.9,0.44,0.745,92.9,0.432
Chicago Bulls,2001-02,2002,2000s,82,21,61,0.2560975609756097,97.2,106.2,-9.1,0.456,0.499,10.6,0.346,3.7,91.56,0.646,1.45,17.3,0.166,0.298,0.685,0.487,0.302,0.436,89.5,0.433,0.722,98.0,0.465
Cleveland Cavaliers,2001-02,2002,2000s,82,29,53,0.3536585365853658,103.4,107.0,-3.6,0.477,0.524,12.5,0.377,4.7,91.31,0.641,1.58,17.8,0.158,0.319,0.69,0.505,0.301,0.482,95.3,0.448,0.772,98.6,0.457
Dallas Mavericks,2001-02,2002,2000s,82,57,25,0.6951219512195121,110.3,106.0,4.3,0.507,0.553,20.1,0.378,7.6,94.36,0.566,1.83,16.9,0.127,0.285,0.683,0.487,0.288,0.517,105.2,0.462,0.806,101.0,0.452
Denver Nuggets,2001-02,2002,2000s,82,27,55,0.3292682926829268,100.3,106.6,-6.3,0.455,0.495,15.7,0.329,5.2,91.35,0.623,1.51,17.0,0.16,0.341,0.668,0.497,0.256,0.442,92.2,0.424,0.744,98.0,0.459
Detroit Pistons,2001-02,2002,2000s,82,50,32,0.6097560975609756,103.2,100.9,2.3,0.497,0.54,18.4,0.376,6.9,91.38,0.62,1.48,17.3,0.159,0.277,0.676,0.481,0.31,0.523,94.3,0.452,0.756,92.2,0.447
Golden State Warriors,2001-02,2002,2000s,82,21,61,0.2560975609756097,101.5,107.1,-5.6,0.452,0.499,12.1,0.322,3.9,95.75,0.569,1.24,15.3,0.175,0.373,0.669,0.516,0.335,0.456,97.7,0.429,0.722,103.1,0.459
Houston Rockets,2001-02,2002,2000s,82,28,54,0.3414634146341463,101.6,106.9,-5.4,0.465,0.507,18.0,0.335,6.0,89.56,0.522,1.28,14.6,0.155,0.327,0.675,0.497,0.286,0.458,92.3,0.428,0.741,97.2,0.464
Indiana Pacers,2001-02,2002,2000s,82,42,40,0.5121951219512195,102.8,102.4,0.4,0.477,0.527,14.6,0.339,4.9,93.13,0.642,1.51,17.6,0.162,0.302,0.686,0.499,0.328,0.51,96.8,0.446,0.772,96.5,0.438
Los Angeles Clippers,2001-02,2002,2000s,82,39,43,0.4756097560975609,104.3,104.7,-0.4,0.476,0.519,14.0,0.356,5.0,91.21,0.577,1.41,16.3,0.161,0.349,0.673,0.512,0.304,0.495,95.7,0.445,0.739,96.1,0.448
Los Angeles Lakers,2001-02,2002,2000s,82,58,24,0.7073170731707317,108.0,100.4,7.6,0.498,0.534,17.5,0.354,6.2,93.32,0.597,1.81,17.5,0.135,0.311,0.686,0.501,0.313,0.549,101.3,0.461,0.699,94.1,0.424
Memphis Grizzlies,2001-02,2002,2000s,82,23,59,0.2804878048780488,96.6,104.7,-8.0,0.462,0.501,13.4,0.307,4.1,92.55,0.626,1.33,16.9,0.176,0.305,0.663,0.483,0.288,0.456,89.9,0.436,0.708,97.3,0.457
Miami Heat,2001-02,2002,2000s,82,36,46,0.4390243902439024,97.3,99.0,-1.7,0.463,0.501,11.0,0.347,3.8,88.47,0.594,1.37,16.5,0.166,0.297,0.71,0.505,0.268,0.501,87.2,0.439,0.724,88.7,0.425
Milwaukee Bucks,2001-02,2002,2000s,82,41,41,0.5,105.3,105.6,-0.3,0.507,0.544,19.3,0.375,7.2,91.51,0.607,1.6,17.7,0.152,0.287,0.679,0.491,0.269,0.502,97.5,0.462,0.748,97.7,0.441
Minnesota Timberwolves,2001-02,2002,2000s,82,50,32,0.6097560975609756,107.5,104.1,3.4,0.49,0.532,12.8,0.378,4.8,91.72,0.628,1.82,18.4,0.145,0.343,0.703,0.524,0.255,0.529,99.3,0.461,0.798,96.0,0.445
New Jersey Nets,2001-02,2002,2000s,82,52,30,0.6341463414634146,102.4,98.1,4.3,0.476,0.515,14.6,0.338,4.9,93.2,0.654,1.67,18.2,0.154,0.322,0.683,0.503,0.28,0.537,96.2,0.446,0.735,92.0,0.429
New York Knicks,2001-02,2002,2000s,82,30,52,0.3658536585365853,100.4,104.6,-4.2,0.468,0.514,16.4,0.353,5.8,90.78,0.611,1.44,16.7,0.159,0.292,0.684,0.489,0.274,0.466,91.6,0.432,0.787,95.6,0.445
Orlando Magic,2001-02,2002,2000s,82,44,38,0.5365853658536586,105.6,104.1,1.5,0.493,0.533,20.2,0.373,7.6,94.4,0.584,1.61,16.8,0.143,0.292,0.665,0.477,0.278,0.497,100.5,0.448,0.754,98.9,0.456
Philadelphia 76ers,2001-02,2002,2000s,82,43,39,0.524390243902439,100.5,98.7,1.8,0.452,0.507,8.7,0.299,2.6,90.32,0.584,1.3,15.8,0.169,0.341,0.702,0.523,0.327,0.52,91.0,0.436,0.779,89.4,0.426
Phoenix Suns,2001-02,2002,2000s,82,36,46,0.4390243902439024,101.8,102.6,-0.7,0.472,0.51,13.4,0.327,4.4,92.74,0.593,1.53,17.1,0.157,0.327,0.672,0.498,0.235,0.486,95.1,0.447,0.767,95.8,0.444
Portland Trail Blazers,2001-02,2002,2000s,82,49,33,0.5975609756097561,105.9,102.6,3.3,0.485,0.528,16.1,0.354,5.7,90.55,0.641,1.64,18.0,0.157,0.345,0.703,0.522,0.285,0.518,96.6,0.45,0.763,93.7,0.453
Sacramento Kings,2001-02,2002,2000s,82,61,21,0.7439024390243902,107.9,99.7,8.1,0.497,0.539,14.1,0.367,5.2,96.74,0.6,1.74,17.7,0.142,0.306,0.69,0.502,0.308,0.552,104.6,0.467,0.751,97.0,0.44
San Antonio Spurs,2001-02,2002,2000s,82,58,24,0.7073170731707317,105.4,98.5,6.9,0.492,0.539,14.8,0.362,5.3,91.06,0.564,1.39,16.0,0.157,0.301,0.685,0.501,0.353,0.554,96.7,0.458,0.742,90.5,0.426
Seattle SuperSonics,2001-02,2002,2000s,82,45,37,0.5487804878048781,107.3,104.1,3.3,0.505,0.54,15.8,0.378,6.0,90.35,0.615,1.71,18.3,0.151,0.32,0.656,0.49,0.25,0.522,97.7,0.469,0.755,94.7,0.449
Toronto Raptors,2001-02,2002,2000s,82,42,40,0.5121951219512195,101.1,101.7,-0.6,0.463,0.501,13.5,0.349,4.7,90.02,0.609,1.52,16.9,0.158,0.343,0.671,0.503,0.255,0.496,91.4,0.434,0.739,91.8,0.441
Utah Jazz,2001-02,2002,2000s,82,44,38,0.5365853658536586,103.8,102.9,0.9,0.472,0.529,10.3,0.333,3.4,91.75,0.697,1.48,18.4,0.178,0.362,0.683,0.521,0.381,0.53,96.0,0.45,0.763,95.1,0.447
Washington Wizards,2001-02,2002,2000s,82,37,45,0.4512195121951219,102.9,104.5,-1.6,0.464,0.508,9.6,0.388,3.7,89.93,0.584,1.61,16.6,0.144,0.328,0.685,0.504,0.28,0.486,92.8,0.441,0.765,94.2,0.452
Atlanta Hawks,2002-03,2003,2000s,82,35,47,0.4268292682926829,100.4,104.2,-3.8,0.476,0.527,13.9,0.352,4.9,92.63,0.587,1.23,16.0,0.178,0.3,0.681,0.499,0.313,0.483,94.1,0.444,0.793,97.6,0.436
Boston Celtics,2002-03,2003,2000s,82,44,38,0.5365853658536586,100.0,100.5,-0.6,0.47,0.514,26.3,0.334,8.8,91.95,0.583,1.37,15.5,0.151,0.266,0.691,0.474,0.306,0.48,92.7,0.415,0.742,93.1,0.435
Chicago Bulls,2002-03,2003,2000s,82,30,52,0.3658536585365853,99.1,104.2,-5.1,0.471,0.512,12.2,0.35,4.3,94.76,0.596,1.28,16.5,0.177,0.307,0.672,0.492,0.3,0.457,95.0,0.445,0.722,100.1,0.439
Cleveland Cavaliers,2002-03,2003,2000s,82,17,65,0.2073170731707317,95.2,105.1,-9.9,0.444,0.491,10.9,0.327,3.6,95.32,0.601,1.14,15.7,0.191,0.338,0.697,0.513,0.298,0.431,91.4,0.422,0.747,101.0,0.453
Dallas Mavericks,2002-03,2003,2000s,82,60,22,0.7317073170731707,109.3,101.0,8.3,0.498,0.543,20.3,0.381,7.8,93.75,0.581,1.94,17.3,0.123,0.277,0.677,0.478,0.257,0.546,103.0,0.453,0.829,95.2,0.438
Denver Nuggets,2002-03,2003,2000s,82,17,65,0.2073170731707317,91.2,100.1,-8.9,0.428,0.469,10.0,0.278,2.8,92.11,0.646,1.15,16.3,0.2,0.345,0.697,0.511,0.283,0.425,84.2,0.411,0.699,92.4,0.443
Detroit Pistons,2002-03,2003,2000s,82,50,32,0.6097560975609756,102.4,98.2,4.2,0.473,0.523,18.1,0.358,6.5,88.26,0.6,1.47,16.2,0.151,0.294,0.707,0.499,0.322,0.525,91.4,0.43,0.771,87.7,0.438
Golden State Warriors,2002-03,2003,2000s,82,38,44,0.4634146341463415,106.4,107.7,-1.3,0.472,0.526,15.1,0.344,5.2,95.88,0.559,1.32,15.4,0.164,0.371,0.663,0.518,0.343,0.492,102.4,0.441,0.778,103.6,0.452
Houston Rockets,2002-03,2003,2000s,82,43,39,0.524390243902439,102.4,100.9,1.5,0.474,0.522,15.5,0.346,5.4,90.36,0.53,1.18,14.7,0.17,0.331,0.698,0.518,0.316,0.511,93.8,0.44,0.768,92.3,0.433
Indiana Pacers,2002-03,2003,2000s,82,48,34,0.5853658536585366,103.2,99.6,3.5,0.469,0.522,13.6,0.339,4.6,92.71,0.656,1.58,17.7,0.157,0.318,0.694,0.509,0.344,0.538,96.8,0.441,0.766,93.3,0.428
Los Angeles Clippers,2002-03,2003,2000s,82,27,55,0.3292682926829268,101.1,105.1,-4.0,0.467,0.516,14.4,0.331,4.8,92.68,0.566,1.24,15.4,0.17,0.316,0.673,0.496,0.335,0.47,93.8,0.437,0.75,97.9,0.447
Los Angeles Lakers,2002-03,2003,2000s,82,50,32,0.6097560975609756,105.6,103.4,2.2,0.486,0.528,16.7,0.356,5.9,93.78,0.618,1.6,17.4,0.153,0.328,0.693,0.509,0.311,0.52,100.4,0.451,0.734,98.0,0.443
Memphis Grizzlies,2002-03,2003,2000s,82,28,54,0.3414634146341463,102.3,105.9,-3.5,0.487,0.526,15.6,0.365,5.7,94.03,0.621,1.5,17.5,0.162,0.301,0.659,0.482,0.287,0.482,97.5,0.452,0.739,100.7,0.46
Miami Heat,2002-03,2003,2000s,82,25,57,0.3048780487804878,95.4,101.2,-5.8,0.439,0.483,13.4,0.316,4.2,88.93,0.558,1.29,15.0,0.159,0.306,0.709,0.501,0.259,0.456,85.6,0.412,0.765,90.6,0.437
Milwaukee Bucks,2002-03,2003,2000s,82,42,40,0.5121951219512195,107.2,106.9,0.3,0.5,0.543,18.6,0.383,7.1,91.76,0.599,1.75,17.4,0.137,0.287,0.666,0.477,0.287,0.495,99.5,0.457,0.776,99.3,0.458
Minnesota Timberwolves,2002-03,2003,2000s,82,51,31,0.6219512195121951,104.8,102.5,2.2,0.488,0.528,9.8,0.368,3.6,93.08,0.653,1.84,19.0,0.146,0.31,0.695,0.508,0.268,0.529,98.1,0.466,0.77,96.0,0.437
New Jersey Nets,2002-03,2003,2000s,82,49,33,0.5975609756097561,102.1,96.6,5.4,0.468,0.518,12.7,0.332,4.2,93.0,0.649,1.56,17.6,0.158,0.317,0.702,0.51,0.333,0.544,95.4,0.441,0.757,90.1,0.427
New Orleans Hornets,2002-03,2003,2000s,82,47,35,0.573170731707317,102.4,100.0,2.4,0.465,0.511,13.1,0.376,4.9,90.72,0.62,1.49,17.0,0.161,0.345,0.697,0.518,0.285,0.517,93.9,0.435,0.768,91.8,0.438
New York Knicks,2002-03,2003,2000s,82,37,45,0.4512195121951219,103.3,104.6,-1.3,0.486,0.528,19.3,0.383,7.4,92.06,0.607,1.57,17.2,0.151,0.28,0.689,0.48,0.241,0.474,95.9,0.441,0.815,97.2,0.457
Orlando Magic,2002-03,2003,2000s,82,42,40,0.5121951219512195,103.7,103.7,0.0,0.478,0.526,19.4,0.357,6.9,94.33,0.569,1.42,15.8,0.151,0.3,0.68,0.485,0.307,0.482,98.5,0.436,0.777,98.4,0.455
Philadelphia 76ers,2002-03,2003,2000s,82,48,34,0.5853658536585366,103.2,100.6,2.6,0.466,0.52,9.6,0.311,3.0,93.07,0.595,1.46,16.5,0.158,0.324,0.704,0.509,0.339,0.516,96.8,0.448,0.775,94.5,0.452
Phoenix Suns,2002-03,2003,2000s,82,44,38,0.5365853658536586,102.6,101.3,1.3,0.473,0.514,14.0,0.343,4.8,92.59,0.572,1.42,16.2,0.158,0.323,0.672,0.496,0.285,0.498,95.5,0.443,0.742,94.4,0.438
Portland Trail Blazers,2002-03,2003,2000s,82,50,32,0.6097560975609756,104.2,101.5,2.7,0.489,0.531,14.0,0.33,4.6,90.44,0.623,1.49,17.7,0.167,0.338,0.689,0.515,0.3,0.515,95.2,0.46,0.745,92.5,0.45
Sacramento Kings,2002-03,2003,2000s,82,59,23,0.7195121951219512,104.4,97.8,6.6,0.499,0.535,15.7,0.381,6.0,96.63,0.627,1.71,18.3,0.149,0.289,0.678,0.493,0.262,0.551,101.7,0.464,0.746,95.2,0.42
San Antonio Spurs,2002-03,2003,2000s,82,60,22,0.7317073170731707,103.9,98.1,5.8,0.497,0.541,15.5,0.354,5.5,91.46,0.563,1.26,15.9,0.171,0.311,0.687,0.508,0.348,0.549,95.8,0.462,0.725,90.4,0.427
Seattle SuperSonics,2002-03,2003,2000s,82,40,42,0.4878048780487805,102.4,102.6,-0.2,0.472,0.512,15.7,0.353,5.6,89.17,0.615,1.64,17.2,0.147,0.314,0.688,0.497,0.27,0.502,92.1,0.437,0.744,92.3,0.447
Toronto Raptors,2002-03,2003,2000s,82,24,58,0.2926829268292683,99.3,105.6,-6.3,0.458,0.497,14.5,0.343,5.0,91.01,0.556,1.34,15.3,0.157,0.318,0.678,0.491,0.282,0.447,90.9,0.427,0.718,96.8,0.461
Utah Jazz,2002-03,2003,2000s,82,47,35,0.573170731707317,103.7,101.1,2.6,0.486,0.537,7.8,0.349,2.7,90.78,0.727,1.53,19.5,0.184,0.353,0.673,0.519,0.38,0.551,94.7,0.468,0.745,92.3,0.434
Washington Wizards,2002-03,2003,2000s,82,37,45,0.4512195121951219,101.5,102.6,-1.1,0.46,0.513,9.9,0.312,3.1,89.46,0.572,1.47,15.9,0.148,0.305,0.686,0.496,0.325,0.498,91.5,0.44,0.779,92.5,0.442
Atlanta Hawks,2003-04,2004,2000s,82,28,54,0.3414634146341463,99.1,103.9,-4.8,0.465,0.514,15.2,0.335,5.1,92.68,0.583,1.22,15.7,0.176,0.308,0.686,0.5,0.303,0.466,92.8,0.433,0.776,97.5,0.44
Boston Celtics,2003-04,2004,2000s,82,36,46,0.4390243902439024,100.7,102.2,-1.5,0.486,0.532,19.5,0.346,6.7,94.47,0.592,1.26,16.1,0.172,0.279,0.658,0.473,0.327,0.49,95.3,0.443,0.75,96.7,0.437
Chicago Bulls,2003-04,2004,2000s,82,23,59,0.2804878048780488,95.6,102.1,-6.5,0.446,0.486,15.3,0.342,5.2,93.23,0.641,1.36,16.7,0.172,0.311,0.679,0.491,0.272,0.446,89.7,0.414,0.725,96.0,0.436
Cleveland Cavaliers,2003-04,2004,2000s,82,35,47,0.4268292682926829,100.6,103.1,-2.6,0.451,0.498,9.6,0.314,3.0,91.71,0.619,1.49,16.9,0.16,0.34,0.688,0.514,0.301,0.491,92.9,0.433,0.753,95.5,0.437
Dallas Mavericks,2003-04,2004,2000s,82,52,30,0.6341463414634146,110.4,105.9,4.5,0.495,0.536,17.8,0.348,6.2,94.62,0.591,1.96,17.7,0.128,0.335,0.686,0.507,0.256,0.527,105.2,0.459,0.796,100.8,0.459
Denver Nuggets,2003-04,2004,2000s,82,43,39,0.524390243902439,102.4,101.4,1.0,0.467,0.517,12.0,0.336,4.0,94.64,0.599,1.4,16.5,0.164,0.337,0.664,0.498,0.319,0.505,97.2,0.443,0.767,96.1,0.453
Detroit Pistons,2003-04,2004,2000s,82,54,28,0.6585365853658537,100.3,93.9,6.5,0.461,0.511,11.8,0.344,4.1,89.34,0.62,1.37,16.6,0.168,0.332,0.686,0.512,0.328,0.558,90.1,0.435,0.753,84.3,0.413
Golden State Warriors,2003-04,2004,2000s,82,37,45,0.4512195121951219,101.5,102.6,-1.1,0.475,0.517,15.6,0.334,5.2,90.95,0.585,1.39,16.2,0.161,0.312,0.694,0.503,0.311,0.491,93.3,0.442,0.725,94.0,0.445
Houston Rockets,2003-04,2004,2000s,82,45,37,0.5487804878048781,99.7,97.8,1.9,0.484,0.528,17.1,0.366,6.3,88.92,0.577,1.15,15.8,0.186,0.305,0.708,0.516,0.286,0.513,89.8,0.442,0.773,88.0,0.412
Indiana Pacers,2003-04,2004,2000s,82,61,21,0.7439024390243902,102.5,96.2,6.3,0.471,0.52,15.6,0.351,5.5,88.54,0.644,1.5,17.3,0.162,0.32,0.706,0.511,0.319,0.539,91.4,0.435,0.764,85.6,0.432
Los Angeles Clippers,2003-04,2004,2000s,82,28,54,0.3414634146341463,101.9,106.6,-4.7,0.453,0.512,12.5,0.321,4.0,92.49,0.587,1.23,15.5,0.176,0.362,0.677,0.517,0.35,0.464,94.8,0.428,0.785,99.4,0.46
Los Angeles Lakers,2003-04,2004,2000s,82,56,26,0.6829268292682927,104.2,100.1,4.1,0.481,0.522,13.6,0.327,4.5,93.39,0.643,1.72,17.9,0.146,0.313,0.701,0.506,0.352,0.538,98.2,0.454,0.693,94.3,0.44
Memphis Grizzlies,2003-04,2004,2000s,82,50,32,0.6097560975609756,103.4,100.8,2.6,0.479,0.522,16.0,0.34,5.5,92.6,0.646,1.56,17.7,0.16,0.325,0.655,0.489,0.322,0.522,96.7,0.445,0.727,94.3,0.436
Miami Heat,2003-04,2004,2000s,82,42,40,0.5121951219512195,100.6,100.3,0.3,0.463,0.51,16.5,0.357,5.9,89.3,0.573,1.38,15.6,0.154,0.307,0.707,0.504,0.298,0.496,90.3,0.425,0.762,89.7,0.428
Milwaukee Bucks,2003-04,2004,2000s,82,41,41,0.5,104.6,103.5,1.1,0.477,0.528,14.0,0.35,4.9,93.2,0.63,1.69,17.5,0.144,0.308,0.69,0.499,0.33,0.51,98.0,0.447,0.775,97.0,0.452
Minnesota Timberwolves,2003-04,2004,2000s,82,58,24,0.7073170731707317,104.2,98.5,5.7,0.486,0.528,10.9,0.363,4.0,90.24,0.623,1.81,18.2,0.14,0.303,0.691,0.507,0.265,0.554,94.5,0.462,0.781,89.1,0.414
New Jersey Nets,2003-04,2004,2000s,82,47,35,0.573170731707317,99.0,96.4,2.6,0.471,0.515,13.7,0.336,4.6,90.97,0.714,1.66,19.1,0.162,0.289,0.711,0.501,0.291,0.533,90.3,0.441,0.753,87.8,0.427
New Orleans Hornets,2003-04,2004,2000s,82,41,41,0.5,100.7,100.6,0.1,0.46,0.505,20.3,0.319,6.5,90.59,0.619,1.4,16.4,0.164,0.332,0.681,0.502,0.293,0.491,91.8,0.42,0.751,92.0,0.441
New York Knicks,2003-04,2004,2000s,82,39,43,0.4756097560975609,99.7,101.3,-1.6,0.474,0.518,13.6,0.364,5.0,91.29,0.588,1.31,16.4,0.17,0.307,0.701,0.508,0.266,0.488,92.0,0.442,0.793,93.5,0.429
Orlando Magic,2003-04,2004,2000s,82,21,61,0.2560975609756097,101.4,108.8,-7.4,0.461,0.504,15.2,0.344,5.2,92.14,0.545,1.41,15.2,0.148,0.315,0.657,0.481,0.296,0.434,94.0,0.429,0.737,101.1,0.466
Philadelphia 76ers,2003-04,2004,2000s,82,33,49,0.4024390243902439,97.8,100.4,-2.6,0.456,0.505,12.1,0.342,4.1,89.26,0.611,1.25,16.1,0.177,0.313,0.681,0.498,0.321,0.484,88.0,0.428,0.753,90.5,0.432
Phoenix Suns,2003-04,2004,2000s,82,29,53,0.3536585365853658,100.3,104.2,-3.8,0.475,0.515,14.7,0.345,5.1,93.72,0.536,1.27,15.3,0.162,0.297,0.661,0.479,0.28,0.466,94.2,0.443,0.746,97.9,0.446
Portland Trail Blazers,2003-04,2004,2000s,82,41,41,0.5,102.1,103.5,-1.5,0.478,0.515,13.4,0.346,4.6,87.54,0.61,1.46,17.2,0.166,0.344,0.67,0.507,0.267,0.488,90.7,0.448,0.731,92.0,0.45
Sacramento Kings,2003-04,2004,2000s,82,55,27,0.6707317073170732,108.6,103.2,5.4,0.507,0.554,18.3,0.401,7.3,94.25,0.694,1.89,19.6,0.146,0.292,0.676,0.488,0.305,0.544,102.8,0.462,0.795,97.8,0.454
San Antonio Spurs,2003-04,2004,2000s,82,57,25,0.6951219512195121,101.0,93.1,7.9,0.473,0.511,13.9,0.358,5.0,90.23,0.59,1.39,16.3,0.162,0.319,0.71,0.516,0.322,0.566,91.5,0.442,0.681,84.3,0.409
Seattle SuperSonics,2003-04,2004,2000s,82,37,45,0.4512195121951219,105.6,106.4,-0.8,0.501,0.54,23.6,0.373,8.8,91.34,0.606,1.5,17.1,0.158,0.302,0.655,0.479,0.27,0.491,97.1,0.446,0.765,97.8,0.45
Toronto Raptors,2003-04,2004,2000s,82,33,49,0.4024390243902439,95.3,98.8,-3.4,0.454,0.495,15.8,0.356,5.6,88.24,0.593,1.35,15.9,0.159,0.27,0.673,0.471,0.26,0.476,85.4,0.418,0.75,88.5,0.428
Utah Jazz,2003-04,2004,2000s,82,42,40,0.5121951219512195,100.0,101.3,-1.3,0.456,0.509,9.6,0.321,3.1,88.26,0.621,1.22,16.3,0.188,0.373,0.691,0.529,0.356,0.493,88.7,0.436,0.746,89.9,0.432
Washington Wizards,2003-04,2004,2000s,82,25,57,0.3048780487804878,97.2,102.9,-5.7,0.454,0.5,15.5,0.342,5.3,93.9,0.557,1.07,14.5,0.186,0.333,0.667,0.496,0.337,0.441,91.8,0.421,0.714,97.4,0.454
Atlanta Hawks,2004-05,2005,2000s,82,13,69,0.1585365853658536,98.8,109.0,-10.2,0.464,0.504,11.9,0.312,3.7,93.09,0.549,1.22,15.3,0.171,0.326,0.696,0.502,0.299,0.422,92.7,0.441,0.711,102.5,0.476
Boston Celtics,2004-05,2005,2000s,82,45,37,0.5487804878048781,105.9,105.1,0.8,0.501,0.551,15.3,0.349,5.3,94.61,0.594,1.4,16.9,0.165,0.305,0.671,0.494,0.357,0.505,101.3,0.468,0.764,100.4,0.444
Charlotte Bobcats,2004-05,2005,2000s,82,18,64,0.2195121951219512,99.8,106.0,-6.2,0.455,0.497,10.7,0.363,3.9,93.54,0.606,1.51,16.5,0.154,0.327,0.676,0.492,0.306,0.46,94.3,0.432,0.709,100.2,0.463
Chicago Bulls,2004-05,2005,2000s,82,47,35,0.573170731707317,100.5,99.1,1.4,0.471,0.517,17.5,0.357,6.2,93.41,0.612,1.27,16.4,0.178,0.317,0.691,0.506,0.311,0.498,94.5,0.432,0.75,93.4,0.422
Cleveland Cavaliers,2004-05,2005,2000s,82,42,40,0.5121951219512195,105.3,104.7,0.6,0.47,0.518,11.0,0.332,3.7,90.72,0.619,1.62,17.3,0.152,0.354,0.674,0.51,0.325,0.51,96.5,0.447,0.752,95.7,0.452
Dallas Mavericks,2004-05,2005,2000s,82,58,24,0.7073170731707317,108.5,102.6,5.9,0.492,0.545,15.5,0.364,5.6,94.18,0.526,1.46,15.3,0.142,0.319,0.674,0.5,0.346,0.537,102.5,0.457,0.789,96.8,0.438
Denver Nuggets,2004-05,2005,2000s,82,49,33,0.5975609756097561,104.7,102.6,2.2,0.483,0.535,11.5,0.34,3.9,94.68,0.645,1.6,18.0,0.157,0.313,0.678,0.497,0.35,0.531,99.5,0.459,0.763,97.5,0.447
Detroit Pistons,2004-05,2005,2000s,82,54,28,0.6585365853658537,103.9,99.6,4.3,0.472,0.519,12.8,0.345,4.4,88.59,0.627,1.58,17.2,0.154,0.34,0.693,0.518,0.335,0.542,93.3,0.444,0.739,89.5,0.43
Golden State Warriors,2004-05,2005,2000s,82,34,48,0.4146341463414634,103.4,105.5,-2.2,0.475,0.512,21.6,0.352,7.6,94.45,0.598,1.63,16.6,0.142,0.303,0.666,0.477,0.278,0.473,98.7,0.43,0.722,100.9,0.458
Houston Rockets,2004-05,2005,2000s,82,51,31,0.6219512195121951,104.4,100.1,4.3,0.486,0.534,18.5,0.364,6.7,90.18,0.609,1.53,16.9,0.152,0.301,0.713,0.512,0.309,0.527,95.1,0.443,0.781,91.0,0.423
Indiana Pacers,2004-05,2005,2000s,82,44,38,0.5365853658536586,103.7,102.7,1.0,0.476,0.534,19.2,0.344,6.6,88.71,0.558,1.27,15.1,0.16,0.296,0.687,0.494,0.358,0.504,93.0,0.432,0.792,92.2,0.44
Los Angeles Clippers,2004-05,2005,2000s,82,37,45,0.4512195121951219,103.8,104.5,-0.8,0.477,0.533,8.2,0.345,2.8,90.66,0.65,1.47,17.9,0.171,0.338,0.687,0.518,0.357,0.518,95.7,0.459,0.778,96.5,0.444
Los Angeles Lakers,2004-05,2005,2000s,82,34,48,0.4146341463414634,106.4,109.6,-3.2,0.485,0.535,22.1,0.355,7.9,92.34,0.578,1.42,15.9,0.155,0.324,0.68,0.503,0.322,0.468,98.7,0.437,0.777,101.7,0.453
Memphis Grizzlies,2004-05,2005,2000s,82,45,37,0.5487804878048781,104.2,101.5,2.7,0.489,0.535,18.1,0.357,6.5,89.65,0.612,1.43,16.9,0.163,0.308,0.663,0.487,0.323,0.515,93.4,0.447,0.754,91.1,0.432
Miami Heat,2004-05,2005,2000s,82,59,23,0.7195121951219512,108.9,102.2,6.7,0.524,0.559,15.4,0.377,5.8,91.73,0.578,1.59,17.1,0.147,0.297,0.698,0.508,0.387,0.556,101.5,0.486,0.672,95.0,0.427
Milwaukee Bucks,2004-05,2005,2000s,82,30,52,0.3658536585365853,105.1,108.1,-3.0,0.475,0.527,11.3,0.351,4.0,92.14,0.58,1.52,16.4,0.149,0.322,0.687,0.503,0.339,0.478,97.2,0.45,0.772,100.2,0.464
Minnesota Timberwolves,2004-05,2005,2000s,82,44,38,0.5365853658536586,106.6,105.0,1.6,0.489,0.534,14.0,0.345,4.8,90.39,0.63,1.78,18.3,0.145,0.321,0.682,0.508,0.275,0.518,96.8,0.459,0.796,95.3,0.438
New Jersey Nets,2004-05,2005,2000s,82,42,40,0.5121951219512195,99.9,101.6,-1.7,0.463,0.512,14.7,0.362,5.3,90.41,0.644,1.52,17.1,0.155,0.298,0.701,0.495,0.318,0.49,91.4,0.429,0.763,92.9,0.439
New Orleans Hornets,2004-05,2005,2000s,82,18,64,0.2195121951219512,98.2,105.9,-7.7,0.446,0.493,16.0,0.315,5.1,88.97,0.634,1.42,16.6,0.165,0.329,0.675,0.494,0.279,0.437,88.4,0.415,0.766,95.5,0.452
New York Knicks,2004-05,2005,2000s,82,33,49,0.4024390243902439,104.5,107.2,-2.7,0.485,0.531,15.1,0.356,5.4,92.12,0.559,1.38,15.9,0.158,0.316,0.686,0.498,0.312,0.475,97.3,0.451,0.767,99.7,0.465
Orlando Magic,2004-05,2005,2000s,82,36,46,0.4390243902439024,103.4,105.7,-2.3,0.478,0.529,11.2,0.349,3.9,96.15,0.522,1.2,14.8,0.168,0.328,0.682,0.507,0.35,0.489,99.5,0.454,0.759,101.8,0.451
Philadelphia 76ers,2004-05,2005,2000s,82,43,39,0.524390243902439,101.8,102.5,-0.7,0.475,0.528,17.7,0.348,6.2,96.56,0.58,1.34,15.9,0.16,0.281,0.703,0.491,0.326,0.493,99.1,0.437,0.789,99.9,0.443
Phoenix Suns,2004-05,2005,2000s,82,62,20,0.7560975609756098,112.7,105.7,7.0,0.534,0.571,24.7,0.393,9.7,97.35,0.575,1.71,17.4,0.14,0.304,0.656,0.49,0.296,0.546,110.4,0.477,0.748,103.3,0.445
Portland Trail Blazers,2004-05,2005,2000s,82,27,55,0.3292682926829268,101.9,106.1,-4.3,0.484,0.524,14.2,0.362,5.1,91.05,0.595,1.32,16.6,0.175,0.331,0.65,0.496,0.303,0.475,92.9,0.451,0.725,96.9,0.447
Sacramento Kings,2004-05,2005,2000s,82,50,32,0.6097560975609756,108.8,106.5,2.3,0.496,0.541,17.0,0.374,6.4,94.52,0.626,1.87,18.2,0.137,0.315,0.667,0.491,0.287,0.522,103.7,0.459,0.787,101.6,0.459
San Antonio Spurs,2004-05,2005,2000s,82,59,23,0.7195121951219512,106.1,97.8,8.3,0.492,0.534,17.0,0.363,6.2,89.96,0.606,1.57,17.1,0.151,0.321,0.697,0.51,0.329,0.565,96.2,0.453,0.724,88.4,0.426
Seattle SuperSonics,2004-05,2005,2000s,82,52,30,0.6341463414634146,110.3,108.0,2.3,0.495,0.546,22.2,0.365,8.1,89.24,0.516,1.34,14.7,0.151,0.357,0.681,0.517,0.328,0.504,98.9,0.444,0.79,96.6,0.459
Toronto Raptors,2004-05,2005,2000s,82,33,49,0.4024390243902439,105.4,107.2,-1.8,0.492,0.539,20.5,0.385,7.9,94.01,0.566,1.54,16.0,0.14,0.269,0.682,0.473,0.316,0.479,99.7,0.444,0.774,101.4,0.467
Utah Jazz,2004-05,2005,2000s,82,26,56,0.3170731707317073,102.9,107.3,-4.4,0.469,0.522,9.3,0.328,3.0,90.02,0.646,1.41,17.4,0.174,0.351,0.695,0.518,0.361,0.475,93.0,0.449,0.757,97.3,0.458
Washington Wizards,2004-05,2005,2000s,82,45,37,0.5487804878048781,105.4,105.9,-0.4,0.474,0.523,18.3,0.343,6.3,94.8,0.527,1.33,14.6,0.15,0.338,0.667,0.497,0.364,0.485,100.5,0.437,0.725,100.8,0.459
Atlanta Hawks,2005-06,2006,2000s,82,26,56,0.3170731707317073,104.8,110.1,-5.3,0.486,0.534,14.1,0.367,5.2,91.75,0.552,1.27,15.5,0.169,0.334,0.667,0.496,0.34,0.462,97.2,0.454,0.75,102.0,0.478
Boston Celtics,2005-06,2006,2000s,82,33,49,0.4024390243902439,104.0,105.6,-1.5,0.504,0.551,15.7,0.362,5.7,93.27,0.581,1.26,16.4,0.176,0.289,0.694,0.497,0.349,0.485,98.0,0.467,0.755,99.5,0.456
Charlotte Bobcats,2005-06,2006,2000s,82,26,56,0.3170731707317073,101.2,105.6,-4.4,0.464,0.509,15.4,0.339,5.2,94.57,0.58,1.47,15.9,0.149,0.305,0.678,0.479,0.319,0.463,96.9,0.433,0.729,100.9,0.478
Chicago Bulls,2005-06,2006,2000s,82,41,41,0.5,103.3,102.7,0.7,0.487,0.527,18.0,0.379,6.8,93.59,0.601,1.47,16.9,0.158,0.303,0.703,0.503,0.292,0.501,97.8,0.446,0.738,97.2,0.426
Cleveland Cavaliers,2005-06,2006,2000s,82,50,32,0.6097560975609756,106.6,104.4,2.1,0.492,0.538,17.9,0.339,6.1,90.77,0.536,1.37,15.3,0.151,0.313,0.717,0.514,0.362,0.51,97.6,0.454,0.729,95.4,0.455
Dallas Mavericks,2005-06,2006,2000s,82,60,22,0.7317073170731707,109.9,103.2,6.7,0.495,0.55,13.6,0.374,5.1,89.3,0.5,1.32,14.6,0.15,0.347,0.69,0.522,0.364,0.551,99.1,0.462,0.783,93.1,0.443
Denver Nuggets,2005-06,2006,2000s,82,44,38,0.5365853658536586,104.4,104.1,0.3,0.488,0.535,13.1,0.325,4.3,94.9,0.624,1.58,17.6,0.154,0.3,0.682,0.494,0.347,0.512,100.3,0.461,0.744,100.1,0.454
Detroit Pistons,2005-06,2006,2000s,82,64,18,0.7804878048780488,109.3,101.7,7.6,0.497,0.535,17.7,0.384,6.8,87.98,0.661,2.12,18.9,0.128,0.317,0.68,0.497,0.297,0.557,96.8,0.455,0.727,90.2,0.452
Golden State Warriors,2005-06,2006,2000s,82,34,48,0.4146341463414634,103.5,104.9,-1.4,0.479,0.521,22.3,0.341,7.6,94.43,0.576,1.47,15.9,0.148,0.296,0.686,0.485,0.323,0.475,98.5,0.433,0.718,99.8,0.457
Houston Rockets,2005-06,2006,2000s,82,34,48,0.4146341463414634,100.4,102.1,-1.7,0.471,0.519,17.2,0.332,5.7,89.07,0.583,1.32,15.8,0.162,0.291,0.705,0.501,0.317,0.49,90.1,0.433,0.759,91.7,0.429
Indiana Pacers,2005-06,2006,2000s,82,41,41,0.5,103.1,101.0,2.0,0.487,0.533,18.7,0.349,6.5,90.85,0.585,1.3,16.0,0.168,0.304,0.699,0.506,0.344,0.514,93.9,0.444,0.737,92.0,0.435
Los Angeles Clippers,2005-06,2006,2000s,82,47,35,0.573170731707317,103.8,102.2,1.6,0.487,0.54,10.3,0.344,3.5,92.99,0.571,1.44,16.5,0.154,0.286,0.719,0.513,0.332,0.523,97.2,0.465,0.791,95.6,0.435
Los Angeles Lakers,2005-06,2006,2000s,82,45,37,0.5487804878048781,106.8,104.2,2.6,0.495,0.539,19.3,0.349,6.7,92.22,0.58,1.52,16.5,0.15,0.316,0.701,0.507,0.329,0.518,99.4,0.453,0.745,96.9,0.45
Memphis Grizzlies,2005-06,2006,2000s,82,49,33,0.5975609756097561,104.5,100.4,4.1,0.496,0.537,19.2,0.374,7.2,87.39,0.578,1.4,16.1,0.157,0.298,0.69,0.496,0.339,0.516,92.2,0.448,0.711,88.5,0.436
Miami Heat,2005-06,2006,2000s,82,52,30,0.6341463414634146,107.5,103.4,4.1,0.517,0.556,17.6,0.345,6.1,92.56,0.557,1.43,16.4,0.156,0.297,0.726,0.519,0.363,0.538,99.9,0.478,0.7,96.0,0.44
Milwaukee Bucks,2005-06,2006,2000s,82,40,42,0.4878048780487805,104.9,105.9,-1.0,0.492,0.535,16.3,0.38,6.2,92.45,0.594,1.48,16.8,0.157,0.309,0.713,0.507,0.322,0.486,97.8,0.453,0.738,98.8,0.466
Minnesota Timberwolves,2005-06,2006,2000s,82,33,49,0.4024390243902439,101.5,103.5,-2.0,0.48,0.524,11.5,0.329,3.8,89.58,0.594,1.44,16.9,0.16,0.296,0.673,0.49,0.299,0.503,91.7,0.456,0.758,93.6,0.441
New Jersey Nets,2005-06,2006,2000s,82,49,33,0.5975609756097561,102.4,100.9,1.5,0.478,0.528,17.6,0.33,5.8,91.17,0.678,1.68,18.2,0.149,0.274,0.73,0.501,0.346,0.513,93.8,0.44,0.758,92.4,0.439
New Orleans/Oklahoma City Hornets,2005-06,2006,2000s,82,38,44,0.4634146341463415,102.3,105.1,-2.8,0.464,0.515,10.8,0.339,3.7,90.32,0.537,1.39,15.1,0.147,0.297,0.709,0.497,0.339,0.484,92.8,0.44,0.758,95.6,0.459
New York Knicks,2005-06,2006,2000s,82,23,59,0.2804878048780488,102.7,109.3,-6.6,0.481,0.534,10.8,0.362,3.9,92.03,0.52,1.01,14.2,0.19,0.342,0.697,0.518,0.417,0.444,95.6,0.455,0.726,102.0,0.467
Orlando Magic,2005-06,2006,2000s,82,36,46,0.4390243902439024,105.3,106.6,-1.3,0.496,0.543,9.7,0.376,3.6,89.12,0.514,1.21,15.0,0.168,0.33,0.691,0.516,0.369,0.495,94.9,0.472,0.73,96.0,0.454
Philadelphia 76ers,2005-06,2006,2000s,82,38,44,0.4634146341463415,104.7,106.5,-1.8,0.487,0.538,12.6,0.364,4.6,93.91,0.551,1.43,15.8,0.149,0.285,0.676,0.481,0.356,0.492,99.4,0.458,0.76,101.3,0.463
Phoenix Suns,2005-06,2006,2000s,82,54,28,0.6585365853658537,110.2,104.7,5.4,0.537,0.568,25.6,0.399,10.2,96.92,0.635,2.0,19.5,0.135,0.256,0.69,0.48,0.206,0.547,108.4,0.479,0.806,102.8,0.454
Portland Trail Blazers,2005-06,2006,2000s,82,21,61,0.2560975609756097,99.7,110.3,-10.7,0.474,0.511,12.7,0.349,4.4,88.88,0.534,1.24,15.1,0.165,0.308,0.657,0.48,0.31,0.424,88.8,0.445,0.689,98.3,0.468
Sacramento Kings,2005-06,2006,2000s,82,44,38,0.5365853658536586,105.3,103.5,1.8,0.492,0.544,17.2,0.351,6.0,93.26,0.618,1.52,17.3,0.156,0.289,0.694,0.495,0.334,0.515,98.9,0.454,0.784,97.3,0.454
San Antonio Spurs,2005-06,2006,2000s,82,63,19,0.7682926829268293,106.2,98.7,7.5,0.513,0.546,16.6,0.385,6.4,89.41,0.574,1.52,17.0,0.153,0.289,0.708,0.505,0.298,0.554,95.6,0.472,0.702,88.8,0.433
Seattle SuperSonics,2005-06,2006,2000s,82,35,47,0.4268292682926829,109.4,112.7,-3.3,0.504,0.551,19.9,0.371,7.4,93.04,0.551,1.4,16.0,0.157,0.34,0.659,0.495,0.314,0.467,102.6,0.459,0.785,105.6,0.485
Toronto Raptors,2005-06,2006,2000s,82,27,55,0.3292682926829268,107.9,111.2,-3.2,0.5,0.548,19.8,0.375,7.4,92.33,0.529,1.49,15.5,0.139,0.286,0.697,0.484,0.315,0.459,101.1,0.454,0.791,104.0,0.491
Utah Jazz,2005-06,2006,2000s,82,41,41,0.5,102.4,105.1,-2.7,0.467,0.519,11.3,0.336,3.8,89.4,0.646,1.37,16.9,0.174,0.356,0.702,0.526,0.397,0.497,92.4,0.442,0.719,95.0,0.449
Washington Wizards,2005-06,2006,2000s,82,42,40,0.5121951219512195,107.7,105.8,1.9,0.484,0.538,17.0,0.357,6.1,93.68,0.512,1.33,14.5,0.148,0.329,0.679,0.499,0.375,0.503,101.7,0.447,0.757,99.8,0.465
Atlanta Hawks,2006-07,2007,2000s,82,30,52,0.3658536585365853,102.0,107.0,-5.1,0.471,0.523,12.7,0.329,4.2,90.98,0.556,1.2,15.3,0.173,0.328,0.676,0.499,0.346,0.466,93.7,0.444,0.761,98.4,0.466
Boston Celtics,2006-07,2007,2000s,82,24,58,0.2926829268292683,102.3,105.8,-3.5,0.479,0.53,15.6,0.367,5.7,92.91,0.57,1.21,15.6,0.176,0.309,0.705,0.502,0.337,0.459,95.8,0.443,0.767,99.2,0.468
Charlotte Bobcats,2006-07,2007,2000s,82,33,49,0.4024390243902439,102.4,106.3,-3.9,0.48,0.524,15.6,0.357,5.6,93.11,0.62,1.5,17.1,0.158,0.299,0.682,0.485,0.322,0.471,96.9,0.446,0.734,100.6,0.465
Chicago Bulls,2006-07,2007,2000s,82,49,33,0.5975609756097561,104.0,98.8,5.2,0.493,0.534,15.1,0.388,5.9,94.47,0.601,1.4,17.0,0.168,0.319,0.707,0.514,0.313,0.539,98.8,0.457,0.734,93.8,0.435
Cleveland Cavaliers,2006-07,2007,2000s,82,50,32,0.6097560975609756,104.4,100.6,3.8,0.484,0.522,17.1,0.352,6.0,91.59,0.574,1.45,16.2,0.155,0.327,0.721,0.518,0.32,0.52,96.8,0.447,0.696,92.9,0.448
Dallas Mavericks,2006-07,2007,2000s,82,67,15,0.8170731707317073,109.7,102.1,7.6,0.509,0.559,17.1,0.381,6.5,90.68,0.542,1.43,16.0,0.152,0.32,0.719,0.522,0.317,0.552,100.0,0.467,0.805,92.8,0.447
Denver Nuggets,2006-07,2007,2000s,82,45,37,0.5487804878048781,106.7,105.1,1.7,0.501,0.548,17.6,0.336,5.9,98.2,0.607,1.42,17.1,0.167,0.322,0.678,0.502,0.36,0.514,105.4,0.465,0.746,103.7,0.46
Detroit Pistons,2006-07,2007,2000s,82,53,29,0.6463414634146342,107.4,102.6,4.8,0.488,0.535,15.9,0.344,5.5,88.56,0.601,1.77,17.3,0.137,0.307,0.678,0.493,0.307,0.533,96.0,0.454,0.774,91.8,0.445
Golden State Warriors,2006-07,2007,2000s,82,42,40,0.5121951219512195,106.2,106.5,-0.3,0.512,0.548,24.0,0.356,8.5,99.97,0.598,1.49,17.3,0.159,0.285,0.662,0.472,0.3,0.489,106.5,0.463,0.717,106.9,0.462
Houston Rockets,2006-07,2007,2000s,82,52,30,0.6341463414634146,104.7,99.7,4.9,0.499,0.54,23.1,0.372,8.6,91.7,0.586,1.47,16.5,0.153,0.287,0.725,0.508,0.292,0.529,97.0,0.445,0.753,92.1,0.429
Indiana Pacers,2006-07,2007,2000s,82,35,47,0.4268292682926829,101.9,104.4,-2.5,0.474,0.523,16.9,0.346,5.9,93.43,0.585,1.26,15.9,0.173,0.321,0.694,0.503,0.324,0.485,95.6,0.438,0.76,98.0,0.457
Los Angeles Clippers,2006-07,2007,2000s,82,40,42,0.4878048780487805,103.8,104.2,-0.4,0.481,0.537,11.0,0.348,3.8,91.92,0.612,1.42,17.0,0.164,0.307,0.712,0.513,0.355,0.509,95.6,0.456,0.788,96.1,0.452
Los Angeles Lakers,2006-07,2007,2000s,82,42,40,0.5121951219512195,107.3,107.5,-0.2,0.511,0.554,21.0,0.353,7.4,94.58,0.596,1.45,17.1,0.161,0.3,0.69,0.496,0.333,0.499,103.3,0.466,0.747,103.4,0.461
Memphis Grizzlies,2006-07,2007,2000s,82,22,60,0.2682926829268293,105.7,110.9,-5.2,0.504,0.555,16.6,0.367,6.1,94.77,0.56,1.25,15.9,0.17,0.291,0.682,0.486,0.374,0.462,101.6,0.465,0.761,106.7,0.486
Miami Heat,2006-07,2007,2000s,82,44,38,0.5365853658536586,103.4,104.6,-1.2,0.506,0.541,18.8,0.343,6.4,90.61,0.576,1.4,16.6,0.16,0.279,0.693,0.493,0.321,0.508,94.6,0.464,0.69,95.5,0.444
Milwaukee Bucks,2006-07,2007,2000s,82,28,54,0.3414634146341463,106.0,110.3,-4.3,0.504,0.541,18.0,0.356,6.4,93.33,0.567,1.43,16.7,0.161,0.306,0.657,0.479,0.286,0.456,99.7,0.465,0.733,104.0,0.48
Minnesota Timberwolves,2006-07,2007,2000s,82,32,50,0.3902439024390244,102.4,106.5,-4.0,0.49,0.537,13.3,0.353,4.7,92.19,0.617,1.45,17.5,0.166,0.292,0.698,0.5,0.291,0.487,96.1,0.461,0.792,99.7,0.46
New Jersey Nets,2006-07,2007,2000s,82,41,41,0.5,104.2,105.1,-0.9,0.504,0.546,20.4,0.363,7.4,92.69,0.674,1.62,18.5,0.158,0.275,0.714,0.496,0.338,0.499,97.6,0.457,0.727,98.3,0.45
New Orleans/Oklahoma City Hornets,2006-07,2007,2000s,82,39,43,0.4756097560975609,103.7,105.4,-1.6,0.479,0.52,15.3,0.362,5.5,91.19,0.517,1.29,14.9,0.157,0.318,0.719,0.514,0.291,0.485,95.5,0.445,0.74,97.1,0.457
New York Knicks,2006-07,2007,2000s,82,33,49,0.4024390243902439,104.3,107.4,-3.1,0.494,0.539,16.7,0.346,5.8,91.89,0.528,1.09,14.7,0.183,0.337,0.714,0.527,0.377,0.471,97.5,0.457,0.715,100.3,0.46
Orlando Magic,2006-07,2007,2000s,82,40,42,0.4878048780487805,104.1,103.3,0.8,0.5,0.544,11.7,0.356,4.2,90.54,0.53,1.1,15.1,0.186,0.333,0.697,0.519,0.393,0.502,94.8,0.472,0.702,94.0,0.442
Philadelphia 76ers,2006-07,2007,2000s,82,35,47,0.4268292682926829,102.4,105.6,-3.2,0.48,0.53,10.0,0.345,3.5,91.84,0.569,1.33,16.1,0.165,0.306,0.678,0.493,0.333,0.489,94.9,0.458,0.767,98.0,0.463
Phoenix Suns,2006-07,2007,2000s,82,61,21,0.7439024390243902,112.9,105.5,7.4,0.551,0.59,24.0,0.399,9.6,96.45,0.626,1.78,19.3,0.149,0.262,0.683,0.484,0.267,0.561,110.2,0.494,0.808,102.9,0.457
Portland Trail Blazers,2006-07,2007,2000s,82,32,50,0.3902439024390244,103.8,108.6,-4.8,0.483,0.53,15.0,0.346,5.2,89.36,0.526,1.22,15.0,0.166,0.326,0.697,0.507,0.314,0.459,94.1,0.45,0.769,98.4,0.471
Sacramento Kings,2006-07,2007,2000s,82,33,49,0.4024390243902439,105.1,106.7,-1.6,0.491,0.545,18.5,0.35,6.5,95.83,0.566,1.39,15.8,0.151,0.267,0.692,0.477,0.379,0.485,101.3,0.45,0.765,103.1,0.472
San Antonio Spurs,2006-07,2007,2000s,82,58,24,0.7073170731707317,108.6,99.4,9.2,0.521,0.561,19.0,0.381,7.3,90.22,0.605,1.6,17.8,0.153,0.279,0.715,0.505,0.313,0.569,98.5,0.474,0.751,90.1,0.443
Seattle SuperSonics,2006-07,2007,2000s,82,31,51,0.3780487804878049,105.9,108.9,-3.0,0.499,0.544,17.7,0.362,6.4,92.92,0.556,1.34,16.2,0.165,0.312,0.676,0.492,0.288,0.474,99.1,0.46,0.791,102.0,0.476
Toronto Raptors,2006-07,2007,2000s,82,47,35,0.573170731707317,105.7,104.4,1.2,0.504,0.55,17.9,0.363,6.5,93.86,0.601,1.65,17.5,0.143,0.25,0.711,0.481,0.303,0.514,99.5,0.463,0.788,98.5,0.463
Utah Jazz,2006-07,2007,2000s,82,51,31,0.6219512195121951,108.6,105.6,3.0,0.502,0.551,12.9,0.335,4.3,92.81,0.659,1.58,18.5,0.167,0.352,0.721,0.534,0.38,0.531,101.5,0.474,0.743,98.6,0.455
Washington Wizards,2006-07,2007,2000s,82,41,41,0.5,108.7,109.1,-0.4,0.491,0.542,19.7,0.348,6.8,95.33,0.541,1.47,15.5,0.144,0.312,0.678,0.489,0.356,0.485,104.3,0.45,0.765,104.9,0.473
Atlanta Hawks,2007-08,2008,2000s,82,37,45,0.4512195121951219,105.5,107.3,-1.8,0.483,0.535,13.1,0.356,4.7,92.35,0.606,1.48,17.0,0.16,0.329,0.682,0.506,0.34,0.498,98.2,0.454,0.772,100.0,0.463
Boston Celtics,2007-08,2008,2000s,82,66,16,0.8048780487804879,108.8,98.1,10.8,0.522,0.569,19.1,0.381,7.3,91.88,0.614,1.47,17.6,0.164,0.306,0.707,0.518,0.346,0.581,100.5,0.475,0.771,90.3,0.419
Charlotte Bobcats,2007-08,2008,2000s,82,32,50,0.3902439024390244,103.7,108.2,-4.5,0.492,0.532,17.6,0.367,6.5,92.75,0.591,1.45,16.6,0.157,0.294,0.674,0.483,0.323,0.469,97.1,0.452,0.714,101.4,0.466
Chicago Bulls,2007-08,2008,2000s,82,33,49,0.4024390243902439,102.9,106.0,-3.1,0.47,0.515,15.9,0.363,5.8,94.04,0.606,1.51,16.7,0.154,0.325,0.687,0.5,0.296,0.48,97.3,0.435,0.756,100.4,0.453
Cleveland Cavaliers,2007-08,2008,2000s,82,45,37,0.5487804878048781,104.8,105.4,-0.6,0.48,0.52,18.8,0.358,6.7,91.06,0.558,1.43,15.7,0.152,0.334,0.715,0.518,0.308,0.49,96.4,0.439,0.717,96.7,0.455
Dallas Mavericks,2007-08,2008,2000s,82,51,31,0.6219512195121951,109.5,104.7,4.8,0.502,0.554,17.1,0.352,6.0,91.38,0.569,1.66,16.7,0.138,0.3,0.716,0.514,0.318,0.536,100.4,0.464,0.814,95.9,0.443
Denver Nuggets,2007-08,2008,2000s,82,50,32,0.6097560975609756,108.9,105.5,3.4,0.51,0.557,19.6,0.355,6.9,100.58,0.612,1.68,17.7,0.144,0.292,0.686,0.494,0.358,0.529,110.7,0.47,0.751,107.0,0.457
Detroit Pistons,2007-08,2008,2000s,82,59,23,0.7195121951219512,109.8,101.5,8.3,0.495,0.539,16.2,0.366,5.9,88.54,0.611,1.92,17.8,0.131,0.327,0.7,0.513,0.3,0.552,97.5,0.458,0.767,90.1,0.437
Golden State Warriors,2007-08,2008,2000s,82,48,34,0.5853658536585366,110.4,108.5,1.9,0.511,0.548,26.6,0.348,9.3,99.96,0.539,1.69,16.3,0.131,0.301,0.672,0.481,0.276,0.496,111.0,0.459,0.752,108.8,0.468
Houston Rockets,2007-08,2008,2000s,82,55,27,0.6707317073170732,105.4,100.5,4.8,0.492,0.528,20.8,0.342,7.1,91.42,0.585,1.56,16.8,0.15,0.323,0.711,0.519,0.276,0.535,96.7,0.448,0.726,92.0,0.433
Indiana Pacers,2007-08,2008,2000s,82,36,46,0.4390243902439024,105.1,106.3,-1.2,0.498,0.54,24.6,0.374,9.2,98.64,0.601,1.51,16.9,0.152,0.278,0.701,0.487,0.292,0.485,104.0,0.444,0.768,105.4,0.454
Los Angeles Clippers,2007-08,2008,2000s,82,23,59,0.2804878048780488,99.9,107.4,-7.5,0.465,0.519,13.2,0.324,4.3,93.38,0.614,1.47,16.7,0.153,0.267,0.703,0.484,0.338,0.461,93.8,0.438,0.781,101.1,0.467
Los Angeles Lakers,2007-08,2008,2000s,82,57,25,0.6951219512195121,111.7,104.3,7.3,0.525,0.57,21.4,0.378,8.1,96.7,0.617,1.73,18.1,0.145,0.297,0.702,0.507,0.333,0.551,108.6,0.476,0.769,101.3,0.445
Memphis Grizzlies,2007-08,2008,2000s,82,22,60,0.2682926829268293,103.9,110.2,-6.3,0.5,0.539,21.7,0.349,7.6,96.33,0.514,1.26,14.9,0.157,0.277,0.706,0.489,0.311,0.451,100.7,0.454,0.723,106.9,0.48
Miami Heat,2007-08,2008,2000s,82,15,67,0.1829268292682926,99.4,108.8,-9.4,0.482,0.522,16.7,0.358,6.0,91.24,0.585,1.37,16.3,0.159,0.264,0.681,0.47,0.3,0.445,91.4,0.443,0.727,100.0,0.468
Milwaukee Bucks,2007-08,2008,2000s,82,26,56,0.3170731707317073,103.9,111.1,-7.2,0.482,0.522,16.0,0.344,5.5,92.61,0.582,1.45,16.5,0.158,0.332,0.694,0.506,0.294,0.452,97.0,0.449,0.733,103.9,0.48
Minnesota Timberwolves,2007-08,2008,2000s,82,22,60,0.2682926829268293,102.7,110.0,-7.3,0.484,0.518,15.4,0.35,5.4,92.84,0.53,1.37,15.6,0.156,0.314,0.703,0.501,0.248,0.435,95.6,0.451,0.736,102.4,0.472
New Jersey Nets,2007-08,2008,2000s,82,34,48,0.4146341463414634,102.3,107.7,-5.4,0.481,0.528,17.4,0.348,6.1,92.96,0.674,1.57,18.0,0.16,0.3,0.706,0.502,0.347,0.475,95.8,0.443,0.736,100.9,0.456
New Orleans Hornets,2007-08,2008,2000s,82,56,26,0.6829268292682927,110.0,104.4,5.6,0.512,0.548,19.8,0.389,7.7,91.04,0.564,1.83,17.2,0.13,0.3,0.717,0.506,0.251,0.526,100.9,0.466,0.769,95.6,0.46
New York Knicks,2007-08,2008,2000s,82,23,59,0.2804878048780488,103.5,110.4,-6.8,0.475,0.518,17.7,0.337,6.0,92.76,0.516,1.29,14.7,0.155,0.321,0.697,0.502,0.31,0.44,96.9,0.439,0.727,103.5,0.474
Orlando Magic,2007-08,2008,2000s,82,52,30,0.6341463414634146,110.4,104.9,5.6,0.537,0.575,25.3,0.386,9.8,94.02,0.558,1.45,16.4,0.151,0.274,0.709,0.501,0.355,0.529,104.5,0.474,0.721,99.0,0.446
Philadelphia 76ers,2007-08,2008,2000s,82,40,42,0.4878048780487805,105.1,104.7,0.5,0.482,0.522,11.6,0.317,3.7,91.56,0.547,1.43,15.9,0.156,0.351,0.688,0.515,0.321,0.5,96.6,0.46,0.706,96.2,0.461
Phoenix Suns,2007-08,2008,2000s,82,55,27,0.6707317073170732,112.0,107.0,5.0,0.551,0.59,21.5,0.393,8.5,97.72,0.645,1.85,19.7,0.147,0.253,0.674,0.481,0.292,0.556,110.1,0.5,0.783,105.0,0.456
Portland Trail Blazers,2007-08,2008,2000s,82,41,41,0.5,105.9,106.8,-0.8,0.489,0.532,17.4,0.377,6.6,89.1,0.59,1.64,17.0,0.143,0.303,0.684,0.495,0.281,0.495,95.4,0.448,0.767,96.3,0.451
Sacramento Kings,2007-08,2008,2000s,82,38,44,0.4634146341463415,106.2,108.6,-2.4,0.503,0.556,16.7,0.373,6.2,95.81,0.515,1.19,14.9,0.166,0.29,0.689,0.493,0.346,0.483,102.5,0.464,0.798,104.8,0.466
San Antonio Spurs,2007-08,2008,2000s,82,56,26,0.6829268292682927,106.0,100.7,5.3,0.504,0.543,19.6,0.369,7.2,89.72,0.585,1.66,17.1,0.14,0.268,0.733,0.503,0.276,0.533,95.4,0.457,0.761,90.6,0.444
Seattle SuperSonics,2007-08,2008,2000s,82,20,62,0.2439024390243902,99.6,108.3,-8.6,0.467,0.509,11.5,0.333,3.8,97.32,0.559,1.33,15.9,0.163,0.305,0.7,0.502,0.265,0.45,97.5,0.444,0.77,106.3,0.461
Toronto Raptors,2007-08,2008,2000s,82,41,41,0.5,108.9,105.6,3.3,0.511,0.551,17.8,0.392,7.0,91.35,0.62,2.04,18.7,0.127,0.269,0.709,0.489,0.247,0.519,100.2,0.468,0.812,97.3,0.458
Utah Jazz,2007-08,2008,2000s,82,54,28,0.6585365853658537,112.1,104.9,7.2,0.528,0.573,13.4,0.372,5.0,94.64,0.66,1.8,19.6,0.154,0.327,0.71,0.521,0.349,0.556,106.2,0.497,0.759,99.3,0.461
Washington Wizards,2007-08,2008,2000s,82,43,39,0.524390243902439,107.6,107.9,-0.3,0.489,0.535,19.7,0.356,7.0,90.85,0.538,1.49,15.6,0.144,0.32,0.695,0.503,0.297,0.488,98.8,0.446,0.782,99.2,0.461
Atlanta Hawks,2008-09,2009,2000s,82,47,35,0.573170731707317,108.3,106.7,1.7,0.504,0.546,19.9,0.366,7.3,90.44,0.561,1.58,16.4,0.141,0.295,0.682,0.49,0.323,0.507,98.1,0.458,0.737,96.5,0.454
Boston Celtics,2008-09,2009,2000s,82,62,20,0.7560975609756098,109.5,101.6,7.9,0.528,0.571,16.5,0.397,6.6,91.15,0.606,1.45,17.8,0.169,0.314,0.715,0.524,0.328,0.562,100.9,0.486,0.765,93.4,0.431
Charlotte Bobcats,2008-09,2009,2000s,82,35,47,0.4268292682926829,103.7,105.0,-1.3,0.494,0.536,16.3,0.366,6.0,89.18,0.607,1.36,17.0,0.173,0.321,0.686,0.504,0.312,0.495,93.6,0.455,0.74,94.9,0.454
Chicago Bulls,2008-09,2009,2000s,82,41,41,0.5,107.2,107.5,-0.3,0.493,0.541,15.8,0.381,6.0,94.1,0.554,1.45,16.1,0.153,0.321,0.675,0.498,0.3,0.499,102.2,0.457,0.796,102.5,0.458
Cleveland Cavaliers,2008-09,2009,2000s,82,66,16,0.8048780487804879,111.2,101.6,9.6,0.519,0.56,20.4,0.393,8.0,89.61,0.55,1.59,16.4,0.141,0.306,0.707,0.512,0.312,0.559,100.3,0.468,0.757,91.4,0.431
Dallas Mavericks,2008-09,2009,2000s,82,50,32,0.6097560975609756,109.0,107.0,2.0,0.504,0.55,19.9,0.35,7.0,92.68,0.569,1.71,17.0,0.136,0.297,0.707,0.504,0.274,0.522,101.7,0.462,0.819,99.8,0.455
Denver Nuggets,2008-09,2009,2000s,82,54,28,0.6585365853658537,109.0,105.6,3.4,0.512,0.563,18.0,0.371,6.7,95.39,0.595,1.45,16.9,0.16,0.311,0.683,0.503,0.382,0.529,104.3,0.47,0.76,100.9,0.44
Detroit Pistons,2008-09,2009,2000s,82,39,43,0.4756097560975609,105.8,106.4,-0.6,0.483,0.524,13.2,0.349,4.6,88.02,0.567,1.74,16.7,0.133,0.311,0.711,0.508,0.282,0.496,94.2,0.454,0.751,94.7,0.451
Golden State Warriors,2008-09,2009,2000s,82,29,53,0.3536585365853658,108.0,111.7,-3.7,0.497,0.549,18.0,0.373,6.7,99.57,0.53,1.42,15.4,0.146,0.293,0.652,0.473,0.339,0.478,108.6,0.458,0.791,112.3,0.468
Houston Rockets,2008-09,2009,2000s,82,53,29,0.6463414634146342,107.1,102.9,4.2,0.501,0.548,20.2,0.375,7.6,91.23,0.562,1.44,16.2,0.154,0.308,0.714,0.517,0.292,0.53,98.4,0.453,0.805,94.4,0.444
Indiana Pacers,2008-09,2009,2000s,82,36,46,0.4390243902439024,107.2,108.2,-1.0,0.501,0.545,21.0,0.378,8.0,97.34,0.551,1.49,16.3,0.148,0.291,0.707,0.498,0.267,0.489,105.1,0.455,0.807,106.2,0.458
Los Angeles Clippers,2008-09,2009,2000s,82,19,63,0.2317073170731707,101.0,110.1,-9.2,0.481,0.52,18.5,0.354,6.5,93.3,0.583,1.41,16.4,0.158,0.287,0.679,0.479,0.275,0.441,95.1,0.441,0.736,103.9,0.473
Los Angeles Lakers,2008-09,2009,2000s,82,65,17,0.7926829268292683,111.4,103.5,7.9,0.513,0.555,18.5,0.361,6.7,95.49,0.577,1.73,17.3,0.14,0.326,0.698,0.514,0.299,0.547,106.9,0.474,0.77,99.3,0.447
Memphis Grizzlies,2008-09,2009,2000s,82,24,58,0.2926829268292683,102.3,108.2,-6.0,0.486,0.533,13.5,0.36,4.9,91.22,0.497,1.14,14.2,0.166,0.297,0.697,0.495,0.329,0.457,93.9,0.454,0.756,99.3,0.473
Miami Heat,2008-09,2009,2000s,82,43,39,0.524390243902439,106.8,106.5,0.3,0.5,0.54,19.9,0.357,7.1,90.8,0.551,1.63,16.3,0.136,0.282,0.693,0.484,0.282,0.505,98.3,0.457,0.754,98.0,0.455
Milwaukee Bucks,2008-09,2009,2000s,82,34,48,0.4146341463414634,105.2,106.3,-1.1,0.483,0.531,17.2,0.363,6.2,93.89,0.599,1.56,16.8,0.149,0.31,0.699,0.496,0.306,0.485,99.3,0.445,0.78,100.4,0.458
Minnesota Timberwolves,2008-09,2009,2000s,82,24,58,0.2926829268292683,104.9,109.9,-5.0,0.481,0.526,18.8,0.353,6.6,92.76,0.561,1.44,15.9,0.152,0.321,0.717,0.511,0.289,0.453,97.8,0.441,0.769,102.7,0.474
New Jersey Nets,2008-09,2009,2000s,82,34,48,0.4146341463414634,106.8,109.5,-2.7,0.497,0.543,21.2,0.376,8.0,91.12,0.559,1.52,16.0,0.143,0.288,0.703,0.493,0.303,0.474,98.1,0.448,0.779,100.5,0.462
New Orleans Hornets,2008-09,2009,2000s,82,49,33,0.5975609756097561,107.6,105.8,1.8,0.501,0.548,18.6,0.364,6.8,88.74,0.553,1.56,16.3,0.141,0.282,0.707,0.496,0.288,0.515,95.8,0.457,0.807,94.3,0.45
New York Knicks,2008-09,2009,2000s,82,32,50,0.3902439024390244,107.0,109.4,-2.5,0.503,0.544,27.9,0.36,10.0,97.82,0.551,1.48,16.0,0.146,0.277,0.696,0.48,0.268,0.467,105.2,0.445,0.784,107.8,0.48
Oklahoma City Thunder,2008-09,2009,2000s,82,23,59,0.2804878048780488,101.4,107.6,-6.2,0.471,0.521,11.6,0.346,4.0,95.1,0.555,1.25,15.6,0.17,0.309,0.716,0.508,0.308,0.464,97.0,0.447,0.786,103.1,0.475
Orlando Magic,2008-09,2009,2000s,82,59,23,0.7195121951219512,108.3,101.3,7.1,0.52,0.559,26.2,0.381,10.0,92.99,0.544,1.39,15.6,0.149,0.273,0.717,0.502,0.351,0.545,101.0,0.457,0.715,94.4,0.433
Philadelphia 76ers,2008-09,2009,2000s,82,41,41,0.5,106.3,106.1,0.2,0.485,0.532,13.1,0.318,4.2,91.3,0.55,1.42,15.8,0.154,0.342,0.68,0.508,0.339,0.503,97.4,0.459,0.745,97.3,0.462
Phoenix Suns,2008-09,2009,2000s,82,46,36,0.5609756097560976,112.4,110.4,2.0,0.545,0.584,17.6,0.383,6.7,96.99,0.565,1.48,17.4,0.161,0.308,0.682,0.503,0.336,0.525,109.4,0.504,0.744,107.5,0.467
Portland Trail Blazers,2008-09,2009,2000s,82,54,28,0.6585365853658537,112.1,106.1,6.0,0.511,0.553,19.0,0.383,7.3,88.02,0.552,1.58,16.4,0.145,0.355,0.708,0.528,0.306,0.531,99.4,0.465,0.765,94.1,0.46
Sacramento Kings,2008-09,2009,2000s,82,17,65,0.2073170731707317,104.4,113.4,-9.0,0.491,0.542,19.4,0.368,7.1,95.29,0.541,1.28,15.3,0.16,0.289,0.669,0.477,0.315,0.44,100.6,0.447,0.798,109.3,0.483
San Antonio Spurs,2008-09,2009,2000s,82,54,28,0.6585365853658537,107.6,103.4,4.2,0.513,0.548,19.8,0.386,7.6,89.19,0.571,1.8,17.3,0.13,0.258,0.74,0.502,0.251,0.523,97.0,0.466,0.761,93.3,0.453
Toronto Raptors,2008-09,2009,2000s,82,33,49,0.4024390243902439,105.5,108.6,-3.0,0.494,0.542,15.7,0.372,5.8,93.26,0.601,1.67,17.5,0.143,0.276,0.706,0.493,0.279,0.492,99.0,0.458,0.824,101.9,0.465
Utah Jazz,2008-09,2009,2000s,82,48,34,0.5853658536585366,108.5,105.8,2.7,0.504,0.554,13.7,0.349,4.8,94.47,0.644,1.67,18.4,0.155,0.316,0.693,0.505,0.355,0.535,103.6,0.475,0.771,100.9,0.464
Washington Wizards,2008-09,2009,2000s,82,19,63,0.2317073170731707,104.0,112.1,-8.1,0.48,0.524,14.6,0.33,4.8,92.26,0.548,1.43,15.8,0.151,0.313,0.689,0.495,0.293,0.448,96.1,0.45,0.767,103.5,0.482
Atlanta Hawks,2009-10,2010,2000s,82,53,29,0.6463414634146342,111.0,106.0,4.9,0.506,0.545,17.7,0.36,6.4,90.77,0.562,1.83,17.1,0.13,0.32,0.685,0.502,0.281,0.523,101.7,0.468,0.759,97.0,0.46
Boston Celtics,2009-10,2010,2000s,82,50,32,0.6097560975609756,106.9,103.2,3.7,0.522,0.564,17.5,0.348,6.1,92.22,0.635,1.58,18.5,0.16,0.274,0.697,0.493,0.332,0.54,99.2,0.483,0.746,95.6,0.451
Charlotte Bobcats,2009-10,2010,2000s,82,44,38,0.5365853658536586,103.9,102.0,1.9,0.49,0.538,16.2,0.346,5.6,90.91,0.58,1.29,16.1,0.172,0.315,0.698,0.51,0.346,0.518,95.3,0.453,0.751,93.8,0.448
Chicago Bulls,2009-10,2010,2000s,82,41,41,0.5,102.6,104.2,-1.6,0.477,0.52,13.0,0.33,4.3,94.02,0.553,1.45,16.0,0.151,0.303,0.709,0.509,0.287,0.5,97.5,0.451,0.754,99.1,0.442
Cleveland Cavaliers,2009-10,2010,2000s,82,61,21,0.7439024390243902,110.6,103.8,6.8,0.532,0.57,19.3,0.381,7.3,91.77,0.592,1.61,17.7,0.15,0.293,0.725,0.519,0.341,0.552,102.1,0.485,0.72,95.6,0.442
Dallas Mavericks,2009-10,2010,2000s,82,55,27,0.6707317073170732,107.8,105.0,2.8,0.506,0.552,18.3,0.372,6.8,93.6,0.611,1.81,18.0,0.137,0.279,0.697,0.493,0.277,0.534,102.0,0.464,0.816,99.3,0.457
Denver Nuggets,2009-10,2010,2000s,82,53,29,0.6463414634146342,110.8,106.5,4.4,0.509,0.561,18.5,0.359,6.6,95.61,0.55,1.51,16.1,0.144,0.304,0.687,0.498,0.376,0.524,106.5,0.468,0.772,102.4,0.456
Detroit Pistons,2009-10,2010,2000s,82,27,55,0.3292682926829268,104.5,110.3,-5.9,0.474,0.515,14.5,0.314,4.6,89.46,0.541,1.45,15.5,0.149,0.346,0.697,0.51,0.303,0.448,94.0,0.445,0.728,99.1,0.48
Golden State Warriors,2009-10,2010,2000s,82,26,56,0.3170731707317073,107.0,110.3,-3.3,0.514,0.557,20.6,0.375,7.7,101.52,0.552,1.53,16.5,0.144,0.254,0.659,0.453,0.294,0.47,108.8,0.469,0.782,112.4,0.485
Houston Rockets,2009-10,2010,2000s,82,42,40,0.5121951219512195,106.8,106.8,0.0,0.494,0.537,22.4,0.351,7.9,94.91,0.579,1.51,16.5,0.151,0.309,0.699,0.498,0.292,0.489,102.4,0.447,0.772,102.7,0.475
Indiana Pacers,2009-10,2010,2000s,82,32,50,0.3902439024390244,103.0,106.0,-3.0,0.491,0.536,23.1,0.348,8.0,97.77,0.573,1.4,16.1,0.154,0.255,0.69,0.473,0.296,0.476,100.8,0.443,0.775,103.8,0.453
Los Angeles Clippers,2009-10,2010,2000s,82,29,53,0.3536585365853658,102.3,109.1,-6.8,0.491,0.529,17.8,0.332,5.9,93.44,0.603,1.41,17.1,0.168,0.305,0.697,0.5,0.283,0.465,95.7,0.455,0.73,102.1,0.47
Los Angeles Lakers,2009-10,2010,2000s,82,57,25,0.6951219512195121,107.6,102.7,4.9,0.496,0.538,19.0,0.341,6.5,93.73,0.55,1.58,16.2,0.141,0.314,0.708,0.512,0.289,0.529,101.7,0.457,0.765,97.0,0.446
Memphis Grizzlies,2009-10,2010,2000s,82,40,42,0.4878048780487805,107.5,109.0,-1.5,0.494,0.536,12.4,0.337,4.2,94.29,0.479,1.24,14.4,0.16,0.355,0.698,0.523,0.32,0.486,102.5,0.469,0.733,104.0,0.478
Miami Heat,2009-10,2010,2000s,82,47,35,0.573170731707317,105.7,103.4,2.4,0.496,0.537,17.4,0.346,6.0,90.3,0.519,1.43,15.4,0.144,0.294,0.701,0.5,0.296,0.522,96.5,0.458,0.752,94.2,0.439
Milwaukee Bucks,2009-10,2010,2000s,82,46,36,0.5609756097560976,104.0,101.9,2.1,0.482,0.518,22.1,0.356,7.9,92.6,0.57,1.6,16.4,0.141,0.298,0.726,0.501,0.239,0.495,97.7,0.436,0.755,96.0,0.451
Minnesota Timberwolves,2009-10,2010,2000s,82,15,67,0.1829268292682926,100.6,110.4,-9.8,0.478,0.518,14.4,0.341,4.9,97.12,0.524,1.22,15.0,0.167,0.308,0.705,0.501,0.278,0.432,98.2,0.449,0.746,107.8,0.48
New Jersey Nets,2009-10,2010,2000s,82,12,70,0.1463414634146341,99.3,108.9,-9.6,0.458,0.509,14.5,0.318,4.6,92.65,0.547,1.3,15.1,0.155,0.285,0.686,0.478,0.307,0.429,92.4,0.429,0.78,101.5,0.481
New Orleans Hornets,2009-10,2010,2000s,82,37,45,0.4512195121951219,106.5,108.9,-2.4,0.506,0.543,19.2,0.363,7.0,93.53,0.575,1.66,17.3,0.143,0.282,0.696,0.486,0.243,0.484,100.2,0.464,0.778,102.7,0.483
New York Knicks,2009-10,2010,2000s,82,29,53,0.3536585365853658,106.4,110.3,-4.0,0.509,0.547,26.2,0.346,9.1,95.03,0.567,1.54,16.6,0.146,0.268,0.691,0.476,0.256,0.474,102.1,0.455,0.782,105.9,0.486
Oklahoma City Thunder,2009-10,2010,2000s,82,50,32,0.6097560975609756,107.0,103.5,3.5,0.494,0.547,15.0,0.34,5.1,94.13,0.535,1.34,15.5,0.158,0.32,0.694,0.511,0.333,0.532,101.5,0.462,0.805,98.0,0.448
Orlando Magic,2009-10,2010,2000s,82,59,23,0.7195121951219512,110.7,102.8,7.9,0.536,0.573,27.3,0.375,10.3,92.54,0.537,1.4,15.8,0.152,0.28,0.726,0.512,0.34,0.551,102.8,0.47,0.724,95.3,0.438
Philadelphia 76ers,2009-10,2010,2000s,82,27,55,0.3292682926829268,104.8,108.9,-4.1,0.496,0.534,16.8,0.343,5.8,92.72,0.558,1.45,16.4,0.156,0.31,0.693,0.498,0.27,0.478,97.7,0.46,0.756,101.6,0.472
Phoenix Suns,2009-10,2010,2000s,82,54,28,0.6585365853658537,113.9,109.1,4.8,0.546,0.585,21.6,0.412,8.9,96.43,0.573,1.58,17.5,0.152,0.311,0.673,0.503,0.312,0.536,110.2,0.492,0.77,105.3,0.452
Portland Trail Blazers,2009-10,2010,2000s,82,50,32,0.6097560975609756,109.6,106.1,3.5,0.499,0.547,16.9,0.354,6.0,88.64,0.563,1.65,16.6,0.138,0.32,0.702,0.51,0.315,0.525,98.1,0.461,0.79,94.8,0.464
Sacramento Kings,2009-10,2010,2000s,82,25,57,0.3048780487804878,104.4,109.1,-4.7,0.491,0.528,16.9,0.349,5.9,94.78,0.534,1.37,15.7,0.156,0.315,0.7,0.504,0.286,0.467,100.0,0.456,0.726,104.4,0.469
San Antonio Spurs,2009-10,2010,2000s,82,50,32,0.6097560975609756,109.3,103.9,5.4,0.515,0.552,18.9,0.358,6.8,92.26,0.581,1.64,17.4,0.147,0.303,0.72,0.515,0.296,0.532,101.4,0.473,0.74,96.3,0.452
Toronto Raptors,2009-10,2010,2000s,82,40,42,0.4878048780487805,110.2,112.2,-2.0,0.521,0.564,17.0,0.371,6.3,93.94,0.564,1.64,17.1,0.142,0.288,0.692,0.495,0.319,0.489,104.1,0.482,0.764,105.9,0.468
Utah Jazz,2009-10,2010,2000s,82,53,29,0.6463414634146342,109.7,104.0,5.7,0.524,0.565,14.7,0.364,5.4,94.68,0.678,1.76,19.8,0.16,0.313,0.718,0.52,0.34,0.55,104.2,0.491,0.741,98.9,0.449
Washington Wizards,2009-10,2010,2000s,82,26,56,0.3170731707317073,103.1,108.3,-5.3,0.481,0.524,14.9,0.353,5.3,92.6,0.518,1.28,15.0,0.159,0.317,0.691,0.501,0.283,0.462,96.2,0.449,0.762,101.0,0.463
Atlanta Hawks,2010-11,2011,2010s,82,44,38,0.537,105.1,105.8,-0.7,0.501,0.542,17.4,0.352,6.1,90.22,0.607,1.61,17.7,0.151,0.274,0.71,0.494,,0.493,95.0,0.462,0.779,,
Boston Celtics,2010-11,2011,2010s,82,56,26,0.683,105.5,99.8,5.7,0.519,0.561,13.6,0.365,5.0,90.92,0.635,1.61,18.8,0.159,0.257,0.709,0.497,,0.558,96.5,0.486,0.77,,
Charlotte Bobcats,2010-11,2011,2010s,82,34,48,0.415,102.8,107.0,-4.2,0.482,0.528,14.7,0.327,4.8,90.3,0.601,1.45,16.9,0.16,0.298,0.705,0.502,,0.48,93.3,0.451,0.756,,
Chicago Bulls,2010-11,2011,2010s,82,62,20,0.756,107.2,99.5,7.8,0.501,0.541,17.3,0.361,6.2,91.2,0.601,1.57,17.3,0.154,0.332,0.717,0.528,,0.555,98.6,0.462,0.743,,
Cleveland Cavaliers,2010-11,2011,2010s,82,19,63,0.232,101.5,110.9,-9.5,0.472,0.518,18.2,0.342,6.2,93.76,0.596,1.48,16.4,0.151,0.283,0.699,0.485,,0.441,95.5,0.434,0.745,,
Dallas Mavericks,2010-11,2011,2010s,82,57,25,0.695,108.4,104.1,4.4,0.525,0.565,21.6,0.365,7.9,92.24,0.637,1.71,18.7,0.151,0.278,0.713,0.504,,0.538,100.2,0.475,0.777,,
Denver Nuggets,2010-11,2011,2010s,82,50,32,0.61,111.7,106.8,4.9,0.526,0.574,20.8,0.388,8.1,96.06,0.576,1.57,17.0,0.147,0.283,0.716,0.506,,0.524,107.5,0.476,0.765,,
Detroit Pistons,2010-11,2011,2010s,82,30,52,0.366,107.0,110.7,-3.7,0.495,0.533,15.3,0.376,5.8,89.79,0.566,1.62,16.8,0.144,0.317,0.681,0.491,,0.464,97.0,0.46,0.737,,
Golden State Warriors,2010-11,2011,2010s,82,36,46,0.439,107.1,109.4,-2.3,0.51,0.544,21.3,0.392,8.4,95.85,0.568,1.54,17.0,0.151,0.3,0.659,0.476,,0.472,103.4,0.461,0.761,,
Houston Rockets,2010-11,2011,2010s,82,43,39,0.524,110.2,107.9,2.3,0.503,0.55,22.5,0.367,8.3,95.14,0.617,1.76,17.8,0.141,0.315,0.69,0.501,,0.515,105.9,0.454,0.801,,
Indiana Pacers,2010-11,2011,2010s,82,37,45,0.451,104.1,105.0,-0.9,0.486,0.533,20.2,0.354,7.1,95.5,0.536,1.28,15.2,0.16,0.297,0.703,0.501,,0.492,99.8,0.442,0.782,,
Los Angeles Clippers,2010-11,2011,2010s,82,32,50,0.39,104.8,108.0,-3.2,0.496,0.535,18.5,0.338,6.3,93.35,0.601,1.35,16.9,0.174,0.33,0.692,0.511,,0.483,98.6,0.457,0.707,,
Los Angeles Lakers,2010-11,2011,2010s,82,57,25,0.695,109.6,103.3,6.3,0.502,0.545,18.1,0.352,6.4,91.78,0.576,1.68,17.0,0.141,0.325,0.692,0.513,,0.541,101.5,0.463,0.779,,
Memphis Grizzlies,2010-11,2011,2010s,82,46,36,0.561,107.0,104.5,2.5,0.493,0.534,11.3,0.334,3.8,92.42,0.528,1.48,16.0,0.15,0.333,0.682,0.505,,0.518,99.9,0.471,0.75,,
Miami Heat,2010-11,2011,2010s,82,58,24,0.707,110.6,102.9,7.8,0.524,0.573,18.0,0.37,6.7,91.63,0.541,1.44,16.1,0.151,0.287,0.715,0.514,,0.556,102.1,0.481,0.769,,
Milwaukee Bucks,2010-11,2011,2010s,82,35,47,0.427,100.8,101.5,-0.8,0.467,0.511,17.2,0.342,5.9,90.57,0.549,1.4,15.3,0.148,0.287,0.71,0.492,,0.488,91.9,0.43,0.757,,
Minnesota Timberwolves,2010-11,2011,2010s,82,17,65,0.207,103.2,109.9,-6.7,0.483,0.526,19.1,0.376,7.2,97.49,0.534,1.18,15.0,0.174,0.336,0.698,0.512,,0.443,101.1,0.441,0.768,,
New Jersey Nets,2010-11,2011,2010s,82,24,58,0.293,102.1,108.9,-6.8,0.474,0.517,16.3,0.343,5.6,90.7,0.59,1.5,16.6,0.152,0.304,0.7,0.497,,0.452,94.2,0.44,0.759,,
New Orleans Hornets,2010-11,2011,2010s,82,46,36,0.561,105.4,104.4,1.0,0.493,0.537,15.0,0.36,5.4,89.4,0.574,1.58,16.8,0.145,0.289,0.721,0.503,,0.507,94.9,0.459,0.765,,
New York Knicks,2010-11,2011,2010s,82,42,40,0.512,109.9,109.0,1.0,0.513,0.561,25.4,0.368,9.3,96.47,0.56,1.56,16.4,0.141,0.273,0.676,0.473,,0.504,106.5,0.457,0.809,,
Oklahoma City Thunder,2010-11,2011,2010s,82,55,27,0.671,109.9,105.9,3.9,0.501,0.561,17.1,0.347,5.9,93.84,0.545,1.45,15.8,0.148,0.306,0.697,0.507,,0.529,104.8,0.464,0.823,,
Orlando Magic,2010-11,2011,2010s,82,52,30,0.634,107.4,101.8,5.6,0.521,0.554,25.6,0.366,9.4,91.55,0.553,1.34,15.9,0.162,0.304,0.723,0.518,,0.534,99.2,0.461,0.692,,
Philadelphia 76ers,2010-11,2011,2010s,82,41,41,0.5,105.3,103.8,1.5,0.494,0.535,15.2,0.355,5.4,92.78,0.596,1.75,17.6,0.138,0.278,0.714,0.497,,0.51,99.0,0.461,0.77,,
Phoenix Suns,2010-11,2011,2010s,82,40,42,0.488,108.6,109.4,-0.8,0.522,0.559,22.6,0.377,8.5,95.18,0.604,1.66,17.9,0.147,0.275,0.681,0.48,,0.494,105.0,0.47,0.759,,
Portland Trail Blazers,2010-11,2011,2010s,82,48,34,0.585,107.3,105.7,1.6,0.486,0.533,18.3,0.345,6.3,89.13,0.588,1.62,16.9,0.145,0.331,0.682,0.499,,0.516,96.3,0.447,0.804,,
Sacramento Kings,2010-11,2011,2010s,82,24,58,0.293,102.9,108.4,-5.5,0.48,0.519,15.6,0.335,5.2,95.76,0.534,1.27,15.4,0.167,0.334,0.702,0.512,,0.462,99.4,0.449,0.734,,
San Antonio Spurs,2010-11,2011,2010s,82,61,21,0.744,110.5,104.4,6.1,0.527,0.567,21.1,0.397,8.4,93.34,0.583,1.67,17.5,0.143,0.276,0.711,0.5,,0.538,103.7,0.475,0.767,,
Toronto Raptors,2010-11,2011,2010s,82,22,60,0.268,105.2,111.7,-6.5,0.491,0.533,13.3,0.316,4.2,93.78,0.571,1.49,16.8,0.156,0.314,0.685,0.495,,0.459,99.1,0.465,0.755,,
Utah Jazz,2010-11,2011,2010s,82,39,43,0.476,107.0,108.8,-1.8,0.498,0.544,15.3,0.346,5.3,92.03,0.627,1.63,18.0,0.154,0.314,0.679,0.496,,0.5,99.4,0.465,0.771,,
Washington Wizards,2010-11,2011,2010s,82,23,59,0.28,101.3,109.1,-7.8,0.471,0.513,14.4,0.332,4.8,94.76,0.522,1.27,14.9,0.16,0.317,0.671,0.488,,0.445,97.3,0.443,0.745,,
Atlanta Hawks,2011-12,2012,2010s,66,40,26,0.6060606060606061,104.2,100.4,3.8,0.5,0.535,20.2,0.37,7.5,90.88,0.61,1.61,17.6,0.151,0.279,0.703,0.493,0.259,0.526,96.6,0.454,0.74,93.2,0.444
Boston Celtics,2011-12,2012,2010s,66,39,27,0.5909090909090909,100.1,97.5,2.6,0.496,0.535,15.0,0.367,5.5,91.11,0.665,1.59,18.8,0.162,0.245,0.686,0.478,0.257,0.535,91.8,0.46,0.778,89.3,0.419
Charlotte Bobcats,2011-12,2012,2010s,66,7,59,0.106060606060606,94.4,109.4,-15.0,0.439,0.483,13.5,0.295,4.0,91.86,0.605,1.39,16.0,0.157,0.285,0.678,0.474,0.276,0.411,87.0,0.414,0.746,100.9,0.475
Chicago Bulls,2011-12,2012,2010s,66,50,16,0.7575757575757576,106.3,97.5,8.8,0.49,0.523,16.9,0.375,6.3,89.98,0.619,1.65,17.7,0.154,0.361,0.703,0.536,0.255,0.561,96.3,0.452,0.722,88.2,0.421
Cleveland Cavaliers,2011-12,2012,2010s,66,21,45,0.3181818181818182,100.0,107.6,-7.6,0.463,0.505,19.3,0.346,6.7,92.34,0.579,1.29,15.4,0.166,0.323,0.683,0.496,0.307,0.439,93.0,0.422,0.716,100.2,0.467
Dallas Mavericks,2011-12,2012,2010s,66,36,30,0.5454545454545454,102.1,100.9,1.1,0.489,0.527,22.2,0.339,7.5,92.61,0.575,1.49,16.5,0.149,0.268,0.714,0.493,0.246,0.51,95.8,0.443,0.771,94.8,0.435
Denver Nuggets,2011-12,2012,2010s,66,38,28,0.5757575757575758,108.3,105.1,3.2,0.516,0.556,19.9,0.332,6.6,95.03,0.615,1.56,17.9,0.16,0.316,0.705,0.515,0.326,0.527,104.1,0.476,0.735,101.2,0.456
Detroit Pistons,2011-12,2012,2010s,66,25,41,0.3787878787878788,100.0,105.0,-5.0,0.468,0.51,13.9,0.346,4.8,90.31,0.538,1.19,15.1,0.172,0.322,0.689,0.5,0.279,0.448,90.9,0.438,0.752,95.7,0.462
Golden State Warriors,2011-12,2012,2010s,66,23,43,0.3484848484848485,103.9,107.3,-3.4,0.505,0.539,20.5,0.388,7.9,93.78,0.591,1.61,17.4,0.147,0.256,0.658,0.46,0.227,0.472,97.8,0.457,0.77,101.2,0.453
Houston Rockets,2011-12,2012,2010s,66,34,32,0.5151515151515151,104.2,104.0,0.2,0.492,0.529,20.2,0.359,7.2,92.82,0.564,1.47,16.4,0.154,0.309,0.692,0.499,0.235,0.497,98.1,0.449,0.782,97.9,0.456
Indiana Pacers,2011-12,2012,2010s,66,42,24,0.6363636363636364,105.5,102.1,3.3,0.474,0.526,16.1,0.368,5.9,91.68,0.522,1.33,14.7,0.151,0.333,0.689,0.511,0.321,0.521,97.7,0.438,0.782,94.4,0.435
Los Angeles Clippers,2011-12,2012,2010s,66,40,26,0.6060606060606061,107.5,104.8,2.7,0.502,0.533,21.8,0.357,7.8,89.98,0.568,1.58,16.6,0.147,0.331,0.692,0.507,0.287,0.517,97.5,0.455,0.68,95.0,0.447
Los Angeles Lakers,2011-12,2012,2010s,66,41,25,0.6212121212121212,104.5,103.2,1.3,0.491,0.534,16.8,0.326,5.5,91.72,0.611,1.49,17.3,0.162,0.327,0.719,0.532,0.299,0.524,97.3,0.457,0.756,95.9,0.437
Memphis Grizzlies,2011-12,2012,2010s,66,41,25,0.6212121212121212,102.8,100.6,2.2,0.473,0.515,12.9,0.326,4.2,91.82,0.532,1.35,15.4,0.157,0.335,0.688,0.508,0.277,0.514,95.0,0.447,0.759,93.0,0.444
Miami Heat,2011-12,2012,2010s,66,46,20,0.696969696969697,105.6,99.2,6.4,0.505,0.549,15.6,0.359,5.6,92.07,0.538,1.31,15.9,0.163,0.299,0.693,0.504,0.307,0.553,98.5,0.469,0.775,92.5,0.434
Milwaukee Bucks,2011-12,2012,2010s,66,31,35,0.4696969696969697,104.5,104.1,0.4,0.481,0.521,19.2,0.345,6.6,94.68,0.62,1.67,17.6,0.148,0.314,0.675,0.49,0.25,0.503,99.0,0.443,0.774,98.7,0.449
Minnesota Timberwolves,2011-12,2012,2010s,66,26,40,0.3939393939393939,103.1,105.3,-2.2,0.477,0.524,21.6,0.332,7.2,94.44,0.548,1.29,15.1,0.16,0.311,0.693,0.502,0.306,0.483,97.9,0.433,0.771,100.1,0.455
New Jersey Nets,2011-12,2012,2010s,66,22,44,0.3333333333333333,101.8,108.1,-6.3,0.473,0.516,22.4,0.342,7.7,91.26,0.58,1.32,15.8,0.165,0.314,0.677,0.489,0.269,0.448,93.1,0.425,0.777,99.1,0.472
New Orleans Hornets,2011-12,2012,2010s,66,21,45,0.3181818181818182,99.9,103.9,-4.0,0.476,0.517,11.8,0.333,3.9,89.27,0.595,1.34,16.8,0.173,0.31,0.696,0.506,0.274,0.482,89.6,0.451,0.757,93.4,0.444
New York Knicks,2011-12,2012,2010s,66,36,30,0.5454545454545454,103.5,100.2,3.2,0.492,0.533,23.3,0.336,7.8,93.91,0.562,1.26,15.6,0.169,0.309,0.702,0.503,0.306,0.52,97.8,0.443,0.741,94.7,0.442
Oklahoma City Thunder,2011-12,2012,2010s,66,47,19,0.7121212121212122,108.4,102.1,6.3,0.516,0.567,20.0,0.358,7.2,94.11,0.497,1.13,14.6,0.172,0.304,0.687,0.509,0.334,0.542,103.1,0.471,0.806,96.9,0.427
Orlando Magic,2011-12,2012,2010s,66,37,29,0.5606060606060606,104.0,103.4,0.6,0.506,0.533,27.0,0.375,10.2,89.75,0.581,1.34,16.1,0.165,0.306,0.72,0.51,0.292,0.493,94.2,0.441,0.66,93.4,0.449
Philadelphia 76ers,2011-12,2012,2010s,66,35,31,0.5303030303030303,102.7,98.2,4.6,0.48,0.511,14.6,0.362,5.3,90.68,0.588,1.97,17.5,0.123,0.277,0.712,0.495,0.217,0.532,93.6,0.448,0.742,89.4,0.427
Phoenix Suns,2011-12,2012,2010s,66,33,33,0.5,105.2,105.2,-0.1,0.499,0.536,19.6,0.343,6.7,93.61,0.596,1.6,17.4,0.15,0.294,0.687,0.493,0.257,0.502,98.4,0.458,0.757,98.6,0.455
Portland Trail Blazers,2011-12,2012,2010s,66,28,38,0.4242424242424242,104.4,105.3,-0.9,0.488,0.531,20.9,0.346,7.2,92.24,0.562,1.44,16.1,0.152,0.303,0.691,0.493,0.263,0.494,97.2,0.443,0.796,97.8,0.463
Sacramento Kings,2011-12,2012,2010s,66,22,44,0.3333333333333333,102.9,108.7,-5.8,0.472,0.51,19.7,0.316,6.2,95.56,0.51,1.34,14.7,0.15,0.321,0.67,0.487,0.268,0.451,98.8,0.436,0.736,104.4,0.476
San Antonio Spurs,2011-12,2012,2010s,66,50,16,0.7575757575757576,110.0,102.3,7.7,0.528,0.562,21.3,0.393,8.4,93.67,0.585,1.71,17.8,0.144,0.282,0.72,0.507,0.261,0.546,103.7,0.478,0.748,96.5,0.452
Toronto Raptors,2011-12,2012,2010s,66,23,43,0.3484848484848485,99.6,103.6,-3.9,0.475,0.518,16.3,0.34,5.5,90.19,0.609,1.38,16.8,0.167,0.294,0.708,0.503,0.274,0.478,90.7,0.44,0.77,94.0,0.435
Utah Jazz,2011-12,2012,2010s,66,36,30,0.5454545454545454,105.5,104.9,0.5,0.481,0.525,12.8,0.323,4.1,92.53,0.57,1.54,16.6,0.15,0.34,0.703,0.519,0.302,0.509,99.7,0.456,0.754,99.0,0.453
Washington Wizards,2011-12,2012,2010s,66,20,46,0.303030303030303,100.0,104.9,-5.0,0.472,0.508,16.3,0.32,5.2,93.59,0.523,1.25,15.1,0.163,0.308,0.678,0.489,0.253,0.46,93.6,0.441,0.727,98.4,0.453
Atlanta Hawks,2012-13,2013,2010s,82,44,38,0.5365853658536586,103.7,103.4,0.3,0.517,0.546,23.2,0.371,8.6,93.56,0.651,1.65,18.8,0.157,0.254,0.701,0.482,0.244,0.509,98.0,0.464,0.715,97.5,0.45
Boston Celtics,2012-13,2013,2010s,81,41,40,0.5061728395061729,102.2,102.6,-0.5,0.503,0.542,17.2,0.358,6.1,92.46,0.614,1.56,17.9,0.154,0.246,0.69,0.477,0.263,0.507,96.5,0.465,0.776,96.7,0.441
Brooklyn Nets,2012-13,2013,2010s,82,49,33,0.5975609756097561,106.9,104.8,2.0,0.498,0.536,21.5,0.357,7.7,89.88,0.567,1.38,16.1,0.162,0.343,0.701,0.52,0.299,0.509,96.9,0.45,0.731,95.1,0.464
Charlotte Bobcats,2012-13,2013,2010s,82,21,61,0.2560975609756097,100.4,110.3,-9.9,0.46,0.507,17.1,0.335,5.7,92.49,0.562,1.38,15.3,0.151,0.305,0.679,0.486,0.31,0.438,93.4,0.425,0.75,102.7,0.471
Chicago Bulls,2012-13,2013,2010s,82,45,37,0.5487804878048781,102.4,101.9,0.5,0.47,0.512,15.4,0.353,5.4,90.35,0.645,1.61,17.8,0.157,0.332,0.699,0.514,0.259,0.514,93.2,0.437,0.773,92.9,0.443
Cleveland Cavaliers,2012-13,2013,2010s,82,24,58,0.2926829268292683,103.2,108.2,-5.0,0.473,0.514,19.3,0.346,6.7,93.25,0.566,1.47,15.9,0.15,0.326,0.695,0.5,0.265,0.45,96.5,0.434,0.756,101.2,0.476
Dallas Mavericks,2012-13,2013,2010s,82,41,41,0.5,104.7,105.4,-0.6,0.506,0.544,19.9,0.372,7.4,95.09,0.599,1.67,17.7,0.144,0.259,0.698,0.484,0.242,0.502,101.1,0.462,0.793,101.7,0.445
Denver Nuggets,2012-13,2013,2010s,82,57,25,0.6951219512195121,109.3,104.2,5.1,0.515,0.549,18.5,0.343,6.4,95.92,0.6,1.6,17.8,0.157,0.345,0.675,0.513,0.308,0.538,106.1,0.478,0.701,101.1,0.444
Detroit Pistons,2012-13,2013,2010s,82,29,53,0.3536585365853658,102.7,107.2,-4.5,0.487,0.521,17.6,0.356,6.3,91.68,0.585,1.4,16.6,0.164,0.324,0.695,0.506,0.282,0.467,94.9,0.449,0.699,98.8,0.459
Golden State Warriors,2012-13,2013,2010s,82,47,35,0.573170731707317,105.1,104.2,0.9,0.506,0.545,19.9,0.403,8.0,95.64,0.589,1.49,17.1,0.157,0.285,0.712,0.506,0.255,0.502,101.2,0.458,0.79,100.3,0.439
Houston Rockets,2012-13,2013,2010s,82,45,37,0.5487804878048781,108.8,105.3,3.5,0.525,0.564,28.9,0.366,10.6,96.89,0.609,1.41,17.3,0.169,0.305,0.71,0.509,0.308,0.51,106.0,0.461,0.754,102.5,0.454
Indiana Pacers,2012-13,2013,2010s,81,49,32,0.6049382716049383,103.4,99.0,4.4,0.479,0.521,19.7,0.347,6.9,90.9,0.578,1.34,16.0,0.165,0.336,0.701,0.522,0.293,0.537,94.7,0.436,0.746,90.7,0.42
Los Angeles Clippers,2012-13,2013,2010s,82,56,26,0.6829268292682927,109.8,102.8,6.9,0.526,0.557,21.4,0.358,7.6,91.83,0.62,1.64,18.4,0.159,0.323,0.697,0.512,0.286,0.548,101.1,0.478,0.711,94.6,0.443
Los Angeles Lakers,2012-13,2013,2010s,82,45,37,0.5487804878048781,107.0,105.9,1.1,0.512,0.548,24.6,0.355,8.7,95.08,0.598,1.48,16.8,0.157,0.309,0.702,0.51,0.345,0.513,102.2,0.458,0.692,101.0,0.453
Memphis Grizzlies,2012-13,2013,2010s,82,56,26,0.6829268292682927,103.6,99.1,4.5,0.472,0.514,13.5,0.345,4.7,89.56,0.579,1.5,16.5,0.155,0.344,0.702,0.52,0.261,0.531,93.4,0.444,0.773,89.3,0.435
Miami Heat,2012-13,2013,2010s,82,66,16,0.8048780487804879,111.4,103.2,8.2,0.552,0.588,22.1,0.396,8.7,91.26,0.6,1.65,18.4,0.151,0.264,0.678,0.485,0.297,0.564,102.9,0.496,0.754,95.0,0.44
Milwaukee Bucks,2012-13,2013,2010s,82,38,44,0.4634146341463415,102.5,104.2,-1.7,0.476,0.51,20.4,0.36,7.3,95.65,0.6,1.62,17.0,0.146,0.315,0.678,0.491,0.236,0.488,98.9,0.435,0.736,100.4,0.454
Minnesota Timberwolves,2012-13,2013,2010s,82,31,51,0.3780487804878049,101.8,104.0,-2.2,0.473,0.516,18.0,0.305,5.5,93.94,0.624,1.51,17.1,0.157,0.312,0.702,0.5,0.305,0.494,95.7,0.439,0.742,98.1,0.468
New Orleans Hornets,2012-13,2013,2010s,82,27,55,0.3292682926829268,104.5,108.9,-4.4,0.489,0.528,18.0,0.363,6.5,89.5,0.582,1.44,16.7,0.162,0.332,0.705,0.514,0.248,0.464,94.1,0.448,0.776,97.9,0.471
New York Knicks,2012-13,2013,2010s,82,54,28,0.6585365853658537,109.8,105.4,4.5,0.515,0.55,28.9,0.376,10.9,90.68,0.527,1.6,15.6,0.132,0.291,0.708,0.494,0.258,0.512,100.0,0.448,0.759,95.7,0.458
Oklahoma City Thunder,2012-13,2013,2010s,82,60,22,0.7317073170731707,111.0,101.2,9.9,0.527,0.58,19.4,0.377,7.3,94.58,0.561,1.4,16.6,0.16,0.291,0.702,0.513,0.338,0.57,105.7,0.481,0.828,96.5,0.425
Orlando Magic,2012-13,2013,2010s,82,20,62,0.2439024390243902,100.9,108.4,-7.4,0.485,0.514,18.7,0.329,6.2,92.81,0.605,1.57,17.6,0.156,0.293,0.707,0.498,0.197,0.459,94.1,0.448,0.755,101.1,0.463
Philadelphia 76ers,2012-13,2013,2010s,82,34,48,0.4146341463414634,101.0,104.7,-3.7,0.481,0.509,17.5,0.36,6.3,91.88,0.61,1.74,17.7,0.141,0.291,0.695,0.489,0.2,0.474,93.2,0.444,0.729,96.5,0.454
Phoenix Suns,2012-13,2013,2010s,82,25,57,0.3048780487804878,100.2,106.9,-6.7,0.477,0.512,17.7,0.33,5.9,94.48,0.606,1.45,17.1,0.164,0.308,0.687,0.491,0.234,0.458,95.2,0.443,0.744,101.6,0.47
Portland Trail Blazers,2012-13,2013,2010s,82,33,49,0.4024390243902439,104.5,107.9,-3.4,0.498,0.536,23.2,0.353,8.2,92.46,0.593,1.48,17.0,0.157,0.294,0.702,0.495,0.25,0.468,97.5,0.448,0.776,100.7,0.474
Sacramento Kings,2012-13,2013,2010s,82,28,54,0.3414634146341463,105.3,110.0,-4.7,0.491,0.532,20.5,0.363,7.4,94.65,0.553,1.42,16.0,0.154,0.306,0.673,0.485,0.271,0.454,100.2,0.447,0.769,105.1,0.472
San Antonio Spurs,2012-13,2013,2010s,82,58,24,0.7073170731707317,107.0,100.3,6.7,0.531,0.568,21.5,0.376,8.1,95.31,0.641,1.71,19.1,0.153,0.243,0.715,0.493,0.258,0.551,103.0,0.481,0.791,96.6,0.442
Toronto Raptors,2012-13,2013,2010s,82,34,48,0.4146341463414634,105.0,106.4,-1.4,0.488,0.532,20.3,0.343,7.0,91.26,0.592,1.57,16.9,0.148,0.296,0.688,0.49,0.274,0.484,97.2,0.446,0.788,98.7,0.458
Utah Jazz,2012-13,2013,2010s,82,43,39,0.524390243902439,105.4,105.6,-0.2,0.492,0.533,16.9,0.366,6.2,92.05,0.61,1.54,17.4,0.159,0.329,0.697,0.51,0.281,0.504,98.0,0.454,0.764,98.1,0.458
Washington Wizards,2012-13,2013,2010s,82,29,53,0.3536585365853658,99.3,101.6,-2.3,0.475,0.512,18.2,0.365,6.6,93.23,0.61,1.43,16.9,0.161,0.279,0.706,0.491,0.261,0.481,93.2,0.435,0.733,95.8,0.44
Atlanta Hawks,2013-14,2014,2010s,82,38,44,0.4634146341463415,104.9,105.7,-0.7,0.515,0.554,25.8,0.363,9.4,95.41,0.667,1.63,18.8,0.159,0.256,0.711,0.485,0.266,0.502,101.0,0.458,0.781,101.5,0.462
Boston Celtics,2013-14,2014,2010s,82,25,57,0.3048780487804878,101.9,106.5,-4.6,0.477,0.517,21.1,0.333,7.0,94.28,0.576,1.37,16.2,0.163,0.314,0.708,0.505,0.248,0.461,96.2,0.435,0.777,100.7,0.465
Brooklyn Nets,2013-14,2014,2010s,82,44,38,0.5365853658536586,105.4,106.7,-1.3,0.514,0.555,23.4,0.369,8.6,92.42,0.585,1.44,16.7,0.155,0.26,0.686,0.475,0.313,0.492,98.5,0.459,0.753,99.5,0.458
Charlotte Bobcats,2013-14,2014,2010s,82,43,39,0.524390243902439,103.0,103.3,-0.4,0.481,0.522,17.9,0.351,6.3,92.93,0.597,1.76,16.9,0.131,0.269,0.73,0.5,0.297,0.508,96.9,0.442,0.737,97.1,0.442
Chicago Bulls,2013-14,2014,2010s,82,48,34,0.5853658536585366,101.7,99.9,1.9,0.471,0.518,17.8,0.348,6.2,90.84,0.654,1.52,17.6,0.162,0.321,0.713,0.518,0.29,0.528,93.7,0.432,0.779,91.8,0.43
Cleveland Cavaliers,2013-14,2014,2010s,82,33,49,0.4024390243902439,103.5,107.0,-3.6,0.479,0.518,20.0,0.356,7.1,93.69,0.572,1.49,16.2,0.149,0.314,0.711,0.508,0.268,0.469,98.2,0.437,0.751,101.5,0.452
Dallas Mavericks,2013-14,2014,2010s,82,49,33,0.5975609756097561,109.5,107.2,2.3,0.526,0.564,22.9,0.384,8.8,94.94,0.596,1.74,18.0,0.141,0.276,0.694,0.487,0.253,0.521,104.8,0.474,0.795,102.4,0.464
Denver Nuggets,2013-14,2014,2010s,82,36,46,0.4390243902439024,105.1,107.3,-2.2,0.497,0.536,23.9,0.358,8.6,98.95,0.584,1.41,16.4,0.16,0.31,0.703,0.505,0.306,0.481,104.4,0.447,0.726,106.5,0.457
Detroit Pistons,2013-14,2014,2010s,82,29,53,0.3536585365853658,105.2,109.0,-3.7,0.482,0.514,19.3,0.321,6.2,95.57,0.539,1.44,15.6,0.152,0.347,0.693,0.511,0.296,0.464,101.0,0.447,0.67,104.7,0.47
Golden State Warriors,2013-14,2014,2010s,82,51,31,0.6219512195121951,106.3,101.4,4.9,0.517,0.55,24.8,0.38,9.4,97.37,0.591,1.53,17.4,0.155,0.284,0.724,0.508,0.247,0.528,104.3,0.462,0.753,99.5,0.436
Houston Rockets,2013-14,2014,2010s,82,54,28,0.6585365853658537,109.8,105.2,4.6,0.531,0.571,26.6,0.358,9.5,97.27,0.563,1.33,16.1,0.165,0.306,0.7,0.513,0.386,0.534,107.7,0.472,0.712,103.1,0.443
Indiana Pacers,2013-14,2014,2010s,82,56,26,0.6829268292682927,103.6,98.9,4.7,0.49,0.535,18.8,0.357,6.7,92.89,0.56,1.33,15.9,0.162,0.296,0.721,0.517,0.29,0.545,96.7,0.449,0.779,92.3,0.42
Los Angeles Clippers,2013-14,2014,2010s,82,57,25,0.6951219512195121,111.3,104.0,7.3,0.526,0.567,24.0,0.352,8.5,96.66,0.628,1.77,18.3,0.143,0.288,0.69,0.496,0.353,0.548,107.9,0.474,0.73,101.0,0.441
Los Angeles Lakers,2013-14,2014,2010s,82,27,55,0.3292682926829268,103.2,109.3,-6.0,0.505,0.542,24.8,0.381,9.4,99.72,0.639,1.62,18.1,0.152,0.235,0.676,0.459,0.263,0.46,103.0,0.45,0.757,109.2,0.468
Memphis Grizzlies,2013-14,2014,2010s,82,50,32,0.6097560975609756,105.5,103.8,1.7,0.494,0.529,14.0,0.353,4.9,90.58,0.574,1.59,17.1,0.15,0.326,0.718,0.521,0.248,0.518,96.1,0.464,0.741,94.6,0.45
Miami Heat,2013-14,2014,2010s,82,54,28,0.6585365853658537,110.0,105.0,5.1,0.554,0.59,22.3,0.364,8.1,91.9,0.588,1.52,18.1,0.159,0.244,0.686,0.476,0.3,0.539,102.2,0.501,0.76,97.4,0.457
Milwaukee Bucks,2013-14,2014,2010s,82,15,67,0.1829268292682926,101.9,110.2,-8.3,0.479,0.519,18.9,0.353,6.7,92.96,0.596,1.42,16.5,0.161,0.31,0.678,0.49,0.274,0.449,95.5,0.438,0.747,103.7,0.468
Minnesota Timberwolves,2013-14,2014,2010s,82,40,42,0.4878048780487805,107.7,105.2,2.6,0.486,0.535,21.4,0.341,7.3,98.33,0.616,1.72,17.3,0.14,0.317,0.715,0.508,0.321,0.519,106.9,0.444,0.778,104.3,0.471
New Orleans Pelicans,2013-14,2014,2010s,82,34,48,0.4146341463414634,106.2,109.1,-3.0,0.495,0.537,15.9,0.373,5.9,93.07,0.563,1.55,16.5,0.147,0.305,0.694,0.497,0.286,0.483,99.7,0.459,0.769,102.4,0.465
New York Knicks,2013-14,2014,2010s,82,37,45,0.4512195121951219,107.0,108.1,-1.1,0.505,0.541,24.9,0.372,9.3,91.24,0.542,1.54,16.0,0.141,0.291,0.705,0.492,0.248,0.49,98.6,0.449,0.761,99.4,0.458
Oklahoma City Thunder,2013-14,2014,2010s,82,59,23,0.7195121951219512,109.4,103.0,6.4,0.52,0.566,22.4,0.361,8.1,96.33,0.562,1.43,16.6,0.158,0.294,0.722,0.518,0.303,0.543,106.2,0.471,0.806,99.8,0.436
Orlando Magic,2013-14,2014,2010s,82,23,59,0.2804878048780488,101.0,106.6,-5.7,0.487,0.525,19.5,0.353,6.9,94.27,0.571,1.41,16.4,0.156,0.267,0.714,0.49,0.253,0.466,96.5,0.445,0.763,102.0,0.456
Philadelphia 76ers,2013-14,2014,2010s,82,19,63,0.2317073170731707,99.0,109.0,-10.0,0.475,0.51,22.5,0.312,7.0,99.74,0.576,1.29,16.0,0.168,0.29,0.684,0.479,0.268,0.426,99.5,0.435,0.71,109.9,0.471
Phoenix Suns,2013-14,2014,2010s,82,48,34,0.5853658536585366,108.2,105.6,2.6,0.519,0.558,25.1,0.372,9.3,96.83,0.493,1.24,14.7,0.158,0.298,0.699,0.5,0.293,0.509,105.2,0.463,0.758,102.6,0.456
Portland Trail Blazers,2013-14,2014,2010s,82,54,28,0.6585365853658537,110.4,106.2,4.2,0.504,0.548,25.3,0.372,9.4,95.9,0.594,1.69,17.2,0.142,0.32,0.713,0.517,0.27,0.524,106.7,0.45,0.815,102.8,0.451
Sacramento Kings,2013-14,2014,2010s,82,28,54,0.3414634146341463,105.1,107.8,-2.7,0.484,0.532,18.0,0.333,6.0,95.04,0.511,1.24,14.6,0.159,0.316,0.725,0.518,0.331,0.473,100.5,0.447,0.759,103.4,0.461
San Antonio Spurs,2013-14,2014,2010s,82,62,20,0.7560975609756098,109.5,101.4,8.1,0.537,0.571,21.4,0.397,8.5,95.87,0.621,1.75,19.0,0.15,0.261,0.725,0.503,0.24,0.555,105.4,0.486,0.785,97.6,0.444
Toronto Raptors,2013-14,2014,2010s,82,48,34,0.5853658536585366,107.9,104.6,3.3,0.498,0.545,23.4,0.372,8.7,92.48,0.581,1.5,16.4,0.151,0.312,0.701,0.505,0.306,0.512,101.3,0.445,0.782,98.0,0.45
Utah Jazz,2013-14,2014,2010s,82,25,57,0.3048780487804878,102.4,110.1,-7.6,0.484,0.523,19.2,0.344,6.6,92.32,0.564,1.39,16.1,0.158,0.297,0.708,0.497,0.271,0.451,95.0,0.444,0.747,102.2,0.473
Washington Wizards,2013-14,2014,2010s,82,44,38,0.5365853658536586,104.9,103.6,1.3,0.506,0.538,20.8,0.38,7.9,94.18,0.601,1.59,17.6,0.153,0.286,0.719,0.498,0.248,0.504,100.7,0.459,0.731,99.4,0.458
Atlanta Hawks,2014-15,2015,2010s,82,60,22,0.732,108.2,102.3,5.9,0.527,0.563,26.2,0.38,10.0,94.66,0.676,1.81,19.5,0.15,0.264,0.697,0.487,,0.54,102.5,0.466,0.778,,
Boston Celtics,2014-15,2015,2010s,82,40,42,0.488,103.8,103.5,0.3,0.489,0.523,24.6,0.327,8.0,96.71,0.629,1.77,18.0,0.142,0.289,0.71,0.495,,0.498,101.4,0.443,0.754,,
Brooklyn Nets,2014-15,2015,2010s,82,38,44,0.463,103.4,106.3,-3.0,0.491,0.529,19.9,0.331,6.6,93.69,0.559,1.51,16.3,0.146,0.278,0.701,0.491,,0.48,98.0,0.451,0.748,,
Charlotte Hornets,2014-15,2015,2010s,82,33,49,0.402,99.6,103.0,-3.4,0.456,0.498,19.1,0.318,6.1,93.45,0.568,1.69,15.8,0.126,0.27,0.746,0.502,,0.482,94.2,0.42,0.748,,
Chicago Bulls,2014-15,2015,2010s,82,50,32,0.61,106.3,103.3,3.0,0.489,0.536,22.3,0.353,7.9,93.8,0.593,1.56,16.6,0.147,0.312,0.709,0.516,,0.529,100.8,0.442,0.783,,
Cleveland Cavaliers,2014-15,2015,2010s,82,53,29,0.646,110.1,105.3,4.8,0.52,0.557,27.5,0.367,10.1,93.23,0.587,1.55,17.1,0.152,0.311,0.711,0.513,,0.514,103.1,0.458,0.751,,
Dallas Mavericks,2014-15,2015,2010s,82,50,32,0.61,108.2,104.9,3.2,0.515,0.55,25.4,0.352,8.9,96.4,0.567,1.74,17.0,0.133,0.269,0.681,0.477,,0.521,105.2,0.463,0.752,,
Denver Nuggets,2014-15,2015,2010s,82,30,52,0.366,103.9,107.1,-3.3,0.479,0.518,24.8,0.325,8.0,96.87,0.577,1.53,16.2,0.146,0.303,0.7,0.494,,0.465,101.5,0.433,0.734,,
Detroit Pistons,2014-15,2015,2010s,82,32,50,0.39,104.3,105.4,-1.1,0.482,0.515,24.9,0.344,8.6,93.68,0.582,1.61,16.4,0.142,0.316,0.712,0.505,,0.478,98.5,0.432,0.703,,
Golden State Warriors,2014-15,2015,2010s,82,67,15,0.817,110.4,100.4,9.9,0.54,0.571,27.0,0.398,10.8,99.28,0.659,1.9,19.7,0.145,0.273,0.703,0.498,,0.569,110.0,0.478,0.768,,
Houston Rockets,2014-15,2015,2010s,82,56,26,0.683,106.0,102.6,3.4,0.512,0.548,32.7,0.348,11.4,97.36,0.6,1.33,16.5,0.17,0.305,0.686,0.496,,0.509,103.9,0.444,0.715,,
Indiana Pacers,2014-15,2015,2010s,82,38,44,0.463,102.9,102.7,0.2,0.484,0.523,21.2,0.352,7.5,93.67,0.586,1.53,16.6,0.148,0.286,0.735,0.511,,0.505,97.3,0.439,0.756,,
Los Angeles Clippers,2014-15,2015,2010s,82,56,26,0.683,111.6,104.7,6.9,0.533,0.565,26.9,0.376,10.1,95.4,0.629,2.01,18.7,0.129,0.272,0.716,0.497,,0.54,106.7,0.473,0.71,,
Los Angeles Lakers,2014-15,2015,2010s,82,21,61,0.256,102.3,109.4,-7.1,0.473,0.513,18.9,0.344,6.5,95.03,0.562,1.58,15.9,0.138,0.29,0.72,0.497,,0.45,98.5,0.435,0.741,,
Memphis Grizzlies,2014-15,2015,2010s,82,55,27,0.671,104.8,101.2,3.5,0.489,0.531,15.2,0.339,5.2,92.82,0.574,1.62,16.9,0.142,0.288,0.716,0.503,,0.53,98.3,0.458,0.773,,
Miami Heat,2014-15,2015,2010s,82,37,45,0.451,103.2,106.1,-3.0,0.5,0.54,20.2,0.335,6.8,91.49,0.564,1.34,16.1,0.161,0.284,0.687,0.489,,0.492,94.7,0.456,0.741,,
Milwaukee Bucks,2014-15,2015,2010s,82,41,41,0.5,102.0,101.4,0.6,0.499,0.536,18.3,0.363,6.6,94.82,0.627,1.41,17.8,0.175,0.29,0.686,0.491,,0.511,97.8,0.459,0.757,,
Minnesota Timberwolves,2014-15,2015,2010s,82,16,66,0.195,101.8,110.9,-9.1,0.468,0.517,14.9,0.332,5.0,95.45,0.593,1.44,16.3,0.156,0.311,0.682,0.489,,0.453,97.8,0.438,0.776,,
New Orleans Pelicans,2014-15,2015,2010s,82,45,37,0.549,107.1,106.3,0.8,0.501,0.537,19.3,0.37,7.1,92.29,0.581,1.66,17.1,0.143,0.309,0.712,0.511,,0.508,99.4,0.457,0.751,,
New York Knicks,2014-15,2015,2010s,82,17,65,0.207,98.9,109.0,-10.1,0.47,0.508,19.7,0.347,6.8,92.06,0.606,1.45,16.7,0.158,0.289,0.691,0.484,,0.441,91.9,0.428,0.769,,
Oklahoma City Thunder,2014-15,2015,2010s,82,45,37,0.549,106.7,104.6,2.1,0.492,0.532,22.7,0.339,7.7,96.61,0.528,1.4,15.3,0.151,0.318,0.73,0.524,,0.505,104.0,0.447,0.754,,
Orlando Magic,2014-15,2015,2010s,82,25,57,0.305,101.0,106.8,-5.9,0.494,0.524,19.5,0.347,6.8,94.51,0.55,1.39,16.2,0.157,0.269,0.716,0.491,,0.455,95.7,0.453,0.729,,
Philadelphia 76ers,2014-15,2015,2010s,82,18,64,0.22,94.9,103.9,-9.0,0.459,0.494,26.3,0.32,8.4,96.45,0.609,1.16,15.5,0.183,0.293,0.686,0.48,,0.426,92.0,0.408,0.676,,
Phoenix Suns,2014-15,2015,2010s,82,39,43,0.476,104.2,105.3,-1.1,0.501,0.537,25.0,0.341,8.5,97.2,0.522,1.34,15.4,0.154,0.281,0.698,0.489,,0.491,102.4,0.452,0.76,,
Portland Trail Blazers,2014-15,2015,2010s,82,51,31,0.622,107.1,102.8,4.3,0.508,0.544,27.2,0.362,9.8,95.06,0.567,1.61,16.8,0.142,0.282,0.728,0.51,,0.522,102.8,0.45,0.801,,
Sacramento Kings,2014-15,2015,2010s,82,29,53,0.354,104.5,108.2,-3.7,0.49,0.542,16.5,0.341,5.6,96.16,0.554,1.25,15.5,0.168,0.313,0.715,0.519,,0.485,101.3,0.455,0.762,,
San Antonio Spurs,2014-15,2015,2010s,82,55,27,0.671,107.6,101.4,6.3,0.517,0.555,22.5,0.367,8.3,94.45,0.623,1.75,18.4,0.146,0.272,0.73,0.507,,0.545,103.2,0.468,0.78,,
Toronto Raptors,2014-15,2015,2010s,82,49,33,0.598,110.2,107.1,3.1,0.508,0.553,25.1,0.352,8.9,93.46,0.547,1.61,16.1,0.137,0.301,0.689,0.494,,0.506,104.0,0.455,0.787,,
Utah Jazz,2014-15,2015,2010s,82,38,44,0.463,104.2,104.1,0.1,0.494,0.531,21.7,0.343,7.4,91.1,0.563,1.3,15.8,0.168,0.332,0.715,0.524,,0.507,95.1,0.447,0.721,,
Washington Wizards,2014-15,2015,2010s,82,46,36,0.561,103.0,102.4,0.6,0.499,0.534,16.8,0.36,6.1,94.29,0.627,1.6,18.1,0.157,0.288,0.726,0.514,,0.525,98.5,0.462,0.742,,
Atlanta Hawks,2015-16,2016,2010s,82,48,34,0.5853658536585366,104.6,100.8,3.9,0.516,0.552,28.4,0.35,9.9,97.63,0.663,1.71,19.0,0.152,0.234,0.698,0.474,0.237,0.528,102.8,0.458,0.783,99.2,0.432
Boston Celtics,2015-16,2016,2010s,82,48,34,0.5853658536585366,105.8,102.5,3.3,0.488,0.531,26.1,0.335,8.7,99.43,0.616,1.76,17.4,0.138,0.29,0.707,0.495,0.264,0.52,105.7,0.439,0.788,102.5,0.441
Brooklyn Nets,2015-16,2016,2010s,82,21,61,0.2560975609756097,102.4,109.7,-7.4,0.492,0.527,18.4,0.352,6.5,96.12,0.583,1.51,17.0,0.153,0.279,0.716,0.494,0.246,0.46,98.6,0.453,0.757,106.0,0.479
Charlotte Hornets,2015-16,2016,2010s,82,48,34,0.5853658536585366,106.4,103.7,2.7,0.502,0.545,29.4,0.362,10.6,96.24,0.586,1.73,16.7,0.129,0.244,0.754,0.499,0.28,0.511,103.4,0.439,0.79,100.7,0.444
Chicago Bulls,2015-16,2016,2010s,82,42,40,0.5121951219512195,104.1,105.5,-1.4,0.487,0.526,21.4,0.371,7.9,96.6,0.591,1.64,17.0,0.142,0.29,0.714,0.506,0.24,0.494,101.6,0.441,0.787,103.1,0.441
Cleveland Cavaliers,2015-16,2016,2010s,82,57,25,0.6951219512195121,110.2,103.9,6.3,0.524,0.558,29.6,0.362,10.7,93.82,0.587,1.67,17.4,0.143,0.294,0.742,0.519,0.259,0.528,104.3,0.46,0.748,98.3,0.448
Dallas Mavericks,2015-16,2016,2010s,82,42,40,0.5121951219512195,105.5,105.9,-0.4,0.502,0.544,28.6,0.344,9.8,95.34,0.592,1.73,17.0,0.132,0.241,0.723,0.484,0.265,0.503,102.3,0.444,0.794,102.6,0.451
Denver Nuggets,2015-16,2016,2010s,82,33,49,0.4024390243902439,104.9,108.2,-3.3,0.489,0.531,23.7,0.338,8.0,96.34,0.601,1.55,16.9,0.151,0.304,0.732,0.513,0.282,0.479,101.9,0.442,0.766,105.0,0.461
Detroit Pistons,2015-16,2016,2010s,82,44,38,0.5365853658536586,105.3,104.9,0.3,0.491,0.522,26.2,0.345,9.0,95.75,0.512,1.44,14.8,0.14,0.313,0.753,0.521,0.296,0.486,102.0,0.439,0.668,101.4,0.461
Golden State Warriors,2015-16,2016,2010s,82,73,9,0.8902439024390244,113.5,102.8,10.6,0.563,0.593,31.6,0.416,13.1,100.24,0.68,1.91,20.4,0.15,0.267,0.72,0.507,0.25,0.567,114.9,0.487,0.763,104.1,0.435
Houston Rockets,2015-16,2016,2010s,82,41,41,0.5,107.3,107.3,0.0,0.516,0.553,30.9,0.347,10.7,98.42,0.589,1.39,16.4,0.161,0.297,0.692,0.492,0.352,0.49,106.5,0.452,0.694,106.4,0.459
Indiana Pacers,2015-16,2016,2010s,82,45,37,0.5487804878048781,103.8,102.2,1.6,0.497,0.536,23.0,0.351,8.1,97.35,0.554,1.43,16.1,0.151,0.271,0.714,0.494,0.268,0.518,102.2,0.45,0.764,100.5,0.44
LA Clippers,2015-16,2016,2010s,82,53,29,0.6463414634146342,107.2,102.7,4.5,0.524,0.556,26.7,0.364,9.7,96.81,0.596,1.76,17.4,0.133,0.234,0.697,0.472,0.318,0.533,104.5,0.465,0.692,100.2,0.434
Los Angeles Lakers,2015-16,2016,2010s,82,17,65,0.2073170731707317,100.7,110.3,-9.7,0.46,0.509,24.6,0.317,7.8,96.55,0.513,1.31,14.1,0.142,0.271,0.712,0.484,0.292,0.424,97.3,0.414,0.781,106.9,0.473
Memphis Grizzlies,2015-16,2016,2010s,82,42,40,0.5121951219512195,104.7,107.1,-2.4,0.477,0.524,18.5,0.331,6.1,93.95,0.562,1.56,16.0,0.14,0.298,0.709,0.495,0.295,0.483,99.1,0.44,0.783,101.3,0.456
Miami Heat,2015-16,2016,2010s,82,48,34,0.5853658536585366,105.5,103.7,1.7,0.508,0.545,18.0,0.336,6.1,94.14,0.543,1.48,16.3,0.148,0.28,0.729,0.512,0.282,0.525,100.0,0.47,0.744,98.4,0.442
Milwaukee Bucks,2015-16,2016,2010s,82,33,49,0.4024390243902439,103.4,107.8,-4.5,0.499,0.537,15.6,0.345,5.4,95.05,0.603,1.52,17.6,0.159,0.286,0.689,0.49,0.276,0.483,99.0,0.467,0.747,103.2,0.454
Minnesota Timberwolves,2015-16,2016,2010s,82,29,53,0.3536585365853658,105.4,109.0,-3.5,0.498,0.549,16.4,0.338,5.5,96.2,0.619,1.56,17.6,0.155,0.279,0.702,0.494,0.332,0.497,102.4,0.464,0.792,106.0,0.471
New Orleans Pelicans,2015-16,2016,2010s,82,30,52,0.3658536585365853,104.8,108.4,-3.7,0.498,0.537,23.8,0.36,8.6,97.64,0.577,1.65,16.8,0.137,0.252,0.748,0.493,0.259,0.472,102.7,0.448,0.776,106.5,0.468
New York Knicks,2015-16,2016,2010s,82,32,50,0.3902439024390244,103.9,106.7,-2.8,0.483,0.527,21.5,0.346,7.4,94.12,0.557,1.53,16.0,0.142,0.28,0.718,0.502,0.255,0.487,98.4,0.439,0.805,101.1,0.443
Oklahoma City Thunder,2015-16,2016,2010s,82,55,27,0.6707317073170732,112.1,104.8,7.4,0.524,0.565,23.7,0.349,8.3,97.54,0.558,1.44,16.7,0.162,0.347,0.72,0.541,0.292,0.546,110.2,0.476,0.782,102.9,0.438
Orlando Magic,2015-16,2016,2010s,82,35,47,0.4268292682926829,104.4,106.0,-1.6,0.5,0.533,22.2,0.35,7.8,96.68,0.596,1.67,17.6,0.144,0.271,0.726,0.495,0.232,0.488,102.1,0.455,0.757,103.7,0.46
Philadelphia 76ers,2015-16,2016,2010s,82,10,72,0.1219512195121951,98.4,108.6,-10.2,0.487,0.519,27.5,0.339,9.3,98.44,0.594,1.31,16.3,0.165,0.25,0.693,0.466,0.269,0.428,97.4,0.431,0.694,107.6,0.464
Phoenix Suns,2015-16,2016,2010s,82,23,59,0.2804878048780488,101.5,107.9,-6.5,0.487,0.526,25.8,0.348,9.0,99.39,0.558,1.21,15.4,0.173,0.297,0.733,0.508,0.271,0.45,100.9,0.435,0.751,107.5,0.467
Portland Trail Blazers,2015-16,2016,2010s,82,44,38,0.5365853658536586,107.6,106.8,0.8,0.511,0.548,28.5,0.37,10.5,97.06,0.552,1.46,16.0,0.15,0.294,0.728,0.51,0.268,0.493,105.1,0.45,0.754,104.3,0.453
Sacramento Kings,2015-16,2016,2010s,82,33,49,0.4024390243902439,105.3,107.6,-2.3,0.51,0.546,22.4,0.359,8.0,100.66,0.612,1.52,17.6,0.16,0.281,0.717,0.5,0.295,0.494,106.6,0.464,0.725,109.1,0.462
San Antonio Spurs,2015-16,2016,2010s,82,67,15,0.8170731707317073,109.3,98.2,11.1,0.526,0.564,18.5,0.375,7.0,94.54,0.611,1.88,18.8,0.138,0.266,0.746,0.516,0.246,0.578,103.5,0.484,0.803,92.9,0.436
Toronto Raptors,2015-16,2016,2010s,82,56,26,0.6829268292682927,109.3,104.8,4.4,0.504,0.552,23.4,0.37,8.6,93.35,0.511,1.43,14.9,0.139,0.3,0.736,0.52,0.328,0.525,102.7,0.451,0.777,98.2,0.444
Utah Jazz,2015-16,2016,2010s,82,40,42,0.4878048780487805,105.0,103.2,1.8,0.501,0.54,23.9,0.355,8.5,91.66,0.526,1.27,15.1,0.161,0.303,0.731,0.517,0.286,0.508,97.7,0.449,0.744,95.9,0.446
Washington Wizards,2015-16,2016,2010s,82,41,41,0.5,104.5,105.1,-0.5,0.511,0.544,24.2,0.358,8.6,99.16,0.619,1.69,18.1,0.145,0.25,0.737,0.49,0.263,0.497,104.1,0.46,0.73,104.6,0.462
Atlanta Hawks,2016-17,2017,2010s,82,43,39,0.524390243902439,104.5,105.2,-0.7,0.504,0.541,26.1,0.341,8.9,97.76,0.621,1.5,17.4,0.16,0.282,0.717,0.502,0.295,0.506,103.2,0.451,0.728,104.0,0.444
Boston Celtics,2016-17,2017,2010s,82,53,29,0.6463414634146342,110.6,108.0,2.6,0.525,0.567,33.4,0.359,12.0,97.21,0.653,1.9,18.8,0.136,0.259,0.705,0.485,0.273,0.514,108.0,0.454,0.807,105.4,0.45
Brooklyn Nets,2016-17,2017,2010s,82,20,62,0.2439024390243902,103.6,110.1,-6.5,0.507,0.551,31.6,0.338,10.7,101.75,0.566,1.29,15.9,0.162,0.241,0.716,0.483,0.289,0.46,105.8,0.444,0.788,112.5,0.458
Charlotte Hornets,2016-17,2017,2010s,82,36,46,0.4390243902439024,108.4,108.4,0.0,0.501,0.547,28.6,0.351,10.0,95.92,0.611,2.01,17.6,0.119,0.247,0.749,0.496,0.279,0.505,104.9,0.442,0.815,104.7,0.456
Chicago Bulls,2016-17,2017,2010s,82,41,41,0.5,106.5,106.2,0.3,0.487,0.53,22.3,0.34,7.6,96.02,0.584,1.66,16.8,0.14,0.311,0.733,0.519,0.259,0.504,102.9,0.444,0.798,102.4,0.456
Cleveland Cavaliers,2016-17,2017,2010s,82,51,31,0.6219512195121951,112.8,109.7,3.1,0.547,0.58,33.9,0.384,13.0,96.74,0.567,1.66,17.1,0.14,0.264,0.722,0.499,0.275,0.51,110.3,0.47,0.748,107.2,0.458
Dallas Mavericks,2016-17,2017,2010s,82,33,49,0.4024390243902439,104.7,107.7,-3.0,0.505,0.541,30.2,0.355,10.7,93.11,0.574,1.75,16.8,0.127,0.216,0.733,0.465,0.225,0.479,97.9,0.44,0.801,100.8,0.469
Denver Nuggets,2016-17,2017,2010s,82,40,42,0.4878048780487805,112.2,111.7,0.4,0.53,0.568,28.8,0.368,10.6,99.18,0.615,1.69,18.2,0.15,0.314,0.753,0.532,0.276,0.503,111.7,0.469,0.774,111.2,0.477
Detroit Pistons,2016-17,2017,2010s,82,37,45,0.4512195121951219,105.3,106.7,-1.4,0.492,0.521,23.4,0.33,7.7,95.52,0.53,1.78,16.1,0.123,0.286,0.775,0.519,0.218,0.482,101.3,0.449,0.719,102.5,0.46
Golden State Warriors,2016-17,2017,2010s,82,67,15,0.8170731707317073,114.8,103.4,11.4,0.563,0.597,31.2,0.383,12.0,100.37,0.705,2.06,21.2,0.146,0.272,0.709,0.504,0.259,0.579,115.9,0.495,0.788,104.3,0.435
Houston Rockets,2016-17,2017,2010s,82,55,27,0.6707317073170732,114.1,108.4,5.7,0.545,0.583,40.3,0.357,14.4,100.55,0.626,1.67,18.1,0.15,0.281,0.717,0.499,0.304,0.516,115.3,0.462,0.766,109.6,0.463
Indiana Pacers,2016-17,2017,2010s,82,42,40,0.5121951219512195,107.9,108.1,-0.2,0.516,0.558,23.0,0.376,8.6,96.59,0.572,1.63,17.2,0.141,0.255,0.713,0.488,0.261,0.505,105.1,0.465,0.81,105.3,0.451
LA Clippers,2016-17,2017,2010s,82,51,31,0.6219512195121951,111.8,107.5,4.4,0.537,0.574,27.4,0.375,10.3,96.77,0.57,1.74,17.2,0.133,0.256,0.733,0.501,0.312,0.527,108.7,0.475,0.745,104.4,0.452
Los Angeles Lakers,2016-17,2017,2010s,82,26,56,0.3170731707317073,105.3,112.0,-6.7,0.501,0.537,25.7,0.346,8.9,99.26,0.532,1.38,15.6,0.153,0.284,0.717,0.494,0.259,0.446,104.6,0.45,0.754,111.5,0.483
Memphis Grizzlies,2016-17,2017,2010s,82,43,39,0.524390243902439,107.0,106.5,0.5,0.491,0.535,26.5,0.354,9.4,92.84,0.584,1.65,16.5,0.137,0.295,0.731,0.507,0.28,0.501,100.5,0.435,0.784,100.0,0.443
Miami Heat,2016-17,2017,2010s,82,41,41,0.5,107.4,106.4,1.0,0.512,0.541,27.0,0.365,9.9,95.51,0.544,1.58,16.3,0.14,0.284,0.718,0.499,0.251,0.5,103.2,0.455,0.706,102.1,0.45
Milwaukee Bucks,2016-17,2017,2010s,82,42,40,0.5121951219512195,108.5,108.7,-0.2,0.527,0.565,23.7,0.37,8.8,94.99,0.624,1.73,18.5,0.146,0.26,0.706,0.487,0.274,0.504,103.6,0.474,0.768,103.8,0.458
Minnesota Timberwolves,2016-17,2017,2010s,82,31,51,0.3780487804878049,110.0,110.9,-0.9,0.511,0.555,21.0,0.349,7.3,95.48,0.6,1.69,17.7,0.146,0.309,0.71,0.507,0.287,0.501,105.6,0.467,0.799,106.7,0.475
New Orleans Pelicans,2016-17,2017,2010s,82,34,48,0.4146341463414634,104.7,106.8,-2.1,0.504,0.539,26.8,0.35,9.4,98.56,0.582,1.77,17.1,0.129,0.228,0.728,0.48,0.256,0.493,104.3,0.45,0.75,106.4,0.45
New York Knicks,2016-17,2017,2010s,82,31,51,0.3780487804878049,107.1,110.7,-3.6,0.496,0.534,24.7,0.348,8.6,96.63,0.551,1.57,16.3,0.143,0.305,0.698,0.5,0.239,0.482,104.3,0.447,0.788,108.0,0.455
Oklahoma City Thunder,2016-17,2017,2010s,82,47,35,0.573170731707317,107.9,107.1,0.8,0.5,0.54,25.8,0.327,8.4,98.18,0.532,1.4,15.5,0.152,0.323,0.742,0.528,0.295,0.499,106.6,0.452,0.745,105.8,0.459
Orlando Magic,2016-17,2017,2010s,82,29,53,0.3536585365853658,103.7,110.3,-6.5,0.489,0.524,26.1,0.328,8.5,96.9,0.58,1.67,16.8,0.137,0.267,0.726,0.491,0.246,0.46,101.1,0.44,0.747,107.6,0.467
Philadelphia 76ers,2016-17,2017,2010s,82,28,54,0.3414634146341463,102.7,108.2,-5.5,0.501,0.539,29.8,0.34,10.1,99.07,0.631,1.43,17.4,0.167,0.273,0.709,0.49,0.258,0.47,102.4,0.442,0.771,108.1,0.461
Phoenix Suns,2016-17,2017,2010s,82,24,58,0.2926829268292683,106.1,111.3,-5.2,0.493,0.538,22.6,0.332,7.5,100.85,0.491,1.27,14.4,0.152,0.299,0.718,0.503,0.297,0.462,107.7,0.45,0.776,113.3,0.467
Portland Trail Blazers,2016-17,2017,2010s,82,41,41,0.5,109.4,110.0,-0.6,0.52,0.559,27.7,0.375,10.4,97.38,0.534,1.54,16.0,0.139,0.269,0.72,0.496,0.275,0.493,107.9,0.459,0.78,108.5,0.455
Sacramento Kings,2016-17,2017,2010s,82,32,50,0.3902439024390244,106.6,110.8,-4.2,0.516,0.556,23.9,0.376,9.0,95.42,0.594,1.54,17.3,0.152,0.258,0.723,0.492,0.284,0.478,102.8,0.461,0.775,106.7,0.462
San Antonio Spurs,2016-17,2017,2010s,82,61,21,0.7439024390243902,110.3,102.9,7.4,0.524,0.564,23.5,0.391,9.2,94.86,0.606,1.77,18.1,0.141,0.282,0.73,0.511,0.263,0.551,105.3,0.469,0.797,98.1,0.443
Toronto Raptors,2016-17,2017,2010s,82,51,31,0.6219512195121951,111.4,107.1,4.3,0.517,0.561,24.3,0.363,8.8,95.41,0.472,1.46,14.5,0.132,0.291,0.717,0.505,0.293,0.516,106.9,0.464,0.796,102.6,0.449
Utah Jazz,2016-17,2017,2010s,82,51,31,0.6219512195121951,109.0,104.7,4.3,0.526,0.563,26.0,0.372,9.6,92.09,0.544,1.48,16.2,0.148,0.27,0.743,0.514,0.288,0.534,100.7,0.466,0.747,96.8,0.443
Washington Wizards,2016-17,2017,2010s,82,49,33,0.5975609756097561,110.4,108.8,1.7,0.528,0.564,24.8,0.372,9.2,97.94,0.577,1.68,17.6,0.143,0.286,0.716,0.501,0.254,0.511,109.2,0.475,0.784,107.4,0.466
Atlanta Hawks,2017-18,2018,2010s,82,24,58,0.2926829268292683,104.4,110.1,-5.7,0.512,0.547,31.0,0.36,11.2,98.76,0.622,1.53,17.6,0.157,0.263,0.719,0.489,0.236,0.468,103.4,0.446,0.785,108.8,0.469
Boston Celtics,2017-18,2018,2010s,82,55,27,0.6707317073170732,106.8,103.2,3.6,0.518,0.552,30.4,0.377,11.5,96.75,0.586,1.6,17.0,0.144,0.263,0.739,0.504,0.243,0.519,104.0,0.45,0.771,100.4,0.44
Brooklyn Nets,2017-18,2018,2010s,82,28,54,0.3414634146341463,106.1,109.7,-3.6,0.514,0.551,35.7,0.356,12.7,99.66,0.619,1.56,17.3,0.151,0.251,0.731,0.489,0.26,0.474,106.6,0.441,0.772,110.3,0.466
Charlotte Hornets,2017-18,2018,2010s,82,36,46,0.4390243902439024,109.0,109.0,-0.1,0.508,0.549,27.2,0.369,10.0,98.66,0.554,1.7,16.1,0.128,0.271,0.763,0.512,0.312,0.5,108.2,0.45,0.747,108.0,0.468
Chicago Bulls,2017-18,2018,2010s,82,27,55,0.3292682926829268,103.4,110.5,-7.0,0.497,0.529,31.1,0.355,11.0,98.65,0.607,1.68,17.3,0.141,0.256,0.767,0.5,0.216,0.453,102.9,0.435,0.759,110.0,0.472
Cleveland Cavaliers,2017-18,2018,2010s,82,50,32,0.6097560975609756,112.0,111.1,1.0,0.547,0.584,32.1,0.372,12.0,98.72,0.579,1.7,17.5,0.139,0.243,0.73,0.492,0.275,0.502,110.9,0.476,0.779,109.9,0.474
Dallas Mavericks,2017-18,2018,2010s,82,24,58,0.2926829268292683,105.4,108.4,-2.9,0.513,0.544,32.8,0.36,11.8,96.53,0.594,1.85,17.3,0.127,0.224,0.749,0.478,0.217,0.475,102.3,0.444,0.763,105.4,0.469
Denver Nuggets,2017-18,2018,2010s,82,46,36,0.5609756097560976,111.4,110.0,1.4,0.536,0.57,30.9,0.371,11.5,97.69,0.617,1.68,18.2,0.151,0.3,0.736,0.517,0.258,0.511,110.0,0.47,0.767,108.5,0.476
Detroit Pistons,2017-18,2018,2010s,82,39,43,0.4756097560975609,106.6,106.7,-0.1,0.512,0.543,28.9,0.373,10.8,96.75,0.582,1.7,17.1,0.138,0.269,0.74,0.499,0.227,0.489,103.8,0.45,0.745,103.9,0.459
Golden State Warriors,2017-18,2018,2010s,82,58,24,0.7073170731707317,112.8,106.8,5.9,0.569,0.603,28.9,0.391,11.3,100.35,0.685,1.9,20.9,0.153,0.243,0.712,0.497,0.239,0.554,113.5,0.503,0.815,107.5,0.447
Houston Rockets,2017-18,2018,2010s,82,65,17,0.7926829268292683,114.1,105.7,8.4,0.551,0.59,42.3,0.362,15.3,98.02,0.557,1.56,16.4,0.141,0.254,0.75,0.503,0.298,0.531,112.4,0.46,0.781,103.9,0.462
Indiana Pacers,2017-18,2018,2010s,82,48,34,0.5853658536585366,108.5,107.3,1.3,0.525,0.557,24.5,0.369,9.0,96.84,0.544,1.67,16.8,0.136,0.271,0.721,0.496,0.222,0.509,105.6,0.472,0.779,104.2,0.465
LA Clippers,2017-18,2018,2010s,82,42,40,0.5121951219512195,109.4,109.2,0.2,0.527,0.564,26.8,0.354,9.5,99.54,0.555,1.52,16.5,0.147,0.284,0.718,0.504,0.299,0.497,109.0,0.471,0.743,109.0,0.459
Los Angeles Lakers,2017-18,2018,2010s,82,35,47,0.4268292682926829,106.0,107.3,-1.3,0.517,0.548,29.1,0.345,10.0,100.9,0.584,1.51,17.0,0.155,0.279,0.729,0.505,0.264,0.491,108.1,0.461,0.714,109.6,0.456
Memphis Grizzlies,2017-18,2018,2010s,82,22,60,0.2682926829268293,103.6,110.4,-6.8,0.5,0.539,26.2,0.352,9.2,95.65,0.586,1.44,16.6,0.156,0.276,0.721,0.493,0.255,0.46,99.3,0.444,0.786,105.5,0.462
Miami Heat,2017-18,2018,2010s,82,44,38,0.5365853658536586,106.2,105.8,0.4,0.52,0.551,30.6,0.36,11.0,96.1,0.585,1.58,17.1,0.148,0.261,0.741,0.501,0.229,0.505,103.4,0.455,0.755,102.9,0.45
Milwaukee Bucks,2017-18,2018,2010s,82,44,38,0.5365853658536586,109.0,109.1,-0.2,0.531,0.571,24.7,0.355,8.8,97.03,0.585,1.68,17.7,0.142,0.244,0.709,0.48,0.281,0.502,106.5,0.478,0.783,106.8,0.468
Minnesota Timberwolves,2017-18,2018,2010s,82,47,35,0.573170731707317,112.5,110.2,2.3,0.523,0.566,22.5,0.357,8.0,96.75,0.553,1.82,17.0,0.128,0.289,0.72,0.503,0.28,0.518,109.5,0.476,0.804,107.3,0.475
New Orleans Pelicans,2017-18,2018,2010s,82,48,34,0.5853658536585366,108.5,107.4,1.1,0.541,0.573,28.2,0.362,10.2,101.48,0.627,1.79,19.0,0.145,0.24,0.726,0.494,0.237,0.525,111.7,0.483,0.772,110.4,0.454
New York Knicks,2017-18,2018,2010s,82,29,53,0.3536585365853658,106.3,109.7,-3.4,0.51,0.544,23.3,0.352,8.2,97.64,0.573,1.58,17.2,0.15,0.289,0.727,0.509,0.216,0.481,104.5,0.464,0.787,108.0,0.457
Oklahoma City Thunder,2017-18,2018,2010s,82,48,34,0.5853658536585366,110.1,106.4,3.7,0.514,0.546,30.4,0.354,10.7,97.34,0.535,1.53,15.8,0.143,0.32,0.725,0.515,0.275,0.508,107.9,0.453,0.716,104.4,0.458
Orlando Magic,2017-18,2018,2010s,82,25,57,0.3048780487804878,104.7,109.4,-4.7,0.512,0.545,29.3,0.351,10.3,98.58,0.604,1.61,17.5,0.147,0.248,0.714,0.48,0.238,0.472,103.4,0.452,0.757,108.2,0.468
Philadelphia 76ers,2017-18,2018,2010s,82,52,30,0.6341463414634146,108.5,103.9,4.6,0.535,0.568,29.8,0.369,11.0,100.75,0.663,1.64,19.1,0.163,0.286,0.736,0.52,0.263,0.542,109.8,0.472,0.752,105.3,0.434
Phoenix Suns,2017-18,2018,2010s,82,21,61,0.2560975609756097,102.8,111.7,-9.0,0.495,0.532,27.9,0.334,9.3,101.14,0.553,1.35,15.6,0.155,0.271,0.724,0.493,0.275,0.442,103.9,0.442,0.741,113.3,0.471
Portland Trail Blazers,2017-18,2018,2010s,82,49,33,0.5975609756097561,108.4,105.7,2.7,0.511,0.549,28.1,0.366,10.3,97.11,0.496,1.44,15.0,0.139,0.279,0.746,0.513,0.24,0.51,105.6,0.452,0.8,103.0,0.447
Sacramento Kings,2017-18,2018,2010s,82,27,55,0.3292682926829268,103.1,110.4,-7.3,0.502,0.529,24.0,0.375,9.0,95.5,0.556,1.57,16.6,0.143,0.264,0.731,0.489,0.194,0.451,98.8,0.45,0.735,105.8,0.47
San Antonio Spurs,2017-18,2018,2010s,82,47,35,0.573170731707317,107.1,104.1,3.0,0.507,0.543,24.1,0.352,8.5,95.7,0.583,1.73,17.3,0.137,0.277,0.741,0.508,0.245,0.525,102.7,0.457,0.772,99.8,0.453
Toronto Raptors,2017-18,2018,2010s,82,59,23,0.7195121951219512,113.0,105.3,7.7,0.539,0.575,33.0,0.358,11.8,98.02,0.59,1.82,17.9,0.135,0.274,0.725,0.502,0.25,0.538,111.7,0.472,0.794,103.9,0.449
Utah Jazz,2017-18,2018,2010s,82,48,34,0.5853658536585366,107.4,103.0,4.4,0.527,0.564,29.6,0.366,10.8,96.58,0.586,1.53,17.1,0.152,0.256,0.756,0.509,0.26,0.532,104.1,0.462,0.779,99.8,0.449
Washington Wizards,2017-18,2018,2010s,82,43,39,0.524390243902439,108.1,107.7,0.4,0.525,0.56,26.5,0.375,9.9,97.67,0.631,1.73,18.4,0.148,0.274,0.732,0.504,0.254,0.509,106.6,0.467,0.772,106.0,0.462
Atlanta Hawks,2018-19,2019,2010s,82,29,53,0.3536585365853658,107.5,113.1,-5.5,0.522,0.555,37.0,0.352,13.0,104.56,0.624,1.52,17.7,0.162,0.284,0.718,0.496,0.255,0.464,113.3,0.451,0.752,119.4,0.473
Boston Celtics,2018-19,2019,2010s,82,49,33,0.5975609756097561,111.3,107.0,4.3,0.534,0.567,34.5,0.365,12.6,100.43,0.624,2.05,18.8,0.127,0.257,0.728,0.495,0.215,0.53,112.4,0.465,0.802,108.0,0.448
Brooklyn Nets,2018-19,2019,2010s,82,42,40,0.5121951219512195,108.9,109.0,-0.1,0.52,0.556,36.2,0.353,12.8,101.52,0.592,1.58,16.9,0.146,0.282,0.72,0.501,0.284,0.492,112.2,0.449,0.745,112.3,0.456
Charlotte Hornets,2018-19,2019,2010s,82,39,43,0.4756097560975609,110.7,112.0,-1.3,0.514,0.554,33.9,0.351,11.9,99.18,0.578,1.9,17.0,0.122,0.268,0.731,0.495,0.257,0.486,110.7,0.448,0.797,111.8,0.47
Chicago Bulls,2018-19,2019,2010s,82,22,60,0.2682926829268293,104.5,112.8,-8.3,0.505,0.541,25.9,0.351,9.1,99.3,0.55,1.55,16.3,0.141,0.242,0.727,0.483,0.235,0.453,104.9,0.453,0.783,113.4,0.473
Cleveland Cavaliers,2018-19,2019,2010s,82,19,63,0.2317073170731707,106.8,116.8,-10.0,0.503,0.54,29.1,0.355,10.3,97.37,0.532,1.54,15.6,0.138,0.282,0.732,0.496,0.236,0.436,104.5,0.444,0.792,114.1,0.495
Dallas Mavericks,2018-19,2019,2010s,82,33,49,0.4024390243902439,108.7,110.1,-1.5,0.519,0.555,36.6,0.34,12.5,99.6,0.603,1.64,17.0,0.142,0.273,0.734,0.503,0.291,0.492,108.9,0.447,0.742,110.1,0.459
Denver Nuggets,2018-19,2019,2010s,82,54,28,0.6585365853658537,112.1,108.1,4.0,0.527,0.558,31.4,0.351,11.0,98.49,0.653,2.04,19.3,0.136,0.308,0.744,0.524,0.232,0.524,110.7,0.466,0.755,106.7,0.458
Detroit Pistons,2018-19,2019,2010s,82,41,41,0.5,108.4,108.7,-0.3,0.509,0.544,34.8,0.348,12.1,97.88,0.579,1.63,16.5,0.14,0.291,0.745,0.509,0.262,0.482,107.0,0.44,0.747,107.3,0.469
Golden State Warriors,2018-19,2019,2010s,82,57,25,0.6951219512195121,115.0,108.6,6.5,0.565,0.596,34.4,0.385,13.3,101.74,0.668,2.06,20.4,0.139,0.257,0.727,0.505,0.227,0.546,117.7,0.491,0.801,111.2,0.444
Houston Rockets,2018-19,2019,2010s,82,53,29,0.6463414634146342,114.9,110.1,4.8,0.542,0.581,45.4,0.356,16.1,98.39,0.541,1.59,15.9,0.135,0.269,0.7,0.481,0.279,0.498,113.9,0.449,0.791,109.1,0.466
Indiana Pacers,2018-19,2019,2010s,82,48,34,0.5853658536585366,109.4,106.0,3.4,0.53,0.561,25.4,0.374,9.5,98.64,0.628,1.9,18.9,0.139,0.269,0.722,0.499,0.242,0.527,108.0,0.475,0.752,104.7,0.45
LA Clippers,2018-19,2019,2010s,82,48,34,0.5853658536585366,111.4,110.4,1.0,0.529,0.575,25.8,0.388,10.0,102.66,0.582,1.65,17.1,0.141,0.263,0.722,0.5,0.326,0.505,115.1,0.471,0.792,114.3,0.457
Los Angeles Lakers,2018-19,2019,2010s,82,37,45,0.4512195121951219,107.4,108.9,-1.6,0.527,0.554,31.0,0.333,10.3,103.6,0.6,1.63,17.8,0.15,0.27,0.725,0.502,0.257,0.495,111.8,0.47,0.699,113.5,0.452
Memphis Grizzlies,2018-19,2019,2010s,82,33,49,0.4024390243902439,105.6,108.0,-2.4,0.508,0.548,28.9,0.342,9.9,97.15,0.631,1.71,17.9,0.143,0.247,0.724,0.484,0.272,0.49,103.5,0.45,0.772,106.1,0.451
Miami Heat,2018-19,2019,2010s,82,39,43,0.4756097560975609,106.7,107.1,-0.4,0.515,0.542,32.4,0.349,11.3,98.73,0.612,1.65,17.6,0.149,0.291,0.731,0.509,0.247,0.501,105.7,0.45,0.695,105.9,0.441
Milwaukee Bucks,2018-19,2019,2010s,82,60,22,0.7317073170731707,113.5,104.9,8.6,0.55,0.583,38.2,0.353,13.5,103.57,0.601,1.88,18.3,0.133,0.25,0.757,0.516,0.255,0.553,118.1,0.476,0.773,109.3,0.433
Minnesota Timberwolves,2018-19,2019,2010s,82,36,46,0.4390243902439024,110.6,112.2,-1.6,0.511,0.552,28.7,0.351,10.1,100.88,0.591,1.88,17.4,0.129,0.292,0.709,0.497,0.267,0.498,112.5,0.456,0.787,114.0,0.467
New Orleans Pelicans,2018-19,2019,2010s,82,33,49,0.4024390243902439,110.7,112.0,-1.3,0.529,0.563,29.9,0.344,10.3,103.89,0.619,1.82,18.6,0.142,0.285,0.729,0.509,0.254,0.498,115.4,0.473,0.761,116.8,0.466
New York Knicks,2018-19,2019,2010s,82,17,65,0.2073170731707317,104.0,112.9,-8.9,0.49,0.529,29.5,0.34,10.0,100.16,0.525,1.43,14.9,0.14,0.264,0.717,0.486,0.27,0.442,104.6,0.433,0.759,113.8,0.467
Oklahoma City Thunder,2018-19,2019,2010s,82,49,33,0.5975609756097561,109.8,106.5,3.4,0.514,0.545,32.6,0.348,11.4,103.38,0.548,1.67,16.3,0.134,0.298,0.738,0.509,0.266,0.506,114.5,0.454,0.713,111.1,0.46
Orlando Magic,2018-19,2019,2010s,82,42,40,0.5121951219512195,108.2,107.6,0.6,0.518,0.55,32.1,0.356,11.4,98.65,0.632,1.94,18.6,0.133,0.259,0.754,0.504,0.216,0.508,107.3,0.454,0.782,106.6,0.456
Philadelphia 76ers,2018-19,2019,2010s,82,51,31,0.6219512195121951,111.6,109.0,2.6,0.532,0.574,30.2,0.359,10.8,102.59,0.648,1.8,18.7,0.144,0.278,0.741,0.517,0.312,0.529,115.2,0.471,0.771,112.5,0.455
Phoenix Suns,2018-19,2019,2010s,82,19,63,0.2317073170731707,105.3,114.2,-8.9,0.514,0.552,29.3,0.329,9.6,101.15,0.595,1.53,17.3,0.153,0.247,0.683,0.464,0.259,0.45,107.5,0.459,0.779,116.8,0.482
Portland Trail Blazers,2018-19,2019,2010s,82,53,29,0.6463414634146342,113.7,109.5,4.2,0.528,0.568,30.7,0.359,11.0,99.96,0.544,1.66,16.6,0.137,0.308,0.739,0.526,0.258,0.521,114.7,0.467,0.814,110.5,0.457
Sacramento Kings,2018-19,2019,2010s,82,39,43,0.4756097560975609,109.6,110.8,-1.2,0.524,0.554,29.9,0.378,11.3,103.88,0.588,1.9,17.7,0.128,0.268,0.713,0.487,0.244,0.495,114.2,0.464,0.726,115.3,0.466
San Antonio Spurs,2018-19,2019,2010s,82,48,34,0.5853658536585366,112.2,110.6,1.6,0.534,0.572,25.3,0.392,9.9,98.88,0.58,2.03,18.1,0.122,0.246,0.744,0.501,0.237,0.516,111.7,0.478,0.819,110.0,0.463
Toronto Raptors,2018-19,2019,2010s,82,58,24,0.7073170731707317,112.6,106.8,5.8,0.543,0.579,33.8,0.366,12.4,100.51,0.603,1.81,18.2,0.138,0.265,0.726,0.502,0.247,0.533,114.4,0.474,0.804,108.4,0.449
Utah Jazz,2018-19,2019,2010s,82,50,32,0.6097560975609756,110.3,105.3,5.0,0.538,0.572,34.0,0.356,12.1,100.84,0.644,1.72,18.5,0.149,0.275,0.759,0.522,0.295,0.539,111.7,0.468,0.736,106.5,0.452
Washington Wizards,2018-19,2019,2010s,82,32,50,0.3902439024390244,110.2,112.9,-2.7,0.531,0.567,33.3,0.341,11.3,102.23,0.623,1.87,18.4,0.136,0.252,0.706,0.477,0.266,0.487,114.0,0.468,0.768,116.9,0.48
Atlanta Hawks,2019-20,2020,2010s,67,20,47,0.2985074626865671,107.0,114.4,-7.4,0.515,0.554,36.1,0.333,12.0,103.28,0.589,1.48,16.9,0.155,0.267,0.708,0.484,0.258,0.454,111.8,0.449,0.79,119.7,0.478
Boston Celtics,2019-20,2020,2010s,72,48,24,0.6666666666666666,112.8,106.5,6.3,0.531,0.57,34.5,0.364,12.6,99.92,0.557,1.66,16.7,0.137,0.283,0.731,0.509,0.259,0.531,113.7,0.461,0.801,107.3,0.441
Brooklyn Nets,2019-20,2020,2010s,72,35,37,0.4861111111111111,108.7,109.2,-0.5,0.52,0.554,38.1,0.343,13.1,101.7,0.606,1.6,17.3,0.148,0.28,0.736,0.511,0.267,0.5,111.8,0.448,0.745,112.3,0.446
Charlotte Hornets,2019-20,2020,2010s,65,23,42,0.3538461538461538,105.9,112.8,-7.0,0.504,0.539,34.3,0.352,12.1,96.24,0.639,1.63,17.7,0.15,0.28,0.706,0.486,0.252,0.455,102.9,0.434,0.748,109.6,0.476
Chicago Bulls,2019-20,2020,2010s,65,22,43,0.3384615384615385,105.8,108.9,-3.1,0.515,0.547,35.1,0.348,12.2,100.46,0.587,1.5,16.9,0.153,0.267,0.719,0.481,0.231,0.466,106.8,0.447,0.755,109.9,0.479
Cleveland Cavaliers,2019-20,2020,2010s,65,19,46,0.2923076923076923,106.9,114.8,-7.9,0.522,0.553,31.8,0.351,11.2,99.17,0.573,1.4,16.8,0.165,0.296,0.738,0.512,0.227,0.453,106.9,0.458,0.758,114.8,0.491
Dallas Mavericks,2019-20,2020,2010s,75,43,32,0.5733333333333334,115.9,111.2,4.8,0.545,0.581,41.3,0.367,15.1,99.89,0.592,1.94,17.7,0.126,0.275,0.74,0.509,0.264,0.521,117.0,0.461,0.779,112.1,0.458
Denver Nuggets,2019-20,2020,2010s,73,46,27,0.6301369863013698,112.6,110.4,2.2,0.535,0.567,30.6,0.359,11.0,97.64,0.636,1.94,19.1,0.139,0.294,0.725,0.509,0.235,0.517,111.3,0.473,0.777,109.2,0.463
Detroit Pistons,2019-20,2020,2010s,66,20,46,0.303030303030303,108.8,112.3,-3.5,0.529,0.561,32.7,0.367,12.0,97.86,0.612,1.58,17.7,0.155,0.277,0.717,0.493,0.261,0.473,107.2,0.459,0.743,110.8,0.48
Golden State Warriors,2019-20,2020,2010s,65,15,50,0.2307692307692307,104.4,113.0,-8.6,0.497,0.54,31.3,0.334,10.4,101.04,0.663,1.72,18.2,0.146,0.255,0.722,0.481,0.264,0.462,106.3,0.438,0.803,115.0,0.476
Houston Rockets,2019-20,2020,2010s,72,44,28,0.6111111111111112,112.5,109.8,2.7,0.537,0.578,45.3,0.345,15.6,104.04,0.53,1.47,15.5,0.14,0.249,0.713,0.48,0.288,0.494,117.8,0.451,0.791,114.8,0.462
Indiana Pacers,2019-20,2020,2010s,73,45,28,0.6164383561643836,109.5,107.5,1.9,0.534,0.565,28.0,0.363,10.2,99.41,0.614,1.95,18.9,0.132,0.243,0.718,0.487,0.216,0.52,109.4,0.476,0.787,107.5,0.446
LA Clippers,2019-20,2020,2010s,72,49,23,0.6805555555555556,113.3,106.9,6.3,0.535,0.577,33.5,0.371,12.4,102.16,0.571,1.63,16.9,0.142,0.278,0.737,0.515,0.295,0.532,116.3,0.466,0.791,109.9,0.438
Los Angeles Lakers,2019-20,2020,2010s,71,52,19,0.7323943661971831,111.7,106.1,5.6,0.542,0.573,31.6,0.349,11.0,101.2,0.6,1.67,18.0,0.149,0.283,0.737,0.512,0.276,0.539,113.4,0.48,0.729,107.6,0.448
Memphis Grizzlies,2019-20,2020,2010s,73,34,39,0.4657534246575342,108.7,109.7,-1.0,0.528,0.561,31.5,0.347,10.9,103.31,0.633,1.77,18.7,0.147,0.271,0.733,0.506,0.24,0.507,112.6,0.468,0.763,113.7,0.45
Miami Heat,2019-20,2020,2010s,73,44,29,0.6027397260273972,111.9,109.3,2.7,0.547,0.587,35.4,0.379,13.4,98.7,0.657,1.74,18.8,0.149,0.257,0.753,0.512,0.299,0.525,112.0,0.468,0.783,109.1,0.448
Milwaukee Bucks,2019-20,2020,2010s,73,56,17,0.7671232876712328,111.9,102.5,9.4,0.552,0.583,38.9,0.355,13.8,105.51,0.598,1.71,18.0,0.142,0.241,0.775,0.524,0.271,0.562,118.7,0.476,0.742,108.6,0.414
Minnesota Timberwolves,2019-20,2020,2010s,64,19,45,0.296875,107.6,111.6,-4.0,0.514,0.551,39.7,0.336,13.3,103.94,0.59,1.55,16.7,0.146,0.264,0.731,0.488,0.277,0.472,113.3,0.441,0.753,117.5,0.477
New Orleans Pelicans,2019-20,2020,2010s,72,30,42,0.4166666666666667,110.5,111.8,-1.3,0.539,0.568,36.9,0.37,13.6,103.89,0.63,1.64,18.4,0.156,0.287,0.729,0.508,0.256,0.495,115.8,0.465,0.729,117.1,0.465
New York Knicks,2019-20,2020,2010s,66,21,45,0.3181818181818182,105.9,112.4,-6.5,0.501,0.531,28.4,0.337,9.6,99.11,0.552,1.54,16.0,0.143,0.3,0.742,0.513,0.263,0.461,105.8,0.447,0.694,112.3,0.463
Oklahoma City Thunder,2019-20,2020,2010s,72,44,28,0.6111111111111112,110.1,108.1,2.1,0.53,0.573,30.2,0.355,10.7,99.42,0.543,1.58,16.3,0.137,0.241,0.728,0.492,0.29,0.519,110.4,0.468,0.796,108.4,0.455
Orlando Magic,2019-20,2020,2010s,73,33,40,0.4520547945205479,107.9,109.2,-1.3,0.506,0.544,32.2,0.343,11.1,98.99,0.608,1.86,17.5,0.129,0.267,0.749,0.5,0.256,0.496,107.3,0.444,0.774,108.3,0.465
Philadelphia 76ers,2019-20,2020,2010s,73,43,30,0.589041095890411,110.7,108.4,2.3,0.534,0.566,31.6,0.368,11.6,99.59,0.628,1.82,18.5,0.142,0.281,0.753,0.516,0.255,0.523,110.7,0.468,0.755,108.4,0.463
Phoenix Suns,2019-20,2020,2010s,73,34,39,0.4657534246575342,111.3,110.8,0.5,0.532,0.576,31.8,0.358,11.4,101.74,0.661,1.84,19.2,0.145,0.261,0.734,0.498,0.271,0.512,113.6,0.468,0.834,113.4,0.472
Portland Trail Blazers,2019-20,2020,2010s,74,35,39,0.4729729729729729,113.2,114.3,-1.1,0.533,0.57,34.1,0.377,12.9,101.17,0.488,1.61,15.2,0.126,0.266,0.712,0.492,0.242,0.486,115.0,0.463,0.804,116.1,0.456
Sacramento Kings,2019-20,2020,2010s,72,31,41,0.4305555555555556,109.5,111.4,-1.9,0.534,0.566,34.9,0.364,12.7,99.6,0.582,1.64,17.4,0.144,0.258,0.736,0.492,0.23,0.479,110.1,0.462,0.77,112.1,0.471
San Antonio Spurs,2019-20,2020,2010s,71,32,39,0.4507042253521127,111.7,112.6,-0.9,0.531,0.572,28.5,0.376,10.7,101.14,0.585,1.96,17.9,0.123,0.233,0.751,0.495,0.262,0.502,114.1,0.472,0.81,115.2,0.469
Toronto Raptors,2019-20,2020,2010s,72,53,19,0.7361111111111112,110.8,104.7,6.1,0.536,0.574,37.0,0.374,13.8,101.19,0.627,1.7,18.1,0.146,0.256,0.721,0.496,0.264,0.53,112.8,0.458,0.796,106.5,0.428
Utah Jazz,2019-20,2020,2010s,72,44,28,0.6111111111111112,111.8,109.3,2.5,0.549,0.585,35.2,0.38,13.4,99.15,0.56,1.48,16.8,0.152,0.261,0.746,0.512,0.268,0.513,111.3,0.471,0.779,108.8,0.457
Washington Wizards,2019-20,2020,2010s,72,25,47,0.3472222222222222,110.2,114.7,-4.5,0.523,0.562,32.6,0.368,12.0,103.38,0.602,1.77,17.6,0.136,0.262,0.712,0.478,0.27,0.473,114.4,0.457,0.788,119.1,0.488
Atlanta Hawks,2020-21,2021,2020s,72,41,31,0.5694444444444444,114.3,112.1,2.2,0.539,0.581,33.4,0.373,12.4,98.68,0.591,1.82,17.6,0.133,0.284,0.742,0.516,0.278,0.511,113.7,0.468,0.812,111.4,0.463
Boston Celtics,2020-21,2021,2020s,72,36,36,0.5,113.1,111.8,1.2,0.543,0.574,36.4,0.374,13.6,98.94,0.566,1.67,17.1,0.141,0.289,0.737,0.51,0.234,0.501,112.6,0.466,0.775,111.2,0.464
Brooklyn Nets,2020-21,2021,2020s,72,48,24,0.6666666666666666,117.3,113.1,4.2,0.575,0.61,36.1,0.392,14.2,100.27,0.621,1.98,19.3,0.134,0.252,0.726,0.503,0.258,0.532,118.6,0.494,0.804,114.1,0.459
Charlotte Hornets,2020-21,2021,2020s,72,33,39,0.4583333333333333,110.1,112.0,-1.9,0.532,0.564,37.0,0.369,13.7,99.0,0.672,1.81,19.2,0.149,0.276,0.722,0.496,0.238,0.489,109.5,0.455,0.761,111.4,0.468
Chicago Bulls,2020-21,2021,2020s,72,31,41,0.4305555555555556,110.4,111.5,-1.1,0.547,0.575,34.0,0.37,12.6,99.58,0.635,1.77,19.2,0.151,0.267,0.767,0.519,0.197,0.499,110.7,0.476,0.791,111.6,0.473
Cleveland Cavaliers,2020-21,2021,2020s,72,22,50,0.3055555555555556,105.2,113.5,-8.3,0.508,0.543,29.7,0.336,10.0,97.96,0.618,1.54,17.5,0.157,0.28,0.729,0.499,0.261,0.46,103.8,0.45,0.743,112.3,0.484
Dallas Mavericks,2020-21,2021,2020s,72,42,30,0.5833333333333334,114.6,112.3,2.3,0.55,0.582,38.1,0.362,13.8,97.94,0.557,1.9,17.2,0.123,0.253,0.734,0.496,0.242,0.51,112.4,0.47,0.778,110.2,0.46
Denver Nuggets,2020-21,2021,2020s,72,47,25,0.6527777777777778,116.3,111.5,4.8,0.557,0.588,34.2,0.377,12.9,97.74,0.621,1.99,19.3,0.136,0.292,0.751,0.522,0.219,0.525,115.1,0.485,0.803,110.1,0.469
Detroit Pistons,2020-21,2021,2020s,72,20,52,0.2777777777777778,107.6,112.2,-4.5,0.519,0.556,32.9,0.351,11.6,98.19,0.626,1.62,17.8,0.151,0.267,0.725,0.493,0.273,0.473,106.6,0.452,0.759,111.1,0.476
Golden State Warriors,2020-21,2021,2020s,72,39,33,0.5416666666666666,110.5,109.4,1.1,0.551,0.583,38.7,0.376,14.6,102.81,0.67,1.84,19.6,0.146,0.222,0.727,0.48,0.239,0.51,113.7,0.468,0.785,112.7,0.452
Houston Rockets,2020-21,2021,2020s,72,17,55,0.2361111111111111,107.0,114.4,-7.4,0.521,0.553,40.6,0.339,13.8,101.69,0.601,1.6,17.2,0.145,0.24,0.723,0.474,0.252,0.451,108.8,0.444,0.74,116.7,0.48
Indiana Pacers,2020-21,2021,2020s,72,34,38,0.4722222222222222,111.9,111.9,0.1,0.542,0.575,34.0,0.364,12.3,102.05,0.633,2.02,19.2,0.131,0.247,0.701,0.476,0.227,0.502,115.3,0.474,0.792,115.3,0.468
LA Clippers,2020-21,2021,2020s,72,47,25,0.6527777777777778,116.7,110.6,6.1,0.564,0.599,34.7,0.411,14.3,97.63,0.584,1.85,18.1,0.135,0.27,0.754,0.518,0.222,0.53,114.0,0.482,0.839,107.8,0.464
Los Angeles Lakers,2020-21,2021,2020s,72,42,30,0.5833333333333334,109.8,106.8,2.9,0.536,0.569,31.2,0.354,11.1,98.85,0.607,1.62,18.0,0.152,0.269,0.748,0.511,0.271,0.517,109.5,0.472,0.739,106.8,0.46
Memphis Grizzlies,2020-21,2021,2020s,72,38,34,0.5277777777777778,111.7,110.5,1.2,0.528,0.56,31.4,0.356,11.2,100.77,0.628,2.03,18.9,0.131,0.285,0.736,0.507,0.232,0.511,113.3,0.467,0.771,112.3,0.462
Miami Heat,2020-21,2021,2020s,72,40,32,0.5555555555555556,110.6,110.7,-0.1,0.546,0.581,36.2,0.358,12.9,97.09,0.671,1.87,19.5,0.144,0.24,0.733,0.491,0.252,0.509,108.1,0.468,0.79,108.0,0.459
Milwaukee Bucks,2020-21,2021,2020s,72,46,26,0.6388888888888888,116.5,110.7,5.8,0.566,0.593,37.1,0.389,14.4,102.85,0.569,1.84,18.0,0.134,0.269,0.755,0.519,0.233,0.533,120.1,0.487,0.76,114.2,0.456
Minnesota Timberwolves,2020-21,2021,2020s,72,23,49,0.3194444444444444,109.3,114.5,-5.3,0.52,0.555,37.6,0.349,13.1,101.96,0.63,1.8,18.0,0.139,0.271,0.717,0.484,0.254,0.469,112.1,0.448,0.761,117.7,0.482
New Orleans Pelicans,2020-21,2021,2020s,72,31,41,0.4305555555555556,113.0,113.3,-0.3,0.537,0.57,30.4,0.348,10.6,100.54,0.612,1.78,18.3,0.144,0.302,0.755,0.527,0.293,0.508,114.6,0.477,0.729,114.9,0.469
New York Knicks,2020-21,2021,2020s,72,41,31,0.5694444444444444,110.2,107.8,2.4,0.524,0.559,30.0,0.392,11.8,96.32,0.543,1.65,16.3,0.133,0.264,0.738,0.505,0.242,0.502,107.0,0.456,0.784,104.7,0.44
Oklahoma City Thunder,2020-21,2021,2020s,72,22,50,0.3055555555555556,102.8,113.4,-10.6,0.509,0.539,35.1,0.339,11.9,101.61,0.568,1.37,16.1,0.158,0.254,0.742,0.494,0.242,0.442,105.0,0.441,0.725,115.6,0.473
Orlando Magic,2020-21,2021,2020s,72,21,51,0.2916666666666667,104.6,113.9,-9.3,0.49,0.527,31.8,0.343,10.9,99.17,0.57,1.7,16.3,0.129,0.252,0.744,0.488,0.24,0.45,104.0,0.429,0.775,113.3,0.471
Philadelphia 76ers,2020-21,2021,2020s,72,49,23,0.6805555555555556,112.5,107.0,5.5,0.541,0.579,30.1,0.374,11.3,100.12,0.572,1.64,17.2,0.143,0.277,0.737,0.511,0.293,0.536,113.6,0.476,0.767,108.1,0.453
Phoenix Suns,2020-21,2021,2020s,72,51,21,0.7083333333333334,116.3,110.4,5.9,0.564,0.597,34.6,0.378,13.1,98.0,0.622,2.15,19.6,0.126,0.248,0.741,0.5,0.212,0.534,115.3,0.49,0.834,109.5,0.467
Portland Trail Blazers,2020-21,2021,2020s,72,42,30,0.5833333333333334,117.1,115.3,1.8,0.54,0.577,40.8,0.385,15.7,98.97,0.515,1.92,15.9,0.112,0.273,0.731,0.495,0.238,0.493,116.1,0.453,0.823,114.3,0.473
Sacramento Kings,2020-21,2021,2020s,72,31,41,0.4305555555555556,112.7,116.5,-3.8,0.549,0.578,33.3,0.364,12.1,100.71,0.599,1.91,18.4,0.133,0.253,0.713,0.482,0.248,0.481,113.7,0.481,0.745,117.4,0.488
San Antonio Spurs,2020-21,2021,2020s,72,33,39,0.4583333333333333,110.5,112.0,-1.5,0.517,0.554,28.4,0.35,9.9,99.45,0.584,2.14,17.9,0.113,0.243,0.733,0.485,0.243,0.493,111.1,0.462,0.792,112.8,0.472
Toronto Raptors,2020-21,2021,2020s,72,27,45,0.375,111.6,112.0,-0.4,0.529,0.567,39.3,0.368,14.5,99.57,0.607,1.82,17.7,0.133,0.256,0.716,0.479,0.241,0.486,111.3,0.448,0.815,111.7,0.461
Utah Jazz,2020-21,2021,2020s,72,52,20,0.7222222222222222,116.5,107.5,9.0,0.563,0.597,43.0,0.389,16.7,99.37,0.573,1.66,17.3,0.142,0.284,0.757,0.529,0.244,0.542,116.4,0.468,0.799,107.2,0.447
Washington Wizards,2020-21,2021,2020s,72,34,38,0.4722222222222222,110.7,112.3,-1.6,0.531,0.569,29.0,0.351,10.2,104.67,0.59,1.77,17.8,0.137,0.25,0.736,0.494,0.288,0.496,116.6,0.475,0.769,118.5,0.471
Atlanta Hawks,2021-22,2022,2020s,82,43,39,0.524390243902439,115.4,113.7,1.6,0.543,0.581,34.4,0.374,12.9,98.67,0.593,2.08,18.1,0.12,0.269,0.731,0.501,0.253,0.509,113.9,0.47,0.812,112.4,0.471
Boston Celtics,2021-22,2022,2020s,82,51,31,0.6219512195121951,113.6,106.2,7.4,0.542,0.578,37.1,0.356,13.2,97.26,0.609,1.82,18.2,0.139,0.277,0.725,0.509,0.239,0.547,111.8,0.466,0.816,104.5,0.434
Brooklyn Nets,2021-22,2022,2020s,82,44,38,0.5365853658536586,113.2,112.3,0.9,0.54,0.576,31.7,0.361,11.5,99.4,0.602,1.8,18.3,0.141,0.281,0.704,0.499,0.246,0.512,112.9,0.475,0.805,112.1,0.452
Charlotte Hornets,2021-22,2022,2020s,82,43,39,0.524390243902439,113.6,113.1,0.5,0.544,0.572,38.2,0.365,13.9,100.52,0.656,2.12,19.6,0.131,0.27,0.706,0.486,0.234,0.504,115.3,0.468,0.74,114.9,0.466
Chicago Bulls,2021-22,2022,2020s,82,46,36,0.5609756097560976,112.7,113.2,-0.5,0.541,0.579,28.8,0.369,10.6,98.76,0.572,1.86,17.8,0.13,0.249,0.735,0.495,0.248,0.496,111.6,0.48,0.813,112.0,0.474
Cleveland Cavaliers,2021-22,2022,2020s,82,44,38,0.5365853658536586,111.0,108.9,2.1,0.538,0.571,32.8,0.355,11.6,96.83,0.634,1.75,18.7,0.148,0.277,0.724,0.506,0.261,0.517,107.8,0.469,0.76,105.7,0.452
Dallas Mavericks,2021-22,2022,2020s,82,52,30,0.6341463414634146,112.5,109.1,3.5,0.538,0.572,37.4,0.35,13.1,95.64,0.595,1.87,17.8,0.13,0.256,0.733,0.496,0.249,0.511,108.0,0.461,0.771,104.7,0.457
Denver Nuggets,2021-22,2022,2020s,82,48,34,0.5853658536585366,113.8,111.5,2.3,0.556,0.59,35.9,0.353,12.7,98.41,0.667,1.92,20.0,0.146,0.268,0.752,0.515,0.244,0.516,112.7,0.483,0.795,110.4,0.47
Detroit Pistons,2021-22,2022,2020s,82,23,59,0.2804878048780488,105.6,113.3,-7.7,0.494,0.533,34.6,0.326,11.3,98.81,0.615,1.65,17.1,0.143,0.276,0.707,0.481,0.249,0.45,104.8,0.431,0.782,112.5,0.473
Golden State Warriors,2021-22,2022,2020s,82,53,29,0.6463414634146342,112.1,106.6,5.5,0.552,0.582,39.4,0.364,14.3,98.74,0.669,1.82,19.5,0.15,0.269,0.736,0.51,0.235,0.536,111.0,0.469,0.769,105.5,0.438
Houston Rockets,2021-22,2022,2020s,82,20,62,0.2439024390243902,108.1,116.4,-8.3,0.534,0.565,38.7,0.349,13.5,101.16,0.598,1.43,17.1,0.162,0.265,0.71,0.485,0.284,0.451,109.7,0.456,0.713,118.2,0.483
Indiana Pacers,2021-22,2022,2020s,82,25,57,0.3048780487804878,111.9,115.5,-3.6,0.531,0.564,35.4,0.344,12.2,98.55,0.612,1.76,18.1,0.145,0.31,0.725,0.512,0.239,0.478,111.5,0.463,0.768,114.9,0.483
LA Clippers,2021-22,2022,2020s,82,42,40,0.5121951219512195,109.5,109.5,0.0,0.531,0.564,34.2,0.374,12.8,98.51,0.599,1.75,17.7,0.139,0.254,0.706,0.486,0.224,0.502,108.4,0.458,0.793,108.4,0.45
Los Angeles Lakers,2021-22,2022,2020s,82,33,49,0.4024390243902439,110.0,112.8,-2.9,0.537,0.567,34.5,0.347,12.0,100.47,0.576,1.65,17.3,0.142,0.256,0.72,0.49,0.259,0.482,112.1,0.469,0.732,115.1,0.47
Memphis Grizzlies,2021-22,2022,2020s,82,56,26,0.6829268292682927,114.3,108.9,5.3,0.522,0.553,32.7,0.353,11.5,100.52,0.597,1.97,17.9,0.13,0.338,0.726,0.526,0.245,0.53,115.6,0.461,0.734,109.9,0.455
Miami Heat,2021-22,2022,2020s,82,53,29,0.6463414634146342,113.0,108.4,4.5,0.547,0.584,35.8,0.379,13.6,96.53,0.644,1.75,18.8,0.149,0.278,0.735,0.51,0.252,0.529,110.0,0.467,0.808,105.6,0.447
Milwaukee Bucks,2021-22,2022,2020s,82,51,31,0.6219512195121951,114.3,111.1,3.2,0.546,0.58,38.4,0.366,14.1,100.59,0.572,1.78,17.3,0.133,0.269,0.747,0.512,0.257,0.516,115.5,0.468,0.776,112.1,0.456
Minnesota Timberwolves,2021-22,2022,2020s,82,46,36,0.5609756097560976,113.8,111.0,2.7,0.539,0.573,41.3,0.358,14.8,101.47,0.617,1.79,18.1,0.141,0.284,0.706,0.49,0.254,0.504,115.9,0.457,0.778,113.3,0.46
New Orleans Pelicans,2021-22,2022,2020s,82,36,46,0.4390243902439024,111.2,112.0,-0.8,0.517,0.557,32.1,0.332,10.6,98.02,0.621,1.78,18.1,0.143,0.306,0.742,0.518,0.264,0.5,109.3,0.457,0.789,110.3,0.471
New York Knicks,2021-22,2022,2020s,82,37,45,0.4512195121951219,109.7,110.2,-0.4,0.513,0.55,36.9,0.357,13.2,96.42,0.581,1.65,16.4,0.137,0.291,0.74,0.512,0.28,0.491,106.5,0.437,0.744,106.6,0.447
Oklahoma City Thunder,2021-22,2022,2020s,82,24,58,0.2926829268292683,103.8,111.7,-8.0,0.497,0.53,37.4,0.323,12.1,99.39,0.58,1.59,16.4,0.14,0.256,0.727,0.487,0.223,0.451,103.7,0.43,0.756,111.8,0.458
Orlando Magic,2021-22,2022,2020s,82,22,60,0.2682926829268293,103.9,112.1,-8.1,0.503,0.538,36.9,0.331,12.2,99.71,0.62,1.64,17.4,0.144,0.249,0.735,0.49,0.223,0.458,104.2,0.434,0.787,112.2,0.458
Philadelphia 76ers,2021-22,2022,2020s,82,51,31,0.6219512195121951,113.0,110.2,2.8,0.534,0.578,31.8,0.364,11.6,96.71,0.602,1.89,17.9,0.129,0.246,0.724,0.49,0.282,0.517,109.9,0.466,0.821,107.3,0.458
Phoenix Suns,2021-22,2022,2020s,82,64,18,0.7804878048780488,114.2,106.8,7.5,0.549,0.581,31.9,0.364,11.6,100.26,0.627,2.12,19.5,0.129,0.264,0.728,0.503,0.221,0.548,114.8,0.485,0.797,107.3,0.444
Portland Trail Blazers,2021-22,2022,2020s,82,27,55,0.3292682926829268,107.3,116.3,-9.1,0.515,0.55,36.8,0.346,12.7,98.74,0.595,1.58,17.0,0.146,0.268,0.721,0.487,0.248,0.447,106.2,0.442,0.76,115.1,0.479
Sacramento Kings,2021-22,2022,2020s,82,30,52,0.3658536585365853,109.6,114.8,-5.2,0.525,0.561,33.2,0.344,11.4,100.1,0.585,1.68,17.3,0.14,0.259,0.714,0.484,0.264,0.473,110.3,0.46,0.768,115.8,0.479
San Antonio Spurs,2021-22,2022,2020s,82,34,48,0.4146341463414634,111.9,111.7,0.2,0.527,0.556,32.0,0.352,11.3,100.51,0.646,2.19,19.5,0.126,0.281,0.711,0.494,0.22,0.51,113.2,0.467,0.754,113.0,0.466
Toronto Raptors,2021-22,2022,2020s,82,48,34,0.5853658536585366,112.1,109.9,2.2,0.51,0.543,34.2,0.349,11.9,96.63,0.543,1.77,16.1,0.128,0.325,0.714,0.508,0.234,0.494,109.4,0.445,0.759,107.1,0.462
Utah Jazz,2021-22,2022,2020s,82,49,33,0.5975609756097561,116.2,110.0,6.2,0.555,0.589,40.3,0.36,14.5,97.5,0.552,1.6,16.7,0.143,0.3,0.738,0.525,0.271,0.528,113.6,0.471,0.767,107.6,0.453
Washington Wizards,2021-22,2022,2020s,82,35,47,0.4268292682926829,110.2,113.6,-3.4,0.532,0.568,30.6,0.342,10.5,97.8,0.617,1.91,18.5,0.133,0.247,0.731,0.494,0.252,0.496,108.6,0.472,0.783,112.0,0.464
Atlanta Hawks,2022-23,2023,2020s,82,41,41,0.5,115.5,115.4,0.1,0.541,0.579,30.5,0.352,10.8,101.56,0.56,1.93,17.6,0.126,0.289,0.717,0.5,0.244,0.5,118.4,0.483,0.818,118.1,0.486
Boston Celtics,2022-23,2023,2020s,82,57,25,0.6951219512195121,117.3,110.6,6.7,0.566,0.6,42.6,0.377,16.0,99.15,0.632,2.0,19.1,0.133,0.255,0.746,0.506,0.243,0.534,117.9,0.475,0.812,111.4,0.463
Brooklyn Nets,2022-23,2023,2020s,82,45,37,0.5487804878048781,114.6,113.5,1.1,0.562,0.598,33.8,0.378,12.8,98.77,0.616,1.86,18.9,0.139,0.234,0.689,0.472,0.26,0.51,113.4,0.487,0.8,112.5,0.463
Charlotte Hornets,2022-23,2023,2020s,82,27,55,0.3292682926829268,108.4,114.7,-6.3,0.516,0.551,32.5,0.33,10.7,101.47,0.609,1.77,17.8,0.139,0.276,0.717,0.491,0.261,0.473,111.0,0.457,0.749,117.2,0.477
Chicago Bulls,2022-23,2023,2020s,82,40,42,0.4878048780487805,112.8,111.5,1.3,0.55,0.587,28.9,0.361,10.4,99.18,0.575,1.83,18.1,0.133,0.236,0.736,0.493,0.251,0.512,113.1,0.49,0.809,111.8,0.468
Cleveland Cavaliers,2022-23,2023,2020s,82,51,31,0.6219512195121951,115.5,109.9,5.6,0.556,0.59,31.6,0.367,11.6,96.27,0.6,1.87,18.6,0.137,0.273,0.715,0.496,0.264,0.531,112.3,0.488,0.78,106.9,0.468
Dallas Mavericks,2022-23,2023,2020s,82,38,44,0.4634146341463415,115.9,116.1,-0.2,0.565,0.599,41.0,0.371,15.2,97.21,0.573,1.88,17.4,0.124,0.226,0.717,0.471,0.298,0.487,114.2,0.475,0.755,114.1,0.485
Denver Nuggets,2022-23,2023,2020s,82,53,29,0.6463414634146342,116.8,113.5,3.3,0.573,0.601,31.2,0.379,11.8,98.74,0.663,1.99,20.5,0.147,0.289,0.727,0.514,0.259,0.525,115.8,0.504,0.751,112.5,0.478
Detroit Pistons,2022-23,2023,2020s,82,17,65,0.2073170731707317,109.9,117.8,-7.9,0.52,0.561,32.4,0.351,11.4,99.88,0.581,1.52,16.7,0.15,0.292,0.702,0.491,0.295,0.449,110.3,0.454,0.771,118.5,0.489
Golden State Warriors,2022-23,2023,2020s,82,44,38,0.5365853658536586,115.1,113.4,1.7,0.571,0.6,43.2,0.385,16.6,102.54,0.691,1.83,20.4,0.158,0.277,0.719,0.502,0.224,0.51,118.9,0.479,0.794,117.1,0.468
Houston Rockets,2022-23,2023,2020s,82,22,60,0.2682926829268293,110.5,118.6,-8.1,0.516,0.554,31.9,0.327,10.4,99.74,0.551,1.38,16.0,0.162,0.344,0.729,0.53,0.285,0.457,110.7,0.457,0.754,118.6,0.482
Indiana Pacers,2022-23,2023,2020s,82,35,47,0.4268292682926829,113.8,117.1,-3.3,0.545,0.581,37.0,0.367,13.6,101.68,0.643,1.81,18.9,0.146,0.285,0.685,0.482,0.265,0.482,116.3,0.469,0.79,119.5,0.485
LA Clippers,2022-23,2023,2020s,82,44,38,0.5365853658536586,114.0,113.6,0.5,0.551,0.588,33.3,0.381,12.7,98.84,0.581,1.68,17.5,0.143,0.273,0.731,0.505,0.278,0.498,113.6,0.477,0.781,113.1,0.474
Los Angeles Lakers,2022-23,2023,2020s,82,43,39,0.524390243902439,113.9,113.2,0.7,0.542,0.582,31.2,0.346,10.8,101.92,0.589,1.8,17.9,0.137,0.269,0.727,0.505,0.299,0.511,117.2,0.482,0.775,116.6,0.469
Memphis Grizzlies,2022-23,2023,2020s,82,51,31,0.6219512195121951,114.7,110.7,4.0,0.54,0.57,34.2,0.351,12.0,101.5,0.596,1.91,18.2,0.133,0.302,0.711,0.507,0.259,0.519,116.9,0.475,0.733,113.0,0.453
Miami Heat,2022-23,2023,2020s,82,44,38,0.5365853658536586,112.3,112.8,-0.5,0.53,0.574,34.8,0.344,12.0,96.76,0.608,1.77,17.8,0.138,0.274,0.733,0.498,0.27,0.496,109.5,0.46,0.831,109.8,0.482
Milwaukee Bucks,2022-23,2023,2020s,82,58,24,0.7073170731707317,114.3,110.9,3.4,0.555,0.583,40.3,0.368,14.8,101.45,0.604,1.76,18.1,0.143,0.284,0.745,0.521,0.248,0.523,116.9,0.473,0.743,113.3,0.456
Minnesota Timberwolves,2022-23,2023,2020s,82,42,40,0.5121951219512195,113.3,113.1,0.2,0.56,0.592,33.3,0.365,12.2,101.55,0.61,1.71,18.6,0.15,0.258,0.703,0.485,0.271,0.503,115.8,0.49,0.755,115.8,0.471
New Orleans Pelicans,2022-23,2023,2020s,82,42,40,0.5121951219512195,113.8,112.0,1.9,0.543,0.582,30.1,0.364,11.0,99.58,0.616,1.77,18.5,0.145,0.29,0.732,0.512,0.279,0.514,114.4,0.48,0.793,112.5,0.472
New York Knicks,2022-23,2023,2020s,82,47,35,0.573170731707317,117.0,114.2,2.8,0.541,0.577,35.7,0.354,12.6,97.75,0.546,1.77,16.6,0.131,0.318,0.727,0.521,0.285,0.509,116.0,0.47,0.761,113.1,0.462
Oklahoma City Thunder,2022-23,2023,2020s,82,40,42,0.4878048780487805,114.2,113.2,1.0,0.531,0.57,34.1,0.356,12.1,101.94,0.567,1.87,17.2,0.127,0.289,0.693,0.487,0.256,0.498,117.5,0.465,0.809,116.4,0.474
Orlando Magic,2022-23,2023,2020s,82,34,48,0.4146341463414634,111.3,113.7,-2.3,0.532,0.573,31.1,0.346,10.8,99.66,0.574,1.54,17.0,0.151,0.281,0.73,0.505,0.29,0.485,111.4,0.47,0.784,114.0,0.476
Philadelphia 76ers,2022-23,2023,2020s,82,54,28,0.6585365853658537,117.0,112.7,4.4,0.563,0.608,32.6,0.387,12.6,97.44,0.616,1.84,18.6,0.139,0.258,0.721,0.496,0.3,0.524,115.2,0.487,0.835,110.9,0.473
Phoenix Suns,2022-23,2023,2020s,82,45,37,0.5487804878048781,114.5,112.3,2.2,0.535,0.57,32.6,0.374,12.2,98.83,0.647,2.01,19.3,0.136,0.307,0.714,0.508,0.241,0.514,113.6,0.467,0.793,111.6,0.466
Portland Trail Blazers,2022-23,2023,2020s,82,33,49,0.4024390243902439,114.0,118.0,-4.0,0.549,0.589,35.3,0.365,12.9,99.25,0.597,1.67,17.8,0.145,0.264,0.709,0.486,0.289,0.474,113.4,0.474,0.796,117.4,0.491
Sacramento Kings,2022-23,2023,2020s,82,48,34,0.5853658536585366,118.6,116.0,2.6,0.572,0.608,37.3,0.369,13.8,100.99,0.626,2.02,19.3,0.133,0.265,0.731,0.499,0.284,0.511,120.7,0.494,0.79,118.1,0.492
San Antonio Spurs,2022-23,2023,2020s,82,22,60,0.2682926829268293,109.7,119.6,-9.9,0.525,0.554,32.2,0.345,11.1,102.07,0.632,1.78,18.7,0.148,0.299,0.709,0.495,0.229,0.452,113.0,0.465,0.743,123.1,0.507
Toronto Raptors,2022-23,2023,2020s,82,41,41,0.5,114.6,113.1,1.5,0.517,0.555,32.0,0.335,10.7,97.85,0.571,2.05,17.2,0.118,0.316,0.721,0.502,0.257,0.496,112.9,0.459,0.784,111.4,0.491
Utah Jazz,2022-23,2023,2020s,82,37,45,0.4512195121951219,115.3,116.0,-0.7,0.547,0.584,37.8,0.353,13.3,101.02,0.611,1.69,18.2,0.151,0.308,0.711,0.512,0.265,0.498,117.1,0.473,0.786,118.0,0.473
Washington Wizards,2022-23,2023,2020s,82,35,47,0.4268292682926829,113.7,114.9,-1.2,0.55,0.585,31.7,0.356,11.3,99.16,0.603,1.8,18.5,0.142,0.273,0.724,0.505,0.258,0.504,113.2,0.485,0.785,114.4,0.473
Atlanta Hawks,2023-24,2024,2020s,82,36,46,0.4390243902439024,116.4,118.4,-2.0,0.539,0.576,37.7,0.364,13.7,100.84,0.618,1.96,18.4,0.133,0.308,0.717,0.504,0.251,0.482,118.3,0.465,0.797,120.5,0.495
Boston Celtics,2023-24,2024,2020s,82,64,18,0.7804878048780488,122.2,110.6,11.7,0.578,0.609,42.5,0.388,16.5,97.98,0.613,2.25,19.3,0.121,0.287,0.726,0.515,0.224,0.555,120.6,0.487,0.807,109.2,0.453
Brooklyn Nets,2023-24,2024,2020s,82,32,50,0.3902439024390244,112.4,115.4,-2.9,0.531,0.561,36.7,0.362,13.3,97.56,0.63,1.95,18.6,0.134,0.289,0.715,0.497,0.234,0.483,110.4,0.456,0.756,113.3,0.47
Charlotte Hornets,2023-24,2024,2020s,82,21,61,0.2560975609756097,108.6,119.2,-10.6,0.529,0.56,34.0,0.355,12.1,97.81,0.62,1.8,18.4,0.14,0.253,0.709,0.475,0.212,0.447,106.6,0.46,0.786,116.8,0.494
Chicago Bulls,2023-24,2024,2020s,82,39,43,0.4756097560975609,114.0,115.7,-1.7,0.534,0.568,32.1,0.358,11.5,96.94,0.594,2.04,18.2,0.124,0.291,0.717,0.501,0.236,0.493,112.3,0.47,0.791,113.7,0.473
Cleveland Cavaliers,2023-24,2024,2020s,82,48,34,0.5853658536585366,114.7,112.1,2.5,0.557,0.586,36.8,0.367,13.5,97.62,0.671,2.07,20.2,0.138,0.274,0.721,0.501,0.234,0.519,112.6,0.479,0.765,110.2,0.463
Dallas Mavericks,2023-24,2024,2020s,82,50,32,0.6097560975609756,117.0,114.9,2.1,0.562,0.592,39.5,0.369,14.6,100.6,0.596,2.05,18.5,0.124,0.257,0.711,0.485,0.251,0.506,117.9,0.481,0.758,115.6,0.475
Denver Nuggets,2023-24,2024,2020s,82,57,25,0.6951219512195121,117.8,112.3,5.5,0.562,0.589,31.2,0.374,11.7,97.43,0.669,2.33,20.9,0.13,0.3,0.718,0.515,0.224,0.533,114.9,0.496,0.762,109.6,0.462
Detroit Pistons,2023-24,2024,2020s,82,14,68,0.1707317073170731,109.0,118.0,-9.0,0.526,0.562,31.7,0.348,11.0,100.45,0.623,1.67,18.2,0.151,0.277,0.73,0.499,0.246,0.449,109.9,0.463,0.785,119.0,0.49
Golden State Warriors,2023-24,2024,2020s,82,46,36,0.5609756097560976,116.9,114.5,2.4,0.557,0.586,38.9,0.38,14.8,99.91,0.671,2.05,20.1,0.142,0.315,0.725,0.521,0.219,0.512,117.8,0.477,0.78,115.2,0.466
Houston Rockets,2023-24,2024,2020s,82,41,41,0.5,113.7,112.8,0.9,0.529,0.565,36.1,0.352,12.7,99.59,0.594,1.95,17.7,0.127,0.294,0.722,0.504,0.257,0.501,114.3,0.459,0.773,113.2,0.463
Indiana Pacers,2023-24,2024,2020s,82,47,35,0.573170731707317,120.5,117.6,2.9,0.578,0.606,35.3,0.374,13.2,102.16,0.654,2.38,21.0,0.126,0.284,0.7,0.492,0.222,0.517,123.3,0.507,0.782,120.2,0.496
LA Clippers,2023-24,2024,2020s,82,51,31,0.6219512195121951,117.9,114.6,3.4,0.561,0.599,33.2,0.381,12.6,97.93,0.604,1.95,18.7,0.134,0.283,0.705,0.502,0.256,0.52,115.6,0.489,0.825,112.3,0.468
Los Angeles Lakers,2023-24,2024,2020s,82,47,35,0.573170731707317,115.4,114.8,0.6,0.566,0.601,31.4,0.377,11.8,101.38,0.654,2.04,20.1,0.137,0.244,0.725,0.496,0.276,0.518,118.0,0.499,0.782,117.4,0.474
Memphis Grizzlies,2023-24,2024,2020s,82,27,55,0.3292682926829268,106.8,113.7,-6.9,0.509,0.543,37.8,0.346,13.1,98.68,0.644,1.64,17.9,0.152,0.287,0.706,0.488,0.238,0.458,105.8,0.435,0.764,112.8,0.474
Miami Heat,2023-24,2024,2020s,82,46,36,0.5609756097560976,113.3,111.5,1.8,0.538,0.578,33.7,0.37,12.5,96.88,0.648,2.04,19.1,0.13,0.261,0.734,0.498,0.257,0.509,110.1,0.465,0.818,108.4,0.467
Milwaukee Bucks,2023-24,2024,2020s,82,49,33,0.5975609756097561,117.6,115.0,2.6,0.568,0.601,38.1,0.373,14.2,100.51,0.615,2.05,19.0,0.128,0.255,0.731,0.499,0.27,0.511,119.0,0.487,0.774,116.4,0.47
Minnesota Timberwolves,2023-24,2024,2020s,82,56,26,0.6829268292682927,114.6,108.4,6.3,0.559,0.594,32.7,0.387,12.6,97.79,0.646,1.88,19.3,0.144,0.275,0.725,0.508,0.27,0.543,113.0,0.485,0.777,106.5,0.45
New Orleans Pelicans,2023-24,2024,2020s,82,49,33,0.5975609756097561,116.5,111.9,4.6,0.558,0.591,32.6,0.383,12.5,98.7,0.634,2.07,19.4,0.132,0.278,0.725,0.505,0.261,0.524,115.1,0.486,0.771,110.7,0.464
New York Knicks,2023-24,2024,2020s,82,50,32,0.6097560975609756,117.3,112.4,4.9,0.54,0.574,35.8,0.369,13.2,95.96,0.59,1.84,17.8,0.138,0.333,0.729,0.527,0.246,0.515,112.8,0.465,0.78,108.2,0.47
Oklahoma City Thunder,2023-24,2024,2020s,82,57,25,0.6951219512195121,118.3,111.0,7.3,0.573,0.608,34.2,0.389,13.3,100.85,0.609,2.14,19.4,0.125,0.25,0.698,0.484,0.24,0.538,120.1,0.499,0.825,112.7,0.455
Orlando Magic,2023-24,2024,2020s,82,47,35,0.573170731707317,112.9,110.8,2.2,0.541,0.577,31.3,0.352,11.0,97.37,0.61,1.68,18.1,0.15,0.297,0.737,0.515,0.287,0.513,110.5,0.476,0.759,108.4,0.474
Philadelphia 76ers,2023-24,2024,2020s,82,47,35,0.573170731707317,116.2,113.0,3.1,0.532,0.574,33.3,0.363,12.1,98.17,0.6,2.07,18.0,0.122,0.292,0.701,0.493,0.264,0.506,114.6,0.464,0.826,111.5,0.468
Phoenix Suns,2023-24,2024,2020s,82,49,33,0.5975609756097561,116.8,113.7,3.1,0.565,0.603,32.6,0.382,12.4,99.0,0.637,1.82,19.4,0.15,0.292,0.714,0.514,0.271,0.527,116.2,0.493,0.808,113.2,0.464
Portland Trail Blazers,2023-24,2024,2020s,82,21,61,0.2560975609756097,107.6,116.6,-9.0,0.503,0.539,33.2,0.345,11.5,97.88,0.587,1.52,16.7,0.154,0.32,0.697,0.498,0.228,0.434,106.4,0.439,0.791,115.4,0.491
Sacramento Kings,2023-24,2024,2020s,82,46,36,0.5609756097560976,116.2,114.4,1.8,0.556,0.582,39.3,0.366,14.4,99.46,0.654,2.16,19.9,0.131,0.285,0.744,0.507,0.229,0.5,116.6,0.477,0.745,114.8,0.48
San Antonio Spurs,2023-24,2024,2020s,82,22,60,0.2682926829268293,109.3,115.6,-6.4,0.532,0.563,36.4,0.347,12.6,101.8,0.712,1.97,20.5,0.148,0.269,0.721,0.492,0.22,0.48,112.1,0.462,0.782,118.6,0.487
Toronto Raptors,2023-24,2024,2020s,82,25,57,0.3048780487804878,111.8,118.1,-6.3,0.535,0.566,33.1,0.347,11.5,99.91,0.674,2.04,19.9,0.139,0.281,0.694,0.484,0.241,0.474,112.4,0.471,0.756,118.8,0.491
Utah Jazz,2023-24,2024,2020s,82,31,51,0.3780487804878049,114.5,119.6,-5.1,0.539,0.579,36.5,0.354,12.9,100.26,0.648,1.74,18.9,0.155,0.325,0.717,0.521,0.251,0.478,115.7,0.467,0.83,120.5,0.487
Washington Wizards,2023-24,2024,2020s,82,15,67,0.1829268292682926,110.2,118.9,-8.7,0.538,0.567,35.5,0.348,12.4,103.07,0.65,2.0,19.5,0.136,0.24,0.683,0.459,0.221,0.454,113.7,0.47,0.764,123.0,0.496
Atlanta Hawks,2024-25,2025,2020s,82,40,42,0.4878048780487805,113.7,114.8,-1.1,0.546,0.579,37.7,0.358,13.5,103.41,0.682,1.91,19.9,0.149,0.3,0.715,0.503,0.252,0.498,118.2,0.472,0.775,119.3,0.481
Boston Celtics,2024-25,2025,2020s,82,61,21,0.7439024390243902,119.5,110.1,9.4,0.561,0.591,48.2,0.368,17.8,96.59,0.628,2.2,19.0,0.122,0.291,0.717,0.506,0.212,0.542,116.3,0.462,0.799,107.2,0.45
Brooklyn Nets,2024-25,2025,2020s,82,26,56,0.3170731707317073,108.1,115.4,-7.3,0.516,0.552,39.4,0.344,13.6,96.73,0.669,1.66,18.4,0.156,0.294,0.699,0.487,0.24,0.452,105.1,0.437,0.787,112.2,0.48
Charlotte Hornets,2024-25,2025,2020s,82,19,63,0.2317073170731707,106.7,115.7,-9.1,0.503,0.537,38.3,0.339,13.0,98.22,0.635,1.57,17.5,0.157,0.308,0.705,0.5,0.222,0.45,105.1,0.43,0.783,114.2,0.467
Chicago Bulls,2024-25,2025,2020s,82,39,43,0.4756097560975609,113.2,114.8,-1.6,0.553,0.585,42.0,0.367,15.4,103.61,0.673,1.98,19.9,0.141,0.26,0.722,0.496,0.214,0.495,117.8,0.47,0.809,119.4,0.467
Cleveland Cavaliers,2024-25,2025,2020s,82,64,18,0.7804878048780488,121.0,111.8,9.2,0.578,0.607,41.5,0.383,15.9,100.31,0.631,2.13,19.6,0.131,0.296,0.7,0.505,0.241,0.546,121.9,0.491,0.776,112.4,0.454
Dallas Mavericks,2024-25,2025,2020s,82,39,43,0.4756097560975609,113.7,115.0,-1.3,0.549,0.583,34.2,0.364,12.4,100.15,0.601,1.8,18.2,0.14,0.271,0.694,0.488,0.263,0.496,114.2,0.479,0.77,115.4,0.469
Denver Nuggets,2024-25,2025,2020s,82,50,32,0.6097560975609756,118.9,115.1,3.8,0.573,0.604,31.9,0.376,12.0,100.67,0.683,2.17,21.1,0.14,0.311,0.709,0.52,0.259,0.529,120.8,0.506,0.77,116.9,0.466
Detroit Pistons,2024-25,2025,2020s,82,44,38,0.5365853658536586,114.6,112.5,2.1,0.547,0.58,35.4,0.362,12.8,100.27,0.618,1.78,18.6,0.147,0.305,0.714,0.511,0.248,0.509,115.5,0.476,0.774,113.6,0.461
Golden State Warriors,2024-25,2025,2020s,82,48,34,0.5853658536585366,114.2,111.0,3.2,0.536,0.568,42.4,0.364,15.4,99.37,0.714,2.07,20.1,0.141,0.314,0.716,0.509,0.244,0.515,113.8,0.451,0.764,110.5,0.465
Houston Rockets,2024-25,2025,2020s,82,52,30,0.6341463414634146,114.9,110.3,4.6,0.523,0.553,35.8,0.353,12.7,99.03,0.549,1.68,16.4,0.14,0.363,0.715,0.533,0.242,0.515,114.3,0.455,0.738,109.8,0.459
Indiana Pacers,2024-25,2025,2020s,82,50,32,0.6097560975609756,115.4,113.3,2.1,0.562,0.594,35.8,0.368,13.2,100.76,0.671,2.22,20.5,0.13,0.254,0.705,0.483,0.241,0.521,117.4,0.488,0.789,115.1,0.474
LA Clippers,2024-25,2025,2020s,82,50,32,0.6097560975609756,114.3,109.4,4.9,0.554,0.589,33.4,0.373,12.5,98.24,0.605,1.69,18.4,0.151,0.282,0.734,0.512,0.251,0.521,112.9,0.482,0.797,108.2,0.461
Los Angeles Lakers,2024-25,2025,2020s,82,50,32,0.6097560975609756,115.0,113.8,1.2,0.557,0.593,36.4,0.366,13.3,98.34,0.635,1.86,18.9,0.142,0.273,0.702,0.495,0.271,0.511,113.4,0.479,0.785,112.2,0.463
Memphis Grizzlies,2024-25,2025,2020s,82,48,34,0.5853658536585366,117.2,112.6,4.7,0.554,0.588,37.9,0.367,13.9,103.69,0.635,1.81,19.1,0.151,0.33,0.702,0.518,0.249,0.524,121.7,0.479,0.786,116.9,0.456
Miami Heat,2024-25,2025,2020s,82,37,45,0.4512195121951219,112.4,112.0,0.4,0.544,0.576,37.3,0.367,13.7,97.08,0.653,1.94,19.2,0.138,0.263,0.724,0.496,0.232,0.505,110.6,0.465,0.791,110.0,0.466
Milwaukee Bucks,2024-25,2025,2020s,82,48,34,0.5853658536585366,115.1,112.7,2.4,0.568,0.598,36.6,0.387,14.2,99.92,0.607,1.91,18.7,0.133,0.235,0.725,0.491,0.268,0.513,115.5,0.486,0.75,113.0,0.457
Minnesota Timberwolves,2024-25,2025,2020s,82,49,33,0.5975609756097561,115.7,110.8,5.0,0.554,0.588,39.9,0.377,15.0,97.95,0.637,1.81,18.7,0.146,0.3,0.709,0.507,0.249,0.524,114.3,0.468,0.789,109.3,0.46
New Orleans Pelicans,2024-25,2025,2020s,82,21,61,0.2560975609756097,109.7,119.1,-9.4,0.519,0.552,34.6,0.347,12.0,99.77,0.636,1.76,18.3,0.146,0.303,0.682,0.487,0.244,0.455,109.8,0.452,0.754,119.3,0.483
New York Knicks,2024-25,2025,2020s,82,51,31,0.6219512195121951,117.3,113.3,4.0,0.556,0.589,34.1,0.369,12.6,97.64,0.634,2.07,19.6,0.134,0.305,0.71,0.508,0.232,0.527,115.8,0.486,0.8,111.7,0.474
Oklahoma City Thunder,2024-25,2025,2020s,82,68,14,0.8292682926829268,119.2,106.6,12.7,0.56,0.593,38.8,0.374,14.5,100.9,0.602,2.29,18.9,0.116,0.281,0.704,0.496,0.22,0.562,120.5,0.482,0.819,107.6,0.436
Orlando Magic,2024-25,2025,2020s,82,41,41,0.5,108.9,109.1,-0.2,0.51,0.55,35.3,0.318,11.2,96.51,0.603,1.62,17.1,0.147,0.302,0.72,0.501,0.269,0.497,105.4,0.445,0.775,105.5,0.468
Philadelphia 76ers,2024-25,2025,2020s,82,24,58,0.2926829268292683,111.0,117.3,-6.3,0.527,0.563,37.2,0.341,12.7,98.13,0.584,1.7,17.1,0.138,0.279,0.678,0.471,0.257,0.459,109.6,0.454,0.78,115.8,0.488
Phoenix Suns,2024-25,2025,2020s,82,36,46,0.4390243902439024,114.7,117.7,-3.0,0.561,0.595,38.0,0.378,14.3,98.31,0.673,1.97,20.0,0.142,0.264,0.709,0.493,0.241,0.495,113.6,0.478,0.81,116.6,0.473
Portland Trail Blazers,2024-25,2025,2020s,82,36,46,0.4390243902439024,111.0,113.7,-2.7,0.521,0.555,37.7,0.342,12.9,99.51,0.587,1.49,16.9,0.16,0.332,0.682,0.501,0.246,0.473,110.9,0.45,0.762,113.9,0.471
Sacramento Kings,2024-25,2025,2020s,82,40,42,0.4878048780487805,115.9,115.3,0.6,0.548,0.582,35.2,0.357,12.6,98.91,0.615,1.99,18.8,0.133,0.294,0.728,0.51,0.235,0.502,115.7,0.478,0.806,115.3,0.474
San Antonio Spurs,2024-25,2025,2020s,82,34,48,0.4146341463414634,113.5,116.3,-2.8,0.544,0.575,39.6,0.357,14.1,100.08,0.685,2.06,20.1,0.138,0.278,0.69,0.485,0.234,0.493,113.9,0.465,0.774,116.7,0.474
Toronto Raptors,2024-25,2025,2020s,82,30,52,0.3658536585365853,109.6,113.6,-4.1,0.522,0.553,34.0,0.348,11.8,100.62,0.685,1.86,19.6,0.152,0.311,0.696,0.5,0.232,0.477,110.9,0.458,0.748,115.2,0.466
Utah Jazz,2024-25,2025,2020s,82,17,65,0.2073170731707317,110.2,119.4,-9.2,0.533,0.568,39.8,0.35,14.0,100.85,0.633,1.48,17.9,0.17,0.311,0.705,0.508,0.252,0.45,111.9,0.454,0.774,121.2,0.48
Washington Wizards,2024-25,2025,2020s,82,18,64,0.2195121951219512,105.8,118.0,-12.2,0.512,0.546,39.1,0.335,13.1,101.82,0.637,1.61,17.8,0.152,0.272,0.685,0.476,0.229,0.437,108.0,0.439,0.778,120.4,0.471
Atlanta Hawks,2025-26,2026,2020s,63,32,31,0.5079365079365079,113.9,113.7,0.2,0.55,0.581,39.3,0.368,14.5,102.9,0.705,2.14,20.6,0.138,0.281,0.697,0.488,,0.502,117.6,0.471,0.775,,
Boston Celtics,2025-26,2026,2020s,62,41,21,0.6612903225806451,119.9,111.9,8.0,0.55,0.579,42.4,0.364,15.4,95.27,0.577,1.99,17.9,0.128,0.341,0.7,0.521,,0.532,114.5,0.465,0.796,,
Brooklyn Nets,2025-26,2026,2020s,62,15,47,0.24193548387096775,109.6,118.4,-8.8,0.524,0.561,39.4,0.34,13.4,97.04,0.675,1.64,18.5,0.159,0.298,0.691,0.486,,0.443,106.8,0.445,0.773,,
Charlotte Hornets,2025-26,2026,2020s,63,32,31,0.5079365079365079,117.8,113.8,4.0,0.551,0.589,42.3,0.379,16.0,98.12,0.651,1.7,18.7,0.159,0.354,0.724,0.538,,0.512,116.1,0.461,0.817,,
Chicago Bulls,2025-26,2026,2020s,63,26,37,0.4126984126984127,112.4,116.9,-4.5,0.551,0.583,40.2,0.365,14.7,102.45,0.686,1.9,19.9,0.147,0.275,0.712,0.496,,0.486,115.7,0.469,0.784,,
Cleveland Cavaliers,2025-26,2026,2020s,63,39,24,0.6190476190476191,117.4,113.1,4.3,0.556,0.589,40.3,0.36,14.5,101.05,0.657,1.98,19.6,0.142,0.311,0.684,0.498,,0.521,119.1,0.476,0.778,,
Dallas Mavericks,2025-26,2026,2020s,62,21,41,0.3387096774193548,109.9,113.9,-3.9,0.53,0.565,31.0,0.339,10.5,102.5,0.593,1.68,17.5,0.143,0.278,0.702,0.495,,0.484,113.4,0.471,0.741,,
Denver Nuggets,2025-26,2026,2020s,63,39,24,0.6190476190476191,120.3,115.9,4.4,0.572,0.612,35.1,0.392,13.7,98.99,0.653,2.15,19.8,0.13,0.286,0.711,0.508,,0.527,120.5,0.493,0.808,,
Detroit Pistons,2025-26,2026,2020s,61,45,16,0.7377049180327869,116.3,108.4,7.9,0.539,0.576,31.5,0.344,10.8,100.36,0.62,1.75,18.4,0.151,0.357,0.693,0.526,,0.547,117.2,0.479,0.756,,
Golden State Warriors,2025-26,2026,2020s,62,32,30,0.5161290322580645,114.2,112.9,1.3,0.552,0.586,45.4,0.36,16.3,100.66,0.71,1.88,20.1,0.154,0.297,0.686,0.489,,0.502,115.3,0.461,0.806,,
Houston Rockets,2025-26,2026,2020s,61,38,23,0.6229508196721312,117.0,111.7,5.3,0.538,0.572,30.9,0.369,11.4,96.77,0.581,1.59,17.4,0.159,0.395,0.696,0.546,,0.532,114.7,0.475,0.761,,
Indiana Pacers,2025-26,2026,2020s,62,15,47,0.2419354838709677,108.6,116.8,-8.2,0.523,0.559,37.2,0.348,12.9,101.97,0.656,1.81,18.5,0.142,0.266,0.7,0.477,,0.457,111.3,0.45,0.769,,
LA Clippers,2025-26,2026,2020s,61,30,31,0.4918032786885246,115.5,115.1,0.4,0.555,0.6,33.9,0.361,12.3,96.86,0.592,1.58,17.6,0.153,0.286,0.686,0.496,,0.505,112.4,0.481,0.832,,
Los Angeles Lakers,2025-26,2026,2020s,62,37,25,0.5967741935483871,116.3,116.0,0.3,0.569,0.607,33.5,0.356,11.9,99.43,0.609,1.72,18.5,0.149,0.285,0.703,0.5,,0.506,115.8,0.498,0.768,,
Memphis Grizzlies,2025-26,2026,2020s,61,23,38,0.3770491803278688,113.4,115.6,-2.2,0.536,0.573,38.1,0.355,13.5,101.58,0.69,1.9,19.7,0.149,0.311,0.682,0.495,,0.496,115.6,0.461,0.792,,
Miami Heat,2025-26,2026,2020s,63,34,29,0.5396825396825397,114.2,111.3,2.9,0.536,0.573,37.3,0.361,13.5,104.72,0.658,2.03,19.2,0.135,0.296,0.704,0.499,,0.517,119.9,0.464,0.786,,
Milwaukee Bucks,2025-26,2026,2020s,61,26,35,0.4262295081967213,112.7,117.0,-4.3,0.564,0.589,37.8,0.388,14.7,98.41,0.628,1.77,18.9,0.148,0.261,0.696,0.483,,0.475,111.4,0.479,0.74,,
Minnesota Timberwolves,2025-26,2026,2020s,63,40,23,0.6349206349206349,116.5,112.2,4.3,0.564,0.595,37.7,0.374,14.1,101.64,0.614,1.79,18.4,0.144,0.304,0.7,0.505,,0.524,119.1,0.484,0.744,,
New Orleans Pelicans,2025-26,2026,2020s,64,20,44,0.3125,112.5,117.7,-5.2,0.525,0.565,32.6,0.344,11.2,101.27,0.601,1.75,17.6,0.141,0.312,0.673,0.491,,0.476,114.9,0.463,0.786,,
New York Knicks,2025-26,2026,2020s,63,40,23,0.6349206349206349,118.0,111.9,6.2,0.553,0.585,39.4,0.374,14.7,98.51,0.638,1.99,19.1,0.138,0.324,0.715,0.518,,0.529,116.8,0.472,0.783,,
Oklahoma City Thunder,2025-26,2026,2020s,64,49,15,0.765625,116.9,106.0,11.0,0.559,0.598,37.6,0.361,13.6,100.75,0.594,2.01,18.3,0.125,0.26,0.698,0.489,,0.563,118.8,0.482,0.821,,
Orlando Magic,2025-26,2026,2020s,61,33,28,0.5409836065573771,113.6,113.3,0.3,0.528,0.573,33.8,0.345,11.7,100.11,0.645,1.92,18.5,0.136,0.3,0.705,0.499,,0.505,114.8,0.463,0.798,,
Philadelphia 76ers,2025-26,2026,2020s,62,34,28,0.5483870967741935,114.3,114.4,-0.1,0.528,0.572,35.9,0.353,12.7,99.96,0.596,1.79,17.3,0.135,0.309,0.674,0.489,,0.495,115.8,0.458,0.814,,
Phoenix Suns,2025-26,2026,2020s,62,35,27,0.5645161290322581,113.4,112.5,0.9,0.534,0.566,40.6,0.361,14.7,98.34,0.602,1.66,17.6,0.151,0.33,0.674,0.496,,0.494,112.1,0.453,0.791,,
Portland Trail Blazers,2025-26,2026,2020s,63,30,33,0.4761904761904761,112.6,115.6,-3.0,0.53,0.567,42.3,0.337,14.3,102.02,0.606,1.43,17.0,0.169,0.352,0.682,0.513,,0.474,115.3,0.451,0.765,,
Sacramento Kings,2025-26,2026,2020s,64,14,50,0.21875,109.5,120.1,-10.6,0.519,0.556,30.1,0.335,10.1,100.26,0.613,1.74,17.9,0.144,0.296,0.676,0.481,,0.45,110.2,0.462,0.778,,
San Antonio Spurs,2025-26,2026,2020s,62,45,17,0.7258064516129032,116.9,110.0,6.9,0.552,0.589,37.5,0.352,13.2,101.02,0.636,1.95,19.0,0.138,0.3,0.714,0.513,,0.535,118.2,0.478,0.782,,
Toronto Raptors,2025-26,2026,2020s,62,35,27,0.5645161290322581,113.7,112.1,1.7,0.537,0.573,33.1,0.346,11.5,99.25,0.69,2.09,20.2,0.139,0.303,0.69,0.495,,0.514,113.7,0.473,0.786,,
Utah Jazz,2025-26,2026,2020s,63,19,44,0.30158730158730157,113.1,120.6,-7.5,0.537,0.578,37.2,0.346,12.9,102.94,0.702,1.88,19.9,0.151,0.3,0.695,0.494,,0.465,117.6,0.466,0.798,,
Washington Wizards,2025-26,2026,2020s,62,16,46,0.25806451612903225,109.4,120.2,-10.8,0.53,0.562,36.0,0.354,12.8,102.15,0.604,1.62,17.6,0.151,0.29,0.666,0.475,,0.441,112.2,0.459,0.769,,
