n_superstars,n_stars,n_starters,n_role_players,top_player_score,second_player_score,depth_score,avg_age_core,roster_potential,n_young_stars,top_player_name,second_player_name,qualified_player_count,Team,SEASON,YEAR,ERA,GP,W,L,win_pct,net_rating,ORtg,DRtg,has_perf_data,SEASON_YEAR,has_player_data
0,1,4,3,0.7072,0.6121,2.8384,,3.5838,0,Mookie Blaylock,Christian Laettner,9,Atlanta Hawks,1995-96,,,,,,,,,,False,1996,True
0,0,5,4,0.6342,0.6254,2.7898,,3.618,0,Rick Fox,David Wesley,10,Boston Celtics,1995-96,,,,,,,,,,False,1996,True
0,0,5,2,0.6498,0.6296,2.8057,,3.5337,0,Armen Gilliam,Chris Childs,10,Brooklyn Nets,1995-96,,,,,,,,,,False,1996,True
0,3,2,0,0.7498,0.6953,2.8524,,3.3573,0,Larry Johnson,Kenny Anderson,10,Charlotte Hornets,1995-96,,,,,,,,,,False,1996,True
1,1,1,4,0.9502,0.7867,3.0761,,3.7029,0,Michael Jordan,Scottie Pippen,10,Chicago Bulls,1995-96,,,,,,,,,,False,1996,True
0,1,4,2,0.7803,0.5489,2.7685,,3.5057,0,Terrell Brandon,Chris Mills,9,Cleveland Cavaliers,1995-96,,,,,,,,,,False,1996,True
0,1,4,1,0.8415,0.6505,2.9098,,3.5461,0,Jason Kidd,Jim Jackson,10,Dallas Mavericks,1995-96,,,,,,,,,,False,1996,True
0,0,6,2,0.6289,0.617,2.8623,,3.7539,0,Mahmoud Abdul-Rauf,Dikembe Mutombo,10,Denver Nuggets,1995-96,,,,,,,,,,False,1996,True
0,1,2,3,0.8347,0.6085,2.713,,3.2811,0,Grant Hill,Allan Houston,10,Detroit Pistons,1995-96,,,,,,,,,,False,1996,True
0,0,4,5,0.6615,0.6263,2.8243,,3.6782,0,Latrell Sprewell,Joe Smith,10,Golden State Warriors,1995-96,,,,,,,,,,False,1996,True
1,0,3,5,0.9104,0.6494,2.9348,,3.6173,0,Hakeem Olajuwon,Clyde Drexler,10,Houston Rockets,1995-96,,,,,,,,,,False,1996,True
0,0,5,3,0.6463,0.5956,2.7344,,3.483,0,Reggie Miller,Mark Jackson,10,Indiana Pacers,1995-96,,,,,,,,,,False,1996,True
0,0,5,4,0.6166,0.5437,2.6152,,3.4082,0,Loy Vaught,Terry Dehere,10,LA Clippers,1995-96,,,,,,,,,,False,1996,True
0,1,5,2,0.6951,0.6698,3.1061,,3.7452,0,Cedric Ceballos,Elden Campbell,10,Los Angeles Lakers,1995-96,,,,,,,,,,False,1996,True
0,0,4,2,0.6446,0.5243,2.4388,,3.0342,0,Greg Anthony,Eric Murdock,10,Memphis Grizzlies,1995-96,,,,,,,,,,False,1996,True
0,2,2,4,0.7827,0.7416,2.8886,,3.5694,0,Alonzo Mourning,Tim Hardaway,10,Miami Heat,1995-96,,,,,,,,,,False,1996,True
0,2,1,4,0.7479,0.6804,2.7252,,3.3914,0,Vin Baker,Glenn Robinson,10,Milwaukee Bucks,1995-96,,,,,,,,,,False,1996,True
0,1,3,4,0.6726,0.5948,2.7423,,3.4222,0,Tom Gugliotta,Isaiah Rider,10,Minnesota Timberwolves,1995-96,,,,,,,,,,False,1996,True
0,1,3,4,0.8206,0.6344,2.8751,,3.5372,0,Patrick Ewing,Anthony Mason,10,New York Knicks,1995-96,,,,,,,,,,False,1996,True
0,2,3,3,0.8072,0.7797,3.0844,,3.8415,0,Gary Payton,Shawn Kemp,10,Oklahoma City Thunder,1995-96,,,,,,,,,,False,1996,True
0,2,3,1,0.8696,0.7949,3.1554,,3.7392,0,Anfernee Hardaway,Shaquille O'Neal,10,Orlando Magic,1995-96,,,,,,,,,,False,1996,True
0,0,4,3,0.6499,0.601,2.514,,3.0881,0,Clar. Weatherspoon,Jerry Stackhouse,10,Philadelphia 76ers,1995-96,,,,,,,,,,False,1996,True
0,2,3,4,0.8425,0.7172,3.0803,,3.8268,0,Charles Barkley,Kevin Johnson,10,Phoenix Suns,1995-96,,,,,,,,,,False,1996,True
0,3,0,7,0.7485,0.7091,2.8713,,3.5585,0,Rod Strickland,Arvydas Sabonis,10,Portland Trail Blazers,1995-96,,,,,,,,,,False,1996,True
0,1,4,2,0.7199,0.5565,2.7022,,3.1976,0,Mitch Richmond,Brian Grant,10,Sacramento Kings,1995-96,,,,,,,,,,False,1996,True
1,1,2,3,0.9405,0.6986,3.1275,,3.8103,0,David Robinson,Avery Johnson,9,San Antonio Spurs,1995-96,,,,,,,,,,False,1996,True
0,1,3,5,0.7225,0.5971,2.7155,,3.3812,0,Damon Stoudamire,Oliver Miller,10,Toronto Raptors,1995-96,,,,,,,,,,False,1996,True
1,1,1,4,0.9442,0.8083,3.0399,,3.6336,0,Karl Malone,John Stockton,10,Utah Jazz,1995-96,,,,,,,,,,False,1996,True
0,1,4,2,0.7509,0.6478,2.8305,,3.2306,0,Juwan Howard,Gheorghe Muresan,10,Washington Wizards,1995-96,,,,,,,,,,False,1996,True
0,2,2,1,0.7367,0.6793,2.9184,,3.6001,0,Mookie Blaylock,Christian Laettner,9,Atlanta Hawks,1996-97,1997.0,1990s,82.0,56.0,26.0,0.6829268292682927,6.2,106.4,100.3,True,1997,True
0,0,4,3,0.6114,0.6001,2.6399,,3.3761,0,Antoine Walker,David Wesley,10,Boston Celtics,1996-97,1997.0,1990s,82.0,15.0,67.0,0.1829268292682926,-7.2,102.9,110.1,True,1997,True
0,1,4,3,0.6925,0.6689,2.9683,,3.7593,0,Glen Rice,Anthony Mason,10,Charlotte Hornets,1996-97,1997.0,1990s,82.0,54.0,28.0,0.6585365853658537,2.1,109.1,107.1,True,1997,True
1,1,4,3,0.9654,0.8429,3.4017,,4.2198,0,Michael Jordan,Scottie Pippen,10,Chicago Bulls,1996-97,1997.0,1990s,82.0,69.0,13.0,0.8414634146341463,11.8,112.4,100.7,True,1997,True
0,1,3,2,0.7563,0.5447,2.6826,,3.3166,0,Terrell Brandon,Chris Mills,10,Cleveland Cavaliers,1996-97,1997.0,1990s,82.0,42.0,40.0,0.5121951219512195,1.9,102.7,100.8,True,1997,True
0,0,3,2,0.5556,0.5266,2.298,,2.8806,0,Shawn Bradley,Robert Pack,9,Dallas Mavericks,1996-97,1997.0,1990s,82.0,24.0,58.0,0.2926829268292683,-6.5,99.5,106.0,True,1997,True
0,0,3,3,0.5493,0.4795,2.2953,,2.9368,0,Antonio McDyess,Dale Ellis,10,Denver Nuggets,1996-97,1997.0,1990s,82.0,21.0,61.0,0.2560975609756097,-6.6,103.1,109.7,True,1997,True
1,0,4,3,0.87,0.5598,2.8947,,3.4979,0,Grant Hill,Otis Thorpe,9,Detroit Pistons,1996-97,1997.0,1990s,82.0,54.0,28.0,0.6585365853658537,5.9,108.5,102.6,True,1997,True
0,1,2,4,0.6986,0.5995,2.6026,,3.1578,0,Latrell Sprewell,Joe Smith,10,Golden State Warriors,1996-97,1997.0,1990s,82.0,30.0,52.0,0.3658536585365853,-5.0,105.3,110.3,True,1997,True
1,2,2,2,0.8692,0.7649,3.1939,,3.9118,0,Hakeem Olajuwon,Charles Barkley,10,Houston Rockets,1996-97,1997.0,1990s,82.0,57.0,25.0,0.6951219512195121,4.7,107.5,102.8,True,1997,True
0,0,4,5,0.6672,0.6512,2.8318,,3.6782,0,Reggie Miller,Mark Jackson,10,Indiana Pacers,1996-97,1997.0,1990s,82.0,39.0,43.0,0.4756097560975609,1.3,104.2,102.9,True,1997,True
0,0,2,8,0.5865,0.4839,2.4559,,3.1674,0,Loy Vaught,Rodney Rogers,10,Los Angeles Clippers,1996-97,1997.0,1990s,82.0,36.0,46.0,0.4390243902439024,-2.8,103.5,106.2,True,1997,True
0,1,4,5,0.7878,0.6647,3.1783,,4.0464,0,Shaquille O'Neal,Nick Van Exel,10,Los Angeles Lakers,1996-97,1997.0,1990s,82.0,56.0,26.0,0.6829268292682927,4.2,106.4,102.3,True,1997,True
0,2,4,1,0.8007,0.7498,3.0551,,3.8653,0,Tim Hardaway,Alonzo Mourning,9,Miami Heat,1996-97,1997.0,1990s,82.0,61.0,21.0,0.7439024390243902,6.0,105.2,99.2,True,1997,True
0,1,4,2,0.711,0.6631,2.7999,,3.5674,0,Vin Baker,Glenn Robinson,10,Milwaukee Bucks,1996-97,1997.0,1990s,82.0,33.0,49.0,0.4024390243902439,-2.0,104.7,106.7,True,1997,True
0,1,3,3,0.7079,0.6075,2.7425,,3.447,0,Tom Gugliotta,Kevin Garnett,10,Minnesota Timberwolves,1996-97,1997.0,1990s,82.0,40.0,42.0,0.4878048780487805,-1.7,103.9,105.5,True,1997,True
0,0,5,1,0.6095,0.5792,2.73,,3.4921,0,Kendall Gill,Jim Jackson,10,New Jersey Nets,1996-97,1997.0,1990s,82.0,26.0,56.0,0.3170731707317073,-4.8,102.4,107.2,True,1997,True
0,1,5,3,0.806,0.5954,3.0004,,3.8535,0,Patrick Ewing,Larry Johnson,9,New York Knicks,1996-97,1997.0,1990s,82.0,57.0,25.0,0.6951219512195121,3.4,102.9,99.5,True,1997,True
0,1,4,2,0.7244,0.5374,2.7536,,3.4492,0,Anfernee Hardaway,Rony Seikaly,10,Orlando Magic,1996-97,1997.0,1990s,82.0,45.0,37.0,0.5487804878048781,-0.5,103.8,104.2,True,1997,True
0,1,3,1,0.7077,0.5754,2.6245,,3.1559,0,Allen Iverson,Jerry Stackhouse,10,Philadelphia 76ers,1996-97,1997.0,1990s,82.0,22.0,60.0,0.2682926829268293,-6.9,102.6,109.5,True,1997,True
0,1,4,3,0.7437,0.6754,2.9635,,3.7688,0,Kevin Johnson,Jason Kidd,10,Phoenix Suns,1996-97,1997.0,1990s,82.0,40.0,42.0,0.4878048780487805,0.9,108.0,107.1,True,1997,True
0,2,3,3,0.7405,0.6843,3.0118,,3.8321,0,Kenny Anderson,Arvydas Sabonis,9,Portland Trail Blazers,1996-97,1997.0,1990s,82.0,49.0,33.0,0.5975609756097561,4.2,106.3,102.1,True,1997,True
0,1,2,5,0.7232,0.524,2.6194,,3.2338,0,Mitch Richmond,Olden Polynice,10,Sacramento Kings,1996-97,1997.0,1990s,82.0,34.0,48.0,0.4146341463414634,-4.3,102.7,107.0,True,1997,True
0,0,2,4,0.5439,0.5001,2.3338,,2.8378,0,Avery Johnson,Dominique Wilkins,10,San Antonio Spurs,1996-97,1997.0,1990s,82.0,20.0,62.0,0.2439024390243902,-8.8,102.1,110.8,True,1997,True
0,2,3,3,0.8534,0.7741,3.2536,,3.8879,0,Gary Payton,Shawn Kemp,10,Seattle SuperSonics,1996-97,1997.0,1990s,82.0,57.0,25.0,0.6951219512195121,8.5,109.6,101.0,True,1997,True
0,1,3,3,0.7228,0.5357,2.6797,,3.4186,0,Damon Stoudamire,Walt Williams,10,Toronto Raptors,1996-97,1997.0,1990s,82.0,30.0,52.0,0.3658536585365853,-3.5,102.9,106.4,True,1997,True
1,1,1,6,0.9443,0.8275,3.2404,,3.9777,0,Karl Malone,John Stockton,10,Utah Jazz,1996-97,1997.0,1990s,82.0,64.0,18.0,0.7804878048780488,9.8,112.4,102.6,True,1997,True
0,0,3,1,0.5419,0.5101,2.2042,,2.7891,0,Shareef Abdur-Rahim,Greg Anthony,10,Vancouver Grizzlies,1996-97,1997.0,1990s,82.0,14.0,68.0,0.1707317073170731,-11.0,99.1,110.1,True,1997,True
0,3,2,2,0.7588,0.703,3.1039,,3.8131,0,Rod Strickland,Juwan Howard,9,Washington Bullets,1996-97,1997.0,1990s,82.0,44.0,38.0,0.5365853658536586,1.5,105.2,103.7,True,1997,True
0,2,3,2,0.6956,0.6811,3.0529,,3.8713,0,Mookie Blaylock,Dikembe Mutombo,8,Atlanta Hawks,1997-98,1998.0,1990s,82.0,50.0,32.0,0.6097560975609756,4.0,106.5,102.5,True,1998,True
0,1,2,3,0.7094,0.6143,2.7192,,3.4512,0,Antoine Walker,Kenny Anderson,10,Boston Celtics,1997-98,1998.0,1990s,82.0,36.0,46.0,0.4390243902439024,-2.7,100.8,103.5,True,1998,True
0,1,4,3,0.6848,0.6564,3.0616,,3.9335,0,Glen Rice,Anthony Mason,10,Charlotte Hornets,1997-98,1998.0,1990s,82.0,51.0,31.0,0.6219512195121951,2.2,105.5,103.3,True,1998,True
1,1,4,3,0.9586,0.7629,3.4054,,4.2914,0,Michael Jordan,Scottie Pippen,10,Chicago Bulls,1997-98,1998.0,1990s,82.0,62.0,20.0,0.7560975609756098,7.8,106.2,98.4,True,1998,True
0,1,4,3,0.7489,0.6807,3.1108,,3.9309,0,Shawn Kemp,Brevin Knight,9,Cleveland Cavaliers,1997-98,1998.0,1990s,82.0,47.0,35.0,0.573170731707317,2.8,100.3,97.5,True,1998,True
0,0,3,1,0.6077,0.5448,2.3049,,2.8935,0,Michael Finley,Shawn Bradley,10,Dallas Mavericks,1997-98,1998.0,1990s,82.0,20.0,62.0,0.2439024390243902,-6.3,98.9,105.2,True,1998,True
0,0,0,4,0.4662,0.4168,1.9866,,2.5059,0,LaPhonso Ellis,Bobby Jackson,10,Denver Nuggets,1997-98,1998.0,1990s,82.0,11.0,71.0,0.1341463414634146,-13.2,97.4,110.6,True,1998,True
0,1,4,2,0.8484,0.6022,2.9673,,3.7027,0,Grant Hill,Bison Dele,10,Detroit Pistons,1997-98,1998.0,1990s,82.0,37.0,45.0,0.4512195121951219,1.6,103.4,101.8,True,1998,True
0,0,1,5,0.5336,0.459,2.2586,,2.9608,0,Jim Jackson,Clar. Weatherspoon,10,Golden State Warriors,1997-98,1998.0,1990s,82.0,19.0,63.0,0.2317073170731707,-9.6,93.9,103.5,True,1998,True
0,3,1,4,0.7341,0.7089,3.03,,3.8346,0,Hakeem Olajuwon,Charles Barkley,10,Houston Rockets,1997-98,1998.0,1990s,82.0,41.0,41.0,0.5,-0.9,105.9,106.8,True,1998,True
0,0,7,2,0.6809,0.6741,3.0853,,4.0753,0,Mark Jackson,Reggie Miller,10,Indiana Pacers,1997-98,1998.0,1990s,82.0,58.0,24.0,0.7073170731707317,6.8,106.3,99.5,True,1998,True
0,0,2,4,0.5145,0.4957,2.3086,,3.026,0,Ike Austin,Rodney Rogers,10,Los Angeles Clippers,1997-98,1998.0,1990s,82.0,17.0,65.0,0.2073170731707317,-7.7,101.8,109.6,True,1998,True
0,1,6,1,0.8345,0.6804,3.4302,,4.4941,0,Shaquille O'Neal,Nick Van Exel,9,Los Angeles Lakers,1997-98,1998.0,1990s,82.0,61.0,21.0,0.7439024390243902,8.1,110.4,102.3,True,1998,True
0,2,3,5,0.8198,0.7156,3.1262,,4.024,0,Tim Hardaway,Alonzo Mourning,10,Miami Heat,1997-98,1998.0,1990s,82.0,55.0,27.0,0.6707317073170732,5.2,105.7,100.5,True,1998,True
0,1,3,3,0.6827,0.6104,2.7961,,3.5264,0,Terrell Brandon,Glenn Robinson,10,Milwaukee Bucks,1997-98,1998.0,1990s,82.0,36.0,46.0,0.4390243902439024,-2.2,101.5,103.7,True,1998,True
0,2,2,4,0.7125,0.6908,2.964,,3.7801,0,Kevin Garnett,Stephon Marbury,10,Minnesota Timberwolves,1997-98,1998.0,1990s,82.0,45.0,37.0,0.5487804878048781,0.8,106.4,105.5,True,1998,True
0,1,7,0,0.6834,0.6063,3.0327,,4.0524,0,Sam Cassell,Kendall Gill,10,New Jersey Nets,1997-98,1998.0,1990s,82.0,43.0,39.0,0.524390243902439,1.5,105.8,104.3,True,1998,True
0,1,6,2,0.7034,0.5876,2.9864,,3.7251,0,Patrick Ewing,Allan Houston,10,New York Knicks,1997-98,1998.0,1990s,82.0,43.0,39.0,0.524390243902439,2.7,101.5,98.8,True,1998,True
0,0,3,4,0.5391,0.5303,2.4682,,3.0467,0,Horace Grant,Nick Anderson,10,Orlando Magic,1997-98,1998.0,1990s,82.0,41.0,41.0,0.5,-1.2,101.0,102.2,True,1998,True
0,1,2,3,0.7371,0.5718,2.7303,,3.4828,0,Allen Iverson,Derrick Coleman,10,Philadelphia 76ers,1997-98,1998.0,1990s,82.0,31.0,51.0,0.3780487804878049,-2.3,101.1,103.3,True,1998,True
0,1,6,3,0.718,0.6448,3.209,,4.0304,0,Jason Kidd,Antonio McDyess,10,Phoenix Suns,1997-98,1998.0,1990s,82.0,56.0,26.0,0.6829268292682927,5.6,106.3,100.6,True,1998,True
0,2,3,2,0.7082,0.697,2.9689,,3.7946,0,Damon Stoudamire,Arvydas Sabonis,10,Portland Trail Blazers,1997-98,1998.0,1990s,82.0,46.0,36.0,0.5609756097560976,1.6,102.4,100.8,True,1998,True
0,0,2,6,0.6749,0.5009,2.5692,,3.3358,0,Mitch Richmond,Otis Thorpe,10,Sacramento Kings,1997-98,1998.0,1990s,82.0,27.0,55.0,0.3292682926829268,-5.9,99.1,105.0,True,1998,True
1,1,1,5,0.8832,0.8421,3.0769,,3.7917,0,David Robinson,Tim Duncan,10,San Antonio Spurs,1997-98,1998.0,1990s,82.0,56.0,26.0,0.6829268292682927,4.4,102.4,98.0,True,1998,True
1,1,5,2,0.8742,0.7446,3.4114,,4.3404,0,Gary Payton,Vin Baker,10,Seattle SuperSonics,1997-98,1998.0,1990s,82.0,61.0,21.0,0.7439024390243902,7.9,110.1,102.3,True,1998,True
0,0,2,5,0.5293,0.5129,2.3214,,2.9824,0,Doug Christie,Marcus Camby,10,Toronto Raptors,1997-98,1998.0,1990s,82.0,16.0,66.0,0.1951219512195122,-9.5,99.4,108.9,True,1998,True
1,2,0,6,0.9494,0.7748,3.3219,,4.0705,0,Karl Malone,John Stockton,10,Utah Jazz,1997-98,1998.0,1990s,82.0,62.0,20.0,0.7560975609756098,7.2,110.9,103.8,True,1998,True
0,0,2,1,0.6272,0.51,2.2341,,2.7678,0,Shareef Abdur-Rahim,Bryant Reeves,10,Vancouver Grizzlies,1997-98,1998.0,1990s,82.0,19.0,63.0,0.2317073170731707,-7.8,102.4,110.2,True,1998,True
0,2,3,1,0.7847,0.7473,3.0786,,3.8446,0,Rod Strickland,Chris Webber,10,Washington Wizards,1997-98,1998.0,1990s,82.0,42.0,40.0,0.5121951219512195,0.7,103.9,103.2,True,1998,True
0,2,2,3,0.6887,0.6778,2.9314,,3.7072,0,Mookie Blaylock,Dikembe Mutombo,10,Atlanta Hawks,1998-99,1999.0,1990s,50.0,31.0,19.0,0.62,3.1,98.4,95.3,True,1999,True
0,1,4,2,0.6844,0.6535,2.8935,,3.6811,0,Antoine Walker,Paul Pierce,10,Boston Celtics,1998-99,1999.0,1990s,50.0,19.0,31.0,0.38,-2.1,98.7,100.8,True,1999,True
0,1,4,2,0.6895,0.647,2.9845,,3.7119,0,Eddie Jones,David Wesley,10,Charlotte Hornets,1998-99,1999.0,1990s,50.0,26.0,24.0,0.52,0.0,100.4,100.4,True,1999,True
0,0,1,3,0.6342,0.4819,2.2393,,2.8168,0,Toni Kukoc,Ron Harper,10,Chicago Bulls,1998-99,1999.0,1990s,50.0,13.0,37.0,0.26,-10.4,91.4,101.7,True,1999,True
0,1,3,3,0.7207,0.6166,2.7927,,3.512,0,Shawn Kemp,Brevin Knight,10,Cleveland Cavaliers,1998-99,1999.0,1990s,50.0,22.0,28.0,0.44,-1.9,98.2,100.1,True,1999,True
0,0,3,2,0.6622,0.5632,2.5948,,3.2784,0,Michael Finley,Shawn Bradley,10,Dallas Mavericks,1998-99,1999.0,1990s,50.0,19.0,31.0,0.38,-2.7,100.2,103.0,True,1999,True
0,1,1,2,0.6998,0.6558,2.519,,3.0605,0,Antonio McDyess,Nick Van Exel,10,Denver Nuggets,1998-99,1999.0,1990s,50.0,14.0,36.0,0.28,-7.3,101.4,108.6,True,1999,True
0,1,4,3,0.8563,0.5976,3.0767,,3.9054,0,Grant Hill,Bison Dele,10,Detroit Pistons,1998-99,1999.0,1990s,50.0,29.0,21.0,0.58,4.0,102.4,98.4,True,1999,True
0,0,4,3,0.5856,0.5204,2.583,,3.407,0,John Starks,Donyell Marshall,10,Golden State Warriors,1998-99,1999.0,1990s,50.0,21.0,29.0,0.42,-2.9,96.0,98.9,True,1999,True
0,3,1,4,0.7571,0.7373,3.1192,,3.9692,0,Hakeem Olajuwon,Scottie Pippen,10,Houston Rockets,1998-99,1999.0,1990s,50.0,31.0,19.0,0.62,2.5,103.5,101.0,True,1999,True
0,1,7,1,0.6784,0.6715,3.1713,,4.2344,0,Mark Jackson,Rik Smits,9,Indiana Pacers,1998-99,1999.0,1990s,50.0,33.0,17.0,0.66,4.3,106.6,102.2,True,1999,True
0,0,0,4,0.4565,0.453,2.1964,,2.9504,0,Maurice Taylor,Lamond Murray,10,Los Angeles Clippers,1998-99,1999.0,1990s,50.0,9.0,41.0,0.18,-9.6,98.3,107.8,True,1999,True
0,2,2,6,0.8633,0.6938,3.1627,,4.0567,0,Shaquille O'Neal,Kobe Bryant,10,Los Angeles Lakers,1998-99,1999.0,1990s,50.0,31.0,19.0,0.62,3.3,106.1,102.8,True,1999,True
0,2,3,3,0.8029,0.7792,3.1961,,3.9985,0,Tim Hardaway,Alonzo Mourning,10,Miami Heat,1998-99,1999.0,1990s,50.0,33.0,17.0,0.66,5.8,102.9,97.1,True,1999,True
0,0,2,7,0.6466,0.6357,2.7611,,3.4901,0,Glenn Robinson,Ray Allen,10,Milwaukee Bucks,1998-99,1999.0,1990s,50.0,28.0,22.0,0.56,1.8,102.9,101.2,True,1999,True
0,2,3,4,0.7996,0.6784,3.0173,,3.8436,0,Kevin Garnett,Terrell Brandon,10,Minnesota Timberwolves,1998-99,1999.0,1990s,50.0,25.0,25.0,0.5,0.5,99.9,99.4,True,1999,True
0,1,3,2,0.7351,0.6209,2.8877,,3.5174,0,Stephon Marbury,Keith Van Horn,10,New Jersey Nets,1998-99,1999.0,1990s,50.0,16.0,34.0,0.32,-4.2,97.0,101.2,True,1999,True
0,1,6,1,0.6757,0.5854,2.9147,,3.8854,0,Patrick Ewing,Allan Houston,9,New York Knicks,1998-99,1999.0,1990s,50.0,27.0,23.0,0.54,1.2,97.2,95.9,True,1999,True
0,0,5,4,0.6256,0.6086,2.8808,,3.8174,0,Anfernee Hardaway,Darrell Armstrong,10,Orlando Magic,1998-99,1999.0,1990s,50.0,33.0,17.0,0.66,2.6,98.9,96.3,True,1999,True
0,1,3,4,0.7964,0.5797,2.9712,,3.8418,0,Allen Iverson,Matt Geiger,9,Philadelphia 76ers,1998-99,1999.0,1990s,50.0,28.0,22.0,0.56,2.4,97.8,95.5,True,1999,True
0,1,5,2,0.8012,0.6667,3.2257,,4.1188,0,Jason Kidd,Clifford Robinson,10,Phoenix Suns,1998-99,1999.0,1990s,50.0,27.0,23.0,0.54,2.2,103.9,101.6,True,1999,True
0,2,6,2,0.7175,0.703,3.2272,,4.1693,0,Arvydas Sabonis,Damon Stoudamire,10,Portland Trail Blazers,1998-99,1999.0,1990s,50.0,35.0,15.0,0.7,6.6,102.8,96.2,True,1999,True
0,1,3,4,0.7811,0.6713,3.0427,,3.8765,0,Chris Webber,Vlade Divac,9,Sacramento Kings,1998-99,1999.0,1990s,50.0,27.0,23.0,0.54,-0.4,101.2,101.6,True,1999,True
2,0,3,5,0.8905,0.8668,3.4257,,4.1554,0,Tim Duncan,David Robinson,10,San Antonio Spurs,1998-99,1999.0,1990s,50.0,37.0,13.0,0.74,9.1,102.7,93.6,True,1999,True
1,0,3,3,0.8702,0.6735,3.1202,,3.9441,0,Gary Payton,Detlef Schrempf,10,Seattle SuperSonics,1998-99,1999.0,1990s,50.0,25.0,25.0,0.5,-0.9,103.2,104.2,True,1999,True
0,1,4,2,0.6992,0.6029,2.8577,,3.6822,0,Vince Carter,Doug Christie,10,Toronto Raptors,1998-99,1999.0,1990s,50.0,23.0,27.0,0.46,-1.9,99.8,101.8,True,1999,True
1,2,4,2,0.931,0.7767,3.4718,,4.4087,0,Karl Malone,John Stockton,10,Utah Jazz,1998-99,1999.0,1990s,50.0,37.0,13.0,0.74,7.4,104.2,96.7,True,1999,True
0,0,2,1,0.6583,0.5432,2.3146,,2.8762,0,Shareef Abdur-Rahim,Mike Bibby,10,Vancouver Grizzlies,1998-99,1999.0,1990s,50.0,8.0,42.0,0.16,-9.3,97.1,106.3,True,1999,True
0,1,3,4,0.7605,0.6388,2.938,,3.6299,0,Rod Strickland,Mitch Richmond,10,Washington Wizards,1998-99,1999.0,1990s,50.0,18.0,32.0,0.36,-2.3,99.8,102.1,True,1999,True
0,0,4,2,0.6213,0.5481,2.5611,,3.3114,0,Dikembe Mutombo,Isaiah Rider,10,Atlanta Hawks,1999-00,2000.0,1990s,82.0,28.0,54.0,0.3414634146341463,-5.7,100.1,105.8,True,2000,True
0,1,2,4,0.7021,0.655,2.791,,3.4091,0,Antoine Walker,Paul Pierce,10,Boston Celtics,1999-00,2000.0,1990s,82.0,35.0,47.0,0.4268292682926829,-1.1,102.9,103.9,True,2000,True
0,1,5,3,0.7018,0.6351,3.1361,,3.9602,0,Eddie Jones,David Wesley,10,Charlotte Hornets,1999-00,2000.0,1990s,82.0,49.0,33.0,0.5975609756097561,2.8,102.5,99.7,True,2000,True
0,0,1,2,0.609,0.4492,2.1043,,2.5317,0,Elton Brand,John Starks,10,Chicago Bulls,1999-00,2000.0,1990s,82.0,17.0,65.0,0.2073170731707317,-10.0,92.8,102.8,True,2000,True
0,1,3,3,0.6789,0.598,2.7659,,3.5182,0,Shawn Kemp,Andre Miller,10,Cleveland Cavaliers,1999-00,2000.0,1990s,82.0,32.0,50.0,0.3902439024390244,-3.5,98.7,102.2,True,2000,True
0,1,2,4,0.7212,0.5473,2.7376,,3.4534,0,Michael Finley,Dirk Nowitzki,10,Dallas Mavericks,1999-00,2000.0,1990s,82.0,40.0,42.0,0.4878048780487805,-0.5,104.7,105.2,True,2000,True
0,1,2,4,0.701,0.662,2.7785,,3.5754,0,Antonio McDyess,Nick Van Exel,10,Denver Nuggets,1999-00,2000.0,1990s,82.0,35.0,47.0,0.4268292682926829,-2.3,102.2,104.5,True,2000,True
0,1,4,0,0.8374,0.6605,2.9391,,3.6567,0,Grant Hill,Jerry Stackhouse,9,Detroit Pistons,1999-00,2000.0,1990s,82.0,42.0,40.0,0.5121951219512195,1.4,105.2,103.8,True,2000,True
0,0,3,2,0.5823,0.5291,2.4222,,3.0754,0,Mookie Blaylock,Donyell Marshall,10,Golden State Warriors,1999-00,2000.0,1990s,82.0,19.0,63.0,0.2317073170731707,-8.4,98.0,106.5,True,2000,True
0,1,4,2,0.6804,0.5926,2.7716,,3.3304,0,Steve Francis,Hakeem Olajuwon,10,Houston Rockets,1999-00,2000.0,1990s,82.0,34.0,48.0,0.4146341463414634,-0.8,103.3,104.2,True,2000,True
0,0,7,1,0.6661,0.651,3.1435,,4.1627,0,Mark Jackson,Rik Smits,10,Indiana Pacers,1999-00,2000.0,1990s,82.0,56.0,26.0,0.6829268292682927,5.1,106.8,101.7,True,2000,True
0,0,1,2,0.5296,0.4566,2.0955,,2.623,0,Lamar Odom,Derek Anderson,10,Los Angeles Clippers,1999-00,2000.0,1990s,82.0,15.0,67.0,0.1829268292682926,-11.9,96.1,108.0,True,2000,True
1,1,3,4,0.928,0.777,3.3124,,4.1826,0,Shaquille O'Neal,Kobe Bryant,9,Los Angeles Lakers,1999-00,2000.0,1990s,82.0,67.0,15.0,0.8170731707317073,9.0,105.4,96.4,True,2000,True
0,2,2,5,0.81,0.6711,3.0833,,3.989,0,Alonzo Mourning,Tim Hardaway,10,Miami Heat,1999-00,2000.0,1990s,82.0,52.0,30.0,0.6341463414634146,3.1,102.5,99.4,True,2000,True
0,2,1,4,0.7722,0.6845,2.9789,,3.7764,0,Sam Cassell,Ray Allen,10,Milwaukee Bucks,1999-00,2000.0,1990s,82.0,42.0,40.0,0.5121951219512195,0.3,106.5,106.2,True,2000,True
0,2,2,5,0.8549,0.7117,3.0803,,3.8789,0,Kevin Garnett,Terrell Brandon,10,Minnesota Timberwolves,1999-00,2000.0,1990s,82.0,50.0,32.0,0.6097560975609756,2.5,104.2,101.7,True,2000,True
0,1,3,1,0.7511,0.63,2.7837,,3.4647,0,Stephon Marbury,Keith Van Horn,10,New Jersey Nets,1999-00,2000.0,1990s,82.0,31.0,51.0,0.3780487804878049,-1.1,102.8,103.9,True,2000,True
0,0,5,4,0.5963,0.5926,2.776,,3.6695,0,Allan Houston,Patrick Ewing,9,New York Knicks,1999-00,2000.0,1990s,82.0,50.0,32.0,0.6097560975609756,1.5,100.9,99.5,True,2000,True
0,1,2,6,0.6793,0.5263,2.6934,,3.4887,0,Darrell Armstrong,Chucky Atkins,10,Orlando Magic,1999-00,2000.0,1990s,82.0,41.0,41.0,0.5,0.8,101.1,100.3,True,2000,True
0,1,4,3,0.7916,0.5941,2.9868,,3.9028,0,Allen Iverson,Toni Kukoc,9,Philadelphia 76ers,1999-00,2000.0,1990s,82.0,49.0,33.0,0.5975609756097561,1.5,99.9,98.3,True,2000,True
0,2,4,4,0.796,0.6756,3.2113,,4.1338,0,Jason Kidd,Clifford Robinson,10,Phoenix Suns,1999-00,2000.0,1990s,82.0,53.0,29.0,0.6463414634146342,5.4,102.7,97.3,True,2000,True
0,2,7,1,0.6889,0.6763,3.2941,,4.3728,0,Scottie Pippen,Arvydas Sabonis,10,Portland Trail Blazers,1999-00,2000.0,1990s,82.0,59.0,23.0,0.7195121951219512,6.9,106.5,99.5,True,2000,True
0,2,4,3,0.8371,0.6664,3.1397,,4.0399,0,Chris Webber,Vlade Divac,10,Sacramento Kings,1999-00,2000.0,1990s,82.0,44.0,38.0,0.5365853658536586,2.9,103.6,100.7,True,2000,True
1,1,3,4,0.8775,0.8369,3.3397,,4.1704,0,Tim Duncan,David Robinson,10,San Antonio Spurs,1999-00,2000.0,1990s,82.0,53.0,29.0,0.6463414634146342,6.4,103.5,97.1,True,2000,True
1,0,3,3,0.8816,0.5768,2.9531,,3.7559,0,Gary Payton,Vin Baker,10,Seattle SuperSonics,1999-00,2000.0,1990s,82.0,45.0,37.0,0.5487804878048781,1.0,104.0,103.1,True,2000,True
0,1,3,3,0.7773,0.6143,2.9685,,3.8139,0,Vince Carter,Tracy McGrady,10,Toronto Raptors,1999-00,2000.0,1990s,82.0,45.0,37.0,0.5487804878048781,-0.1,102.7,102.8,True,2000,True
1,1,3,3,0.9153,0.7603,3.3105,,4.052,0,Karl Malone,John Stockton,10,Utah Jazz,1999-00,2000.0,1990s,82.0,55.0,27.0,0.6707317073170732,4.6,105.7,101.1,True,2000,True
0,1,2,1,0.6713,0.5781,2.4419,,3.0159,0,Shareef Abdur-Rahim,Mike Bibby,10,Vancouver Grizzlies,1999-00,2000.0,1990s,82.0,22.0,60.0,0.2682926829268293,-6.0,100.7,106.7,True,2000,True
0,0,3,5,0.6602,0.569,2.6476,,3.3991,0,Rod Strickland,Mitch Richmond,10,Washington Wizards,1999-00,2000.0,1990s,82.0,29.0,53.0,0.3536585365853658,-3.4,101.8,105.2,True,2000,True
0,0,2,4,0.5374,0.5016,2.2596,,2.585,0,Jason Terry,Toni Kukoc,10,Atlanta Hawks,2000-01,2001.0,2000s,82.0,25.0,57.0,0.3048780487804878,-5.5,96.9,102.4,True,2001,True
0,2,0,4,0.7408,0.717,2.6121,,2.9531,0,Antoine Walker,Paul Pierce,10,Boston Celtics,2000-01,2001.0,2000s,82.0,36.0,46.0,0.4390243902439024,-2.2,100.1,102.3,True,2001,True
0,1,5,2,0.6659,0.6358,3.0047,,3.9135,0,Jamal Mashburn,David Wesley,10,Charlotte Hornets,2000-01,2001.0,2000s,82.0,46.0,36.0,0.5609756097560976,2.1,99.7,97.6,True,2001,True
0,0,2,2,0.605,0.4699,2.1257,,2.5759,0,Elton Brand,Ron Mercer,10,Chicago Bulls,2000-01,2001.0,2000s,82.0,15.0,67.0,0.1829268292682926,-10.0,95.9,105.9,True,2001,True
0,0,4,3,0.6527,0.4975,2.4841,,3.1999,0,Andre Miller,Clar. Weatherspoon,10,Cleveland Cavaliers,2000-01,2001.0,2000s,82.0,30.0,52.0,0.3658536585365853,-4.2,99.3,103.5,True,2001,True
0,2,5,0,0.743,0.687,3.1013,,3.9809,0,Michael Finley,Dirk Nowitzki,9,Dallas Mavericks,2000-01,2001.0,2000s,82.0,53.0,29.0,0.6463414634146342,4.4,105.6,101.2,True,2001,True
0,2,1,5,0.7,0.6592,2.8252,,3.6749,0,Antonio McDyess,Nick Van Exel,9,Denver Nuggets,2000-01,2001.0,2000s,82.0,40.0,42.0,0.4878048780487805,-2.8,102.2,104.9,True,2001,True
0,1,3,3,0.7538,0.5106,2.6549,,3.2594,0,Jerry Stackhouse,Joe Smith,10,Detroit Pistons,2000-01,2001.0,2000s,82.0,32.0,50.0,0.3902439024390244,-1.8,98.5,100.3,True,2001,True
0,0,3,2,0.5571,0.5235,2.2583,,2.8368,0,Antawn Jamison,Mookie Blaylock,10,Golden State Warriors,2000-01,2001.0,2000s,82.0,17.0,65.0,0.2073170731707317,-9.2,96.3,105.5,True,2001,True
0,1,5,3,0.7455,0.5912,2.8819,,3.7423,0,Steve Francis,Cuttino Mobley,10,Houston Rockets,2000-01,2001.0,2000s,82.0,45.0,37.0,0.5487804878048781,2.4,105.2,102.8,True,2001,True
0,1,4,1,0.6599,0.6131,2.7123,,3.4305,0,Jalen Rose,Reggie Miller,10,Indiana Pacers,2000-01,2001.0,2000s,82.0,41.0,41.0,0.5,-0.2,100.3,100.5,True,2001,True
0,0,1,6,0.614,0.4455,2.271,,2.9501,0,Lamar Odom,Darius Miles,10,Los Angeles Clippers,2000-01,2001.0,2000s,82.0,31.0,51.0,0.3780487804878049,-2.9,100.3,103.2,True,2001,True
1,1,2,5,0.9147,0.8213,3.1763,,4.0026,0,Shaquille O'Neal,Kobe Bryant,10,Los Angeles Lakers,2000-01,2001.0,2000s,82.0,56.0,26.0,0.6829268292682927,3.5,107.0,103.6,True,2001,True
0,0,4,4,0.6382,0.637,2.8149,,3.4903,0,Eddie Jones,Tim Hardaway,10,Miami Heat,2000-01,2001.0,2000s,82.0,50.0,32.0,0.6097560975609756,2.3,99.4,97.1,True,2001,True
0,3,2,3,0.7643,0.7458,3.1945,,4.0547,0,Sam Cassell,Ray Allen,10,Milwaukee Bucks,2000-01,2001.0,2000s,82.0,52.0,30.0,0.6341463414634146,4.2,106.8,102.6,True,2001,True
0,2,2,4,0.8742,0.7339,3.0393,,3.7954,0,Kevin Garnett,Terrell Brandon,10,Minnesota Timberwolves,2000-01,2001.0,2000s,82.0,47.0,35.0,0.573170731707317,1.6,103.9,102.4,True,2001,True
0,1,1,5,0.7217,0.5141,2.5036,,3.053,0,Stephon Marbury,Keith Van Horn,10,New Jersey Nets,2000-01,2001.0,2000s,82.0,26.0,56.0,0.3170731707317073,-5.4,98.4,103.8,True,2001,True
0,0,7,2,0.6246,0.6096,2.899,,3.8142,0,Mark Jackson,Latrell Sprewell,9,New York Knicks,2000-01,2001.0,2000s,82.0,48.0,34.0,0.5853658536585366,3.0,100.0,97.0,True,2001,True
0,2,2,5,0.7787,0.6981,2.8336,,3.5809,0,Tracy McGrady,Darrell Armstrong,10,Orlando Magic,2000-01,2001.0,2000s,82.0,43.0,39.0,0.524390243902439,1.0,102.1,101.1,True,2001,True
0,1,6,1,0.8422,0.6127,3.0431,,3.8877,0,Allen Iverson,Dikembe Mutombo,10,Philadelphia 76ers,2000-01,2001.0,2000s,82.0,56.0,26.0,0.6829268292682927,4.6,101.9,97.3,True,2001,True
0,2,3,2,0.8004,0.663,3.0588,,3.8145,0,Jason Kidd,Shawn Marion,10,Phoenix Suns,2000-01,2001.0,2000s,82.0,51.0,31.0,0.6219512195121951,2.3,98.9,96.7,True,2001,True
0,1,8,1,0.7055,0.6484,3.2333,,4.3413,0,Rasheed Wallace,Damon Stoudamire,10,Portland Trail Blazers,2000-01,2001.0,2000s,82.0,50.0,32.0,0.6097560975609756,4.2,104.7,100.5,True,2001,True
1,1,5,3,0.8816,0.6756,3.2822,,4.191,0,Chris Webber,Vlade Divac,10,Sacramento Kings,2000-01,2001.0,2000s,82.0,55.0,27.0,0.6707317073170732,5.7,104.2,98.5,True,2001,True
1,1,5,3,0.9051,0.8062,3.3604,,4.171,0,Tim Duncan,David Robinson,10,San Antonio Spurs,2000-01,2001.0,2000s,82.0,58.0,24.0,0.7073170731707317,8.3,105.0,96.6,True,2001,True
0,1,4,2,0.8494,0.5516,2.9227,,3.6357,0,Gary Payton,Ruben Patterson,10,Seattle SuperSonics,2000-01,2001.0,2000s,82.0,44.0,38.0,0.5365853658536586,0.2,104.4,104.2,True,2001,True
0,1,5,3,0.8186,0.5774,2.8936,,3.7375,0,Vince Carter,Antonio Davis,10,Toronto Raptors,2000-01,2001.0,2000s,82.0,47.0,35.0,0.573170731707317,2.3,104.4,102.0,True,2001,True
1,1,2,5,0.8962,0.7684,3.2502,,4.0606,0,Karl Malone,John Stockton,9,Utah Jazz,2000-01,2001.0,2000s,82.0,53.0,29.0,0.6463414634146342,5.2,106.1,100.9,True,2001,True
0,0,3,2,0.6565,0.6018,2.4014,,2.9268,0,Shareef Abdur-Rahim,Mike Bibby,10,Vancouver Grizzlies,2000-01,2001.0,2000s,82.0,23.0,59.0,0.2804878048780488,-6.0,98.2,104.2,True,2001,True
0,0,0,5,0.4577,0.4505,2.0659,,2.5368,0,Christian Laettner,Richard Hamilton,10,Washington Wizards,2000-01,2001.0,2000s,82.0,19.0,63.0,0.2317073170731707,-6.8,99.4,106.2,True,2001,True
0,0,2,3,0.6592,0.5957,2.4292,,2.9231,0,Shareef Abdur-Rahim,Jason Terry,10,Atlanta Hawks,2001-02,2002.0,2000s,82.0,33.0,49.0,0.4024390243902439,-4.4,100.4,104.8,True,2002,True
0,2,2,4,0.7873,0.7763,3.0269,,3.7933,0,Paul Pierce,Antoine Walker,10,Boston Celtics,2001-02,2002.0,2000s,82.0,49.0,33.0,0.5975609756097561,2.2,102.1,99.9,True,2002,True
0,1,5,2,0.7083,0.6158,2.9681,,3.8355,0,Baron Davis,Elden Campbell,10,Charlotte Hornets,2001-02,2002.0,2000s,82.0,44.0,38.0,0.5365853658536586,1.2,102.9,101.8,True,2002,True
0,0,1,2,0.6259,0.4648,2.094,,2.6272,0,Jalen Rose,Travis Best,10,Chicago Bulls,2001-02,2002.0,2000s,82.0,21.0,61.0,0.2560975609756097,-9.1,97.2,106.2,True,2002,True
0,1,1,4,0.7152,0.5026,2.5049,,3.0879,0,Andre Miller,Lamond Murray,10,Cleveland Cavaliers,2001-02,2002.0,2000s,82.0,29.0,53.0,0.3536585365853658,-3.6,103.4,107.0,True,2002,True
0,4,2,3,0.7839,0.7059,3.3863,,4.3408,0,Dirk Nowitzki,Michael Finley,10,Dallas Mavericks,2001-02,2002.0,2000s,82.0,57.0,25.0,0.6951219512195121,4.3,110.3,106.0,True,2002,True
0,0,2,3,0.5576,0.4997,2.2065,,2.7217,0,Juwan Howard,Tim Hardaway,10,Denver Nuggets,2001-02,2002.0,2000s,82.0,27.0,55.0,0.3292682926829268,-6.3,100.3,106.6,True,2002,True
0,1,4,2,0.7591,0.6169,2.9728,,3.7659,0,Jerry Stackhouse,Clifford Robinson,10,Detroit Pistons,2001-02,2002.0,2000s,82.0,50.0,32.0,0.6097560975609756,2.3,103.2,100.9,True,2002,True
0,0,4,2,0.5818,0.4982,2.4507,,3.0825,0,Antawn Jamison,Jason Richardson,10,Golden State Warriors,2001-02,2002.0,2000s,82.0,21.0,61.0,0.2560975609756097,-5.6,101.5,107.1,True,2002,True
0,0,2,4,0.6609,0.5786,2.4973,,3.0418,0,Steve Francis,Cuttino Mobley,10,Houston Rockets,2001-02,2002.0,2000s,82.0,28.0,54.0,0.3414634146341463,-5.4,101.6,106.9,True,2002,True
0,0,5,4,0.6256,0.6171,2.7734,,3.4462,0,Jamaal Tinsley,Jermaine O'Neal,10,Indiana Pacers,2001-02,2002.0,2000s,82.0,42.0,40.0,0.5121951219512195,0.4,102.8,102.4,True,2002,True
0,1,4,4,0.6733,0.5203,2.685,,3.51,0,Elton Brand,Lamar Odom,10,Los Angeles Clippers,2001-02,2002.0,2000s,82.0,39.0,43.0,0.4756097560975609,-0.4,104.3,104.7,True,2002,True
1,1,4,4,0.9043,0.874,3.3263,,4.1719,0,Shaquille O'Neal,Kobe Bryant,10,Los Angeles Lakers,2001-02,2002.0,2000s,82.0,58.0,24.0,0.7073170731707317,7.6,108.0,100.4,True,2002,True
0,0,2,4,0.592,0.5466,2.3388,,2.7668,0,Pau Gasol,Jason Williams,10,Memphis Grizzlies,2001-02,2002.0,2000s,82.0,23.0,59.0,0.2804878048780488,-8.0,96.6,104.7,True,2002,True
0,0,4,3,0.6433,0.6278,2.6362,,3.3205,0,Alonzo Mourning,Eddie Jones,10,Miami Heat,2001-02,2002.0,2000s,82.0,36.0,46.0,0.4390243902439024,-1.7,97.3,99.0,True,2002,True
0,3,3,1,0.7438,0.7079,3.122,,3.971,0,Sam Cassell,Ray Allen,10,Milwaukee Bucks,2001-02,2002.0,2000s,82.0,41.0,41.0,0.5,-0.3,105.3,105.6,True,2002,True
1,0,4,3,0.8829,0.6695,3.2279,,4.1401,0,Kevin Garnett,Terrell Brandon,10,Minnesota Timberwolves,2001-02,2002.0,2000s,82.0,50.0,32.0,0.6097560975609756,3.4,107.5,104.1,True,2002,True
0,1,5,3,0.8147,0.5819,3.0454,,3.9623,0,Jason Kidd,Keith Van Horn,9,New Jersey Nets,2001-02,2002.0,2000s,82.0,52.0,30.0,0.6341463414634146,4.3,102.4,98.1,True,2002,True
0,0,4,4,0.5921,0.5722,2.6609,,3.3853,0,Latrell Sprewell,Mark Jackson,10,New York Knicks,2001-02,2002.0,2000s,82.0,30.0,52.0,0.3658536585365853,-4.2,100.4,104.6,True,2002,True
0,1,3,4,0.8455,0.6539,2.9557,,3.7756,0,Tracy McGrady,Darrell Armstrong,10,Orlando Magic,2001-02,2002.0,2000s,82.0,44.0,38.0,0.5365853658536586,1.5,105.6,104.1,True,2002,True
0,1,4,2,0.8221,0.5912,2.9133,,3.6925,0,Allen Iverson,Dikembe Mutombo,10,Philadelphia 76ers,2001-02,2002.0,2000s,82.0,43.0,39.0,0.524390243902439,1.8,100.5,98.7,True,2002,True
0,2,1,2,0.7234,0.6917,2.7378,,3.4117,0,Stephon Marbury,Shawn Marion,10,Phoenix Suns,2001-02,2002.0,2000s,82.0,36.0,46.0,0.4390243902439024,-0.7,101.8,102.6,True,2002,True
0,1,6,2,0.7222,0.63,3.1481,,4.1797,0,Rasheed Wallace,Damon Stoudamire,10,Portland Trail Blazers,2001-02,2002.0,2000s,82.0,49.0,33.0,0.5975609756097561,3.3,105.9,102.6,True,2002,True
1,2,5,1,0.879,0.6958,3.5176,,4.603,0,Chris Webber,Vlade Divac,9,Sacramento Kings,2001-02,2002.0,2000s,82.0,61.0,21.0,0.7439024390243902,8.1,107.9,99.7,True,2002,True
1,1,5,1,0.9392,0.7322,3.3232,,4.1746,0,Tim Duncan,David Robinson,10,San Antonio Spurs,2001-02,2002.0,2000s,82.0,58.0,24.0,0.7073170731707317,6.9,105.4,98.5,True,2002,True
0,1,3,4,0.8663,0.5844,2.9325,,3.6732,0,Gary Payton,Brent Barry,10,Seattle SuperSonics,2001-02,2002.0,2000s,82.0,45.0,37.0,0.5487804878048781,3.3,107.3,104.1,True,2002,True
0,1,4,3,0.7506,0.5749,2.8788,,3.7267,0,Vince Carter,Antonio Davis,10,Toronto Raptors,2001-02,2002.0,2000s,82.0,42.0,40.0,0.5121951219512195,-0.6,101.1,101.7,True,2002,True
0,2,2,3,0.841,0.7484,3.1344,,3.8614,0,Karl Malone,John Stockton,10,Utah Jazz,2001-02,2002.0,2000s,82.0,44.0,38.0,0.5365853658536586,0.9,103.8,102.9,True,2002,True
0,1,1,5,0.7148,0.4995,2.4794,,3.179,0,Michael Jordan,Richard Hamilton,10,Washington Wizards,2001-02,2002.0,2000s,82.0,37.0,45.0,0.4512195121951219,-1.6,102.9,104.5,True,2002,True
0,1,3,0,0.6514,0.6393,2.6396,,3.2056,0,Shareef Abdur-Rahim,Jason Terry,10,Atlanta Hawks,2002-03,2003.0,2000s,82.0,35.0,47.0,0.4268292682926829,-3.8,100.4,104.2,True,2003,True
0,2,0,4,0.8083,0.7305,2.7716,,3.4325,0,Paul Pierce,Antoine Walker,10,Boston Celtics,2002-03,2003.0,2000s,82.0,44.0,38.0,0.5365853658536586,-0.6,100.0,100.5,True,2003,True
0,0,2,5,0.6231,0.5782,2.4691,,3.0397,0,Jalen Rose,Donyell Marshall,10,Chicago Bulls,2002-03,2003.0,2000s,82.0,30.0,52.0,0.3658536585365853,-5.1,99.1,104.2,True,2003,True
0,0,2,2,0.5505,0.5107,2.1975,,2.7617,0,Ricky Davis,Zydrunas Ilgauskas,10,Cleveland Cavaliers,2002-03,2003.0,2000s,82.0,17.0,65.0,0.2073170731707317,-9.9,95.2,105.1,True,2003,True
0,4,2,3,0.8714,0.782,3.516,,4.3769,0,Dirk Nowitzki,Steve Nash,10,Dallas Mavericks,2002-03,2003.0,2000s,82.0,60.0,22.0,0.7317073170731707,8.3,109.3,101.0,True,2003,True
0,0,1,1,0.5587,0.4273,1.977,,2.4105,0,Juwan Howard,Nene,10,Denver Nuggets,2002-03,2003.0,2000s,82.0,17.0,65.0,0.2073170731707317,-8.9,91.2,100.1,True,2003,True
0,0,6,2,0.6216,0.6196,2.9747,,3.7708,0,Chauncey Billups,Ben Wallace,9,Detroit Pistons,2002-03,2003.0,2000s,82.0,50.0,32.0,0.6097560975609756,4.2,102.4,98.2,True,2003,True
0,0,3,6,0.6436,0.5959,2.6802,,3.4553,0,Antawn Jamison,Gilbert Arenas,9,Golden State Warriors,2002-03,2003.0,2000s,82.0,38.0,44.0,0.4634146341463415,-1.3,106.4,107.7,True,2003,True
0,1,2,5,0.713,0.6372,2.8382,,3.57,0,Steve Francis,Yao Ming,10,Houston Rockets,2002-03,2003.0,2000s,82.0,43.0,39.0,0.524390243902439,1.5,102.4,100.9,True,2003,True
0,1,5,3,0.729,0.6004,2.986,,3.8965,0,Jermaine O'Neal,Jamaal Tinsley,10,Indiana Pacers,2002-03,2003.0,2000s,82.0,48.0,34.0,0.5853658536585366,3.5,103.2,99.6,True,2003,True
0,1,2,4,0.6495,0.6466,2.647,,3.4164,0,Elton Brand,Andre Miller,10,Los Angeles Clippers,2002-03,2003.0,2000s,82.0,27.0,55.0,0.3292682926829268,-4.0,101.1,105.1,True,2003,True
1,1,3,2,0.9076,0.8622,3.2297,,4.0359,0,Kobe Bryant,Shaquille O'Neal,10,Los Angeles Lakers,2002-03,2003.0,2000s,82.0,50.0,32.0,0.6097560975609756,2.2,105.6,103.4,True,2003,True
0,0,3,6,0.6431,0.5753,2.6078,,3.4041,0,Pau Gasol,Jason Williams,10,Memphis Grizzlies,2002-03,2003.0,2000s,82.0,28.0,54.0,0.3414634146341463,-3.5,102.3,105.9,True,2003,True
0,0,3,2,0.5332,0.5056,2.277,,2.9446,0,Eddie Jones,Caron Butler,10,Miami Heat,2002-03,2003.0,2000s,82.0,25.0,57.0,0.3048780487804878,-5.8,95.4,101.2,True,2003,True
0,2,4,1,0.8186,0.7324,3.1111,,3.9265,0,Gary Payton,Sam Cassell,10,Milwaukee Bucks,2002-03,2003.0,2000s,82.0,42.0,40.0,0.5121951219512195,0.3,107.2,106.9,True,2003,True
1,0,4,4,0.9018,0.5741,3.0491,,3.8277,0,Kevin Garnett,Wally Szczerbiak,10,Minnesota Timberwolves,2002-03,2003.0,2000s,82.0,51.0,31.0,0.6219512195121951,2.2,104.8,102.5,True,2003,True
0,1,5,2,0.8492,0.6424,3.1725,,4.0804,0,Jason Kidd,Kenyon Martin,10,New Jersey Nets,2002-03,2003.0,2000s,82.0,49.0,33.0,0.5975609756097561,5.4,102.1,96.6,True,2003,True
0,2,3,3,0.6925,0.6633,2.9223,,3.7207,0,Jamal Mashburn,Baron Davis,10,New Orleans Hornets,2002-03,2003.0,2000s,82.0,47.0,35.0,0.573170731707317,2.4,102.4,100.0,True,2003,True
0,0,3,3,0.5944,0.5766,2.5882,,3.3603,0,Allan Houston,Latrell Sprewell,9,New York Knicks,2002-03,2003.0,2000s,82.0,37.0,45.0,0.4512195121951219,-1.3,103.3,104.6,True,2003,True
0,1,2,5,0.8639,0.5735,2.8414,,3.5673,0,Tracy McGrady,Darrell Armstrong,10,Orlando Magic,2002-03,2003.0,2000s,82.0,42.0,40.0,0.5121951219512195,0.0,103.7,103.7,True,2003,True
0,1,4,2,0.8434,0.5894,3.0144,,3.7717,0,Allen Iverson,Eric Snow,10,Philadelphia 76ers,2002-03,2003.0,2000s,82.0,48.0,34.0,0.5853658536585366,2.6,103.2,100.6,True,2003,True
0,2,2,2,0.758,0.7463,2.921,,3.6097,0,Stephon Marbury,Shawn Marion,10,Phoenix Suns,2002-03,2003.0,2000s,82.0,44.0,38.0,0.5365853658536586,1.3,102.6,101.3,True,2003,True
0,1,8,1,0.6904,0.6284,3.0624,,3.977,0,Rasheed Wallace,Bonzi Wells,10,Portland Trail Blazers,2002-03,2003.0,2000s,82.0,50.0,32.0,0.6097560975609756,2.7,104.2,101.5,True,2003,True
1,2,5,1,0.8747,0.694,3.5227,,4.5625,0,Chris Webber,Peja Stojakovic,10,Sacramento Kings,2002-03,2003.0,2000s,82.0,59.0,23.0,0.7195121951219512,6.6,104.4,97.8,True,2003,True
1,0,5,3,0.9425,0.6224,3.245,,4.1348,0,Tim Duncan,David Robinson,10,San Antonio Spurs,2002-03,2003.0,2000s,82.0,60.0,22.0,0.7317073170731707,5.8,103.9,98.1,True,2003,True
0,1,3,4,0.7077,0.5963,2.7882,,3.5045,0,Ray Allen,Rashard Lewis,10,Seattle SuperSonics,2002-03,2003.0,2000s,82.0,40.0,42.0,0.4878048780487805,-0.2,102.4,102.6,True,2003,True
0,0,3,4,0.6143,0.547,2.5418,,3.1822,0,Vince Carter,Alvin Williams,10,Toronto Raptors,2002-03,2003.0,2000s,82.0,24.0,58.0,0.2926829268292683,-6.3,99.3,105.6,True,2003,True
0,2,3,3,0.8111,0.7207,3.1318,,3.9745,0,Karl Malone,John Stockton,10,Utah Jazz,2002-03,2003.0,2000s,82.0,47.0,35.0,0.573170731707317,2.6,103.7,101.1,True,2003,True
0,2,1,3,0.706,0.6876,2.7086,,3.437,0,Michael Jordan,Jerry Stackhouse,10,Washington Wizards,2002-03,2003.0,2000s,82.0,37.0,45.0,0.4512195121951219,-1.1,101.5,102.6,True,2003,True
0,0,2,1,0.619,0.5732,2.2669,,2.8384,0,Jason Terry,Stephen Jackson,8,Atlanta Hawks,2003-04,2004.0,2000s,82.0,28.0,54.0,0.3414634146341463,-4.8,99.1,103.9,True,2004,True
0,1,1,4,0.7806,0.5608,2.6534,,3.3871,0,Paul Pierce,Ricky Davis,8,Boston Celtics,2003-04,2004.0,2000s,82.0,36.0,46.0,0.4390243902439024,-1.5,100.7,102.2,True,2004,True
0,0,2,4,0.5517,0.5056,2.294,,2.788,0,Jamal Crawford,Kirk Hinrich,10,Chicago Bulls,2003-04,2004.0,2000s,82.0,23.0,59.0,0.2804878048780488,-6.5,95.6,102.1,True,2004,True
0,1,3,3,0.7102,0.5877,2.7134,,3.3797,0,LeBron James,Zydrunas Ilgauskas,10,Cleveland Cavaliers,2003-04,2004.0,2000s,82.0,35.0,47.0,0.4268292682926829,-2.6,100.6,103.1,True,2004,True
1,3,3,2,0.8458,0.7711,3.6108,,4.6986,0,Dirk Nowitzki,Steve Nash,10,Dallas Mavericks,2003-04,2004.0,2000s,82.0,52.0,30.0,0.6341463414634146,4.5,110.4,105.9,True,2004,True
0,1,4,4,0.7062,0.6658,2.8917,,3.7476,0,Carmelo Anthony,Andre Miller,10,Denver Nuggets,2003-04,2004.0,2000s,82.0,43.0,39.0,0.524390243902439,1.0,102.4,101.4,True,2004,True
0,3,6,0,0.6968,0.6887,3.3314,,4.4398,0,Chauncey Billups,Ben Wallace,10,Detroit Pistons,2003-04,2004.0,2000s,82.0,54.0,28.0,0.6585365853658537,6.5,100.3,93.9,True,2004,True
0,0,6,2,0.5983,0.5515,2.7029,,3.5968,0,Jason Richardson,Clifford Robinson,10,Golden State Warriors,2003-04,2004.0,2000s,82.0,37.0,45.0,0.4512195121951219,-1.1,101.5,102.6,True,2004,True
0,2,2,4,0.6997,0.6794,2.902,,3.6176,0,Steve Francis,Yao Ming,10,Houston Rockets,2003-04,2004.0,2000s,82.0,45.0,37.0,0.5487804878048781,1.9,99.7,97.8,True,2004,True
0,2,3,5,0.798,0.6748,3.1436,,4.0663,0,Jermaine O'Neal,Metta World Peace,10,Indiana Pacers,2003-04,2004.0,2000s,82.0,61.0,21.0,0.7439024390243902,6.3,102.5,96.2,True,2004,True
0,0,2,2,0.6562,0.5317,2.3822,,3.0381,0,Elton Brand,Corey Maggette,10,Los Angeles Clippers,2003-04,2004.0,2000s,82.0,28.0,54.0,0.3414634146341463,-4.7,101.9,106.6,True,2004,True
1,2,2,3,0.8489,0.8271,3.485,,4.3525,0,Kobe Bryant,Shaquille O'Neal,10,Los Angeles Lakers,2003-04,2004.0,2000s,82.0,56.0,26.0,0.6829268292682927,4.1,104.2,100.1,True,2004,True
0,1,5,4,0.6921,0.6004,2.9905,,3.9268,0,Pau Gasol,Jason Williams,10,Memphis Grizzlies,2003-04,2004.0,2000s,82.0,50.0,32.0,0.6097560975609756,2.6,103.4,100.8,True,2004,True
0,0,3,4,0.5892,0.58,2.6486,,3.4442,0,Lamar Odom,Eddie Jones,9,Miami Heat,2003-04,2004.0,2000s,82.0,42.0,40.0,0.5121951219512195,0.3,100.6,100.3,True,2004,True
0,0,5,5,0.6382,0.6013,2.8211,,3.7274,0,Michael Redd,Keith Van Horn,10,Milwaukee Bucks,2003-04,2004.0,2000s,82.0,41.0,41.0,0.5,1.1,104.6,103.5,True,2004,True
1,1,2,2,0.9361,0.7872,3.2056,,3.7068,0,Kevin Garnett,Sam Cassell,10,Minnesota Timberwolves,2003-04,2004.0,2000s,82.0,58.0,24.0,0.7073170731707317,5.7,104.2,98.5,True,2004,True
0,1,4,3,0.7985,0.6739,3.1762,,4.086,0,Jason Kidd,Kenyon Martin,9,New Jersey Nets,2003-04,2004.0,2000s,82.0,47.0,35.0,0.573170731707317,2.6,99.0,96.4,True,2004,True
0,1,4,2,0.7119,0.5687,2.8222,,3.5716,0,Baron Davis,Jamaal Magloire,10,New Orleans Hornets,2003-04,2004.0,2000s,82.0,41.0,41.0,0.5,0.1,100.7,100.6,True,2004,True
0,1,3,4,0.76,0.5548,2.7793,,3.5808,0,Stephon Marbury,Kurt Thomas,10,New York Knicks,2003-04,2004.0,2000s,82.0,39.0,43.0,0.4756097560975609,-1.6,99.7,101.3,True,2004,True
0,1,1,2,0.7771,0.5241,2.4181,,2.9425,0,Tracy McGrady,Juwan Howard,10,Orlando Magic,2003-04,2004.0,2000s,82.0,21.0,61.0,0.2560975609756097,-7.4,101.4,108.8,True,2004,True
0,1,3,3,0.7217,0.5734,2.7592,,3.4504,0,Allen Iverson,Eric Snow,10,Philadelphia 76ers,2003-04,2004.0,2000s,82.0,33.0,49.0,0.4024390243902439,-2.6,97.8,100.4,True,2004,True
0,1,2,1,0.7083,0.5658,2.4977,,3.1047,0,Shawn Marion,Amar'e Stoudemire,10,Phoenix Suns,2003-04,2004.0,2000s,82.0,29.0,53.0,0.3536585365853658,-3.8,100.3,104.2,True,2004,True
0,0,5,3,0.6388,0.6177,2.8664,,3.767,0,Shareef Abdur-Rahim,Zach Randolph,9,Portland Trail Blazers,2003-04,2004.0,2000s,82.0,41.0,41.0,0.5,-1.5,102.1,103.5,True,2004,True
0,5,2,2,0.7511,0.7211,3.5381,,4.4398,0,Peja Stojakovic,Chris Webber,10,Sacramento Kings,2003-04,2004.0,2000s,82.0,55.0,27.0,0.6707317073170732,5.4,108.6,103.2,True,2004,True
1,0,7,2,0.928,0.6608,3.3986,,4.3888,0,Tim Duncan,Tony Parker,10,San Antonio Spurs,2003-04,2004.0,2000s,82.0,57.0,25.0,0.6951219512195121,7.9,101.0,93.1,True,2004,True
0,0,4,3,0.6622,0.6213,2.7897,,3.5117,0,Ray Allen,Rashard Lewis,10,Seattle SuperSonics,2003-04,2004.0,2000s,82.0,37.0,45.0,0.4512195121951219,-0.8,105.6,106.4,True,2004,True
0,0,3,5,0.6263,0.5874,2.6962,,3.3103,0,Vince Carter,Donyell Marshall,10,Toronto Raptors,2003-04,2004.0,2000s,82.0,33.0,49.0,0.4024390243902439,-3.4,95.3,98.8,True,2004,True
0,0,3,4,0.6594,0.5408,2.5765,,3.1907,0,Andrei Kirilenko,Carlos Arroyo,10,Utah Jazz,2003-04,2004.0,2000s,82.0,42.0,40.0,0.5121951219512195,-1.3,100.0,101.3,True,2004,True
0,0,2,4,0.5518,0.5062,2.2458,,2.8735,0,Gilbert Arenas,Larry Hughes,10,Washington Wizards,2003-04,2004.0,2000s,82.0,25.0,57.0,0.3048780487804878,-5.7,97.2,102.9,True,2004,True
0,0,1,3,0.5154,0.3918,1.9516,,2.4724,0,Al Harrington,Josh Smith,10,Atlanta Hawks,2004-05,2005.0,2000s,82.0,13.0,69.0,0.1585365853658536,-10.2,98.8,109.0,True,2005,True
0,2,3,4,0.7683,0.6929,3.1582,,4.0103,0,Paul Pierce,Antoine Walker,10,Boston Celtics,2004-05,2005.0,2000s,82.0,45.0,37.0,0.5487804878048781,0.8,105.9,105.1,True,2005,True
0,0,2,3,0.5345,0.4915,2.2747,,2.9479,0,Emeka Okafor,Brevin Knight,10,Charlotte Bobcats,2004-05,2005.0,2000s,82.0,18.0,64.0,0.2195121951219512,-6.2,99.8,106.0,True,2005,True
0,0,4,5,0.6088,0.5708,2.6147,,3.4558,0,Kirk Hinrich,Ben Gordon,10,Chicago Bulls,2004-05,2005.0,2000s,82.0,47.0,35.0,0.573170731707317,1.4,100.5,99.1,True,2005,True
1,0,3,4,0.8344,0.6296,2.9406,,3.6366,0,LeBron James,Zydrunas Ilgauskas,10,Cleveland Cavaliers,2004-05,2005.0,2000s,82.0,42.0,40.0,0.5121951219512195,0.6,105.3,104.7,True,2005,True
1,0,8,0,0.8794,0.6328,3.2681,,4.2644,0,Dirk Nowitzki,Jason Terry,10,Dallas Mavericks,2004-05,2005.0,2000s,82.0,58.0,24.0,0.7073170731707317,5.9,108.5,102.6,True,2005,True
0,1,5,2,0.6775,0.6581,3.0423,,3.8978,0,Carmelo Anthony,Andre Miller,10,Denver Nuggets,2004-05,2005.0,2000s,82.0,49.0,33.0,0.5975609756097561,2.2,104.7,102.6,True,2005,True
0,2,4,1,0.6923,0.6796,3.259,,4.2465,0,Chauncey Billups,Richard Hamilton,8,Detroit Pistons,2004-05,2005.0,2000s,82.0,54.0,28.0,0.6585365853658537,4.3,103.9,99.6,True,2005,True
0,1,4,3,0.67,0.6436,2.7205,,3.4256,0,Baron Davis,Jason Richardson,9,Golden State Warriors,2004-05,2005.0,2000s,82.0,34.0,48.0,0.4146341463414634,-2.2,103.4,105.5,True,2005,True
0,2,4,3,0.8193,0.7038,3.08,,3.9447,0,Tracy McGrady,Yao Ming,10,Houston Rockets,2004-05,2005.0,2000s,82.0,51.0,31.0,0.6219512195121951,4.3,104.4,100.1,True,2005,True
0,1,3,5,0.7384,0.5655,2.8252,,3.4368,0,Jermaine O'Neal,Jamaal Tinsley,10,Indiana Pacers,2004-05,2005.0,2000s,82.0,44.0,38.0,0.5365853658536586,1.0,103.7,102.7,True,2005,True
0,1,2,4,0.6932,0.5957,2.5913,,3.2441,0,Elton Brand,Corey Maggette,10,Los Angeles Clippers,2004-05,2005.0,2000s,82.0,37.0,45.0,0.4512195121951219,-0.8,103.8,104.5,True,2005,True
0,1,2,2,0.7837,0.5879,2.6714,,3.3586,0,Kobe Bryant,Lamar Odom,10,Los Angeles Lakers,2004-05,2005.0,2000s,82.0,34.0,48.0,0.4146341463414634,-3.2,106.4,109.6,True,2005,True
0,1,7,2,0.668,0.5722,2.8966,,3.8359,0,Pau Gasol,Jason Williams,10,Memphis Grizzlies,2004-05,2005.0,2000s,82.0,45.0,37.0,0.5487804878048781,2.7,104.2,101.5,True,2005,True
1,1,3,2,0.852,0.7652,3.1264,,3.8689,0,Shaquille O'Neal,Dwyane Wade,10,Miami Heat,2004-05,2005.0,2000s,82.0,59.0,23.0,0.7195121951219512,6.7,108.9,102.2,True,2005,True
0,0,2,4,0.6336,0.5471,2.5023,,3.1956,0,Michael Redd,Desmond Mason,10,Milwaukee Bucks,2004-05,2005.0,2000s,82.0,30.0,52.0,0.3658536585365853,-3.0,105.1,108.1,True,2005,True
1,1,4,3,0.9205,0.687,3.1528,,3.968,0,Kevin Garnett,Sam Cassell,10,Minnesota Timberwolves,2004-05,2005.0,2000s,82.0,44.0,38.0,0.5365853658536586,1.6,106.6,105.0,True,2005,True
0,2,1,3,0.7199,0.6981,2.7902,,3.4727,0,Jason Kidd,Vince Carter,10,New Jersey Nets,2004-05,2005.0,2000s,82.0,42.0,40.0,0.5121951219512195,-1.7,99.9,101.6,True,2005,True
0,0,2,3,0.504,0.4786,2.0807,,2.6597,0,P.J. Brown,Speedy Claxton,10,New Orleans Hornets,2004-05,2005.0,2000s,82.0,18.0,64.0,0.2195121951219512,-7.7,98.2,105.9,True,2005,True
0,1,2,4,0.7525,0.5477,2.706,,3.4564,0,Stephon Marbury,Kurt Thomas,10,New York Knicks,2004-05,2005.0,2000s,82.0,33.0,49.0,0.4024390243902439,-2.7,104.5,107.2,True,2005,True
0,1,3,3,0.724,0.5787,2.805,,3.6096,0,Steve Francis,Grant Hill,10,Orlando Magic,2004-05,2005.0,2000s,82.0,36.0,46.0,0.4390243902439024,-2.3,103.4,105.7,True,2005,True
0,2,1,4,0.7951,0.7062,2.8536,,3.5967,0,Allen Iverson,Chris Webber,10,Philadelphia 76ers,2004-05,2005.0,2000s,82.0,43.0,39.0,0.524390243902439,-0.7,101.8,102.5,True,2005,True
0,3,3,1,0.806,0.7733,3.3844,,4.2804,0,Steve Nash,Shawn Marion,9,Phoenix Suns,2004-05,2005.0,2000s,82.0,62.0,20.0,0.7560975609756098,7.0,112.7,105.7,True,2005,True
0,0,3,6,0.5691,0.5493,2.5559,,3.3507,0,Damon Stoudamire,Zach Randolph,10,Portland Trail Blazers,2004-05,2005.0,2000s,82.0,27.0,55.0,0.3292682926829268,-4.3,101.9,106.1,True,2005,True
0,2,4,3,0.7369,0.6637,3.1276,,3.9976,0,Mike Bibby,Peja Stojakovic,10,Sacramento Kings,2004-05,2005.0,2000s,82.0,50.0,32.0,0.6097560975609756,2.3,108.8,106.5,True,2005,True
1,2,6,1,0.896,0.7198,3.3762,,4.3532,0,Tim Duncan,Tony Parker,10,San Antonio Spurs,2004-05,2005.0,2000s,82.0,59.0,23.0,0.7195121951219512,8.3,106.1,97.8,True,2005,True
0,1,3,5,0.6963,0.6219,2.7649,,3.4945,0,Ray Allen,Rashard Lewis,10,Seattle SuperSonics,2004-05,2005.0,2000s,82.0,52.0,30.0,0.6341463414634146,2.3,110.3,108.0,True,2005,True
0,0,4,2,0.5668,0.5593,2.5927,,3.3559,0,Chris Bosh,Rafer Alston,10,Toronto Raptors,2004-05,2005.0,2000s,82.0,33.0,49.0,0.4024390243902439,-1.8,105.4,107.2,True,2005,True
0,0,4,3,0.6029,0.5373,2.5194,,3.2655,0,Andrei Kirilenko,Mehmet Okur,10,Utah Jazz,2004-05,2005.0,2000s,82.0,26.0,56.0,0.3170731707317073,-4.4,102.9,107.3,True,2005,True
0,1,2,4,0.6821,0.6245,2.6851,,3.2857,0,Gilbert Arenas,Antawn Jamison,10,Washington Wizards,2004-05,2005.0,2000s,82.0,45.0,37.0,0.5487804878048781,-0.4,105.4,105.9,True,2005,True
0,0,3,4,0.6588,0.5494,2.478,,3.1777,0,Joe Johnson,Al Harrington,9,Atlanta Hawks,2005-06,2006.0,2000s,82.0,26.0,56.0,0.3170731707317073,-5.3,104.8,110.1,True,2006,True
0,1,2,4,0.7864,0.5427,2.7182,,3.3697,0,Paul Pierce,Wally Szczerbiak,10,Boston Celtics,2005-06,2006.0,2000s,82.0,33.0,49.0,0.4024390243902439,-1.5,104.0,105.6,True,2006,True
0,0,3,4,0.5747,0.548,2.485,,3.1426,0,Brevin Knight,Raymond Felton,10,Charlotte Bobcats,2005-06,2006.0,2000s,82.0,26.0,56.0,0.3170731707317073,-4.4,101.2,105.6,True,2006,True
0,0,5,3,0.6447,0.5898,2.8003,,3.703,0,Kirk Hinrich,Ben Gordon,10,Chicago Bulls,2005-06,2006.0,2000s,82.0,41.0,41.0,0.5,0.7,103.3,102.7,True,2006,True
1,0,4,4,0.8928,0.6537,3.1525,,4.0417,0,LeBron James,Zydrunas Ilgauskas,10,Cleveland Cavaliers,2005-06,2006.0,2000s,82.0,50.0,32.0,0.6097560975609756,2.1,106.6,104.4,True,2006,True
1,0,6,2,0.8952,0.6628,3.2346,,4.108,0,Dirk Nowitzki,Jason Terry,10,Dallas Mavericks,2005-06,2006.0,2000s,82.0,60.0,22.0,0.7317073170731707,6.7,109.9,103.2,True,2006,True
0,2,3,3,0.7307,0.6799,3.0652,,3.8749,0,Carmelo Anthony,Andre Miller,10,Denver Nuggets,2005-06,2006.0,2000s,82.0,44.0,38.0,0.5365853658536586,0.3,104.4,104.1,True,2006,True
0,3,3,2,0.7809,0.7067,3.3505,,4.2986,0,Chauncey Billups,Richard Hamilton,8,Detroit Pistons,2005-06,2006.0,2000s,82.0,64.0,18.0,0.7804878048780488,7.6,109.3,101.7,True,2006,True
0,1,4,1,0.6805,0.6742,2.8223,,3.596,0,Jason Richardson,Baron Davis,10,Golden State Warriors,2005-06,2006.0,2000s,82.0,34.0,48.0,0.4146341463414634,-1.4,103.5,104.9,True,2006,True
0,2,1,5,0.7412,0.6934,2.9137,,3.7334,0,Tracy McGrady,Yao Ming,10,Houston Rockets,2005-06,2006.0,2000s,82.0,34.0,48.0,0.4146341463414634,-1.7,100.4,102.1,True,2006,True
0,1,4,5,0.6943,0.6234,2.9008,,3.7393,0,Jermaine O'Neal,Peja Stojakovic,10,Indiana Pacers,2005-06,2006.0,2000s,82.0,41.0,41.0,0.5,2.0,103.1,101.0,True,2006,True
0,2,4,1,0.7909,0.6929,3.0422,,3.5754,0,Elton Brand,Sam Cassell,10,Los Angeles Clippers,2005-06,2006.0,2000s,82.0,47.0,35.0,0.573170731707317,1.6,103.8,102.2,True,2006,True
0,1,2,4,0.8549,0.6634,2.9469,,3.6889,0,Kobe Bryant,Lamar Odom,10,Los Angeles Lakers,2005-06,2006.0,2000s,82.0,45.0,37.0,0.5487804878048781,2.6,106.8,104.2,True,2006,True
0,1,5,3,0.746,0.5792,2.9901,,3.7557,0,Pau Gasol,Eddie Jones,10,Memphis Grizzlies,2005-06,2006.0,2000s,82.0,49.0,33.0,0.5975609756097561,4.1,104.5,100.4,True,2006,True
0,2,5,2,0.8479,0.792,3.3646,,4.3315,0,Dwyane Wade,Shaquille O'Neal,10,Miami Heat,2005-06,2006.0,2000s,82.0,52.0,30.0,0.6341463414634146,4.1,107.5,103.4,True,2006,True
0,1,3,6,0.6824,0.5435,2.7345,,3.516,0,Michael Redd,T.J. Ford,10,Milwaukee Bucks,2005-06,2006.0,2000s,82.0,40.0,42.0,0.4878048780487805,-1.0,104.9,105.9,True,2006,True
1,0,1,7,0.8584,0.6087,2.8029,,3.5573,0,Kevin Garnett,Ricky Davis,10,Minnesota Timberwolves,2005-06,2006.0,2000s,82.0,33.0,49.0,0.4024390243902439,-2.0,101.5,103.5,True,2006,True
0,2,2,1,0.7719,0.7261,2.9167,,3.5833,0,Vince Carter,Jason Kidd,10,New Jersey Nets,2005-06,2006.0,2000s,82.0,49.0,33.0,0.5975609756097561,1.5,102.4,100.9,True,2006,True
0,1,1,3,0.7194,0.5098,2.5294,,3.2337,0,Chris Paul,Speedy Claxton,10,New Orleans/Oklahoma City Hornets,2005-06,2006.0,2000s,82.0,38.0,44.0,0.4634146341463415,-2.8,102.3,105.1,True,2006,True
0,0,3,5,0.6092,0.5908,2.6532,,3.4757,0,Stephon Marbury,Steve Francis,10,New York Knicks,2005-06,2006.0,2000s,82.0,23.0,59.0,0.2804878048780488,-6.6,102.7,109.3,True,2006,True
0,0,4,3,0.6168,0.5359,2.558,,3.266,0,Dwight Howard,Hedo Turkoglu,10,Orlando Magic,2005-06,2006.0,2000s,82.0,36.0,46.0,0.4390243902439024,-1.3,105.3,106.6,True,2006,True
0,2,1,2,0.8326,0.697,2.8381,,3.4821,0,Allen Iverson,Chris Webber,9,Philadelphia 76ers,2005-06,2006.0,2000s,82.0,38.0,44.0,0.4634146341463415,-1.8,104.7,106.5,True,2006,True
0,2,4,3,0.8412,0.8261,3.217,,4.1261,0,Steve Nash,Shawn Marion,9,Phoenix Suns,2005-06,2006.0,2000s,82.0,54.0,28.0,0.6585365853658537,5.4,110.2,104.7,True,2006,True
0,0,1,2,0.5246,0.3869,1.9517,,2.3883,0,Zach Randolph,Juan Dixon,10,Portland Trail Blazers,2005-06,2006.0,2000s,82.0,21.0,61.0,0.2560975609756097,-10.7,99.7,110.3,True,2006,True
0,1,5,2,0.7407,0.668,3.0946,,4.013,0,Mike Bibby,Brad Miller,9,Sacramento Kings,2005-06,2006.0,2000s,82.0,44.0,38.0,0.5365853658536586,1.8,105.3,103.5,True,2006,True
1,2,4,3,0.874,0.7533,3.3905,,4.3517,0,Tim Duncan,Tony Parker,10,San Antonio Spurs,2005-06,2006.0,2000s,82.0,63.0,19.0,0.7682926829268293,7.5,106.2,98.7,True,2006,True
0,1,3,2,0.7018,0.6261,2.6934,,3.3752,0,Ray Allen,Rashard Lewis,10,Seattle SuperSonics,2005-06,2006.0,2000s,82.0,35.0,47.0,0.4268292682926829,-3.3,109.4,112.7,True,2006,True
0,0,4,1,0.6303,0.6265,2.5744,,3.2358,0,Mike James,Chris Bosh,10,Toronto Raptors,2005-06,2006.0,2000s,82.0,27.0,55.0,0.3292682926829268,-3.2,107.9,111.2,True,2006,True
0,0,4,2,0.6261,0.6064,2.6395,,3.1645,0,Andrei Kirilenko,Mehmet Okur,10,Utah Jazz,2005-06,2006.0,2000s,82.0,41.0,41.0,0.5,-2.7,102.4,105.1,True,2006,True
0,1,3,3,0.7842,0.6724,2.907,,3.5716,0,Gilbert Arenas,Antawn Jamison,9,Washington Wizards,2005-06,2006.0,2000s,82.0,42.0,40.0,0.5121951219512195,1.9,107.7,105.8,True,2006,True
0,0,2,3,0.6003,0.5459,2.3629,24.39,3.4291,0,Joe Johnson,Josh Smith,10,Atlanta Hawks,2006-07,2007.0,2000s,82.0,30.0,52.0,0.3658536585365853,-5.1,102.0,107.0,True,2007,True
0,1,2,4,0.6698,0.5084,2.5052,23.0,3.7594,0,Paul Pierce,Al Jefferson,10,Boston Celtics,2006-07,2007.0,2000s,82.0,24.0,58.0,0.2926829268292683,-3.5,102.3,105.8,True,2007,True
0,0,4,2,0.5561,0.5528,2.4417,25.28,3.2055,0,Raymond Felton,Gerald Wallace,10,Charlotte Bobcats,2006-07,2007.0,2000s,82.0,33.0,49.0,0.4024390243902439,-3.9,102.4,106.3,True,2007,True
0,2,5,1,0.7055,0.6727,3.1634,26.37,4.2783,1,Kirk Hinrich,Ben Gordon,10,Chicago Bulls,2006-07,2007.0,2000s,82.0,49.0,33.0,0.5975609756097561,5.2,104.0,98.8,True,2007,True
1,0,4,3,0.9054,0.6355,3.1269,27.23,3.832,1,LeBron James,Zydrunas Ilgauskas,10,Cleveland Cavaliers,2006-07,2007.0,2000s,82.0,50.0,32.0,0.6097560975609756,3.8,104.4,100.6,True,2007,True
1,2,3,4,0.9022,0.7097,3.3497,28.32,3.8998,0,Dirk Nowitzki,Jason Terry,10,Dallas Mavericks,2006-07,2007.0,2000s,82.0,67.0,15.0,0.8170731707317073,7.6,109.7,102.1,True,2007,True
0,3,1,5,0.798,0.7526,3.0748,27.1,3.8396,1,Allen Iverson,Carmelo Anthony,10,Denver Nuggets,2006-07,2007.0,2000s,82.0,45.0,37.0,0.5487804878048781,1.7,106.7,105.1,True,2007,True
0,2,5,3,0.7512,0.6968,3.3205,29.48,3.6893,0,Chauncey Billups,Richard Hamilton,10,Detroit Pistons,2006-07,2007.0,2000s,82.0,53.0,29.0,0.6463414634146342,4.8,107.4,102.6,True,2007,True
0,1,4,4,0.6997,0.5947,2.8821,25.39,4.066,0,Baron Davis,Jason Richardson,10,Golden State Warriors,2006-07,2007.0,2000s,82.0,42.0,40.0,0.5121951219512195,-0.3,106.2,106.5,True,2007,True
0,2,4,3,0.8078,0.72,3.166,28.95,3.717,0,Tracy McGrady,Yao Ming,10,Houston Rockets,2006-07,2007.0,2000s,82.0,52.0,30.0,0.6341463414634146,4.9,104.7,99.7,True,2007,True
0,0,5,3,0.658,0.5338,2.6268,28.0,3.2387,0,Jermaine O'Neal,Jamaal Tinsley,10,Indiana Pacers,2006-07,2007.0,2000s,82.0,35.0,47.0,0.4268292682926829,-2.5,101.9,104.4,True,2007,True
0,1,4,2,0.7722,0.5916,2.9145,28.11,3.5363,0,Elton Brand,Sam Cassell,10,Los Angeles Clippers,2006-07,2007.0,2000s,82.0,40.0,42.0,0.4878048780487805,-0.4,103.8,104.2,True,2007,True
0,1,3,4,0.8643,0.6037,2.8736,25.59,3.8382,0,Kobe Bryant,Lamar Odom,10,Los Angeles Lakers,2006-07,2007.0,2000s,82.0,42.0,40.0,0.5121951219512195,-0.2,107.3,107.5,True,2007,True
0,1,2,4,0.6717,0.5489,2.4962,26.63,3.105,0,Pau Gasol,Mike Miller,10,Memphis Grizzlies,2006-07,2007.0,2000s,82.0,22.0,60.0,0.2682926829268293,-5.2,105.7,110.9,True,2007,True
0,1,4,3,0.7977,0.5032,2.7658,29.78,3.0737,0,Dwyane Wade,Udonis Haslem,10,Miami Heat,2006-07,2007.0,2000s,82.0,44.0,38.0,0.5365853658536586,-1.2,103.4,104.6,True,2007,True
0,0,5,2,0.6052,0.5336,2.6011,27.21,3.2857,0,Michael Redd,Mo Williams,10,Milwaukee Bucks,2006-07,2007.0,2000s,82.0,28.0,54.0,0.3414634146341463,-4.3,106.0,110.3,True,2007,True
0,1,2,3,0.7924,0.5895,2.7289,28.27,3.2278,0,Kevin Garnett,Ricky Davis,10,Minnesota Timberwolves,2006-07,2007.0,2000s,82.0,32.0,50.0,0.3902439024390244,-4.0,102.4,106.5,True,2007,True
0,2,1,2,0.7831,0.7229,2.8044,28.64,3.0689,0,Vince Carter,Jason Kidd,10,New Jersey Nets,2006-07,2007.0,2000s,82.0,41.0,41.0,0.5,-0.9,104.2,105.1,True,2007,True
0,1,2,5,0.6838,0.4847,2.5687,26.82,3.3569,1,Chris Paul,Tyson Chandler,10,New Orleans/Oklahoma City Hornets,2006-07,2007.0,2000s,82.0,39.0,43.0,0.4756097560975609,-1.6,103.7,105.4,True,2007,True
0,0,3,5,0.5583,0.4983,2.4131,25.78,3.2148,0,Stephon Marbury,Eddy Curry,10,New York Knicks,2006-07,2007.0,2000s,82.0,33.0,49.0,0.4024390243902439,-3.1,104.3,107.4,True,2007,True
0,1,4,1,0.663,0.5385,2.6569,26.39,3.5738,1,Dwight Howard,Jameer Nelson,10,Orlando Magic,2006-07,2007.0,2000s,82.0,40.0,42.0,0.4878048780487805,0.8,104.1,103.3,True,2007,True
0,0,2,4,0.6341,0.5797,2.4776,26.52,3.1465,0,Andre Miller,Andre Iguodala,10,Philadelphia 76ers,2006-07,2007.0,2000s,82.0,35.0,47.0,0.4268292682926829,-3.2,102.4,105.6,True,2007,True
1,2,3,3,0.8745,0.8306,3.6709,27.93,4.2624,1,Steve Nash,Amar'e Stoudemire,9,Phoenix Suns,2006-07,2007.0,2000s,82.0,61.0,21.0,0.7439024390243902,7.4,112.9,105.5,True,2007,True
0,0,1,2,0.5661,0.4634,2.1528,24.04,3.1713,0,Zach Randolph,Brandon Roy,10,Portland Trail Blazers,2006-07,2007.0,2000s,82.0,32.0,50.0,0.3902439024390244,-4.8,103.8,108.6,True,2007,True
0,1,4,3,0.6658,0.6102,2.8002,27.61,3.4232,0,Mike Bibby,Metta World Peace,10,Sacramento Kings,2006-07,2007.0,2000s,82.0,33.0,49.0,0.4024390243902439,-1.6,105.1,106.7,True,2007,True
1,2,3,4,0.8957,0.7838,3.4459,31.41,3.3896,0,Tim Duncan,Tony Parker,10,San Antonio Spurs,2006-07,2007.0,2000s,82.0,58.0,24.0,0.7073170731707317,9.2,108.6,99.4,True,2007,True
0,0,4,2,0.6521,0.5936,2.6631,26.41,3.4274,0,Ray Allen,Rashard Lewis,10,Seattle SuperSonics,2006-07,2007.0,2000s,82.0,31.0,51.0,0.3780487804878049,-3.0,105.9,108.9,True,2007,True
0,1,3,5,0.6896,0.6376,2.7906,26.64,3.7711,1,Chris Bosh,T.J. Ford,10,Toronto Raptors,2006-07,2007.0,2000s,82.0,47.0,35.0,0.573170731707317,1.2,105.7,104.4,True,2007,True
0,0,7,0,0.6567,0.6494,3.0152,26.95,3.9971,0,Deron Williams,Carlos Boozer,10,Utah Jazz,2006-07,2007.0,2000s,82.0,51.0,31.0,0.6219512195121951,3.0,108.6,105.6,True,2007,True
0,1,2,4,0.8201,0.6456,2.9311,27.61,3.506,0,Gilbert Arenas,Antawn Jamison,10,Washington Wizards,2006-07,2007.0,2000s,82.0,41.0,41.0,0.5,-0.4,108.7,109.1,True,2007,True
0,0,4,3,0.6439,0.6428,2.7387,,3.4754,0,Josh Smith,Joe Johnson,8,Atlanta Hawks,2007-08,2008.0,2000s,82.0,37.0,45.0,0.4512195121951219,-1.8,105.5,107.3,True,2008,True
0,2,4,4,0.8073,0.7248,3.3,,4.0978,0,Kevin Garnett,Paul Pierce,10,Boston Celtics,2007-08,2008.0,2000s,82.0,66.0,16.0,0.8048780487804879,10.8,108.8,98.1,True,2008,True
0,0,4,1,0.6217,0.5688,2.6372,,3.268,0,Jason Richardson,Gerald Wallace,10,Charlotte Bobcats,2007-08,2008.0,2000s,82.0,32.0,50.0,0.3902439024390244,-4.5,103.7,108.2,True,2008,True
0,0,6,3,0.6136,0.612,2.8627,,3.7531,0,Ben Gordon,Kirk Hinrich,10,Chicago Bulls,2007-08,2008.0,2000s,82.0,33.0,49.0,0.4024390243902439,-3.1,102.9,106.0,True,2008,True
1,0,2,5,0.8727,0.608,2.894,,3.6377,0,LeBron James,Zydrunas Ilgauskas,10,Cleveland Cavaliers,2007-08,2008.0,2000s,82.0,45.0,37.0,0.5487804878048781,-0.6,104.8,105.4,True,2008,True
1,3,3,0,0.8515,0.7399,3.3787,,4.252,0,Dirk Nowitzki,Jason Kidd,10,Dallas Mavericks,2007-08,2008.0,2000s,82.0,51.0,31.0,0.6219512195121951,4.8,109.5,104.7,True,2008,True
0,3,3,2,0.8134,0.7834,3.3021,,4.2122,0,Allen Iverson,Carmelo Anthony,10,Denver Nuggets,2007-08,2008.0,2000s,82.0,50.0,32.0,0.6097560975609756,3.4,108.9,105.5,True,2008,True
0,3,5,1,0.7668,0.686,3.2864,,4.2414,0,Chauncey Billups,Richard Hamilton,10,Detroit Pistons,2007-08,2008.0,2000s,82.0,59.0,23.0,0.7195121951219512,8.3,109.8,101.5,True,2008,True
0,1,4,3,0.7719,0.6121,3.0335,,3.9088,0,Baron Davis,Stephen Jackson,8,Golden State Warriors,2007-08,2008.0,2000s,82.0,48.0,34.0,0.5853658536585366,1.9,110.4,108.5,True,2008,True
0,2,4,3,0.7649,0.7042,3.1507,,4.0502,0,Tracy McGrady,Yao Ming,10,Houston Rockets,2007-08,2008.0,2000s,82.0,55.0,27.0,0.6707317073170732,4.8,105.4,100.5,True,2008,True
0,0,5,3,0.5834,0.5687,2.6945,,3.3654,0,Mike Dunleavy,Danny Granger,10,Indiana Pacers,2007-08,2008.0,2000s,82.0,36.0,46.0,0.4390243902439024,-1.2,105.1,106.3,True,2008,True
0,0,2,4,0.5583,0.5078,2.3717,,2.9693,0,Corey Maggette,Chris Kaman,10,Los Angeles Clippers,2007-08,2008.0,2000s,82.0,23.0,59.0,0.2804878048780488,-7.5,99.9,107.4,True,2008,True
1,2,5,2,0.9085,0.6991,3.3632,,4.2294,0,Kobe Bryant,Pau Gasol,10,Los Angeles Lakers,2007-08,2008.0,2000s,82.0,57.0,25.0,0.6951219512195121,7.3,111.7,104.3,True,2008,True
0,0,2,4,0.5252,0.5191,2.3002,,2.8827,0,Rudy Gay,Mike Miller,10,Memphis Grizzlies,2007-08,2008.0,2000s,82.0,22.0,60.0,0.2682926829268293,-6.3,103.9,110.2,True,2008,True
0,1,2,2,0.6697,0.6543,2.5753,,3.1771,0,Dwyane Wade,Shawn Marion,10,Miami Heat,2007-08,2008.0,2000s,82.0,15.0,67.0,0.1829268292682926,-9.4,99.4,108.8,True,2008,True
0,0,3,2,0.5843,0.532,2.4095,,3.1054,0,Michael Redd,Mo Williams,10,Milwaukee Bucks,2007-08,2008.0,2000s,82.0,26.0,56.0,0.3170731707317073,-7.2,103.9,111.1,True,2008,True
0,0,1,2,0.6024,0.4291,2.1914,,2.8164,0,Al Jefferson,Ryan Gomes,10,Minnesota Timberwolves,2007-08,2008.0,2000s,82.0,22.0,60.0,0.2682926829268293,-7.3,102.7,110.0,True,2008,True
0,1,2,1,0.7123,0.5726,2.5542,,3.2302,0,Vince Carter,Richard Jefferson,10,New Jersey Nets,2007-08,2008.0,2000s,82.0,34.0,48.0,0.4146341463414634,-5.4,102.3,107.7,True,2008,True
0,1,4,3,0.8052,0.6463,3.0567,,3.8718,0,Chris Paul,David West,10,New Orleans Hornets,2007-08,2008.0,2000s,82.0,56.0,26.0,0.6829268292682927,5.6,110.0,104.4,True,2008,True
0,0,2,4,0.5644,0.5367,2.3484,,2.9028,0,Zach Randolph,Jamal Crawford,10,New York Knicks,2007-08,2008.0,2000s,82.0,23.0,59.0,0.2804878048780488,-6.8,103.5,110.4,True,2008,True
0,1,3,5,0.7534,0.6463,3.0008,,3.8425,0,Dwight Howard,Hedo Turkoglu,10,Orlando Magic,2007-08,2008.0,2000s,82.0,52.0,30.0,0.6341463414634146,5.6,110.4,104.9,True,2008,True
0,1,2,4,0.6613,0.6586,2.7151,,3.4826,0,Andre Iguodala,Andre Miller,9,Philadelphia 76ers,2007-08,2008.0,2000s,82.0,40.0,42.0,0.4878048780487805,0.5,105.1,104.7,True,2008,True
0,2,5,0,0.8416,0.8413,3.4738,,4.4111,0,Steve Nash,Amar'e Stoudemire,9,Phoenix Suns,2007-08,2008.0,2000s,82.0,55.0,27.0,0.6707317073170732,5.0,112.0,107.0,True,2008,True
0,0,2,5,0.5919,0.5206,2.4456,,3.1196,0,Brandon Roy,LaMarcus Aldridge,10,Portland Trail Blazers,2007-08,2008.0,2000s,82.0,41.0,41.0,0.5,-0.8,105.9,106.8,True,2008,True
0,0,3,4,0.5968,0.5698,2.6182,,3.4137,0,Metta World Peace,Kevin Martin,10,Sacramento Kings,2007-08,2008.0,2000s,82.0,38.0,44.0,0.4634146341463415,-2.4,106.2,108.6,True,2008,True
1,2,2,4,0.8487,0.7556,3.2574,,4.0961,0,Tim Duncan,Manu Ginobili,10,San Antonio Spurs,2007-08,2008.0,2000s,82.0,56.0,26.0,0.6829268292682927,5.3,106.0,100.7,True,2008,True
0,0,2,3,0.5512,0.4857,2.3063,,3.0116,0,Kevin Durant,Earl Watson,9,Seattle SuperSonics,2007-08,2008.0,2000s,82.0,20.0,62.0,0.2439024390243902,-8.6,99.6,108.3,True,2008,True
0,1,4,4,0.7118,0.6244,2.9768,,3.6578,0,Chris Bosh,T.J. Ford,10,Toronto Raptors,2007-08,2008.0,2000s,82.0,41.0,41.0,0.5,3.3,108.9,105.6,True,2008,True
0,2,5,2,0.7609,0.7564,3.2821,,4.2762,0,Deron Williams,Carlos Boozer,10,Utah Jazz,2007-08,2008.0,2000s,82.0,54.0,28.0,0.6585365853658537,7.2,112.1,104.9,True,2008,True
0,1,2,5,0.6778,0.6228,2.7021,,3.5077,0,Antawn Jamison,Caron Butler,10,Washington Wizards,2007-08,2008.0,2000s,82.0,43.0,39.0,0.524390243902439,-0.3,107.6,107.9,True,2008,True
0,1,3,4,0.6951,0.6411,2.9377,,3.8092,0,Joe Johnson,Josh Smith,10,Atlanta Hawks,2008-09,2009.0,2000s,82.0,47.0,35.0,0.573170731707317,1.7,108.3,106.7,True,2009,True
0,4,3,3,0.7483,0.7429,3.3282,,4.3281,0,Kevin Garnett,Paul Pierce,10,Boston Celtics,2008-09,2009.0,2000s,82.0,62.0,20.0,0.7560975609756098,7.9,109.5,101.6,True,2009,True
0,0,4,3,0.606,0.5934,2.7647,,3.5788,0,Raymond Felton,Gerald Wallace,8,Charlotte Bobcats,2008-09,2009.0,2000s,82.0,35.0,47.0,0.4268292682926829,-1.3,103.7,105.0,True,2009,True
0,1,6,2,0.6632,0.6378,2.9719,,3.9628,0,Derrick Rose,Ben Gordon,10,Chicago Bulls,2008-09,2009.0,2000s,82.0,41.0,41.0,0.5,-0.3,107.2,107.5,True,2009,True
1,0,4,4,0.9244,0.6454,3.2066,,4.0655,0,LeBron James,Mo Williams,10,Cleveland Cavaliers,2008-09,2009.0,2000s,82.0,66.0,16.0,0.8048780487804879,9.6,111.2,101.6,True,2009,True
0,3,1,4,0.8263,0.7116,3.2678,,4.1332,0,Dirk Nowitzki,Jason Kidd,10,Dallas Mavericks,2008-09,2009.0,2000s,82.0,50.0,32.0,0.6097560975609756,2.0,109.0,107.0,True,2009,True
0,2,5,1,0.7548,0.7373,3.2657,,4.2849,0,Carmelo Anthony,Chauncey Billups,10,Denver Nuggets,2008-09,2009.0,2000s,82.0,54.0,28.0,0.6585365853658537,3.4,109.0,105.6,True,2009,True
0,0,6,1,0.6627,0.6278,2.99,,3.8439,0,Allen Iverson,Richard Hamilton,10,Detroit Pistons,2008-09,2009.0,2000s,82.0,39.0,43.0,0.4756097560975609,-0.6,105.8,106.4,True,2009,True
0,0,5,5,0.6089,0.5576,2.7926,,3.599,0,Stephen Jackson,Andris Biedrins,10,Golden State Warriors,2008-09,2009.0,2000s,82.0,29.0,53.0,0.3536585365853658,-3.7,108.0,111.7,True,2009,True
0,1,4,4,0.7316,0.6434,3.1016,,3.9069,0,Yao Ming,Tracy McGrady,10,Houston Rockets,2008-09,2009.0,2000s,82.0,53.0,29.0,0.6463414634146342,4.2,107.1,102.9,True,2009,True
0,0,4,4,0.6609,0.6232,2.8357,,3.6043,0,Danny Granger,T.J. Ford,10,Indiana Pacers,2008-09,2009.0,2000s,82.0,36.0,46.0,0.4390243902439024,-1.0,107.2,108.2,True,2009,True
0,0,3,3,0.6552,0.5734,2.5686,,3.2136,0,Baron Davis,Marcus Camby,10,Los Angeles Clippers,2008-09,2009.0,2000s,82.0,19.0,63.0,0.2317073170731707,-9.2,101.0,110.1,True,2009,True
1,2,3,3,0.9205,0.7527,3.4752,,4.4496,0,Kobe Bryant,Pau Gasol,10,Los Angeles Lakers,2008-09,2009.0,2000s,82.0,65.0,17.0,0.7926829268292683,7.9,111.4,103.5,True,2009,True
0,0,3,2,0.5531,0.5437,2.3837,,3.0058,0,O.J. Mayo,Rudy Gay,10,Memphis Grizzlies,2008-09,2009.0,2000s,82.0,24.0,58.0,0.2926829268292683,-6.0,102.3,108.2,True,2009,True
0,1,3,2,0.7635,0.5741,2.8412,,3.5429,0,Dwyane Wade,Michael Beasley,10,Miami Heat,2008-09,2009.0,2000s,82.0,43.0,39.0,0.524390243902439,0.3,106.8,106.5,True,2009,True
0,0,4,3,0.6168,0.5947,2.7203,,3.4597,0,Ramon Sessions,Richard Jefferson,10,Milwaukee Bucks,2008-09,2009.0,2000s,82.0,34.0,48.0,0.4146341463414634,-1.1,105.2,106.3,True,2009,True
0,0,2,5,0.6231,0.5164,2.5191,,3.2751,0,Al Jefferson,Kevin Love,10,Minnesota Timberwolves,2008-09,2009.0,2000s,82.0,24.0,58.0,0.2926829268292683,-5.0,104.9,109.9,True,2009,True
0,1,2,2,0.6943,0.6267,2.6833,,3.4049,0,Vince Carter,Devin Harris,10,New Jersey Nets,2008-09,2009.0,2000s,82.0,34.0,48.0,0.4146341463414634,-2.7,106.8,109.5,True,2009,True
1,1,1,4,0.8597,0.6825,2.9472,,3.6606,0,Chris Paul,David West,10,New Orleans Hornets,2008-09,2009.0,2000s,82.0,49.0,33.0,0.5975609756097561,1.8,107.6,105.8,True,2009,True
0,0,3,5,0.5887,0.5588,2.6296,,3.3256,0,Al Harrington,David Lee,9,New York Knicks,2008-09,2009.0,2000s,82.0,32.0,50.0,0.3902439024390244,-2.5,107.0,109.4,True,2009,True
0,0,2,3,0.6219,0.5844,2.4467,,3.0672,0,Kevin Durant,Russell Westbrook,10,Oklahoma City Thunder,2008-09,2009.0,2000s,82.0,23.0,59.0,0.2804878048780488,-6.2,101.4,107.6,True,2009,True
1,2,2,4,0.8279,0.6895,3.3199,,4.252,0,Dwight Howard,Hedo Turkoglu,10,Orlando Magic,2008-09,2009.0,2000s,82.0,59.0,23.0,0.7195121951219512,7.1,108.3,101.3,True,2009,True
0,2,3,3,0.6997,0.6759,2.933,,3.7274,0,Andre Iguodala,Andre Miller,10,Philadelphia 76ers,2008-09,2009.0,2000s,82.0,41.0,41.0,0.5,0.2,106.3,106.1,True,2009,True
0,2,5,1,0.7722,0.718,3.3278,,4.2979,0,Steve Nash,Amar'e Stoudemire,10,Phoenix Suns,2008-09,2009.0,2000s,82.0,46.0,36.0,0.5609756097560976,2.0,112.4,110.4,True,2009,True
0,1,5,4,0.7158,0.6356,2.9596,,3.8713,0,Brandon Roy,LaMarcus Aldridge,10,Portland Trail Blazers,2008-09,2009.0,2000s,82.0,54.0,28.0,0.6585365853658537,6.0,112.1,106.1,True,2009,True
0,0,1,6,0.528,0.4388,2.2768,,3.0316,0,Kevin Martin,Andres Nocioni,10,Sacramento Kings,2008-09,2009.0,2000s,82.0,17.0,65.0,0.2073170731707317,-9.0,104.4,113.4,True,2009,True
0,3,1,5,0.8241,0.7619,3.2686,,3.8048,0,Tim Duncan,Tony Parker,10,San Antonio Spurs,2008-09,2009.0,2000s,82.0,54.0,28.0,0.6585365853658537,4.2,107.6,103.4,True,2009,True
0,1,4,0,0.7169,0.6171,2.7963,,3.5507,0,Chris Bosh,Jose Calderon,8,Toronto Raptors,2008-09,2009.0,2000s,82.0,33.0,49.0,0.4024390243902439,-3.0,105.5,108.6,True,2009,True
0,1,5,2,0.793,0.66,3.2545,,4.249,0,Deron Williams,Carlos Boozer,10,Utah Jazz,2008-09,2009.0,2000s,82.0,48.0,34.0,0.5853658536585366,2.7,108.5,105.8,True,2009,True
0,0,2,1,0.6563,0.5924,2.3973,,2.9185,0,Antawn Jamison,Caron Butler,10,Washington Wizards,2008-09,2009.0,2000s,82.0,19.0,63.0,0.2317073170731707,-8.1,104.0,112.1,True,2009,True
0,2,4,2,0.7519,0.7361,3.2744,,4.2088,0,Joe Johnson,Josh Smith,10,Atlanta Hawks,2009-10,2010.0,2000s,82.0,53.0,29.0,0.6463414634146342,4.9,111.0,106.0,True,2010,True
0,3,4,2,0.7728,0.7148,3.41,,4.4119,0,Rajon Rondo,Paul Pierce,10,Boston Celtics,2009-10,2010.0,2000s,82.0,50.0,32.0,0.6097560975609756,3.7,106.9,103.2,True,2010,True
0,0,5,3,0.6773,0.6564,3.0367,,3.9056,0,Stephen Jackson,Gerald Wallace,10,Charlotte Bobcats,2009-10,2010.0,2000s,82.0,44.0,38.0,0.5365853658536586,1.9,103.9,102.0,True,2010,True
0,1,3,4,0.6932,0.5424,2.8225,,3.7542,0,Derrick Rose,Luol Deng,10,Chicago Bulls,2009-10,2010.0,2000s,82.0,41.0,41.0,0.5,-1.6,102.6,104.2,True,2010,True
1,0,6,2,0.9466,0.6788,3.507,,4.4209,0,LeBron James,Antawn Jamison,10,Cleveland Cavaliers,2009-10,2010.0,2000s,82.0,61.0,21.0,0.7439024390243902,6.8,110.6,103.8,True,2010,True
0,2,4,3,0.8285,0.72,3.3765,,4.3558,0,Dirk Nowitzki,Jason Kidd,10,Dallas Mavericks,2009-10,2010.0,2000s,82.0,55.0,27.0,0.6707317073170732,2.8,107.8,105.0,True,2010,True
0,2,5,1,0.7961,0.7438,3.386,,4.3666,0,Carmelo Anthony,Chauncey Billups,10,Denver Nuggets,2009-10,2010.0,2000s,82.0,53.0,29.0,0.6463414634146342,4.4,110.8,106.5,True,2010,True
0,0,4,3,0.5652,0.5238,2.6129,,3.4845,0,Rodney Stuckey,Richard Hamilton,10,Detroit Pistons,2009-10,2010.0,2000s,82.0,27.0,55.0,0.3292682926829268,-5.9,104.5,110.3,True,2010,True
0,0,3,3,0.6744,0.6047,2.7278,,3.4822,0,Stephen Curry,Monta Ellis,10,Golden State Warriors,2009-10,2010.0,2000s,82.0,26.0,56.0,0.3170731707317073,-3.3,107.0,110.3,True,2010,True
0,0,5,2,0.6316,0.6034,2.8307,,3.6,0,Luis Scola,Aaron Brooks,10,Houston Rockets,2009-10,2010.0,2000s,82.0,42.0,40.0,0.5121951219512195,0.0,106.8,106.8,True,2010,True
0,0,4,4,0.6771,0.5991,2.8005,,3.6628,0,Danny Granger,Troy Murphy,10,Indiana Pacers,2009-10,2010.0,2000s,82.0,32.0,50.0,0.3902439024390244,-3.0,103.0,106.0,True,2010,True
0,0,1,6,0.6412,0.4892,2.5502,,3.2584,0,Baron Davis,Chris Kaman,10,Los Angeles Clippers,2009-10,2010.0,2000s,82.0,29.0,53.0,0.3536585365853658,-6.8,102.3,109.1,True,2010,True
1,2,3,3,0.8916,0.7678,3.5425,,4.5808,0,Kobe Bryant,Pau Gasol,10,Los Angeles Lakers,2009-10,2010.0,2000s,82.0,57.0,25.0,0.6951219512195121,4.9,107.6,102.7,True,2010,True
0,0,5,1,0.6374,0.6149,2.8663,,3.7049,0,Zach Randolph,Rudy Gay,10,Memphis Grizzlies,2009-10,2010.0,2000s,82.0,40.0,42.0,0.4878048780487805,-1.5,107.5,109.0,True,2010,True
1,0,2,5,0.8389,0.609,3.0325,,3.8311,0,Dwyane Wade,Michael Beasley,10,Miami Heat,2009-10,2010.0,2000s,82.0,47.0,35.0,0.573170731707317,2.4,105.7,103.4,True,2010,True
0,1,5,1,0.7033,0.6008,3.0032,,3.8995,0,Brandon Jennings,Andrew Bogut,10,Milwaukee Bucks,2009-10,2010.0,2000s,82.0,46.0,36.0,0.5609756097560976,2.1,104.0,101.9,True,2010,True
0,0,2,4,0.6045,0.5133,2.4067,,3.0459,0,Al Jefferson,Kevin Love,10,Minnesota Timberwolves,2009-10,2010.0,2000s,82.0,15.0,67.0,0.1829268292682926,-9.8,100.6,110.4,True,2010,True
0,0,2,1,0.5921,0.5757,2.3102,,2.7986,0,Brook Lopez,Devin Harris,10,New Jersey Nets,2009-10,2010.0,2000s,82.0,12.0,70.0,0.1463414634146341,-9.6,99.3,108.9,True,2010,True
0,2,3,1,0.7762,0.6944,3.0674,,3.9196,0,Chris Paul,David West,10,New Orleans Hornets,2009-10,2010.0,2000s,82.0,37.0,45.0,0.4512195121951219,-2.4,106.5,108.9,True,2010,True
0,0,3,5,0.6717,0.5803,2.7507,,3.5387,0,David Lee,Al Harrington,10,New York Knicks,2009-10,2010.0,2000s,82.0,29.0,53.0,0.3536585365853658,-4.0,106.4,110.3,True,2010,True
0,2,2,4,0.7837,0.7196,3.0794,,3.8864,0,Kevin Durant,Russell Westbrook,9,Oklahoma City Thunder,2009-10,2010.0,2000s,82.0,50.0,32.0,0.6097560975609756,3.5,107.0,103.5,True,2010,True
1,1,3,5,0.8658,0.6984,3.3731,,4.3617,0,Dwight Howard,Vince Carter,10,Orlando Magic,2009-10,2010.0,2000s,82.0,59.0,23.0,0.7195121951219512,7.9,110.7,102.8,True,2010,True
0,1,1,7,0.6992,0.5407,2.7666,,3.603,0,Andre Iguodala,Lou Williams,10,Philadelphia 76ers,2009-10,2010.0,2000s,82.0,27.0,55.0,0.3292682926829268,-4.1,104.8,108.9,True,2010,True
0,2,3,5,0.8058,0.758,3.3134,,4.2024,0,Steve Nash,Amar'e Stoudemire,10,Phoenix Suns,2009-10,2010.0,2000s,82.0,54.0,28.0,0.6585365853658537,4.8,113.9,109.1,True,2010,True
0,3,1,4,0.7368,0.696,3.165,,4.0573,0,Brandon Roy,LaMarcus Aldridge,10,Portland Trail Blazers,2009-10,2010.0,2000s,82.0,50.0,32.0,0.6097560975609756,3.5,109.6,106.1,True,2010,True
0,0,2,4,0.6668,0.5207,2.5969,,3.3467,0,Tyreke Evans,Carl Landry,10,Sacramento Kings,2009-10,2010.0,2000s,82.0,25.0,57.0,0.3048780487804878,-4.7,104.4,109.1,True,2010,True
0,3,3,3,0.825,0.7222,3.4054,,4.2317,0,Tim Duncan,Manu Ginobili,10,San Antonio Spurs,2009-10,2010.0,2000s,82.0,50.0,32.0,0.6097560975609756,5.4,109.3,103.9,True,2010,True
0,1,4,0,0.7361,0.6152,2.9447,,3.7403,0,Chris Bosh,Hedo Turkoglu,10,Toronto Raptors,2009-10,2010.0,2000s,82.0,40.0,42.0,0.4878048780487805,-2.0,110.2,112.2,True,2010,True
0,2,4,2,0.8374,0.7394,3.3975,,4.3977,0,Deron Williams,Carlos Boozer,9,Utah Jazz,2009-10,2010.0,2000s,82.0,53.0,29.0,0.6463414634146342,5.7,109.7,104.0,True,2010,True
0,0,2,4,0.5501,0.514,2.4054,,2.9997,0,Gilbert Arenas,Andray Blatche,10,Washington Wizards,2009-10,2010.0,2000s,82.0,26.0,56.0,0.3170731707317073,-5.3,103.1,108.3,True,2010,True
0,2,2,3,0.7151,0.6834,3.0545,,3.9209,0,Josh Smith,Joe Johnson,10,Atlanta Hawks,2010-11,2011.0,2010s,82.0,44.0,38.0,0.537,-0.7,105.1,105.8,True,2011,True
0,3,4,1,0.7567,0.7236,3.3703,,4.2358,0,Rajon Rondo,Paul Pierce,10,Boston Celtics,2010-11,2011.0,2010s,82.0,56.0,26.0,0.683,5.7,105.5,99.8,True,2011,True
0,0,4,1,0.6279,0.5624,2.5867,,3.3043,0,Stephen Jackson,Boris Diaw,10,Charlotte Bobcats,2010-11,2011.0,2010s,82.0,34.0,48.0,0.415,-4.2,102.8,107.0,True,2011,True
0,2,3,4,0.8342,0.7153,3.2908,,4.1607,0,Derrick Rose,Carlos Boozer,10,Chicago Bulls,2010-11,2011.0,2010s,82.0,62.0,20.0,0.756,7.8,107.2,99.5,True,2011,True
0,0,3,4,0.5554,0.5503,2.4358,,2.906,0,Antawn Jamison,Baron Davis,10,Cleveland Cavaliers,2010-11,2011.0,2010s,82.0,19.0,63.0,0.232,-9.5,101.5,110.9,True,2011,True
0,2,4,3,0.805,0.6855,3.2557,,4.1639,0,Dirk Nowitzki,Jason Kidd,10,Dallas Mavericks,2010-11,2011.0,2010s,82.0,57.0,25.0,0.695,4.4,108.4,104.1,True,2011,True
0,2,6,2,0.6976,0.6785,3.2261,,4.2776,0,Raymond Felton,Nene,10,Denver Nuggets,2010-11,2011.0,2010s,82.0,50.0,32.0,0.61,4.9,111.7,106.8,True,2011,True
0,0,1,7,0.5702,0.4905,2.5341,,3.335,0,Rodney Stuckey,Tayshaun Prince,10,Detroit Pistons,2010-11,2011.0,2010s,82.0,30.0,52.0,0.366,-3.7,107.0,110.7,True,2011,True
0,1,3,1,0.6796,0.6713,2.8688,,3.6232,0,Monta Ellis,Stephen Curry,10,Golden State Warriors,2010-11,2011.0,2010s,82.0,36.0,46.0,0.439,-2.3,107.1,109.4,True,2011,True
0,0,4,6,0.6742,0.6367,2.9256,,3.7582,0,Luis Scola,Kevin Martin,10,Houston Rockets,2010-11,2011.0,2010s,82.0,43.0,39.0,0.524,2.3,110.2,107.9,True,2011,True
0,0,3,5,0.6765,0.5774,2.6992,,3.4914,0,Danny Granger,Darren Collison,10,Indiana Pacers,2010-11,2011.0,2010s,82.0,37.0,45.0,0.451,-0.9,104.1,105.0,True,2011,True
0,1,2,3,0.7808,0.5996,2.7457,,3.3513,0,Blake Griffin,Mo Williams,10,Los Angeles Clippers,2010-11,2011.0,2010s,82.0,32.0,50.0,0.39,-3.2,104.8,108.0,True,2011,True
1,2,5,1,0.8976,0.8071,3.5605,,4.4935,0,Kobe Bryant,Pau Gasol,9,Los Angeles Lakers,2010-11,2011.0,2010s,82.0,57.0,25.0,0.695,6.3,109.6,103.3,True,2011,True
0,1,4,4,0.7094,0.6134,3.059,,3.9612,0,Zach Randolph,Mike Conley,10,Memphis Grizzlies,2010-11,2011.0,2010s,82.0,46.0,36.0,0.561,2.5,107.0,104.5,True,2011,True
2,1,1,4,0.9738,0.9024,3.5639,,4.263,0,LeBron James,Dwyane Wade,10,Miami Heat,2010-11,2011.0,2010s,82.0,58.0,24.0,0.707,7.8,110.6,102.9,True,2011,True
0,0,4,3,0.6209,0.5985,2.7451,,3.5786,0,Brandon Jennings,Andrew Bogut,10,Milwaukee Bucks,2010-11,2011.0,2010s,82.0,35.0,47.0,0.427,-0.8,100.8,101.5,True,2011,True
0,0,3,0,0.6117,0.5782,2.4002,,2.9725,0,Kevin Love,Michael Beasley,10,Minnesota Timberwolves,2010-11,2011.0,2010s,82.0,17.0,65.0,0.207,-6.7,103.2,109.9,True,2011,True
0,1,2,4,0.7899,0.6371,2.7921,,3.4383,0,Deron Williams,Brook Lopez,9,New Jersey Nets,2010-11,2011.0,2010s,82.0,24.0,58.0,0.293,-6.8,102.1,108.9,True,2011,True
0,1,5,2,0.7721,0.6615,2.9843,,3.8315,0,Chris Paul,David West,10,New Orleans Hornets,2010-11,2011.0,2010s,82.0,46.0,36.0,0.561,1.0,105.4,104.4,True,2011,True
0,3,1,2,0.7991,0.7858,3.1381,,3.9133,0,Carmelo Anthony,Amar'e Stoudemire,10,New York Knicks,2010-11,2011.0,2010s,82.0,42.0,40.0,0.512,1.0,109.9,109.0,True,2011,True
1,1,2,6,0.8418,0.8244,3.2577,,4.0687,0,Kevin Durant,Russell Westbrook,10,Oklahoma City Thunder,2010-11,2011.0,2010s,82.0,55.0,27.0,0.671,3.9,109.9,105.9,True,2011,True
1,0,6,2,0.8822,0.6528,3.3365,,4.3361,0,Dwight Howard,Jameer Nelson,10,Orlando Magic,2010-11,2011.0,2010s,82.0,52.0,30.0,0.634,5.6,107.4,101.8,True,2011,True
0,0,5,3,0.6669,0.5855,2.9279,,3.7966,0,Andre Iguodala,Jrue Holiday,10,Philadelphia 76ers,2010-11,2011.0,2010s,82.0,41.0,41.0,0.5,1.5,105.3,103.8,True,2011,True
0,1,5,4,0.7699,0.6091,3.0391,,3.9852,0,Steve Nash,Vince Carter,10,Phoenix Suns,2010-11,2011.0,2010s,82.0,40.0,42.0,0.488,-0.8,108.6,109.4,True,2011,True
0,2,4,3,0.7361,0.6786,3.191,,4.1952,0,LaMarcus Aldridge,Andre Miller,9,Portland Trail Blazers,2010-11,2011.0,2010s,82.0,48.0,34.0,0.585,1.6,107.3,105.7,True,2011,True
0,0,3,3,0.5804,0.5796,2.5927,,3.3732,0,DeMarcus Cousins,Tyreke Evans,10,Sacramento Kings,2010-11,2011.0,2010s,82.0,24.0,58.0,0.293,-5.5,102.9,108.4,True,2011,True
0,3,4,3,0.7916,0.7586,3.4219,,4.4323,0,Tim Duncan,Manu Ginobili,10,San Antonio Spurs,2010-11,2011.0,2010s,82.0,61.0,21.0,0.744,6.1,110.5,104.4,True,2011,True
0,0,2,4,0.5517,0.5411,2.4255,,3.1657,0,Andrea Bargnani,Jose Calderon,10,Toronto Raptors,2010-11,2011.0,2010s,82.0,22.0,60.0,0.268,-6.5,105.2,111.7,True,2011,True
0,0,5,2,0.6577,0.6482,2.8568,,3.6704,0,Al Jefferson,Paul Millsap,10,Utah Jazz,2010-11,2011.0,2010s,82.0,39.0,43.0,0.476,-1.8,107.0,108.8,True,2011,True
0,0,2,3,0.5918,0.5172,2.3133,,2.8896,0,John Wall,Andray Blatche,10,Washington Wizards,2010-11,2011.0,2010s,82.0,23.0,59.0,0.28,-7.8,101.3,109.1,True,2011,True
0,2,1,6,0.7968,0.6817,2.9776,,3.7993,0,Josh Smith,Joe Johnson,10,Atlanta Hawks,2011-12,2012.0,2010s,66.0,40.0,26.0,0.6060606060606061,3.8,104.2,100.4,True,2012,True
0,3,2,2,0.7396,0.7317,3.1639,,4.0008,0,Rajon Rondo,Paul Pierce,10,Boston Celtics,2011-12,2012.0,2010s,66.0,39.0,27.0,0.5909090909090909,2.6,100.1,97.5,True,2012,True
0,0,0,4,0.5022,0.473,2.1637,,2.7138,0,Kemba Walker,D.J. Augustin,10,Charlotte Bobcats,2011-12,2012.0,2010s,66.0,7.0,59.0,0.106060606060606,-15.0,94.4,109.4,True,2012,True
0,2,6,2,0.8246,0.7485,3.464,,4.4886,0,Derrick Rose,Carlos Boozer,10,Chicago Bulls,2011-12,2012.0,2010s,66.0,50.0,16.0,0.7575757575757576,8.8,106.3,97.5,True,2012,True
0,0,2,2,0.6259,0.5758,2.3536,,2.8987,0,Kyrie Irving,Antawn Jamison,10,Cleveland Cavaliers,2011-12,2012.0,2010s,66.0,21.0,45.0,0.3181818181818182,-7.6,100.0,107.6,True,2012,True
0,1,6,3,0.771,0.6305,3.1658,,4.0011,0,Dirk Nowitzki,Jason Terry,10,Dallas Mavericks,2011-12,2012.0,2010s,66.0,36.0,30.0,0.5454545454545454,1.1,102.1,100.9,True,2012,True
0,0,7,3,0.6691,0.6607,3.1091,,4.1635,0,Ty Lawson,Andre Miller,10,Denver Nuggets,2011-12,2012.0,2010s,66.0,38.0,28.0,0.5757575757575758,3.2,108.3,105.1,True,2012,True
0,0,3,3,0.5972,0.5484,2.5299,,3.239,0,Greg Monroe,Rodney Stuckey,10,Detroit Pistons,2011-12,2012.0,2010s,66.0,25.0,41.0,0.3787878787878788,-5.0,100.0,105.0,True,2012,True
0,0,5,3,0.6689,0.5919,2.8139,,3.4644,0,David Lee,Stephen Curry,10,Golden State Warriors,2011-12,2012.0,2010s,66.0,23.0,43.0,0.3484848484848485,-3.4,103.9,107.3,True,2012,True
0,0,6,4,0.6525,0.6297,3.0073,,3.8555,0,Luis Scola,Kyle Lowry,10,Houston Rockets,2011-12,2012.0,2010s,66.0,34.0,32.0,0.5151515151515151,0.2,104.2,104.0,True,2012,True
0,1,5,2,0.6783,0.6501,3.1058,,4.1211,0,Danny Granger,David West,10,Indiana Pacers,2011-12,2012.0,2010s,66.0,42.0,24.0,0.6363636363636364,3.3,105.5,102.1,True,2012,True
0,2,3,4,0.8192,0.812,3.2388,,4.0609,0,Chris Paul,Blake Griffin,10,Los Angeles Clippers,2011-12,2012.0,2010s,66.0,40.0,26.0,0.6060606060606061,2.7,107.5,104.8,True,2012,True
1,2,3,1,0.8544,0.7834,3.3297,,4.1677,0,Kobe Bryant,Pau Gasol,10,Los Angeles Lakers,2011-12,2012.0,2010s,66.0,41.0,25.0,0.6212121212121212,1.3,104.5,103.2,True,2012,True
0,0,6,2,0.6742,0.6723,3.1209,,3.7714,0,Marc Gasol,Rudy Gay,10,Memphis Grizzlies,2011-12,2012.0,2010s,66.0,41.0,25.0,0.6212121212121212,2.2,102.8,100.6,True,2012,True
2,1,1,3,0.9601,0.8606,3.4759,,4.3007,0,LeBron James,Dwyane Wade,10,Miami Heat,2011-12,2012.0,2010s,66.0,46.0,20.0,0.696969696969697,6.4,105.6,99.2,True,2012,True
0,2,2,5,0.7278,0.6962,3.017,,3.791,0,Monta Ellis,Brandon Jennings,10,Milwaukee Bucks,2011-12,2012.0,2010s,66.0,31.0,35.0,0.4696969696969697,0.4,104.5,104.1,True,2012,True
0,1,4,2,0.7219,0.5467,2.7999,,3.4535,0,Kevin Love,Ricky Rubio,10,Minnesota Timberwolves,2011-12,2012.0,2010s,66.0,26.0,40.0,0.3939393939393939,-2.2,103.1,105.3,True,2012,True
0,1,2,4,0.7509,0.5896,2.7694,,3.24,0,Deron Williams,Gerald Wallace,10,New Jersey Nets,2011-12,2012.0,2010s,66.0,22.0,44.0,0.3333333333333333,-6.3,101.8,108.1,True,2012,True
0,0,2,6,0.5367,0.5051,2.4825,,3.2795,0,Jarrett Jack,Chris Kaman,10,New Orleans Hornets,2011-12,2012.0,2010s,66.0,21.0,45.0,0.3181818181818182,-4.0,99.9,103.9,True,2012,True
0,2,5,2,0.7915,0.7025,3.254,,4.2233,0,Carmelo Anthony,Amar'e Stoudemire,10,New York Knicks,2011-12,2012.0,2010s,66.0,36.0,30.0,0.5454545454545454,3.2,103.5,100.2,True,2012,True
2,0,2,5,0.9088,0.8774,3.418,,4.1921,0,Kevin Durant,Russell Westbrook,10,Oklahoma City Thunder,2011-12,2012.0,2010s,66.0,47.0,19.0,0.7121212121212122,6.3,108.4,102.1,True,2012,True
0,1,4,2,0.8284,0.6137,3.1171,,3.9957,0,Dwight Howard,Jameer Nelson,10,Orlando Magic,2011-12,2012.0,2010s,66.0,37.0,29.0,0.5606060606060606,0.6,104.0,103.4,True,2012,True
0,1,6,3,0.682,0.647,3.1664,,4.1634,0,Andre Iguodala,Lou Williams,10,Philadelphia 76ers,2011-12,2012.0,2010s,66.0,35.0,31.0,0.5303030303030303,4.6,102.7,98.2,True,2012,True
0,1,3,6,0.7451,0.6123,2.9654,,3.884,0,Steve Nash,Marcin Gortat,10,Phoenix Suns,2011-12,2012.0,2010s,66.0,33.0,33.0,0.5,-0.1,105.2,105.2,True,2012,True
0,1,4,1,0.7235,0.6406,2.9298,,3.7008,0,LaMarcus Aldridge,Raymond Felton,10,Portland Trail Blazers,2011-12,2012.0,2010s,66.0,28.0,38.0,0.4242424242424242,-0.9,104.4,105.3,True,2012,True
0,1,3,2,0.6784,0.6032,2.7565,,3.5511,0,DeMarcus Cousins,Tyreke Evans,10,Sacramento Kings,2011-12,2012.0,2010s,66.0,22.0,44.0,0.3333333333333333,-5.8,102.9,108.7,True,2012,True
0,2,7,1,0.7868,0.7826,3.3611,,4.364,0,Tim Duncan,Tony Parker,10,San Antonio Spurs,2011-12,2012.0,2010s,66.0,50.0,16.0,0.7575757575757576,7.7,110.0,102.3,True,2012,True
0,0,3,4,0.5539,0.515,2.4848,,3.1169,0,Jose Calderon,Andrea Bargnani,10,Toronto Raptors,2011-12,2012.0,2010s,66.0,23.0,43.0,0.3484848484848485,-3.9,99.6,103.6,True,2012,True
0,2,1,6,0.7288,0.6983,2.973,,3.7931,0,Al Jefferson,Paul Millsap,10,Utah Jazz,2011-12,2012.0,2010s,66.0,36.0,30.0,0.5454545454545454,0.5,105.5,104.9,True,2012,True
0,1,1,1,0.6764,0.5856,2.4305,,3.0609,0,John Wall,Nene,10,Washington Wizards,2011-12,2012.0,2010s,66.0,20.0,46.0,0.303030303030303,-5.0,100.0,104.9,True,2012,True
0,2,3,3,0.7511,0.676,3.0573,,3.7479,0,Josh Smith,Al Horford,10,Atlanta Hawks,2012-13,2013.0,2010s,82.0,44.0,38.0,0.5365853658536586,0.3,103.7,103.4,True,2013,True
0,1,4,3,0.7149,0.6569,3.0412,,3.7066,0,Paul Pierce,Kevin Garnett,10,Boston Celtics,2012-13,2013.0,2010s,81.0,41.0,40.0,0.5061728395061729,-0.5,102.2,102.6,True,2013,True
0,2,3,3,0.7326,0.6928,3.0155,,3.6841,0,Deron Williams,Brook Lopez,10,Brooklyn Nets,2012-13,2013.0,2010s,82.0,49.0,33.0,0.5975609756097561,2.0,106.9,104.8,True,2013,True
0,0,2,3,0.5684,0.5029,2.2202,,2.7136,0,Kemba Walker,Ramon Sessions,10,Charlotte Bobcats,2012-13,2013.0,2010s,82.0,21.0,61.0,0.2560975609756097,-9.9,100.4,110.3,True,2013,True
0,1,4,4,0.6876,0.6315,2.9442,,3.821,0,Carlos Boozer,Joakim Noah,10,Chicago Bulls,2012-13,2013.0,2010s,82.0,45.0,37.0,0.5487804878048781,0.5,102.4,101.9,True,2013,True
0,0,1,5,0.6334,0.4687,2.4227,,3.0121,0,Kyrie Irving,Tristan Thompson,10,Cleveland Cavaliers,2012-13,2013.0,2010s,82.0,24.0,58.0,0.2926829268292683,-5.0,103.2,108.2,True,2013,True
0,0,7,1,0.6512,0.5713,2.9402,,3.8107,0,Dirk Nowitzki,O.J. Mayo,10,Dallas Mavericks,2012-13,2013.0,2010s,82.0,41.0,41.0,0.5,-0.6,104.7,105.4,True,2013,True
0,2,7,0,0.7002,0.6764,3.254,,4.3417,0,Ty Lawson,Andre Iguodala,9,Denver Nuggets,2012-13,2013.0,2010s,82.0,57.0,25.0,0.6951219512195121,5.1,109.3,104.2,True,2013,True
0,0,3,4,0.6217,0.5442,2.5709,,3.29,0,Greg Monroe,Jose Calderon,10,Detroit Pistons,2012-13,2013.0,2010s,82.0,29.0,53.0,0.3536585365853658,-4.5,102.7,107.2,True,2013,True
0,2,2,3,0.6878,0.6868,2.9037,,3.5299,0,Stephen Curry,David Lee,10,Golden State Warriors,2012-13,2013.0,2010s,82.0,47.0,35.0,0.573170731707317,0.9,105.1,104.2,True,2013,True
0,1,3,5,0.7648,0.6478,2.9343,,3.6596,0,James Harden,Jeremy Lin,10,Houston Rockets,2012-13,2013.0,2010s,82.0,45.0,37.0,0.5487804878048781,3.5,108.8,105.3,True,2013,True
0,1,3,4,0.6687,0.6458,2.9273,,3.7739,0,David West,Roy Hibbert,10,Indiana Pacers,2012-13,2013.0,2010s,81.0,49.0,32.0,0.6049382716049383,4.4,103.4,99.0,True,2013,True
1,1,6,1,0.8544,0.8023,3.3272,,4.3024,0,Chris Paul,Blake Griffin,10,Los Angeles Clippers,2012-13,2013.0,2010s,82.0,56.0,26.0,0.6829268292682927,6.9,109.8,102.8,True,2013,True
1,1,4,1,0.8462,0.7537,3.2627,,4.1068,0,Kobe Bryant,Dwight Howard,10,Los Angeles Lakers,2012-13,2013.0,2010s,82.0,45.0,37.0,0.5487804878048781,1.1,107.0,105.9,True,2013,True
0,2,3,3,0.6963,0.6813,3.0021,,3.8102,0,Marc Gasol,Mike Conley,10,Memphis Grizzlies,2012-13,2013.0,2010s,82.0,56.0,26.0,0.6829268292682927,4.5,103.6,99.1,True,2013,True
1,2,2,4,0.9545,0.8313,3.447,,4.2997,0,LeBron James,Dwyane Wade,10,Miami Heat,2012-13,2013.0,2010s,82.0,66.0,16.0,0.8048780487804879,8.2,111.4,103.2,True,2013,True
0,2,3,2,0.7178,0.6778,2.9204,,3.6514,0,Monta Ellis,Brandon Jennings,10,Milwaukee Bucks,2012-13,2013.0,2010s,82.0,38.0,44.0,0.4634146341463415,-1.7,102.5,104.2,True,2013,True
0,0,5,3,0.5474,0.5127,2.5575,,3.4362,0,Ricky Rubio,J.J. Barea,10,Minnesota Timberwolves,2012-13,2013.0,2010s,82.0,31.0,51.0,0.3780487804878049,-2.2,101.8,104.0,True,2013,True
0,0,3,5,0.5695,0.5545,2.5169,,3.1576,0,Ryan Anderson,Greivis Vasquez,10,New Orleans Hornets,2012-13,2013.0,2010s,82.0,27.0,55.0,0.3292682926829268,-4.4,104.5,108.9,True,2013,True
0,1,5,3,0.793,0.6233,3.107,,3.8175,0,Carmelo Anthony,JR Smith,10,New York Knicks,2012-13,2013.0,2010s,82.0,54.0,28.0,0.6585365853658537,4.5,109.8,105.4,True,2013,True
2,1,1,5,0.951,0.9299,3.5134,,4.3802,0,Kevin Durant,Russell Westbrook,10,Oklahoma City Thunder,2012-13,2013.0,2010s,82.0,60.0,22.0,0.7317073170731707,9.9,111.0,101.2,True,2013,True
0,0,3,3,0.5372,0.5121,2.3585,,2.9809,0,Jameer Nelson,Nikola Vučević,10,Orlando Magic,2012-13,2013.0,2010s,82.0,20.0,62.0,0.2439024390243902,-7.4,100.9,108.4,True,2013,True
0,1,3,3,0.6692,0.5772,2.7457,,3.4177,0,Jrue Holiday,Thaddeus Young,10,Philadelphia 76ers,2012-13,2013.0,2010s,82.0,34.0,48.0,0.4146341463414634,-3.7,101.0,104.7,True,2013,True
0,0,3,4,0.5905,0.5794,2.5763,,3.2321,0,Goran Dragic,Luis Scola,10,Phoenix Suns,2012-13,2013.0,2010s,82.0,25.0,57.0,0.3048780487804878,-6.7,100.2,106.9,True,2013,True
0,1,4,0,0.6961,0.6449,2.6992,,3.3297,0,LaMarcus Aldridge,Damian Lillard,10,Portland Trail Blazers,2012-13,2013.0,2010s,82.0,33.0,49.0,0.4024390243902439,-3.4,104.5,107.9,True,2013,True
0,1,2,5,0.6636,0.5499,2.649,,3.4459,0,DeMarcus Cousins,Tyreke Evans,10,Sacramento Kings,2012-13,2013.0,2010s,82.0,28.0,54.0,0.3414634146341463,-4.7,105.3,110.0,True,2013,True
0,3,4,3,0.8047,0.797,3.3926,,4.3989,0,Tim Duncan,Tony Parker,10,San Antonio Spurs,2012-13,2013.0,2010s,82.0,58.0,24.0,0.7073170731707317,6.7,107.0,100.3,True,2013,True
0,0,3,3,0.6396,0.6123,2.6562,,3.2947,0,Rudy Gay,Kyle Lowry,10,Toronto Raptors,2012-13,2013.0,2010s,82.0,34.0,48.0,0.4146341463414634,-1.4,105.0,106.4,True,2013,True
0,2,3,4,0.7249,0.6656,2.8827,,3.7116,0,Al Jefferson,Paul Millsap,10,Utah Jazz,2012-13,2013.0,2010s,82.0,43.0,39.0,0.524390243902439,-0.2,105.4,105.6,True,2013,True
0,0,2,4,0.6565,0.5324,2.4808,,3.2119,0,John Wall,Nene,10,Washington Wizards,2012-13,2013.0,2010s,82.0,29.0,53.0,0.3536585365853658,-2.3,99.3,101.6,True,2013,True
0,1,2,6,0.6774,0.653,2.8419,,3.5636,0,Paul Millsap,Jeff Teague,10,Atlanta Hawks,2013-14,2014.0,2010s,82.0,38.0,44.0,0.4634146341463415,-0.7,104.9,105.7,True,2014,True
0,0,2,6,0.525,0.5041,2.37,,2.9885,0,Rajon Rondo,Jeff Green,10,Boston Celtics,2013-14,2014.0,2010s,82.0,25.0,57.0,0.3048780487804878,-4.6,101.9,106.5,True,2014,True
0,0,5,4,0.6303,0.6021,2.7551,,3.3988,0,Deron Williams,Paul Pierce,10,Brooklyn Nets,2013-14,2014.0,2010s,82.0,44.0,38.0,0.5365853658536586,-1.3,105.4,106.7,True,2014,True
0,1,1,5,0.7372,0.6152,2.6263,,3.1902,0,Al Jefferson,Kemba Walker,10,Charlotte Bobcats,2013-14,2014.0,2010s,82.0,43.0,39.0,0.524390243902439,-0.4,103.0,103.3,True,2014,True
0,1,4,2,0.6847,0.6232,2.7958,,3.5375,0,Joakim Noah,Carlos Boozer,10,Chicago Bulls,2013-14,2014.0,2010s,82.0,48.0,34.0,0.5853658536585366,1.9,101.7,99.9,True,2014,True
0,0,4,3,0.6524,0.5512,2.7091,,3.482,0,Kyrie Irving,Spencer Hawes,10,Cleveland Cavaliers,2013-14,2014.0,2010s,82.0,33.0,49.0,0.4024390243902439,-3.6,103.5,107.0,True,2014,True
0,2,4,3,0.7119,0.6984,3.0411,,3.8451,0,Monta Ellis,Dirk Nowitzki,10,Dallas Mavericks,2013-14,2014.0,2010s,82.0,49.0,33.0,0.5975609756097561,2.3,109.5,107.2,True,2014,True
0,1,4,3,0.6708,0.5922,2.7667,,3.5075,0,Ty Lawson,Kenneth Faried,10,Denver Nuggets,2013-14,2014.0,2010s,82.0,36.0,46.0,0.4390243902439024,-2.2,105.1,107.3,True,2014,True
0,1,3,2,0.6677,0.6569,2.8401,,3.5551,0,Josh Smith,Brandon Jennings,9,Detroit Pistons,2013-14,2014.0,2010s,82.0,29.0,53.0,0.3536585365853658,-3.7,105.2,109.0,True,2014,True
0,2,5,3,0.8067,0.6841,3.1902,,4.0916,0,Stephen Curry,David Lee,10,Golden State Warriors,2013-14,2014.0,2010s,82.0,51.0,31.0,0.6219512195121951,4.9,106.3,101.4,True,2014,True
0,2,3,4,0.8143,0.7323,3.2533,,4.0001,0,James Harden,Dwight Howard,10,Houston Rockets,2013-14,2014.0,2010s,82.0,54.0,28.0,0.6585365853658537,4.6,109.8,105.2,True,2014,True
0,2,5,2,0.7415,0.6607,3.1401,,4.0566,0,Paul George,David West,10,Indiana Pacers,2013-14,2014.0,2010s,82.0,56.0,26.0,0.6829268292682927,4.7,103.6,98.9,True,2014,True
2,0,5,2,0.8745,0.857,3.525,,4.4501,0,Chris Paul,Blake Griffin,10,Los Angeles Clippers,2013-14,2014.0,2010s,82.0,57.0,25.0,0.6951219512195121,7.3,111.3,104.0,True,2014,True
0,0,1,4,0.6004,0.4444,2.2592,,2.7985,0,Pau Gasol,Jordan Hill,10,Los Angeles Lakers,2013-14,2014.0,2010s,82.0,27.0,55.0,0.3292682926829268,-6.0,103.2,109.3,True,2014,True
0,1,3,6,0.6768,0.6372,2.8544,,3.6458,0,Mike Conley,Marc Gasol,10,Memphis Grizzlies,2013-14,2014.0,2010s,82.0,50.0,32.0,0.6097560975609756,1.7,105.5,103.8,True,2014,True
1,2,2,3,0.9349,0.727,3.2996,,4.0717,0,LeBron James,Dwyane Wade,10,Miami Heat,2013-14,2014.0,2010s,82.0,54.0,28.0,0.6585365853658537,5.1,110.0,105.0,True,2014,True
0,0,1,5,0.5016,0.4664,2.2324,,2.9272,0,Brandon Knight,Ramon Sessions,10,Milwaukee Bucks,2013-14,2014.0,2010s,82.0,15.0,67.0,0.1829268292682926,-8.3,101.9,110.2,True,2014,True
0,1,5,2,0.759,0.6185,3.0153,,3.7685,0,Kevin Love,Ricky Rubio,10,Minnesota Timberwolves,2013-14,2014.0,2010s,82.0,40.0,42.0,0.4878048780487805,2.6,107.7,105.2,True,2014,True
0,0,3,3,0.6448,0.5765,2.5724,,3.2649,0,Anthony Davis,Tyreke Evans,10,New Orleans Pelicans,2013-14,2014.0,2010s,82.0,34.0,48.0,0.4146341463414634,-3.0,106.2,109.1,True,2014,True
0,1,2,5,0.7931,0.5613,2.7477,,3.4663,0,Carmelo Anthony,JR Smith,10,New York Knicks,2013-14,2014.0,2010s,82.0,37.0,45.0,0.4512195121951219,-1.1,107.0,108.1,True,2014,True
2,1,2,3,0.9759,0.8526,3.4961,,4.3131,0,Kevin Durant,Russell Westbrook,10,Oklahoma City Thunder,2013-14,2014.0,2010s,82.0,59.0,23.0,0.7195121951219512,6.4,109.4,103.0,True,2014,True
0,0,4,2,0.5069,0.4985,2.3229,,3.0099,0,Victor Oladipo,Nikola Vučević,10,Orlando Magic,2013-14,2014.0,2010s,82.0,23.0,59.0,0.2804878048780488,-5.7,101.0,106.6,True,2014,True
0,0,2,1,0.5634,0.5524,1.9356,,2.2478,0,Michael Carter-Williams,Thaddeus Young,8,Philadelphia 76ers,2013-14,2014.0,2010s,82.0,19.0,63.0,0.2317073170731707,-10.0,99.0,109.0,True,2014,True
0,1,5,2,0.6729,0.5523,2.7688,,3.652,0,Goran Dragic,Eric Bledsoe,10,Phoenix Suns,2013-14,2014.0,2010s,82.0,48.0,34.0,0.5853658536585366,2.6,108.2,105.6,True,2014,True
0,2,4,2,0.7516,0.7162,3.1159,,4.0082,0,LaMarcus Aldridge,Damian Lillard,9,Portland Trail Blazers,2013-14,2014.0,2010s,82.0,54.0,28.0,0.6585365853658537,4.2,110.4,106.2,True,2014,True
0,1,2,2,0.7368,0.625,2.638,,3.2316,0,DeMarcus Cousins,Rudy Gay,10,Sacramento Kings,2013-14,2014.0,2010s,82.0,28.0,54.0,0.3414634146341463,-2.7,105.1,107.8,True,2014,True
0,3,6,0,0.7992,0.7447,3.3586,,4.3424,0,Tim Duncan,Tony Parker,10,San Antonio Spurs,2013-14,2014.0,2010s,82.0,62.0,20.0,0.7560975609756098,8.1,109.5,101.4,True,2014,True
0,2,3,3,0.6914,0.6597,2.8597,,3.6431,0,Kyle Lowry,DeMar DeRozan,10,Toronto Raptors,2013-14,2014.0,2010s,82.0,48.0,34.0,0.5853658536585366,3.3,107.9,104.6,True,2014,True
0,0,2,3,0.5424,0.5086,2.2602,,2.9142,0,Gordon Hayward,Derrick Favors,10,Utah Jazz,2013-14,2014.0,2010s,82.0,25.0,57.0,0.3048780487804878,-7.6,102.4,110.1,True,2014,True
0,1,5,1,0.7434,0.5591,2.8284,,3.6611,0,John Wall,Marcin Gortat,10,Washington Wizards,2013-14,2014.0,2010s,82.0,44.0,38.0,0.5365853658536586,1.3,104.9,103.6,True,2014,True
0,3,2,4,0.7041,0.7011,3.0439,,3.8919,0,Jeff Teague,Paul Millsap,10,Atlanta Hawks,2014-15,2015.0,2010s,82.0,60.0,22.0,0.732,5.9,108.2,102.3,True,2015,True
0,0,4,5,0.6131,0.5795,2.6571,,3.4574,0,Isaiah Thomas,Evan Turner,10,Boston Celtics,2014-15,2015.0,2010s,82.0,40.0,42.0,0.488,0.3,103.8,103.5,True,2015,True
0,0,5,1,0.58,0.5726,2.6574,,3.4451,0,Deron Williams,Brook Lopez,10,Brooklyn Nets,2014-15,2015.0,2010s,82.0,38.0,44.0,0.463,-3.0,103.4,106.3,True,2015,True
0,1,4,4,0.6571,0.6048,2.678,,3.4452,0,Al Jefferson,Kemba Walker,10,Charlotte Hornets,2014-15,2015.0,2010s,82.0,33.0,49.0,0.402,-3.4,99.6,103.0,True,2015,True
0,1,6,2,0.6857,0.6152,3.0215,,3.811,0,Pau Gasol,Joakim Noah,10,Chicago Bulls,2014-15,2015.0,2010s,82.0,50.0,32.0,0.61,3.0,106.3,103.3,True,2015,True
1,2,3,2,0.9038,0.7188,3.3383,,4.1422,0,LeBron James,Kevin Love,10,Cleveland Cavaliers,2014-15,2015.0,2010s,82.0,53.0,29.0,0.646,4.8,110.1,105.3,True,2015,True
0,2,6,1,0.7025,0.6751,3.0681,,3.9808,0,Monta Ellis,Dirk Nowitzki,10,Dallas Mavericks,2014-15,2015.0,2010s,82.0,50.0,32.0,0.61,3.2,108.2,104.9,True,2015,True
0,1,3,4,0.6664,0.5627,2.6639,,3.4949,0,Ty Lawson,Kenneth Faried,10,Denver Nuggets,2014-15,2015.0,2010s,82.0,30.0,52.0,0.366,-3.3,103.9,107.1,True,2015,True
0,1,3,3,0.6291,0.6131,2.7668,,3.2696,0,Andre Drummond,Reggie Jackson,10,Detroit Pistons,2014-15,2015.0,2010s,82.0,32.0,50.0,0.39,-1.1,104.3,105.4,True,2015,True
1,1,7,1,0.9117,0.7162,3.4569,,4.3887,0,Stephen Curry,Klay Thompson,10,Golden State Warriors,2014-15,2015.0,2010s,82.0,67.0,15.0,0.817,9.9,110.4,100.4,True,2015,True
1,1,3,3,0.8887,0.651,3.2056,,3.8165,0,James Harden,Josh Smith,10,Houston Rockets,2014-15,2015.0,2010s,82.0,56.0,26.0,0.683,3.4,106.0,102.6,True,2015,True
0,0,5,4,0.5948,0.5569,2.6955,,3.5721,0,David West,George Hill,10,Indiana Pacers,2014-15,2015.0,2010s,82.0,38.0,44.0,0.463,0.2,102.9,102.7,True,2015,True
1,2,4,2,0.9111,0.8369,3.5491,,4.4802,0,Chris Paul,Blake Griffin,10,Los Angeles Clippers,2014-15,2015.0,2010s,82.0,56.0,26.0,0.683,6.9,111.6,104.7,True,2015,True
0,0,3,4,0.5851,0.5222,2.4953,,2.9357,0,Kobe Bryant,Jeremy Lin,10,Los Angeles Lakers,2014-15,2015.0,2010s,82.0,21.0,61.0,0.256,-7.1,102.3,109.4,True,2015,True
0,3,1,6,0.6987,0.6587,2.9975,,3.8562,0,Marc Gasol,Mike Conley,10,Memphis Grizzlies,2014-15,2015.0,2010s,82.0,55.0,27.0,0.671,3.5,104.8,101.2,True,2015,True
0,1,5,1,0.6659,0.6265,2.8414,,3.6054,0,Dwyane Wade,Goran Dragic,10,Miami Heat,2014-15,2015.0,2010s,82.0,37.0,45.0,0.451,-3.0,103.2,106.1,True,2015,True
0,0,3,7,0.6076,0.4976,2.5218,,3.2933,0,Michael Carter-Williams,Khris Middleton,10,Milwaukee Bucks,2014-15,2015.0,2010s,82.0,41.0,41.0,0.5,0.6,102.0,101.4,True,2015,True
0,0,1,5,0.5019,0.461,2.2054,,2.6458,0,Andrew Wiggins,Kevin Martin,10,Minnesota Timberwolves,2014-15,2015.0,2010s,82.0,16.0,66.0,0.195,-9.1,101.8,110.9,True,2015,True
0,2,1,5,0.7534,0.6473,2.8636,,3.4483,0,Anthony Davis,Tyreke Evans,10,New Orleans Pelicans,2014-15,2015.0,2010s,82.0,45.0,37.0,0.549,0.8,107.1,106.3,True,2015,True
0,0,1,2,0.6268,0.3752,2.0082,,2.3587,0,Carmelo Anthony,Jose Calderon,10,New York Knicks,2014-15,2015.0,2010s,82.0,17.0,65.0,0.207,-10.1,98.9,109.0,True,2015,True
1,0,4,3,0.8414,0.624,2.9346,,3.7106,0,Russell Westbrook,Serge Ibaka,10,Oklahoma City Thunder,2014-15,2015.0,2010s,82.0,45.0,37.0,0.549,2.1,106.7,104.6,True,2015,True
0,0,4,1,0.5762,0.5381,2.4045,,2.9608,0,Nikola Vučević,Victor Oladipo,10,Orlando Magic,2014-15,2015.0,2010s,82.0,25.0,57.0,0.305,-5.9,101.0,106.8,True,2015,True
0,0,1,2,0.4631,0.4186,1.8969,,2.2067,0,Nerlens Noel,Robert Covington,10,Philadelphia 76ers,2014-15,2015.0,2010s,82.0,18.0,64.0,0.22,-9.0,94.9,103.9,True,2015,True
0,1,3,5,0.6448,0.5719,2.7296,,3.5876,0,Eric Bledsoe,Markieff Morris,10,Phoenix Suns,2014-15,2015.0,2010s,82.0,39.0,43.0,0.476,-1.1,104.2,105.3,True,2015,True
0,2,5,3,0.7741,0.767,3.1712,,4.0886,0,LaMarcus Aldridge,Damian Lillard,10,Portland Trail Blazers,2014-15,2015.0,2010s,82.0,51.0,31.0,0.622,4.3,107.1,102.8,True,2015,True
0,1,2,5,0.7437,0.6176,2.6688,,3.3021,0,DeMarcus Cousins,Rudy Gay,10,Sacramento Kings,2014-15,2015.0,2010s,82.0,29.0,53.0,0.354,-3.7,104.5,108.2,True,2015,True
0,3,5,2,0.7784,0.6599,3.2761,,4.2515,0,Tim Duncan,Tony Parker,10,San Antonio Spurs,2014-15,2015.0,2010s,82.0,55.0,27.0,0.671,6.3,107.6,101.4,True,2015,True
0,2,4,3,0.715,0.6492,2.9931,,3.9264,0,Kyle Lowry,DeMar DeRozan,10,Toronto Raptors,2014-15,2015.0,2010s,82.0,49.0,33.0,0.598,3.1,110.2,107.1,True,2015,True
0,0,4,2,0.6122,0.5799,2.6012,,3.2734,0,Gordon Hayward,Rudy Gobert,10,Utah Jazz,2014-15,2015.0,2010s,82.0,38.0,44.0,0.463,0.1,104.2,104.1,True,2015,True
0,1,4,4,0.778,0.5683,2.8492,,3.6015,0,John Wall,Marcin Gortat,10,Washington Wizards,2014-15,2015.0,2010s,82.0,46.0,36.0,0.561,0.6,103.0,102.4,True,2015,True
0,2,3,4,0.6925,0.6499,2.9833,29.33,3.5238,0,Paul Millsap,Jeff Teague,10,Atlanta Hawks,2015-16,2016.0,2010s,82.0,48.0,34.0,0.5853658536585366,3.9,104.6,100.8,True,2016,True
0,1,5,3,0.6806,0.5761,2.8455,25.61,3.9239,0,Isaiah Thomas,Jared Sullinger,10,Boston Celtics,2015-16,2016.0,2010s,82.0,48.0,34.0,0.5853658536585366,3.3,105.8,102.5,True,2016,True
0,0,3,1,0.5849,0.5234,2.3073,27.22,2.8376,0,Brook Lopez,Thaddeus Young,10,Brooklyn Nets,2015-16,2016.0,2010s,82.0,21.0,61.0,0.2560975609756097,-7.4,102.4,109.7,True,2016,True
0,0,5,5,0.6373,0.6253,2.8382,26.61,3.6312,0,Kemba Walker,Al Jefferson,10,Charlotte Hornets,2015-16,2016.0,2010s,82.0,48.0,34.0,0.5853658536585366,2.7,106.4,103.7,True,2016,True
0,1,3,3,0.7197,0.6249,2.8164,27.73,3.1343,0,Pau Gasol,Jimmy Butler III,10,Chicago Bulls,2015-16,2016.0,2010s,82.0,42.0,40.0,0.5121951219512195,-1.4,104.1,105.5,True,2016,True
1,2,1,3,0.912,0.7259,3.237,28.2,3.7143,1,LeBron James,Kevin Love,10,Cleveland Cavaliers,2015-16,2016.0,2010s,82.0,57.0,25.0,0.6951219512195121,6.3,110.2,103.9,True,2016,True
0,1,5,4,0.67,0.585,2.8673,31.91,2.7236,0,Dirk Nowitzki,David Lee,10,Dallas Mavericks,2015-16,2016.0,2010s,82.0,42.0,40.0,0.5121951219512195,-0.4,105.5,105.9,True,2016,True
0,0,5,2,0.6383,0.5477,2.6422,24.08,3.7979,0,Nikola Jokić,Kenneth Faried,10,Denver Nuggets,2015-16,2016.0,2010s,82.0,33.0,49.0,0.4024390243902439,-3.3,104.9,108.2,True,2016,True
0,2,1,3,0.6611,0.6481,2.6791,24.5,3.731,1,Andre Drummond,Reggie Jackson,9,Detroit Pistons,2015-16,2016.0,2010s,82.0,44.0,38.0,0.5365853658536586,0.3,105.3,104.9,True,2016,True
1,2,5,1,0.9619,0.7075,3.4871,28.04,3.9166,0,Stephen Curry,Klay Thompson,10,Golden State Warriors,2015-16,2016.0,2010s,82.0,73.0,9.0,0.8902439024390244,10.6,113.5,102.8,True,2016,True
1,0,4,4,0.86,0.5846,2.914,28.49,3.3979,0,James Harden,Dwight Howard,10,Houston Rockets,2015-16,2016.0,2010s,82.0,41.0,41.0,0.5,0.0,107.3,107.3,True,2016,True
0,1,5,4,0.7477,0.5782,2.8404,28.41,3.439,0,Paul George,Monta Ellis,10,Indiana Pacers,2015-16,2016.0,2010s,82.0,45.0,37.0,0.5487804878048781,1.6,103.8,102.2,True,2016,True
1,2,3,1,0.8993,0.8333,3.4332,29.65,3.2384,0,Chris Paul,Blake Griffin,10,LA Clippers,2015-16,2016.0,2010s,82.0,53.0,29.0,0.6463414634146342,4.5,107.2,102.7,True,2016,True
0,0,1,5,0.4828,0.4627,2.2327,26.3,2.9983,0,Lou Williams,Kobe Bryant,10,Los Angeles Lakers,2015-16,2016.0,2010s,82.0,17.0,65.0,0.2073170731707317,-9.7,100.7,110.3,True,2016,True
0,1,2,5,0.6446,0.6246,2.7599,30.31,2.8321,0,Marc Gasol,Zach Randolph,10,Memphis Grizzlies,2015-16,2016.0,2010s,82.0,42.0,40.0,0.5121951219512195,-2.4,104.7,107.1,True,2016,True
0,2,3,3,0.6596,0.6515,2.9943,29.99,3.1034,0,Hassan Whiteside,Dwyane Wade,10,Miami Heat,2015-16,2016.0,2010s,82.0,48.0,34.0,0.5853658536585366,1.7,105.5,103.7,True,2016,True
0,0,4,3,0.621,0.5274,2.6038,23.54,3.5008,0,Greg Monroe,Giannis Antetokounmpo,10,Milwaukee Bucks,2015-16,2016.0,2010s,82.0,33.0,49.0,0.4024390243902439,-4.5,103.4,107.8,True,2016,True
0,1,3,3,0.6711,0.5101,2.5511,24.06,3.7465,1,Karl-Anthony Towns,Ricky Rubio,10,Minnesota Timberwolves,2015-16,2016.0,2010s,82.0,29.0,53.0,0.3536585365853658,-3.5,105.4,109.0,True,2016,True
0,1,2,3,0.7624,0.5891,2.6858,27.18,3.2439,1,Anthony Davis,Jrue Holiday,10,New Orleans Pelicans,2015-16,2016.0,2010s,82.0,30.0,52.0,0.3658536585365853,-3.7,104.8,108.4,True,2016,True
0,0,3,2,0.6405,0.5595,2.5014,27.89,3.0954,0,Carmelo Anthony,Kristaps Porziņģis,10,New York Knicks,2015-16,2016.0,2010s,82.0,32.0,50.0,0.3902439024390244,-2.8,103.9,106.7,True,2016,True
1,1,2,2,0.8844,0.8484,3.2554,25.78,4.1068,0,Russell Westbrook,Kevin Durant,10,Oklahoma City Thunder,2015-16,2016.0,2010s,82.0,55.0,27.0,0.6707317073170732,7.4,112.1,104.8,True,2016,True
0,0,5,3,0.6236,0.5332,2.5999,24.0,3.6309,0,Nikola Vučević,Victor Oladipo,10,Orlando Magic,2015-16,2016.0,2010s,82.0,35.0,47.0,0.4268292682926829,-1.6,104.4,106.0,True,2016,True
0,0,1,4,0.4775,0.4426,2.1525,24.07,2.802,0,Jahlil Okafor,Nerlens Noel,10,Philadelphia 76ers,2015-16,2016.0,2010s,82.0,10.0,72.0,0.1219512195121951,-10.2,98.4,108.6,True,2016,True
0,0,1,4,0.5223,0.4558,2.2431,27.17,2.7788,0,Brandon Knight,Jon Leuer,10,Phoenix Suns,2015-16,2016.0,2010s,82.0,23.0,59.0,0.2804878048780488,-6.5,101.5,107.9,True,2016,True
0,1,2,4,0.749,0.5132,2.6601,25.12,3.5686,0,Damian Lillard,CJ McCollum,10,Portland Trail Blazers,2015-16,2016.0,2010s,82.0,44.0,38.0,0.5365853658536586,0.8,107.6,106.8,True,2016,True
0,1,3,2,0.7791,0.5502,2.7676,27.71,3.5193,0,DeMarcus Cousins,Rajon Rondo,10,Sacramento Kings,2015-16,2016.0,2010s,82.0,33.0,49.0,0.4024390243902439,-2.3,105.3,107.6,True,2016,True
0,4,6,0,0.778,0.7683,3.4935,31.15,3.5427,0,LaMarcus Aldridge,Kawhi Leonard,10,San Antonio Spurs,2015-16,2016.0,2010s,82.0,67.0,15.0,0.8170731707317073,11.1,109.3,98.2,True,2016,True
0,2,1,6,0.7226,0.676,2.9393,26.94,3.7503,0,Kyle Lowry,DeMar DeRozan,10,Toronto Raptors,2015-16,2016.0,2010s,82.0,56.0,26.0,0.6829268292682927,4.4,109.3,104.8,True,2016,True
0,0,5,3,0.6194,0.6149,2.7635,24.19,4.0185,0,Derrick Favors,Gordon Hayward,10,Utah Jazz,2015-16,2016.0,2010s,82.0,40.0,42.0,0.4878048780487805,1.8,105.0,103.2,True,2016,True
0,1,4,3,0.7471,0.5829,2.8869,27.32,3.5139,0,John Wall,Marcin Gortat,10,Washington Wizards,2015-16,2016.0,2010s,82.0,41.0,41.0,0.5,-0.5,104.5,105.1,True,2016,True
0,2,4,2,0.6353,0.6244,2.6866,,3.4077,0,Paul Millsap,Dennis Schröder,10,Atlanta Hawks,2016-17,2017.0,2010s,82.0,43.0,39.0,0.524390243902439,-0.7,104.5,105.2,True,2017,True
0,1,6,1,0.7476,0.6217,2.8455,,3.6571,0,Isaiah Thomas,Al Horford,10,Boston Celtics,2016-17,2017.0,2010s,82.0,53.0,29.0,0.6463414634146342,2.6,110.6,108.0,True,2017,True
0,0,1,3,0.5802,0.4115,1.9705,,2.4672,0,Brook Lopez,Trevor Booker,10,Brooklyn Nets,2016-17,2017.0,2010s,82.0,20.0,62.0,0.2439024390243902,-6.5,103.6,110.1,True,2017,True
0,1,5,3,0.6699,0.5786,2.6418,,3.4446,0,Kemba Walker,Nicolas Batum,9,Charlotte Hornets,2016-17,2017.0,2010s,82.0,36.0,46.0,0.4390243902439024,0.0,108.4,108.4,True,2017,True
0,1,4,2,0.6949,0.6035,2.6779,,3.34,0,Jimmy Butler III,Dwyane Wade,10,Chicago Bulls,2016-17,2017.0,2010s,82.0,41.0,41.0,0.5,0.3,106.5,106.2,True,2017,True
1,2,2,4,0.878,0.7123,3.1363,,3.8239,0,LeBron James,Kyrie Irving,10,Cleveland Cavaliers,2016-17,2017.0,2010s,82.0,51.0,31.0,0.6219512195121951,3.1,112.8,109.7,True,2017,True
0,0,2,5,0.5298,0.5014,2.2577,,2.7798,0,Dirk Nowitzki,Harrison Barnes,10,Dallas Mavericks,2016-17,2017.0,2010s,82.0,33.0,49.0,0.4024390243902439,-3.0,104.7,107.7,True,2017,True
0,1,5,4,0.679,0.5222,2.7183,,3.4585,0,Nikola Jokić,Mason Plumlee,10,Denver Nuggets,2016-17,2017.0,2010s,82.0,40.0,42.0,0.4878048780487805,0.4,112.2,111.7,True,2017,True
0,1,5,3,0.6369,0.5336,2.6229,,3.3623,0,Andre Drummond,Reggie Jackson,10,Detroit Pistons,2016-17,2017.0,2010s,82.0,37.0,45.0,0.4512195121951219,-1.4,105.3,106.7,True,2017,True
2,2,4,1,0.9382,0.8533,3.6806,,4.6559,0,Stephen Curry,Kevin Durant,10,Golden State Warriors,2016-17,2017.0,2010s,82.0,67.0,15.0,0.8170731707317073,11.4,114.8,103.4,True,2017,True
1,0,8,1,0.8976,0.5831,3.0966,,3.9383,0,James Harden,Lou Williams,10,Houston Rockets,2016-17,2017.0,2010s,82.0,55.0,27.0,0.6707317073170732,5.7,114.1,108.4,True,2017,True
0,2,4,2,0.6877,0.6462,2.8364,,3.6094,0,Paul George,Jeff Teague,10,Indiana Pacers,2016-17,2017.0,2010s,82.0,42.0,40.0,0.5121951219512195,-0.2,107.9,108.1,True,2017,True
0,3,3,2,0.8164,0.7471,3.267,,3.9411,0,Chris Paul,Blake Griffin,10,LA Clippers,2016-17,2017.0,2010s,82.0,51.0,31.0,0.6219512195121951,4.4,111.8,107.5,True,2017,True
0,0,1,2,0.4511,0.425,1.9444,,2.521,0,Julius Randle,D'Angelo Russell,10,Los Angeles Lakers,2016-17,2017.0,2010s,82.0,26.0,56.0,0.3170731707317073,-6.7,105.3,112.0,True,2017,True
0,2,1,4,0.6524,0.6314,2.623,,3.2498,0,Marc Gasol,Mike Conley,10,Memphis Grizzlies,2016-17,2017.0,2010s,82.0,43.0,39.0,0.524390243902439,0.5,107.0,106.5,True,2017,True
0,1,3,3,0.661,0.5963,2.5436,,3.2063,0,Hassan Whiteside,Goran Dragic,10,Miami Heat,2016-17,2017.0,2010s,82.0,41.0,41.0,0.5,1.0,107.4,106.4,True,2017,True
0,1,3,3,0.689,0.5851,2.5807,,3.1929,0,Giannis Antetokounmpo,Greg Monroe,10,Milwaukee Bucks,2016-17,2017.0,2010s,82.0,42.0,40.0,0.5121951219512195,-0.2,108.5,108.7,True,2017,True
0,1,3,2,0.7263,0.5645,2.6233,,3.285,0,Karl-Anthony Towns,Andrew Wiggins,10,Minnesota Timberwolves,2016-17,2017.0,2010s,82.0,31.0,51.0,0.3780487804878049,-0.9,110.0,110.9,True,2017,True
0,2,1,3,0.7806,0.7782,2.8244,,3.3176,0,DeMarcus Cousins,Anthony Davis,9,New Orleans Pelicans,2016-17,2017.0,2010s,82.0,34.0,48.0,0.4146341463414634,-2.1,104.7,106.8,True,2017,True
0,0,4,3,0.5998,0.5282,2.4761,,3.0856,0,Carmelo Anthony,Kristaps Porziņģis,10,New York Knicks,2016-17,2017.0,2010s,82.0,31.0,51.0,0.3780487804878049,-3.6,107.1,110.7,True,2017,True
1,0,4,1,0.8764,0.6106,2.8049,,3.4445,0,Russell Westbrook,Enes Freedom,10,Oklahoma City Thunder,2016-17,2017.0,2010s,82.0,47.0,35.0,0.573170731707317,0.8,107.9,107.1,True,2017,True
0,0,2,6,0.5931,0.5019,2.2966,,2.999,0,Nikola Vučević,Elfrid Payton,10,Orlando Magic,2016-17,2017.0,2010s,82.0,29.0,53.0,0.3536585365853658,-6.5,103.7,110.3,True,2017,True
0,0,2,5,0.4401,0.4319,2.0518,,2.6581,0,Dario Saric,T.J. McConnell,10,Philadelphia 76ers,2016-17,2017.0,2010s,82.0,28.0,54.0,0.3414634146341463,-5.5,102.7,108.2,True,2017,True
0,0,2,5,0.6236,0.4727,2.2738,,2.9279,0,Eric Bledsoe,Devin Booker,10,Phoenix Suns,2016-17,2017.0,2010s,82.0,24.0,58.0,0.2926829268292683,-5.2,106.1,111.3,True,2017,True
0,1,3,3,0.7406,0.5843,2.6106,,3.2385,0,Damian Lillard,CJ McCollum,10,Portland Trail Blazers,2016-17,2017.0,2010s,82.0,41.0,41.0,0.5,-0.6,109.4,110.0,True,2017,True
0,0,1,3,0.4394,0.4039,1.8913,,2.4383,0,Darren Collison,Ty Lawson,10,Sacramento Kings,2016-17,2017.0,2010s,82.0,32.0,50.0,0.3902439024390244,-4.2,106.6,110.8,True,2017,True
0,3,5,2,0.806,0.7009,3.2641,,4.114,0,Kawhi Leonard,LaMarcus Aldridge,10,San Antonio Spurs,2016-17,2017.0,2010s,82.0,61.0,21.0,0.7439024390243902,7.4,110.3,102.9,True,2017,True
0,2,3,4,0.7161,0.693,2.9584,,3.7688,0,DeMar DeRozan,Kyle Lowry,10,Toronto Raptors,2016-17,2017.0,2010s,82.0,51.0,31.0,0.6219512195121951,4.3,111.4,107.1,True,2017,True
0,1,4,4,0.6502,0.6123,2.709,,3.3156,0,Gordon Hayward,Rudy Gobert,10,Utah Jazz,2016-17,2017.0,2010s,82.0,51.0,31.0,0.6219512195121951,4.3,109.0,104.7,True,2017,True
0,1,5,2,0.7851,0.5854,2.8885,,3.6475,0,John Wall,Bradley Beal,10,Washington Wizards,2016-17,2017.0,2010s,82.0,49.0,33.0,0.5975609756097561,1.7,110.4,108.8,True,2017,True
0,0,1,4,0.6024,0.451,2.2758,,2.9194,0,Dennis Schröder,John Collins,10,Atlanta Hawks,2017-18,2018.0,2010s,82.0,24.0,58.0,0.2926829268292683,-5.7,104.4,110.1,True,2018,True
0,1,7,1,0.7189,0.6205,3.0006,,3.8111,0,Kyrie Irving,Al Horford,10,Boston Celtics,2017-18,2018.0,2010s,82.0,55.0,27.0,0.6707317073170732,3.6,106.8,103.2,True,2018,True
0,0,2,5,0.4683,0.4664,2.2677,,2.8481,0,D'Angelo Russell,Spencer Dinwiddie,10,Brooklyn Nets,2017-18,2018.0,2010s,82.0,28.0,54.0,0.3414634146341463,-3.6,106.1,109.7,True,2018,True
0,1,5,1,0.7036,0.6261,2.8458,,3.5791,0,Kemba Walker,Dwight Howard,10,Charlotte Hornets,2017-18,2018.0,2010s,82.0,36.0,46.0,0.4390243902439024,-0.1,109.0,109.0,True,2018,True
0,0,0,6,0.4551,0.4331,2.0844,,2.7808,0,Lauri Markkanen,Bobby Portis,10,Chicago Bulls,2017-18,2018.0,2010s,82.0,27.0,55.0,0.3292682926829268,-7.0,103.4,110.5,True,2018,True
1,0,2,7,0.8974,0.6258,2.9324,,3.6684,0,LeBron James,Kevin Love,10,Cleveland Cavaliers,2017-18,2018.0,2010s,82.0,50.0,32.0,0.6097560975609756,1.0,112.0,111.1,True,2018,True
0,0,4,3,0.5399,0.5327,2.4641,,3.2283,0,Dennis Smith Jr.,Harrison Barnes,10,Dallas Mavericks,2017-18,2018.0,2010s,82.0,24.0,58.0,0.2926829268292683,-2.9,105.4,108.4,True,2018,True
0,1,6,2,0.7344,0.5728,2.9373,,3.7378,0,Nikola Jokić,Will Barton,10,Denver Nuggets,2017-18,2018.0,2010s,82.0,46.0,36.0,0.5609756097560976,1.4,111.4,110.0,True,2018,True
0,2,2,2,0.6895,0.6827,2.7322,,3.2942,0,Blake Griffin,Andre Drummond,10,Detroit Pistons,2017-18,2018.0,2010s,82.0,39.0,43.0,0.4756097560975609,-0.1,106.6,106.7,True,2018,True
2,2,3,1,0.8722,0.8582,3.6123,,4.4599,0,Kevin Durant,Stephen Curry,10,Golden State Warriors,2017-18,2018.0,2010s,82.0,58.0,24.0,0.7073170731707317,5.9,112.8,106.8,True,2018,True
1,2,3,4,0.9206,0.7904,3.3985,,4.2648,0,James Harden,Chris Paul,10,Houston Rockets,2017-18,2018.0,2010s,82.0,65.0,17.0,0.7926829268292683,8.4,114.1,105.7,True,2018,True
0,1,7,1,0.6399,0.5294,2.741,,3.677,0,Victor Oladipo,Myles Turner,10,Indiana Pacers,2017-18,2018.0,2010s,82.0,48.0,34.0,0.5853658536585366,1.3,108.5,107.3,True,2018,True
0,1,4,2,0.6494,0.6266,2.7732,,3.4515,0,Lou Williams,DeAndre Jordan,10,LA Clippers,2017-18,2018.0,2010s,82.0,42.0,40.0,0.5121951219512195,0.2,109.4,109.2,True,2018,True
0,0,6,1,0.5676,0.5518,2.7059,,3.5847,0,Isaiah Thomas,Kyle Kuzma,10,Los Angeles Lakers,2017-18,2018.0,2010s,82.0,35.0,47.0,0.4268292682926829,-1.3,106.0,107.3,True,2018,True
0,0,2,3,0.6031,0.4941,2.1927,,2.7451,0,Marc Gasol,Tyreke Evans,10,Memphis Grizzlies,2017-18,2018.0,2010s,82.0,22.0,60.0,0.2682926829268293,-6.8,103.6,110.4,True,2018,True
0,1,6,2,0.6358,0.6118,2.8534,,3.4838,0,Hassan Whiteside,Goran Dragic,10,Miami Heat,2017-18,2018.0,2010s,82.0,44.0,38.0,0.5365853658536586,0.4,106.2,105.8,True,2018,True
0,2,1,3,0.7792,0.6325,2.7584,,3.4429,0,Giannis Antetokounmpo,Eric Bledsoe,10,Milwaukee Bucks,2017-18,2018.0,2010s,82.0,44.0,38.0,0.5365853658536586,-0.2,109.0,109.1,True,2018,True
0,2,4,2,0.7617,0.6892,3.1361,,3.9338,0,Karl-Anthony Towns,Jimmy Butler III,9,Minnesota Timberwolves,2017-18,2018.0,2010s,82.0,47.0,35.0,0.573170731707317,2.3,112.5,110.2,True,2018,True
0,3,2,4,0.8227,0.7572,3.2273,,4.0446,0,Anthony Davis,DeMarcus Cousins,10,New Orleans Pelicans,2017-18,2018.0,2010s,82.0,48.0,34.0,0.5853658536585366,1.1,108.5,107.4,True,2018,True
0,0,5,3,0.5849,0.5447,2.5464,,3.3273,0,Enes Freedom,Kristaps Porziņģis,10,New York Knicks,2017-18,2018.0,2010s,82.0,29.0,53.0,0.3536585365853658,-3.4,106.3,109.7,True,2018,True
1,1,2,2,0.9095,0.7158,3.1253,,3.8492,0,Russell Westbrook,Paul George,10,Oklahoma City Thunder,2017-18,2018.0,2010s,82.0,48.0,34.0,0.5853658536585366,3.7,110.1,106.4,True,2018,True
0,0,2,4,0.5725,0.4738,2.2977,,3.0058,0,Nikola Vučević,Aaron Gordon,10,Orlando Magic,2017-18,2018.0,2010s,82.0,25.0,57.0,0.3048780487804878,-4.7,104.7,109.4,True,2018,True
0,2,5,2,0.8089,0.7013,3.1583,,4.1013,0,Ben Simmons,Joel Embiid,10,Philadelphia 76ers,2017-18,2018.0,2010s,82.0,52.0,30.0,0.6341463414634146,4.6,108.5,103.9,True,2018,True
0,0,2,3,0.4992,0.4777,2.1716,,2.6609,0,Devin Booker,Elfrid Payton,10,Phoenix Suns,2017-18,2018.0,2010s,82.0,21.0,61.0,0.2560975609756097,-9.0,102.8,111.7,True,2018,True
0,2,1,5,0.7726,0.6639,2.8561,,3.5987,0,Damian Lillard,CJ McCollum,10,Portland Trail Blazers,2017-18,2018.0,2010s,82.0,49.0,33.0,0.5975609756097561,2.7,108.4,105.7,True,2018,True
0,0,1,4,0.4956,0.4266,2.1326,,2.7255,0,Zach Randolph,Willie Cauley-Stein,10,Sacramento Kings,2017-18,2018.0,2010s,82.0,27.0,55.0,0.3292682926829268,-7.3,103.1,110.4,True,2018,True
0,1,6,3,0.7224,0.6251,2.9152,,3.7293,0,LaMarcus Aldridge,Pau Gasol,10,San Antonio Spurs,2017-18,2018.0,2010s,82.0,47.0,35.0,0.573170731707317,3.0,107.1,104.1,True,2018,True
0,3,3,4,0.7831,0.7348,3.2917,,4.1184,0,DeMar DeRozan,Kyle Lowry,10,Toronto Raptors,2017-18,2018.0,2010s,82.0,59.0,23.0,0.7195121951219512,7.7,113.0,105.3,True,2018,True
0,1,5,3,0.7072,0.6091,2.9443,,3.7817,0,Donovan Mitchell,Ricky Rubio,10,Utah Jazz,2017-18,2018.0,2010s,82.0,48.0,34.0,0.5853658536585366,4.4,107.4,103.0,True,2018,True
0,2,3,3,0.6948,0.6665,2.8759,,3.7038,0,John Wall,Bradley Beal,10,Washington Wizards,2017-18,2018.0,2010s,82.0,43.0,39.0,0.524390243902439,0.4,108.1,107.7,True,2018,True
0,0,2,5,0.6401,0.5028,2.4102,,3.1459,0,Trae Young,John Collins,10,Atlanta Hawks,2018-19,2019.0,2010s,82.0,29.0,53.0,0.3536585365853658,-5.5,107.5,113.1,True,2019,True
0,1,7,2,0.7608,0.62,3.0994,,4.0983,0,Kyrie Irving,Al Horford,10,Boston Celtics,2018-19,2019.0,2010s,82.0,49.0,33.0,0.5975609756097561,4.3,111.3,107.0,True,2019,True
0,0,3,4,0.6235,0.5095,2.48,,3.2388,0,D'Angelo Russell,Spencer Dinwiddie,10,Brooklyn Nets,2018-19,2019.0,2010s,82.0,42.0,40.0,0.5121951219512195,-0.1,108.9,109.0,True,2019,True
0,1,2,6,0.7358,0.5296,2.6012,,3.2686,0,Kemba Walker,Jeremy Lamb,10,Charlotte Hornets,2018-19,2019.0,2010s,82.0,39.0,43.0,0.4756097560975609,-1.3,110.7,112.0,True,2019,True
0,0,2,2,0.4609,0.4524,2.0407,,2.5855,0,Otto Porter Jr.,Zach LaVine,10,Chicago Bulls,2018-19,2019.0,2010s,82.0,22.0,60.0,0.2682926829268293,-8.3,104.5,112.8,True,2019,True
0,0,1,2,0.477,0.4153,1.9023,,2.3741,0,Jordan Clarkson,Collin Sexton,10,Cleveland Cavaliers,2018-19,2019.0,2010s,82.0,19.0,63.0,0.2317073170731707,-10.0,106.8,116.8,True,2019,True
0,1,1,4,0.688,0.4752,2.4159,,3.019,0,Luka Dončić,Tim Hardaway Jr.,10,Dallas Mavericks,2018-19,2019.0,2010s,82.0,33.0,49.0,0.4024390243902439,-1.5,108.7,110.1,True,2019,True
0,1,6,1,0.8135,0.6025,3.0251,,3.7721,0,Nikola Jokić,Jamal Murray,10,Denver Nuggets,2018-19,2019.0,2010s,82.0,54.0,28.0,0.6585365853658537,4.0,112.1,108.1,True,2019,True
0,2,1,3,0.699,0.6939,2.713,,3.2845,0,Andre Drummond,Blake Griffin,10,Detroit Pistons,2018-19,2019.0,2010s,82.0,41.0,41.0,0.5,-0.3,108.4,108.7,True,2019,True
2,1,3,3,0.8571,0.8244,3.3865,,4.2656,0,Kevin Durant,Stephen Curry,10,Golden State Warriors,2018-19,2019.0,2010s,82.0,57.0,25.0,0.6951219512195121,6.5,115.0,108.6,True,2019,True
1,2,2,4,0.9387,0.7111,3.2883,,4.0789,0,James Harden,Chris Paul,10,Houston Rockets,2018-19,2019.0,2010s,82.0,53.0,29.0,0.6463414634146342,4.8,114.9,110.1,True,2019,True
0,0,8,1,0.6017,0.5723,2.8816,,3.7309,0,Victor Oladipo,Myles Turner,10,Indiana Pacers,2018-19,2019.0,2010s,82.0,48.0,34.0,0.5853658536585366,3.4,109.4,106.0,True,2019,True
0,1,4,3,0.6883,0.589,2.7059,,3.3904,0,Lou Williams,Montrezl Harrell,10,LA Clippers,2018-19,2019.0,2010s,82.0,48.0,34.0,0.5853658536585366,1.0,111.4,110.4,True,2019,True
0,1,4,3,0.8197,0.5453,2.8504,,3.5313,0,LeBron James,JaVale McGee,10,Los Angeles Lakers,2018-19,2019.0,2010s,82.0,37.0,45.0,0.4512195121951219,-1.6,107.4,108.9,True,2019,True
0,0,3,4,0.6462,0.5875,2.5213,,3.2365,0,Mike Conley,Jonas Valančiūnas,10,Memphis Grizzlies,2018-19,2019.0,2010s,82.0,33.0,49.0,0.4024390243902439,-2.4,105.6,108.0,True,2019,True
0,0,6,3,0.6133,0.5498,2.6953,,3.382,0,Hassan Whiteside,Dwyane Wade,10,Miami Heat,2018-19,2019.0,2010s,82.0,39.0,43.0,0.4756097560975609,-0.4,106.7,107.1,True,2019,True
1,2,4,3,0.8745,0.6869,3.3147,,4.0677,0,Giannis Antetokounmpo,Eric Bledsoe,10,Milwaukee Bucks,2018-19,2019.0,2010s,82.0,60.0,22.0,0.7317073170731707,8.6,113.5,104.9,True,2019,True
0,1,5,2,0.7779,0.5713,2.886,,3.6644,0,Karl-Anthony Towns,Andrew Wiggins,10,Minnesota Timberwolves,2018-19,2019.0,2010s,82.0,36.0,46.0,0.4390243902439024,-1.6,110.6,112.2,True,2019,True
0,2,2,1,0.7924,0.6713,2.8448,,3.4908,0,Anthony Davis,Jrue Holiday,10,New Orleans Pelicans,2018-19,2019.0,2010s,82.0,33.0,49.0,0.4024390243902439,-1.3,110.7,112.0,True,2019,True
0,0,1,3,0.52,0.4184,2.0141,,2.604,0,DeAndre Jordan,Dennis Smith Jr.,10,New York Knicks,2018-19,2019.0,2010s,82.0,17.0,65.0,0.2073170731707317,-8.9,104.0,112.9,True,2019,True
1,1,4,1,0.901,0.7784,3.2566,,4.0533,0,Russell Westbrook,Paul George,10,Oklahoma City Thunder,2018-19,2019.0,2010s,82.0,49.0,33.0,0.5975609756097561,3.4,109.8,106.5,True,2019,True
0,1,3,2,0.6836,0.5408,2.5436,,3.1384,0,Nikola Vučević,Aaron Gordon,10,Orlando Magic,2018-19,2019.0,2010s,82.0,42.0,40.0,0.5121951219512195,0.6,108.2,107.6,True,2019,True
0,3,4,2,0.7753,0.7686,3.3237,,4.0651,0,Joel Embiid,Ben Simmons,10,Philadelphia 76ers,2018-19,2019.0,2010s,82.0,51.0,31.0,0.6219512195121951,2.6,111.6,109.0,True,2019,True
0,0,2,6,0.5616,0.4918,2.2994,,2.9853,0,Devin Booker,Deandre Ayton,10,Phoenix Suns,2018-19,2019.0,2010s,82.0,19.0,63.0,0.2317073170731707,-8.9,105.3,114.2,True,2019,True
0,3,2,5,0.808,0.6599,3.1246,,3.9941,0,Damian Lillard,Jusuf Nurkić,10,Portland Trail Blazers,2018-19,2019.0,2010s,82.0,53.0,29.0,0.6463414634146342,4.2,113.7,109.5,True,2019,True
0,0,6,3,0.5846,0.528,2.6465,,3.5053,0,De'Aaron Fox,Buddy Hield,10,Sacramento Kings,2018-19,2019.0,2010s,82.0,39.0,43.0,0.4756097560975609,-1.2,109.6,110.8,True,2019,True
0,2,4,3,0.7563,0.7161,2.9433,,3.762,0,DeMar DeRozan,LaMarcus Aldridge,10,San Antonio Spurs,2018-19,2019.0,2010s,82.0,48.0,34.0,0.5853658536585366,1.6,112.2,110.6,True,2019,True
0,2,6,2,0.7723,0.6958,3.2896,,4.3125,0,Kawhi Leonard,Kyle Lowry,10,Toronto Raptors,2018-19,2019.0,2010s,82.0,58.0,24.0,0.7073170731707317,5.8,112.6,106.8,True,2019,True
0,2,4,2,0.7249,0.6812,3.0906,,3.9891,0,Donovan Mitchell,Rudy Gobert,10,Utah Jazz,2018-19,2019.0,2010s,82.0,50.0,32.0,0.6097560975609756,5.0,110.3,105.3,True,2019,True
0,1,4,3,0.7168,0.5953,2.755,,3.5905,0,Bradley Beal,John Wall,10,Washington Wizards,2018-19,2019.0,2010s,82.0,32.0,50.0,0.3902439024390244,-2.7,110.2,112.9,True,2019,True
0,1,2,3,0.6939,0.5311,2.5092,,3.0775,0,Trae Young,Clint Capela,10,Atlanta Hawks,2019-20,2020.0,2010s,67.0,20.0,47.0,0.2985074626865671,-7.4,107.0,114.4,True,2020,True
0,2,5,1,0.7136,0.6953,3.1851,,4.0158,0,Kemba Walker,Jayson Tatum,10,Boston Celtics,2019-20,2020.0,2010s,72.0,48.0,24.0,0.6666666666666666,6.3,112.8,106.5,True,2020,True
0,0,5,2,0.6192,0.5251,2.5895,,3.3078,0,Spencer Dinwiddie,Jarrett Allen,10,Brooklyn Nets,2019-20,2020.0,2010s,72.0,35.0,37.0,0.4861111111111111,-0.5,108.7,109.2,True,2020,True
0,0,1,4,0.5155,0.4556,2.1302,,2.7176,0,Terry Rozier,Devonte' Graham,10,Charlotte Hornets,2019-20,2020.0,2010s,65.0,23.0,42.0,0.3538461538461538,-7.0,105.9,112.8,True,2020,True
0,0,2,4,0.5652,0.4917,2.3708,,3.067,0,Zach LaVine,Thaddeus Young,10,Chicago Bulls,2019-20,2020.0,2010s,65.0,22.0,43.0,0.3384615384615385,-3.1,105.8,108.9,True,2020,True
0,0,1,4,0.6461,0.4726,2.3512,,3.0125,0,Andre Drummond,Collin Sexton,10,Cleveland Cavaliers,2019-20,2020.0,2010s,65.0,19.0,46.0,0.2923076923076923,-7.9,106.9,114.8,True,2020,True
0,2,3,4,0.8095,0.6754,3.0448,,3.9408,0,Luka Dončić,Kristaps Porziņģis,10,Dallas Mavericks,2019-20,2020.0,2010s,75.0,43.0,32.0,0.5733333333333334,4.8,115.9,111.2,True,2020,True
1,0,7,1,0.8287,0.6278,3.084,,3.8558,0,Nikola Jokić,Jamal Murray,10,Denver Nuggets,2019-20,2020.0,2010s,73.0,46.0,27.0,0.6301369863013698,2.2,112.6,110.4,True,2020,True
0,0,2,1,0.5394,0.4986,2.1568,,2.8143,0,Derrick Rose,Christian Wood,10,Detroit Pistons,2019-20,2020.0,2010s,66.0,20.0,46.0,0.303030303030303,-3.5,108.8,112.3,True,2020,True
0,0,2,2,0.5306,0.4751,1.9735,,2.3678,0,Andrew Wiggins,Draymond Green,7,Golden State Warriors,2019-20,2020.0,2010s,65.0,15.0,50.0,0.2307692307692307,-8.6,104.4,113.0,True,2020,True
2,0,2,5,0.9267,0.8446,3.2051,,4.0038,0,James Harden,Russell Westbrook,9,Houston Rockets,2019-20,2020.0,2010s,72.0,44.0,28.0,0.6111111111111112,2.7,112.5,109.8,True,2020,True
0,1,5,4,0.6621,0.5829,2.8423,,3.6443,0,Domantas Sabonis,Malcolm Brogdon,10,Indiana Pacers,2019-20,2020.0,2010s,73.0,45.0,28.0,0.6164383561643836,1.9,109.5,107.5,True,2020,True
0,4,3,2,0.8146,0.7399,3.4219,,4.3891,0,Kawhi Leonard,Paul George,10,LA Clippers,2019-20,2020.0,2010s,72.0,49.0,23.0,0.6805555555555556,6.3,113.3,106.9,True,2020,True
1,1,4,3,0.8728,0.8218,3.298,,4.0674,0,LeBron James,Anthony Davis,10,Los Angeles Lakers,2019-20,2020.0,2010s,71.0,52.0,19.0,0.7323943661971831,5.6,111.7,106.1,True,2020,True
0,0,5,4,0.6512,0.6166,2.7719,,3.5631,0,Ja Morant,Jonas Valančiūnas,10,Memphis Grizzlies,2019-20,2020.0,2010s,73.0,34.0,39.0,0.4657534246575342,-1.0,108.7,109.7,True,2020,True
0,1,7,1,0.683,0.6159,2.973,,3.879,0,Jimmy Butler III,Bam Adebayo,10,Miami Heat,2019-20,2020.0,2010s,73.0,44.0,29.0,0.6027397260273972,2.7,111.9,109.3,True,2020,True
1,2,4,3,0.9008,0.7421,3.4803,,4.4274,0,Giannis Antetokounmpo,Khris Middleton,10,Milwaukee Bucks,2019-20,2020.0,2010s,73.0,56.0,17.0,0.7671232876712328,9.4,111.9,102.5,True,2020,True
0,1,1,3,0.6895,0.6131,2.4084,,2.8735,0,Karl-Anthony Towns,D'Angelo Russell,10,Minnesota Timberwolves,2019-20,2020.0,2010s,64.0,19.0,45.0,0.296875,-4.0,107.6,111.6,True,2020,True
0,1,4,3,0.6675,0.5774,2.7331,,3.5304,0,Jrue Holiday,Brandon Ingram,10,New Orleans Pelicans,2019-20,2020.0,2010s,72.0,30.0,42.0,0.4166666666666667,-1.3,110.5,111.8,True,2020,True
0,0,1,5,0.6046,0.4418,2.2649,,2.8203,0,Julius Randle,Elfrid Payton,10,New York Knicks,2019-20,2020.0,2010s,66.0,21.0,45.0,0.3181818181818182,-6.5,105.9,112.4,True,2020,True
0,1,4,1,0.7138,0.6074,2.9481,,3.721,0,Chris Paul,Shai Gilgeous-Alexander,10,Oklahoma City Thunder,2019-20,2020.0,2010s,72.0,44.0,28.0,0.6111111111111112,2.1,110.1,108.1,True,2020,True
0,1,3,3,0.6953,0.5608,2.7821,,3.5906,0,Nikola Vučević,Aaron Gordon,10,Orlando Magic,2019-20,2020.0,2010s,73.0,33.0,40.0,0.4520547945205479,-1.3,107.9,109.2,True,2020,True
0,3,3,3,0.7741,0.7222,3.22,,4.1029,0,Joel Embiid,Ben Simmons,10,Philadelphia 76ers,2019-20,2020.0,2010s,73.0,43.0,30.0,0.589041095890411,2.3,110.7,108.4,True,2020,True
0,1,4,4,0.6758,0.6303,2.7965,,3.5072,0,Devin Booker,Ricky Rubio,10,Phoenix Suns,2019-20,2020.0,2010s,73.0,34.0,39.0,0.4657534246575342,0.5,111.3,110.8,True,2020,True
0,2,2,2,0.8181,0.6642,2.9482,,3.6347,0,Damian Lillard,CJ McCollum,10,Portland Trail Blazers,2019-20,2020.0,2010s,74.0,35.0,39.0,0.4729729729729729,-1.1,113.2,114.3,True,2020,True
0,0,5,5,0.609,0.5857,2.7043,,3.5468,0,De'Aaron Fox,Buddy Hield,10,Sacramento Kings,2019-20,2020.0,2010s,72.0,31.0,41.0,0.4305555555555556,-1.9,109.5,111.4,True,2020,True
0,1,4,4,0.7267,0.6449,2.9316,,3.7801,0,DeMar DeRozan,LaMarcus Aldridge,10,San Antonio Spurs,2019-20,2020.0,2010s,71.0,32.0,39.0,0.4507042253521127,-0.9,111.7,112.6,True,2020,True
0,2,5,2,0.7094,0.6848,3.1413,,4.1359,0,Kyle Lowry,Pascal Siakam,10,Toronto Raptors,2019-20,2020.0,2010s,72.0,53.0,19.0,0.7361111111111112,6.1,110.8,104.7,True,2020,True
0,2,4,3,0.7254,0.6795,3.0884,,3.9497,0,Donovan Mitchell,Rudy Gobert,10,Utah Jazz,2019-20,2020.0,2010s,72.0,44.0,28.0,0.6111111111111112,2.5,111.8,109.3,True,2020,True
0,1,0,6,0.7172,0.4645,2.5006,,3.1649,0,Bradley Beal,Ish Smith,10,Washington Wizards,2019-20,2020.0,2010s,72.0,25.0,47.0,0.3472222222222222,-4.5,110.2,114.7,True,2020,True
0,1,5,1,0.7482,0.5893,2.9801,,3.8419,0,Trae Young,Lou Williams,10,Atlanta Hawks,2020-21,2021.0,2020s,72.0,41.0,31.0,0.5694444444444444,2.2,114.3,112.1,True,2021,True
0,1,4,3,0.733,0.6347,2.8891,,3.6169,0,Jayson Tatum,Jaylen Brown,10,Boston Celtics,2020-21,2021.0,2020s,72.0,36.0,36.0,0.5,1.2,113.1,111.8,True,2021,True
1,2,2,4,0.8437,0.7328,3.2489,,3.8345,0,James Harden,Kevin Durant,10,Brooklyn Nets,2020-21,2021.0,2020s,72.0,48.0,24.0,0.6666666666666666,4.2,117.3,113.1,True,2021,True
0,0,4,4,0.5783,0.5733,2.6478,,3.4023,0,LaMelo Ball,Terry Rozier,10,Charlotte Hornets,2020-21,2021.0,2020s,72.0,33.0,39.0,0.4583333333333333,-1.9,110.1,112.0,True,2021,True
0,2,3,4,0.7471,0.6452,2.9116,,3.7016,0,Nikola Vučević,Zach LaVine,10,Chicago Bulls,2020-21,2021.0,2020s,72.0,31.0,41.0,0.4305555555555556,-1.1,110.4,111.5,True,2021,True
0,0,2,2,0.5121,0.4982,2.1554,,2.5883,0,Collin Sexton,Jarrett Allen,10,Cleveland Cavaliers,2020-21,2021.0,2020s,72.0,22.0,50.0,0.3055555555555556,-8.3,105.2,113.5,True,2021,True
1,0,4,5,0.8476,0.6292,3.0046,,3.8286,0,Luka Dončić,Kristaps Porziņģis,10,Dallas Mavericks,2020-21,2021.0,2020s,72.0,42.0,30.0,0.5833333333333334,2.3,114.6,112.3,True,2021,True
1,0,6,3,0.8897,0.6181,3.1467,,4.067,0,Nikola Jokić,Jamal Murray,10,Denver Nuggets,2020-21,2021.0,2020s,72.0,47.0,25.0,0.6527777777777778,4.8,116.3,111.5,True,2021,True
0,0,2,4,0.5281,0.4935,2.2933,,2.9425,0,Jerami Grant,Mason Plumlee,10,Detroit Pistons,2020-21,2021.0,2020s,72.0,20.0,52.0,0.2777777777777778,-4.5,107.6,112.2,True,2021,True
0,1,3,5,0.8284,0.5699,2.8148,,3.5138,0,Stephen Curry,Andrew Wiggins,10,Golden State Warriors,2020-21,2021.0,2020s,72.0,39.0,33.0,0.5416666666666666,1.1,110.5,109.4,True,2021,True
0,0,3,3,0.4967,0.4883,2.2483,,2.8678,0,John Wall,Christian Wood,10,Houston Rockets,2020-21,2021.0,2020s,72.0,17.0,55.0,0.2361111111111111,-7.4,107.0,114.4,True,2021,True
0,1,4,4,0.7073,0.6253,2.9158,,3.7798,0,Domantas Sabonis,Malcolm Brogdon,10,Indiana Pacers,2020-21,2021.0,2020s,72.0,34.0,38.0,0.4722222222222222,0.1,111.9,111.9,True,2021,True
0,2,4,4,0.7829,0.7265,3.1288,,3.8644,0,Kawhi Leonard,Paul George,10,LA Clippers,2020-21,2021.0,2020s,72.0,47.0,25.0,0.6527777777777778,6.1,116.7,110.6,True,2021,True
0,2,5,3,0.7991,0.704,3.3016,,4.0057,0,LeBron James,Anthony Davis,10,Los Angeles Lakers,2020-21,2021.0,2020s,72.0,42.0,30.0,0.5833333333333334,2.9,109.8,106.8,True,2021,True
0,2,3,5,0.6576,0.6384,2.8292,,3.6538,0,Ja Morant,Jonas Valančiūnas,10,Memphis Grizzlies,2020-21,2021.0,2020s,72.0,38.0,34.0,0.5277777777777778,1.2,111.7,110.5,True,2021,True
0,2,4,1,0.696,0.6724,2.8717,,3.7326,0,Jimmy Butler III,Bam Adebayo,10,Miami Heat,2020-21,2021.0,2020s,72.0,40.0,32.0,0.5555555555555556,-0.1,110.6,110.7,True,2021,True
1,2,3,4,0.894,0.7434,3.4079,,4.3091,0,Giannis Antetokounmpo,Khris Middleton,10,Milwaukee Bucks,2020-21,2021.0,2020s,72.0,46.0,26.0,0.6388888888888888,5.8,116.5,110.7,True,2021,True
0,1,3,2,0.6557,0.5687,2.6883,,3.3589,0,Karl-Anthony Towns,Anthony Edwards,10,Minnesota Timberwolves,2020-21,2021.0,2020s,72.0,23.0,49.0,0.3194444444444444,-5.3,109.3,114.5,True,2021,True
0,1,4,3,0.6438,0.6323,2.8341,,3.6281,0,Zion Williamson,Brandon Ingram,10,New Orleans Pelicans,2020-21,2021.0,2020s,72.0,31.0,41.0,0.4305555555555556,-0.3,113.0,113.3,True,2021,True
0,1,4,3,0.706,0.5416,2.774,,3.6004,0,Julius Randle,RJ Barrett,10,New York Knicks,2020-21,2021.0,2020s,72.0,41.0,31.0,0.5694444444444444,2.4,110.2,107.8,True,2021,True
0,0,2,0,0.5557,0.5293,2.0536,,2.6123,0,Kemba Walker,Shai Gilgeous-Alexander,10,Oklahoma City Thunder,2020-21,2021.0,2020s,72.0,22.0,50.0,0.3055555555555556,-10.6,102.8,113.4,True,2021,True
0,0,0,3,0.4213,0.3711,1.7453,,2.2345,0,Terrence Ross,Wendell Carter Jr.,10,Orlando Magic,2020-21,2021.0,2020s,72.0,21.0,51.0,0.2916666666666667,-9.3,104.6,113.9,True,2021,True
0,3,5,2,0.796,0.6876,3.2007,,4.051,0,Joel Embiid,Tobias Harris,10,Philadelphia 76ers,2020-21,2021.0,2020s,72.0,49.0,23.0,0.6805555555555556,5.5,112.5,107.0,True,2021,True
0,2,3,4,0.7433,0.7306,3.0702,,3.9689,0,Chris Paul,Devin Booker,10,Phoenix Suns,2020-21,2021.0,2020s,72.0,51.0,21.0,0.7083333333333334,5.9,116.3,110.4,True,2021,True
0,1,6,2,0.8203,0.6372,3.145,,3.8817,0,Damian Lillard,CJ McCollum,10,Portland Trail Blazers,2020-21,2021.0,2020s,72.0,42.0,30.0,0.5833333333333334,1.8,117.1,115.3,True,2021,True
0,1,4,3,0.6603,0.5732,2.7255,,3.5917,0,De'Aaron Fox,Buddy Hield,10,Sacramento Kings,2020-21,2021.0,2020s,72.0,31.0,41.0,0.4305555555555556,-3.8,112.7,116.5,True,2021,True
0,1,4,4,0.687,0.5986,2.7399,,3.5588,0,DeMar DeRozan,Dejounte Murray,10,San Antonio Spurs,2020-21,2021.0,2020s,72.0,33.0,39.0,0.4583333333333333,-1.5,110.5,112.0,True,2021,True
0,1,4,2,0.6635,0.616,2.8176,,3.5583,0,Pascal Siakam,Kyle Lowry,10,Toronto Raptors,2020-21,2021.0,2020s,72.0,27.0,45.0,0.375,-0.4,111.6,112.0,True,2021,True
0,2,6,1,0.7516,0.7266,3.3333,,4.3004,0,Donovan Mitchell,Rudy Gobert,10,Utah Jazz,2020-21,2021.0,2020s,72.0,52.0,20.0,0.7222222222222222,9.0,116.5,107.5,True,2021,True
1,1,0,6,0.8305,0.725,2.7958,,3.283,0,Russell Westbrook,Bradley Beal,10,Washington Wizards,2020-21,2021.0,2020s,72.0,34.0,38.0,0.4722222222222222,-1.6,110.7,112.3,True,2021,True
1,0,5,4,0.8325,0.5921,3.0074,,3.8395,0,Trae Young,Clint Capela,10,Atlanta Hawks,2021-22,2022.0,2020s,82.0,43.0,39.0,0.524390243902439,1.6,115.4,113.7,True,2022,True
0,2,4,3,0.8227,0.7071,3.2622,,4.184,0,Jayson Tatum,Jaylen Brown,10,Boston Celtics,2021-22,2022.0,2020s,82.0,51.0,31.0,0.6219512195121951,7.4,113.6,106.2,True,2022,True
0,1,5,2,0.7453,0.6339,2.9216,,3.6637,0,Kevin Durant,Kyrie Irving,10,Brooklyn Nets,2021-22,2022.0,2020s,82.0,44.0,38.0,0.5365853658536586,0.9,113.2,112.3,True,2022,True
0,1,7,0,0.7057,0.6238,3.049,,3.8753,0,LaMelo Ball,Terry Rozier,10,Charlotte Hornets,2021-22,2022.0,2020s,82.0,43.0,39.0,0.524390243902439,0.5,113.6,113.1,True,2022,True
0,3,2,2,0.7314,0.7023,2.9521,,3.7014,0,DeMar DeRozan,Nikola Vučević,10,Chicago Bulls,2021-22,2022.0,2020s,82.0,46.0,36.0,0.5609756097560976,-0.5,112.7,113.2,True,2022,True
0,0,6,2,0.5945,0.5838,2.7492,,3.6031,0,Evan Mobley,Darius Garland,10,Cleveland Cavaliers,2021-22,2022.0,2020s,82.0,44.0,38.0,0.5365853658536586,2.1,111.0,108.9,True,2022,True
1,0,4,3,0.8788,0.6033,3.0208,,3.8305,0,Luka Dončić,Spencer Dinwiddie,10,Dallas Mavericks,2021-22,2022.0,2020s,82.0,52.0,30.0,0.6341463414634146,3.5,112.5,109.1,True,2022,True
1,0,4,4,0.8924,0.5475,2.9872,,3.7404,0,Nikola Jokić,Aaron Gordon,10,Denver Nuggets,2021-22,2022.0,2020s,82.0,48.0,34.0,0.5853658536585366,2.3,113.8,111.5,True,2022,True
0,0,3,3,0.5021,0.4748,2.2145,,2.7257,0,Cade Cunningham,Saddiq Bey,10,Detroit Pistons,2021-22,2022.0,2020s,82.0,23.0,59.0,0.2804878048780488,-7.7,105.6,113.3,True,2022,True
0,1,6,3,0.8102,0.6068,3.0,,3.7648,0,Stephen Curry,Andrew Wiggins,10,Golden State Warriors,2021-22,2022.0,2020s,82.0,53.0,29.0,0.6463414634146342,5.5,112.1,106.6,True,2022,True
0,0,2,4,0.5148,0.4847,2.2392,,2.7907,0,Christian Wood,Dennis Schröder,10,Houston Rockets,2021-22,2022.0,2020s,82.0,20.0,62.0,0.2439024390243902,-8.3,108.1,116.4,True,2022,True
0,0,4,4,0.5815,0.541,2.5363,,3.2101,0,Tyrese Haliburton,Buddy Hield,10,Indiana Pacers,2021-22,2022.0,2020s,82.0,25.0,57.0,0.3048780487804878,-3.6,111.9,115.5,True,2022,True
0,0,6,4,0.5527,0.5357,2.6007,,3.3207,0,Reggie Jackson,Ivica Zubac,10,LA Clippers,2021-22,2022.0,2020s,82.0,42.0,40.0,0.5121951219512195,0.0,109.5,109.5,True,2022,True
0,2,2,3,0.7751,0.7371,2.9879,,3.5394,0,LeBron James,Russell Westbrook,10,Los Angeles Lakers,2021-22,2022.0,2020s,82.0,33.0,49.0,0.4024390243902439,-2.9,110.0,112.8,True,2022,True
0,2,6,2,0.7498,0.6548,3.1347,,4.0104,0,Ja Morant,Jaren Jackson Jr.,10,Memphis Grizzlies,2021-22,2022.0,2020s,82.0,56.0,26.0,0.6829268292682927,5.3,114.3,108.9,True,2022,True
0,2,3,5,0.7096,0.6867,2.9841,,3.8004,0,Jimmy Butler III,Bam Adebayo,10,Miami Heat,2021-22,2022.0,2020s,82.0,53.0,29.0,0.6463414634146342,4.5,113.0,108.4,True,2022,True
1,2,1,4,0.8759,0.7134,3.187,,3.9758,0,Giannis Antetokounmpo,Khris Middleton,10,Milwaukee Bucks,2021-22,2022.0,2020s,82.0,51.0,31.0,0.6219512195121951,3.2,114.3,111.1,True,2022,True
0,2,3,5,0.7297,0.644,2.9183,,3.7478,0,Karl-Anthony Towns,Anthony Edwards,10,Minnesota Timberwolves,2021-22,2022.0,2020s,82.0,46.0,36.0,0.5609756097560976,2.7,113.8,111.0,True,2022,True
0,2,3,2,0.6564,0.6428,2.8462,,3.5166,0,Jonas Valančiūnas,Brandon Ingram,10,New Orleans Pelicans,2021-22,2022.0,2020s,82.0,36.0,46.0,0.4390243902439024,-0.8,111.2,112.0,True,2022,True
0,1,4,3,0.7002,0.5676,2.7806,,3.5314,0,Julius Randle,RJ Barrett,10,New York Knicks,2021-22,2022.0,2020s,82.0,37.0,45.0,0.4512195121951219,-0.4,109.7,110.2,True,2022,True
0,0,1,1,0.5624,0.4247,1.9623,,2.3506,0,Shai Gilgeous-Alexander,Josh Giddey,10,Oklahoma City Thunder,2021-22,2022.0,2020s,82.0,24.0,58.0,0.2926829268292683,-8.0,103.8,111.7,True,2022,True
0,0,1,3,0.4656,0.4407,2.0611,,2.5995,0,Franz Wagner,Cole Anthony,10,Orlando Magic,2021-22,2022.0,2020s,82.0,22.0,60.0,0.2682926829268293,-8.1,103.9,112.1,True,2022,True
1,2,1,6,0.8358,0.8102,3.2408,,3.9888,0,Joel Embiid,James Harden,10,Philadelphia 76ers,2021-22,2022.0,2020s,82.0,51.0,31.0,0.6219512195121951,2.8,113.0,110.2,True,2022,True
0,3,5,2,0.7979,0.7771,3.4052,,4.1746,0,Devin Booker,Chris Paul,10,Phoenix Suns,2021-22,2022.0,2020s,82.0,64.0,18.0,0.7804878048780488,7.5,114.2,106.8,True,2022,True
0,0,2,4,0.5989,0.4937,2.3081,,2.6093,0,Damian Lillard,Jusuf Nurkić,10,Portland Trail Blazers,2021-22,2022.0,2020s,82.0,27.0,55.0,0.3292682926829268,-9.1,107.3,116.3,True,2022,True
0,1,2,5,0.6565,0.6112,2.6186,,3.3256,0,Domantas Sabonis,De'Aaron Fox,10,Sacramento Kings,2021-22,2022.0,2020s,82.0,30.0,52.0,0.3658536585365853,-5.2,109.6,114.8,True,2022,True
0,1,2,5,0.7178,0.5425,2.685,,3.4866,0,Dejounte Murray,Jakob Poeltl,10,San Antonio Spurs,2021-22,2022.0,2020s,82.0,34.0,48.0,0.4146341463414634,0.2,111.9,111.7,True,2022,True
0,2,5,1,0.7023,0.6536,3.0049,,3.798,0,Pascal Siakam,Fred VanVleet,10,Toronto Raptors,2021-22,2022.0,2020s,82.0,48.0,34.0,0.5853658536585366,2.2,112.1,109.9,True,2022,True
0,3,4,2,0.7799,0.7156,3.3412,,4.3669,0,Donovan Mitchell,Rudy Gobert,10,Utah Jazz,2021-22,2022.0,2020s,82.0,49.0,33.0,0.5975609756097561,6.2,116.2,110.0,True,2022,True
0,0,3,6,0.6123,0.607,2.5976,,3.289,0,Bradley Beal,Kristaps Porziņģis,10,Washington Wizards,2021-22,2022.0,2020s,82.0,35.0,47.0,0.4268292682926829,-3.4,110.2,113.6,True,2022,True
0,2,4,4,0.8268,0.7205,3.1801,,4.105,0,Trae Young,Dejounte Murray,10,Atlanta Hawks,2022-23,2023.0,2020s,82.0,41.0,41.0,0.5,0.1,115.5,115.4,True,2023,True
1,1,5,2,0.8701,0.7521,3.4306,,4.3972,0,Jayson Tatum,Jaylen Brown,10,Boston Celtics,2022-23,2023.0,2020s,82.0,57.0,25.0,0.6951219512195121,6.7,117.3,110.6,True,2023,True
0,0,6,4,0.659,0.6415,2.8526,,3.689,0,Mikal Bridges,Spencer Dinwiddie,10,Brooklyn Nets,2022-23,2023.0,2020s,82.0,45.0,37.0,0.5487804878048781,1.1,114.6,113.5,True,2023,True
0,0,4,1,0.6157,0.59,2.544,,3.1134,0,LaMelo Ball,Terry Rozier,10,Charlotte Hornets,2022-23,2023.0,2020s,82.0,27.0,55.0,0.3292682926829268,-6.3,108.4,114.7,True,2023,True
0,3,2,4,0.7383,0.7101,3.1316,,3.9057,0,DeMar DeRozan,Nikola Vučević,10,Chicago Bulls,2022-23,2023.0,2020s,82.0,40.0,42.0,0.4878048780487805,1.3,112.8,111.5,True,2023,True
0,3,2,3,0.7941,0.6969,3.2272,,4.0386,0,Donovan Mitchell,Darius Garland,10,Cleveland Cavaliers,2022-23,2023.0,2020s,82.0,51.0,31.0,0.6219512195121951,5.6,115.5,109.9,True,2023,True
1,1,2,3,0.8616,0.673,2.9493,,3.6064,0,Luka Dončić,Kyrie Irving,10,Dallas Mavericks,2022-23,2023.0,2020s,82.0,38.0,44.0,0.4634146341463415,-0.2,115.9,116.1,True,2023,True
1,0,7,1,0.8911,0.6675,3.2892,,4.1515,0,Nikola Jokić,Jamal Murray,10,Denver Nuggets,2022-23,2023.0,2020s,82.0,53.0,29.0,0.6463414634146342,3.3,116.8,113.5,True,2023,True
0,0,2,3,0.5221,0.4925,2.204,,2.7281,0,Bojan Bogdanovic,Jaden Ivey,10,Detroit Pistons,2022-23,2023.0,2020s,82.0,17.0,65.0,0.2073170731707317,-7.9,109.9,117.8,True,2023,True
0,1,5,2,0.7847,0.6444,3.1416,,3.9569,0,Stephen Curry,Jordan Poole,10,Golden State Warriors,2022-23,2023.0,2020s,82.0,44.0,38.0,0.5365853658536586,1.7,115.1,113.4,True,2023,True
0,0,2,3,0.4976,0.4966,2.2627,,2.7706,0,Jalen Green,Alperen Sengun,10,Houston Rockets,2022-23,2023.0,2020s,82.0,22.0,60.0,0.2682926829268293,-8.1,110.5,118.6,True,2023,True
0,0,4,3,0.6368,0.5508,2.6529,,3.4593,0,Tyrese Haliburton,Buddy Hield,10,Indiana Pacers,2022-23,2023.0,2020s,82.0,35.0,47.0,0.4268292682926829,-3.3,113.8,117.1,True,2023,True
0,2,4,4,0.7022,0.6728,3.0866,,3.9415,0,Russell Westbrook,Kawhi Leonard,10,LA Clippers,2022-23,2023.0,2020s,82.0,44.0,38.0,0.5365853658536586,0.5,114.0,113.6,True,2023,True
0,2,4,3,0.7608,0.6821,3.0244,,3.8147,0,LeBron James,Anthony Davis,10,Los Angeles Lakers,2022-23,2023.0,2020s,82.0,43.0,39.0,0.524390243902439,0.7,113.9,113.2,True,2023,True
0,2,4,4,0.8042,0.6856,3.2168,,4.1218,0,Ja Morant,Jaren Jackson Jr.,10,Memphis Grizzlies,2022-23,2023.0,2020s,82.0,51.0,31.0,0.6219512195121951,4.0,114.7,110.7,True,2023,True
0,2,2,5,0.7076,0.6789,2.9391,,3.7742,0,Jimmy Butler III,Bam Adebayo,10,Miami Heat,2022-23,2023.0,2020s,82.0,44.0,38.0,0.5365853658536586,-0.5,112.3,112.8,True,2023,True
1,1,2,4,0.8565,0.7093,3.1957,,3.9976,0,Giannis Antetokounmpo,Jrue Holiday,10,Milwaukee Bucks,2022-23,2023.0,2020s,82.0,58.0,24.0,0.7073170731707317,3.4,114.3,110.9,True,2023,True
0,1,5,2,0.7011,0.6431,3.09,,3.8079,0,Anthony Edwards,Rudy Gobert,10,Minnesota Timberwolves,2022-23,2023.0,2020s,82.0,42.0,40.0,0.5121951219512195,0.2,113.3,113.1,True,2023,True
0,0,3,6,0.6696,0.6479,2.8784,,3.6954,0,CJ McCollum,Jonas Valančiūnas,10,New Orleans Pelicans,2022-23,2023.0,2020s,82.0,42.0,40.0,0.5121951219512195,1.9,113.8,112.0,True,2023,True
0,2,3,4,0.76,0.6774,3.0857,,3.9795,0,Julius Randle,Jalen Brunson,10,New York Knicks,2022-23,2023.0,2020s,82.0,47.0,35.0,0.573170731707317,2.8,117.0,114.2,True,2023,True
0,1,2,1,0.7017,0.598,2.6469,,3.3129,0,Shai Gilgeous-Alexander,Josh Giddey,10,Oklahoma City Thunder,2022-23,2023.0,2020s,82.0,40.0,42.0,0.4878048780487805,1.0,114.2,113.2,True,2023,True
0,0,5,2,0.6122,0.5509,2.6145,,3.3141,0,Paolo Banchero,Franz Wagner,10,Orlando Magic,2022-23,2023.0,2020s,82.0,34.0,48.0,0.4146341463414634,-2.3,111.3,113.7,True,2023,True
1,1,3,3,0.8735,0.7781,3.3547,,4.2164,0,Joel Embiid,James Harden,10,Philadelphia 76ers,2022-23,2023.0,2020s,82.0,54.0,28.0,0.6585365853658537,4.4,117.0,112.7,True,2023,True
0,3,2,3,0.7516,0.7277,3.2452,,3.921,0,Devin Booker,Kevin Durant,10,Phoenix Suns,2022-23,2023.0,2020s,82.0,45.0,37.0,0.5487804878048781,2.2,114.5,112.3,True,2023,True
0,0,3,2,0.6504,0.486,2.43,,3.1077,0,Damian Lillard,Jusuf Nurkić,10,Portland Trail Blazers,2022-23,2023.0,2020s,82.0,33.0,49.0,0.4024390243902439,-4.0,114.0,118.0,True,2023,True
0,2,4,4,0.7399,0.7035,3.0684,,3.988,0,Domantas Sabonis,De'Aaron Fox,10,Sacramento Kings,2022-23,2023.0,2020s,82.0,48.0,34.0,0.5853658536585366,2.6,118.6,116.0,True,2023,True
0,0,1,4,0.5083,0.45,2.1154,,2.6682,0,Keldon Johnson,Tre Jones,10,San Antonio Spurs,2022-23,2023.0,2020s,82.0,22.0,60.0,0.2682926829268293,-9.9,109.7,119.6,True,2023,True
0,2,5,2,0.7313,0.6776,3.1875,,4.1685,0,Pascal Siakam,Fred VanVleet,10,Toronto Raptors,2022-23,2023.0,2020s,82.0,41.0,41.0,0.5,1.5,114.6,113.1,True,2023,True
0,0,3,3,0.6084,0.5799,2.6267,,3.4039,0,Jordan Clarkson,Lauri Markkanen,10,Utah Jazz,2022-23,2023.0,2020s,82.0,37.0,45.0,0.4512195121951219,-0.7,115.3,116.0,True,2023,True
0,0,4,5,0.639,0.5918,2.7518,,3.5656,0,Kristaps Porziņģis,Bradley Beal,10,Washington Wizards,2022-23,2023.0,2020s,82.0,35.0,47.0,0.4268292682926829,-1.2,113.7,114.9,True,2023,True
0,2,3,3,0.7347,0.6998,2.9202,,3.7613,0,Trae Young,Dejounte Murray,10,Atlanta Hawks,2023-24,2024.0,2020s,82.0,36.0,46.0,0.4390243902439024,-2.0,116.4,118.4,True,2024,True
1,2,5,2,0.8637,0.7414,3.4977,,4.5242,0,Jayson Tatum,Jaylen Brown,10,Boston Celtics,2023-24,2024.0,2020s,82.0,64.0,18.0,0.7804878048780488,11.7,122.2,110.6,True,2024,True
0,0,4,5,0.6109,0.514,2.5015,,3.2114,0,Mikal Bridges,Nic Claxton,10,Brooklyn Nets,2023-24,2024.0,2020s,82.0,32.0,50.0,0.3902439024390244,-2.9,112.4,115.4,True,2024,True
0,0,1,2,0.5225,0.4005,1.8132,,2.1158,0,Miles Bridges,Brandon Miller,10,Charlotte Hornets,2023-24,2024.0,2020s,82.0,21.0,61.0,0.2560975609756097,-10.6,108.6,119.2,True,2024,True
0,1,4,3,0.7033,0.6444,2.8231,,3.4641,0,DeMar DeRozan,Nikola Vučević,10,Chicago Bulls,2023-24,2024.0,2020s,82.0,39.0,43.0,0.4756097560975609,-1.7,114.0,115.7,True,2024,True
0,1,5,3,0.7338,0.6197,3.0378,,3.9211,0,Donovan Mitchell,Darius Garland,10,Cleveland Cavaliers,2023-24,2024.0,2020s,82.0,48.0,34.0,0.5853658536585366,2.5,114.7,112.1,True,2024,True
1,1,3,4,0.8645,0.6576,2.9011,,3.5831,0,Luka Dončić,Kyrie Irving,10,Dallas Mavericks,2023-24,2024.0,2020s,82.0,50.0,32.0,0.6097560975609756,2.1,117.0,114.9,True,2024,True
1,1,4,2,0.9001,0.6742,3.1644,,3.9994,0,Nikola Jokić,Jamal Murray,10,Denver Nuggets,2023-24,2024.0,2020s,82.0,57.0,25.0,0.6951219512195121,5.5,117.8,112.3,True,2024,True
0,0,1,2,0.5404,0.4461,1.9869,,2.4931,0,Cade Cunningham,Jaden Ivey,10,Detroit Pistons,2023-24,2024.0,2020s,82.0,14.0,68.0,0.1707317073170731,-9.0,109.0,118.0,True,2024,True
0,1,5,3,0.7455,0.5738,2.9267,,3.844,0,Stephen Curry,Chris Paul,10,Golden State Warriors,2023-24,2024.0,2020s,82.0,46.0,36.0,0.5609756097560976,2.4,116.9,114.5,True,2024,True
0,1,5,2,0.6594,0.5875,2.7251,,3.4564,0,Fred VanVleet,Alperen Sengun,10,Houston Rockets,2023-24,2024.0,2020s,82.0,41.0,41.0,0.5,0.9,113.7,112.8,True,2024,True
0,2,3,4,0.7258,0.7192,2.9869,,3.8142,0,Tyrese Haliburton,Pascal Siakam,10,Indiana Pacers,2023-24,2024.0,2020s,82.0,47.0,35.0,0.573170731707317,2.9,120.5,117.6,True,2024,True
0,2,4,3,0.7123,0.6698,3.0801,,3.8475,0,James Harden,Kawhi Leonard,10,LA Clippers,2023-24,2024.0,2020s,82.0,51.0,31.0,0.6219512195121951,3.4,117.9,114.6,True,2024,True
0,2,3,2,0.7699,0.7487,3.0425,,3.7274,0,LeBron James,Anthony Davis,10,Los Angeles Lakers,2023-24,2024.0,2020s,82.0,47.0,35.0,0.573170731707317,0.6,115.4,114.8,True,2024,True
0,0,2,2,0.603,0.5593,2.2009,,2.7311,0,Jaren Jackson Jr.,Desmond Bane,10,Memphis Grizzlies,2023-24,2024.0,2020s,82.0,27.0,55.0,0.3292682926829268,-6.9,106.8,113.7,True,2024,True
0,1,4,4,0.6614,0.6421,2.8489,,3.4966,0,Bam Adebayo,Jimmy Butler III,10,Miami Heat,2023-24,2024.0,2020s,82.0,46.0,36.0,0.5609756097560976,1.8,113.3,111.5,True,2024,True
1,1,3,3,0.8603,0.6729,3.1406,,3.9797,0,Giannis Antetokounmpo,Damian Lillard,10,Milwaukee Bucks,2023-24,2024.0,2020s,82.0,49.0,33.0,0.5975609756097561,2.6,117.6,115.0,True,2024,True
0,1,5,3,0.7522,0.6228,3.071,,3.9922,0,Anthony Edwards,Karl-Anthony Towns,9,Minnesota Timberwolves,2023-24,2024.0,2020s,82.0,56.0,26.0,0.6829268292682927,6.3,114.6,108.4,True,2024,True
0,1,5,3,0.6713,0.6442,2.968,,3.8042,0,Zion Williamson,CJ McCollum,10,New Orleans Pelicans,2023-24,2024.0,2020s,82.0,49.0,33.0,0.5975609756097561,4.6,116.5,111.9,True,2024,True
0,2,4,4,0.7591,0.6676,2.9639,,3.8577,0,Jalen Brunson,Julius Randle,10,New York Knicks,2023-24,2024.0,2020s,82.0,50.0,32.0,0.6097560975609756,4.9,117.3,112.4,True,2024,True
1,1,3,5,0.8359,0.6933,3.1385,,3.9626,0,Shai Gilgeous-Alexander,Chet Holmgren,10,Oklahoma City Thunder,2023-24,2024.0,2020s,82.0,57.0,25.0,0.6951219512195121,7.3,118.3,111.0,True,2024,True
0,1,2,4,0.6707,0.5771,2.6018,,3.2309,0,Paolo Banchero,Franz Wagner,10,Orlando Magic,2023-24,2024.0,2020s,82.0,47.0,35.0,0.573170731707317,2.2,112.9,110.8,True,2024,True
0,2,4,4,0.7926,0.6655,3.0532,,3.8268,0,Joel Embiid,Tyrese Maxey,10,Philadelphia 76ers,2023-24,2024.0,2020s,82.0,47.0,35.0,0.573170731707317,3.1,116.2,113.0,True,2024,True
0,2,4,2,0.7417,0.7394,2.9864,,3.7736,0,Devin Booker,Kevin Durant,10,Phoenix Suns,2023-24,2024.0,2020s,82.0,49.0,33.0,0.5975609756097561,3.1,116.8,113.7,True,2024,True
0,0,2,3,0.5148,0.4591,2.1141,,2.3584,0,Deandre Ayton,Malcolm Brogdon,10,Portland Trail Blazers,2023-24,2024.0,2020s,82.0,21.0,61.0,0.2560975609756097,-9.0,107.6,116.6,True,2024,True
0,2,4,1,0.7747,0.7274,2.9951,,3.7747,0,Domantas Sabonis,De'Aaron Fox,10,Sacramento Kings,2023-24,2024.0,2020s,82.0,46.0,36.0,0.5609756097560976,1.8,116.2,114.4,True,2024,True
0,1,2,4,0.716,0.4662,2.4506,,3.0247,0,Victor Wembanyama,Keldon Johnson,10,San Antonio Spurs,2023-24,2024.0,2020s,82.0,22.0,60.0,0.2682926829268293,-6.4,109.3,115.6,True,2024,True
0,0,4,3,0.599,0.5316,2.5863,,3.3223,0,Scottie Barnes,Immanuel Quickley,10,Toronto Raptors,2023-24,2024.0,2020s,82.0,25.0,57.0,0.3048780487804878,-6.3,111.8,118.1,True,2024,True
0,0,4,4,0.5602,0.5218,2.4832,,3.2778,0,Lauri Markkanen,Collin Sexton,10,Utah Jazz,2023-24,2024.0,2020s,82.0,31.0,51.0,0.3780487804878049,-5.1,114.5,119.6,True,2024,True
0,0,4,1,0.5633,0.5596,2.3477,,2.9223,0,Jordan Poole,Kyle Kuzma,10,Washington Wizards,2023-24,2024.0,2020s,82.0,15.0,67.0,0.1829268292682926,-8.7,110.2,118.9,True,2024,True
0,1,5,3,0.7342,0.4962,2.7029,,3.4439,0,Trae Young,Caris LeVert,10,Atlanta Hawks,2024-25,2025.0,2020s,82.0,40.0,42.0,0.4878048780487805,-1.1,113.7,114.8,True,2025,True
1,3,4,2,0.8429,0.7044,3.3824,,4.202,0,Jayson Tatum,Jaylen Brown,10,Boston Celtics,2024-25,2025.0,2020s,82.0,61.0,21.0,0.7439024390243902,9.4,119.5,110.1,True,2025,True
0,0,2,3,0.5059,0.471,2.1202,,2.541,0,D'Angelo Russell,Nic Claxton,10,Brooklyn Nets,2024-25,2025.0,2020s,82.0,26.0,56.0,0.3170731707317073,-7.3,108.1,115.4,True,2025,True
0,0,3,1,0.5343,0.5117,2.0966,,2.3183,0,LaMelo Ball,Miles Bridges,10,Charlotte Hornets,2024-25,2025.0,2020s,82.0,19.0,63.0,0.2317073170731707,-9.1,106.7,115.7,True,2025,True
0,1,2,4,0.636,0.6342,2.6287,,3.233,0,Nikola Vučević,Josh Giddey,10,Chicago Bulls,2024-25,2025.0,2020s,82.0,39.0,43.0,0.4756097560975609,-1.6,113.2,114.8,True,2025,True
0,4,3,2,0.7448,0.676,3.1945,,4.1185,0,Donovan Mitchell,Darius Garland,10,Cleveland Cavaliers,2024-25,2025.0,2020s,82.0,64.0,18.0,0.7804878048780488,9.2,121.0,111.8,True,2025,True
0,1,5,2,0.7268,0.611,2.8292,,3.6184,0,Anthony Davis,Kyrie Irving,10,Dallas Mavericks,2024-25,2025.0,2020s,82.0,39.0,43.0,0.4756097560975609,-1.3,113.7,115.0,True,2025,True
1,1,4,2,0.8867,0.6617,3.1768,,3.9863,0,Nikola Jokić,Jamal Murray,10,Denver Nuggets,2024-25,2025.0,2020s,82.0,50.0,32.0,0.6097560975609756,3.8,118.9,115.1,True,2025,True
0,1,4,4,0.704,0.539,2.7324,,3.5327,0,Cade Cunningham,Tobias Harris,10,Detroit Pistons,2024-25,2025.0,2020s,82.0,44.0,38.0,0.5365853658536586,2.1,114.6,112.5,True,2025,True
0,1,6,3,0.7307,0.6033,2.8663,,3.695,0,Stephen Curry,Jimmy Butler III,10,Golden State Warriors,2024-25,2025.0,2020s,82.0,48.0,34.0,0.5853658536585366,3.2,114.2,111.0,True,2025,True
0,1,6,2,0.684,0.6246,2.9129,,3.8067,0,Alperen Sengun,Jalen Green,10,Houston Rockets,2024-25,2025.0,2020s,82.0,52.0,30.0,0.6341463414634146,4.6,114.9,110.3,True,2025,True
0,2,4,3,0.7308,0.6845,3.0045,,3.7539,0,Tyrese Haliburton,Pascal Siakam,10,Indiana Pacers,2024-25,2025.0,2020s,82.0,50.0,32.0,0.6097560975609756,2.1,115.4,113.3,True,2025,True
0,1,4,3,0.7485,0.6076,2.8805,,3.3451,0,James Harden,Ivica Zubac,10,LA Clippers,2024-25,2025.0,2020s,82.0,50.0,32.0,0.6097560975609756,4.9,114.3,109.4,True,2025,True
1,1,1,3,0.7931,0.766,2.8425,,3.4796,0,Luka Dončić,LeBron James,10,Los Angeles Lakers,2024-25,2025.0,2020s,82.0,50.0,32.0,0.6097560975609756,1.2,115.0,113.8,True,2025,True
0,2,5,3,0.7089,0.6447,2.8536,,3.6065,0,Ja Morant,Jaren Jackson Jr.,10,Memphis Grizzlies,2024-25,2025.0,2020s,82.0,48.0,34.0,0.5853658536585366,4.7,117.2,112.6,True,2025,True
0,1,3,5,0.6583,0.6115,2.6492,,3.3209,0,Bam Adebayo,Tyler Herro,10,Miami Heat,2024-25,2025.0,2020s,82.0,37.0,45.0,0.4512195121951219,0.4,112.4,112.0,True,2025,True
1,1,4,2,0.8428,0.6886,3.1021,,3.7305,0,Giannis Antetokounmpo,Damian Lillard,10,Milwaukee Bucks,2024-25,2025.0,2020s,82.0,48.0,34.0,0.5853658536585366,2.4,115.1,112.7,True,2025,True
0,2,5,1,0.7685,0.6397,3.0861,,4.0394,0,Anthony Edwards,Julius Randle,10,Minnesota Timberwolves,2024-25,2025.0,2020s,82.0,49.0,33.0,0.5975609756097561,5.0,115.7,110.8,True,2025,True
0,0,3,3,0.5443,0.5389,2.2766,,2.7807,0,CJ McCollum,Dejounte Murray,10,New Orleans Pelicans,2024-25,2025.0,2020s,82.0,21.0,61.0,0.2560975609756097,-9.4,109.7,119.1,True,2025,True
0,2,3,3,0.7419,0.6784,3.0488,,3.9061,0,Jalen Brunson,Karl-Anthony Towns,10,New York Knicks,2024-25,2025.0,2020s,82.0,51.0,31.0,0.6219512195121951,4.0,117.3,113.3,True,2025,True
1,1,7,1,0.9181,0.7031,3.2807,,4.0203,0,Shai Gilgeous-Alexander,Jalen Williams,10,Oklahoma City Thunder,2024-25,2025.0,2020s,82.0,68.0,14.0,0.8292682926829268,12.7,119.2,106.6,True,2025,True
0,0,3,5,0.6343,0.6165,2.6759,,3.3518,0,Paolo Banchero,Franz Wagner,10,Orlando Magic,2024-25,2025.0,2020s,82.0,41.0,41.0,0.5,-0.2,108.9,109.1,True,2025,True
0,0,2,4,0.6126,0.5119,2.2704,,2.8569,0,Tyrese Maxey,Paul George,10,Philadelphia 76ers,2024-25,2025.0,2020s,82.0,24.0,58.0,0.2926829268292683,-6.3,111.0,117.3,True,2025,True
0,2,2,4,0.7017,0.6728,2.7367,,3.4614,0,Devin Booker,Kevin Durant,10,Phoenix Suns,2024-25,2025.0,2020s,82.0,36.0,46.0,0.4390243902439024,-3.0,114.7,117.7,True,2025,True
0,0,2,7,0.5144,0.4955,2.3155,,3.0899,0,Deni Avdija,Anfernee Simons,10,Portland Trail Blazers,2024-25,2025.0,2020s,82.0,36.0,46.0,0.4390243902439024,-2.7,111.0,113.7,True,2025,True
0,2,4,2,0.7451,0.6633,3.0242,,3.8633,0,Domantas Sabonis,DeMar DeRozan,9,Sacramento Kings,2024-25,2025.0,2020s,82.0,40.0,42.0,0.4878048780487805,0.6,115.9,115.3,True,2025,True
0,2,5,2,0.6848,0.6772,2.8813,,3.7004,0,Victor Wembanyama,De'Aaron Fox,10,San Antonio Spurs,2024-25,2025.0,2020s,82.0,34.0,48.0,0.4146341463414634,-2.8,113.5,116.3,True,2025,True
0,0,4,1,0.6041,0.5371,2.392,,2.8484,0,Scottie Barnes,RJ Barrett,10,Toronto Raptors,2024-25,2025.0,2020s,82.0,30.0,52.0,0.3658536585365853,-4.1,109.6,113.6,True,2025,True
0,0,2,5,0.4843,0.46,2.2154,,2.7674,0,Collin Sexton,Lauri Markkanen,10,Utah Jazz,2024-25,2025.0,2020s,82.0,17.0,65.0,0.2073170731707317,-9.2,110.2,119.4,True,2025,True
0,0,1,3,0.514,0.418,1.9941,,2.5741,0,Jordan Poole,Khris Middleton,10,Washington Wizards,2024-25,2025.0,2020s,82.0,18.0,64.0,0.2195121951219512,-12.2,105.8,118.0,True,2025,True
0,0,5,3,0.6161,0.4966,2.5151,25.79,3.4105,0,Jalen Johnson,CJ McCollum,10,Atlanta Hawks,2025-26,2026.0,2020s,63.0,32.0,31.0,0.5079365079365079,0.2,113.9,113.7,True,2026,True
0,2,4,4,0.7417,0.6326,3.0197,28.7,3.5211,0,Jaylen Brown,Derrick White,10,Boston Celtics,2025-26,2026.0,2020s,62.0,41.0,21.0,0.6612903225806451,8.0,119.9,111.9,True,2026,True
0,0,2,2,0.6001,0.467,2.1679,24.17,3.1427,0,Michael Porter Jr.,Day'Ron Sharpe,10,Brooklyn Nets,2025-26,2026.0,2020s,62.0,15.0,47.0,0.2419354838709677,-8.8,109.6,118.4,True,2026,True
0,1,4,2,0.6391,0.5762,2.7458,23.71,4.0212,1,LaMelo Ball,Kon Knueppel,10,Charlotte Hornets,2025-26,2026.0,2020s,63.0,32.0,31.0,0.5079365079365079,4.0,117.8,113.8,True,2026,True
0,0,4,3,0.6231,0.5076,2.5618,24.44,3.5088,0,Josh Giddey,Collin Sexton,10,Chicago Bulls,2025-26,2026.0,2020s,63.0,26.0,37.0,0.4126984126984127,-4.5,112.4,116.9,True,2026,True
0,4,2,2,0.7716,0.7118,3.1525,28.46,3.5512,1,Donovan Mitchell,James Harden,10,Cleveland Cavaliers,2025-26,2026.0,2020s,63.0,39.0,24.0,0.6190476190476191,4.3,117.4,113.1,True,2026,True
0,0,2,5,0.5337,0.5188,2.3966,26.86,3.0834,0,Cooper Flagg,Brandon Williams,10,Dallas Mavericks,2025-26,2026.0,2020s,62.0,21.0,41.0,0.3387096774193548,-3.9,109.9,113.9,True,2026,True
1,1,1,4,0.9012,0.6877,3.0283,28.31,3.0787,0,Nikola Jokić,Jamal Murray,10,Denver Nuggets,2025-26,2026.0,2020s,63.0,39.0,24.0,0.6190476190476191,4.4,120.3,115.9,True,2026,True
0,2,3,5,0.7664,0.6774,2.9181,25.55,3.8873,2,Cade Cunningham,Jalen Duren,10,Detroit Pistons,2025-26,2026.0,2020s,61.0,45.0,16.0,0.7377049180327869,7.9,116.3,108.4,True,2026,True
0,2,2,5,0.7177,0.6519,2.7458,29.64,2.9705,0,Stephen Curry,Jimmy Butler III,10,Golden State Warriors,2025-26,2026.0,2020s,62.0,32.0,30.0,0.5161290322580645,1.3,114.2,112.9,True,2026,True
0,2,4,2,0.692,0.6879,2.9143,25.93,3.8584,1,Alperen Sengun,Kevin Durant,10,Houston Rockets,2025-26,2026.0,2020s,61.0,38.0,23.0,0.6229508196721312,5.3,117.0,111.7,True,2026,True
0,0,3,2,0.6255,0.5873,2.535,27.08,2.8999,0,Pascal Siakam,T.J. McConnell,10,Indiana Pacers,2025-26,2026.0,2020s,62.0,15.0,47.0,0.2419354838709677,-8.2,108.6,116.8,True,2026,True
0,1,3,4,0.7419,0.5745,2.6808,30.1,2.7311,0,Kawhi Leonard,Darius Garland,10,LA Clippers,2025-26,2026.0,2020s,61.0,30.0,31.0,0.4918032786885246,0.4,115.5,115.1,True,2026,True
1,2,0,4,0.8265,0.7087,2.9348,29.16,3.2244,0,Luka Dončić,LeBron James,10,Los Angeles Lakers,2025-26,2026.0,2020s,62.0,37.0,25.0,0.5967741935483871,0.3,116.3,116.0,True,2026,True
0,0,3,3,0.5,0.4915,2.264,24.06,3.2986,0,Cedric Coward,Cam Spencer,10,Memphis Grizzlies,2025-26,2026.0,2020s,61.0,23.0,38.0,0.3770491803278688,-2.2,113.4,115.6,True,2026,True
0,1,4,4,0.6566,0.5572,2.6515,27.3,3.4454,0,Bam Adebayo,Norman Powell,10,Miami Heat,2025-26,2026.0,2020s,63.0,34.0,29.0,0.5396825396825397,2.9,114.2,111.3,True,2026,True
1,0,3,3,0.8694,0.542,2.8139,27.48,3.1561,0,Giannis Antetokounmpo,Kevin Porter Jr.,10,Milwaukee Bucks,2025-26,2026.0,2020s,61.0,26.0,35.0,0.4262295081967213,-4.3,112.7,117.0,True,2026,True
0,2,5,2,0.7503,0.6289,2.9867,28.48,3.4109,1,Anthony Edwards,Julius Randle,10,Minnesota Timberwolves,2025-26,2026.0,2020s,63.0,40.0,23.0,0.6349206349206349,4.3,116.5,112.2,True,2026,True
0,0,4,3,0.6125,0.4849,2.4007,23.44,3.5006,0,Zion Williamson,Trey Murphy III,10,New Orleans Pelicans,2025-26,2026.0,2020s,64.0,20.0,44.0,0.3125,-5.2,112.5,117.7,True,2026,True
0,2,3,4,0.7176,0.7127,3.0012,28.96,3.4718,0,Jalen Brunson,Karl-Anthony Towns,10,New York Knicks,2025-26,2026.0,2020s,63.0,40.0,23.0,0.6349206349206349,6.2,118.0,111.9,True,2026,True
1,2,4,3,0.9511,0.6791,3.3111,24.63,4.5092,1,Shai Gilgeous-Alexander,Chet Holmgren,10,Oklahoma City Thunder,2025-26,2026.0,2020s,64.0,49.0,15.0,0.765625,11.0,116.9,106.0,True,2026,True
0,1,4,3,0.6334,0.6217,2.7396,24.5,3.9164,1,Paolo Banchero,Franz Wagner,10,Orlando Magic,2025-26,2026.0,2020s,61.0,33.0,28.0,0.5409836065573771,0.3,113.6,113.3,True,2026,True
0,2,1,4,0.7004,0.6643,2.6847,25.22,3.2951,0,Joel Embiid,Tyrese Maxey,10,Philadelphia 76ers,2025-26,2026.0,2020s,62.0,34.0,28.0,0.5483870967741935,-0.1,114.3,114.4,True,2026,True
0,1,5,2,0.6862,0.5247,2.658,27.81,3.2516,0,Devin Booker,Collin Gillespie,10,Phoenix Suns,2025-26,2026.0,2020s,62.0,35.0,27.0,0.5645161290322581,0.9,113.4,112.5,True,2026,True
0,0,4,2,0.6009,0.5612,2.4932,24.43,3.1855,0,Deni Avdija,Jrue Holiday,10,Portland Trail Blazers,2025-26,2026.0,2020s,63.0,30.0,33.0,0.4761904761904761,-3.0,112.6,115.6,True,2026,True
0,0,3,5,0.5132,0.4922,2.3434,29.6,2.6696,0,DeMar DeRozan,Russell Westbrook,10,Sacramento Kings,2025-26,2026.0,2020s,64.0,14.0,50.0,0.21875,-10.6,109.5,120.1,True,2026,True
1,1,5,2,0.831,0.6282,3.1212,26.1,4.1716,1,Victor Wembanyama,De'Aaron Fox,10,San Antonio Spurs,2025-26,2026.0,2020s,62.0,45.0,17.0,0.7258064516129032,6.9,116.9,110.0,True,2026,True
0,0,6,2,0.619,0.5395,2.6724,24.61,3.7631,0,Scottie Barnes,RJ Barrett,10,Toronto Raptors,2025-26,2026.0,2020s,62.0,35.0,27.0,0.5645161290322581,1.7,113.7,112.1,True,2026,True
0,0,4,2,0.5696,0.533,2.3741,23.37,3.3485,0,Jaren Jackson Jr.,Lauri Markkanen,10,Utah Jazz,2025-26,2026.0,2020s,63.0,19.0,44.0,0.3015873015873015,-7.5,113.1,120.6,True,2026,True
0,1,1,1,0.6781,0.4638,2.1735,21.59,3.2002,0,Anthony Davis,Alex Sarr,10,Washington Wizards,2025-26,2026.0,2020s,62.0,16.0,46.0,0.2580645161290322,-10.8,109.4,120.2,True,2026,True
